  step         time_fs     wall_time_s        rti_dist          temp_K     temp_bath_K   thermo_lambda          kin_Ha     pot_real_Ha     pot_rtip_Ha    pot_total_Ha          f_real          f_rtip         f_total      rms_f_real state_decision
     1      0.50000000     10.65221306     31.33756270      0.10563619    600.00000000      1.26451572      0.00001756     -7.60469623     -0.00012086     -7.60481709      0.06038674      0.00000427      0.06038677      0.01006446 md_running
     2      1.00000000     21.80459774     31.33755937      1.09379654    600.00000000      1.26451572      0.00018185     -7.60479334     -0.00024617     -7.60503951      0.05839205      0.00000870      0.05839210      0.00973201 md_running
     3      1.50000000     40.35754588     31.33755271      3.09826464    600.00000000      1.16578200      0.00051511     -7.60499250     -0.00037588     -7.60536838      0.05404542      0.00001329      0.05404551      0.00900757 md_running
     4      2.00000000     40.57427306     31.33754458      5.37529354    600.00000000      1.07337987      0.00089368     -7.60525534     -0.00050990     -7.60576524      0.04762475      0.00001803      0.04762489      0.00793746 md_running
     5      2.50000000     40.80054057     31.33753841      7.60357849    600.00000000      1.04643261      0.00126415     -7.60551812     -0.00064810     -7.60616622      0.04005812      0.00002292      0.04005834      0.00667635 md_running
     6      3.00000000     45.97747444     31.33753791      9.52472782    600.00000000      1.03470905      0.00158356     -7.60573394     -0.00079033     -7.60652428      0.03238608      0.00002795      0.03238643      0.00539768 md_running
     7      3.50000000     46.19356816     31.33754702     10.98776590    600.00000000      1.02879925      0.00182680     -7.60587593     -0.00093641     -7.60681234      0.02609926      0.00003311      0.02609978      0.00434988 md_running
     8      4.00000000     46.39838410     31.33756955     11.96680632    600.00000000      1.02567654      0.00198957     -7.60593907     -0.00108612     -7.60702519      0.02319563      0.00003841      0.02319629      0.00386594 md_running
     9      4.50000000     46.60935196     31.33760889     12.54537648    600.00000000      1.02404902      0.00208577     -7.60593650     -0.00123920     -7.60717570      0.02477185      0.00004382      0.02477252      0.00412864 md_running
    10      5.00000000     46.81211124     31.33766768     12.87205718    600.00000000      1.02322430      0.00214008     -7.60589272     -0.00139538     -7.60728810      0.02951441      0.00004934      0.02951499      0.00491907 md_running
    11      5.50000000     47.06725229     31.33774749     13.10212713    600.00000000      1.02275820      0.00217833     -7.60583382     -0.00155437     -7.60738818      0.03544852      0.00005496      0.03544900      0.00590809 md_running
    12      6.00000000     47.27166350     31.33784864     13.34382015    600.00000000      1.02236302      0.00221851     -7.60577747     -0.00171582     -7.60749330      0.04139373      0.00006067      0.04139410      0.00689895 md_running
    13      6.50000000     47.48392859     31.33797003     13.62677431    600.00000000      1.02191005      0.00226556     -7.60572872     -0.00187940     -7.60760812      0.04682094      0.00006645      0.04682120      0.00780349 md_running
    14      7.00000000     47.70130982     31.33810910     13.90277974    600.00000000      1.02142600      0.00231145     -7.60567949     -0.00204472     -7.60772421      0.05153119      0.00007229      0.05153134      0.00858853 md_running
    15      7.50000000     51.61162414     31.33826192     14.07718986    600.00000000      1.02103793      0.00234044     -7.60561368     -0.00221139     -7.60782508      0.05547044      0.00007817      0.05547048      0.00924507 md_running
    16      8.00000000     51.82037089     31.33842349     14.05815622    600.00000000      1.02089312      0.00233728     -7.60551589     -0.00237901     -7.60789490      0.05862340      0.00008409      0.05862332      0.00977057 md_running
    17      8.50000000     52.02185893     31.33858798     13.80472349    600.00000000      1.02109727      0.00229514     -7.60537915     -0.00254713     -7.60792628      0.06096923      0.00009002      0.06096902      0.01016154 md_running
    18      9.00000000     52.22441407     31.33874917     13.35638854    600.00000000      1.02167800      0.00222060     -7.60520981     -0.00271533     -7.60792514      0.06246059      0.00009595      0.06246025      0.01041010 md_running
    19      9.50000000     52.42700991     31.33890079     12.83393532    600.00000000      1.02255152      0.00213374     -7.60502776     -0.00288315     -7.60791091      0.06304010      0.00010187      0.06303964      0.01050668 md_running
    20     10.00000000     52.63302315     31.33903687     12.41111955    600.00000000      1.02348597      0.00206345     -7.60486180     -0.00305014     -7.60791195      0.06267296      0.00010775      0.06267238      0.01044549 md_running
    21     10.50000000     52.89082240     31.33915205     12.26567615    600.00000000      1.02410683      0.00203926     -7.60474127     -0.00321584     -7.60795711      0.06139476      0.00011360      0.06139406      0.01023246 md_running
    22     11.00000000     53.10048577     31.33924184     12.52375216    600.00000000      1.02402980      0.00208217     -7.60468721     -0.00337979     -7.60806700      0.05937303      0.00011938      0.05937222      0.00989550 md_running
    23     11.50000000     53.33232027     31.33930279     13.21415461    600.00000000      1.02310812      0.00219696     -7.60470470     -0.00354153     -7.60824624      0.05695802      0.00012508      0.05695715      0.00949300 md_running
    24     12.00000000     60.00601461     31.33933280     14.24817247    600.00000000      1.02156495      0.00236887     -7.60477949     -0.00370062     -7.60848011      0.05472874      0.00013069      0.05472784      0.00912146 md_running
    25     12.50000000     60.21667716     31.33933127     15.43483904    600.00000000      1.01983778      0.00256616     -7.60488026     -0.00385660     -7.60873686      0.05344575      0.00013620      0.05344488      0.00890762 md_running
    26     13.00000000     60.42869767     31.33929918     16.53073994    600.00000000      1.01831809      0.00274836     -7.60496656     -0.00400906     -7.60897562      0.05384945      0.00014158      0.05384870      0.00897491 md_running
    27     13.50000000     60.64202012     31.33923904     17.31227597    600.00000000      1.01722928      0.00287830     -7.60500088     -0.00415759     -7.60915847      0.05630160      0.00014682      0.05630102      0.00938360 md_running
    28     14.00000000     60.84926237     31.33915464     17.64981512    600.00000000      1.01664508      0.00293442     -7.60496124     -0.00430178     -7.60926303      0.06052790      0.00015191      0.06052753      0.01008798 md_running
    29     14.50000000     61.08302298     31.33905080     17.55978476    600.00000000      1.01653777      0.00291945     -7.60484994     -0.00444128     -7.60929122      0.06574035      0.00015684      0.06574018      0.01095672 md_running
    30     15.00000000     65.96557156     31.33893293     17.21652776    600.00000000      1.01679264      0.00286238     -7.60469565     -0.00457572     -7.60927137      0.07093696      0.00016158      0.07093697      0.01182283 md_running
    31     15.50000000     66.24345110     31.33880671     16.91608935    600.00000000      1.01718357      0.00281243     -7.60454777     -0.00470479     -7.60925256      0.07514300      0.00016614      0.07514315      0.01252383 md_running
    32     16.00000000     66.46344559     31.33867760     16.99637197    600.00000000      1.01736547      0.00282578     -7.60446245     -0.00482818     -7.60929063      0.07754563      0.00017049      0.07754589      0.01292427 md_running
    33     16.50000000     66.66803478     31.33855052     17.73297767    600.00000000      1.01698488      0.00294825     -7.60448592     -0.00494562     -7.60943154      0.07756349      0.00017463      0.07756384      0.01292725 md_running
    34     17.00000000     66.88711316     31.33842946     19.24160996    600.00000000      1.01591643      0.00319907     -7.60463823     -0.00505688     -7.60969511      0.07488471      0.00017855      0.07488511      0.01248078 md_running
    35     17.50000000     67.10753112     31.33831720     21.42141626    600.00000000      1.01438339      0.00356148     -7.60490349     -0.00516175     -7.61006524      0.06950624      0.00018223      0.06950667      0.01158437 md_running
    36     18.00000000     67.29993997     31.33821508     23.96278637    600.00000000      1.01277881      0.00398400     -7.60523047     -0.00526004     -7.61049051      0.06175963      0.00018568      0.06176005      0.01029327 md_running
    37     18.50000000     67.51614661     31.33812287     26.41982502    600.00000000      1.01141199      0.00439250     -7.60554510     -0.00535161     -7.61089671      0.05236457      0.00018889      0.05236494      0.00872743 md_running
    38     19.00000000     67.72898986     31.33803892     28.32423874    600.00000000      1.01042799      0.00470913     -7.60576842     -0.00543635     -7.61120477      0.04258070      0.00019186      0.04258093      0.00709678 md_running
    39     19.50000000     67.93729829     31.33796030     29.30416277    600.00000000      1.00986123      0.00487205     -7.60583816     -0.00551419     -7.61135234      0.03458885      0.00019458      0.03458883      0.00576481 md_running
    40     20.00000000     68.15077294     31.33788328     29.17341083    600.00000000      1.00970491      0.00485031     -7.60572270     -0.00558509     -7.61130779      0.03161285      0.00019705      0.03161247      0.00526881 md_running
    41     20.50000000     68.41215018     31.33780367     27.96961267    600.00000000      1.00995057      0.00465017     -7.60542824     -0.00564907     -7.61107730      0.03540584      0.00019929      0.03540520      0.00590097 md_running
    42     21.00000000     68.62606189     31.33771731     25.93414278    600.00000000      1.01059902      0.00431175     -7.60499541     -0.00570616     -7.61070157      0.04376686      0.00020128      0.04376612      0.00729448 md_running
    43     21.50000000     68.84102975     31.33762047     23.44411932    600.00000000      1.01165009      0.00389777     -7.60448734     -0.00575647     -7.61024381      0.05373787      0.00020303      0.05373713      0.00895631 md_running
    44     22.00000000     69.05435857     31.33751014     20.92030927    600.00000000      1.01306940      0.00347816     -7.60397435     -0.00580012     -7.60977447      0.06358240      0.00020456      0.06358171      0.01059707 md_running
    45     22.50000000     69.27541562     31.33738433     18.73585782    600.00000000      1.01473314      0.00311498     -7.60351853     -0.00583730     -7.60935583      0.07242351      0.00020586      0.07242288      0.01207058 md_running
    46     23.00000000     69.48579512     31.33724218     17.14657847    600.00000000      1.01638081      0.00285075     -7.60316189     -0.00586823     -7.60903012      0.07982120      0.00020695      0.07982065      0.01330353 md_running
    47     23.50000000     69.70058947     31.33708417     16.25684329    600.00000000      1.01765447      0.00270283     -7.60292146     -0.00589318     -7.60881464      0.08556351      0.00020783      0.08556306      0.01426059 md_running
    48     24.00000000     69.90374842     31.33691214     16.02653108    600.00000000      1.01827173      0.00266454     -7.60278987     -0.00591246     -7.60870233      0.08957901      0.00020851      0.08957866      0.01492983 md_running
    49     24.50000000     70.11594924     31.33672936     16.31603866    600.00000000      1.01820175      0.00271267     -7.60274352     -0.00592642     -7.60866994      0.09187498      0.00020902      0.09187474      0.01531250 md_running
    50     25.00000000     70.33131954     31.33654040     16.95652465    600.00000000      1.01764213      0.00281915     -7.60275434     -0.00593546     -7.60868980      0.09249449      0.00020935      0.09249438      0.01541575 md_running
    51     25.50000000     70.59668402     31.33635088     17.82271584    600.00000000      1.01683491      0.00296317     -7.60280116     -0.00594002     -7.60874118      0.09148332      0.00020952      0.09148334      0.01524722 md_running
    52     26.00000000     70.80385879     31.33616709     18.88203944    600.00000000      1.01592399      0.00313929     -7.60287875     -0.00594056     -7.60881930      0.08886173      0.00020956      0.08886187      0.01481029 md_running
    53     26.50000000     71.01185430     31.33599552     20.19983604    600.00000000      1.01493599      0.00335838     -7.60299820     -0.00593758     -7.60893578      0.08462237      0.00020947      0.08462263      0.01410373 md_running
    54     27.00000000     71.22765948     31.33584240     21.89502959    600.00000000      1.01384169      0.00364022     -7.60318013     -0.00593162     -7.60911175      0.07875706      0.00020927      0.07875743      0.01312618 md_running
    55     27.50000000     71.43567618     31.33571317     24.05998628    600.00000000      1.01263616      0.00400016     -7.60344083     -0.00592324     -7.60936407      0.07132309      0.00020899      0.07132354      0.01188718 md_running
    56     28.00000000     71.65446561     31.33561195     26.67484143    600.00000000      1.01138315      0.00443490     -7.60377808     -0.00591303     -7.60969110      0.06255176      0.00020863      0.06255227      0.01042529 md_running
    57     28.50000000     71.86750190     31.33554113     29.55281170    600.00000000      1.01019700      0.00491339     -7.60416131     -0.00590158     -7.61006289      0.05303511      0.00020823      0.05303564      0.00883918 md_running
    58     29.00000000     72.07690931     31.33550102     32.34400467    600.00000000      1.00918963      0.00537744     -7.60453241     -0.00588954     -7.61042194      0.04406313      0.00020780      0.04406359      0.00734386 md_running
    59     29.50000000     72.28647635     31.33548964     34.60371729    600.00000000      1.00843466      0.00575314     -7.60481656     -0.00587753     -7.61069408      0.03809072      0.00020737      0.03809096      0.00634845 md_running
    60     30.00000000     72.50406899     31.33550279     35.90663234    600.00000000      1.00796637      0.00596976     -7.60494192     -0.00586620     -7.61080812      0.03817155      0.00020696      0.03817144      0.00636193 md_running
    61     30.50000000     72.77013916     31.33553426     35.97194035    600.00000000      1.00779725      0.00598062     -7.60486068     -0.00585623     -7.61071691      0.04476659      0.00020660      0.04476615      0.00746110 md_running
    62     31.00000000     72.97717773     31.33557619     34.75704546    600.00000000      1.00793424      0.00577863     -7.60456532     -0.00584829     -7.61041360      0.05515181      0.00020631      0.05515117      0.00919197 md_running
    63     31.50000000     73.19082328     31.33561958     32.48892269    600.00000000      1.00838489      0.00540154     -7.60409348     -0.00584304     -7.60993652      0.06653137      0.00020611      0.06653062      0.01108856 md_running
    64     32.00000000     73.40042589     31.33565484     29.62529974    600.00000000      1.00914639      0.00492544     -7.60352198     -0.00584116     -7.60936314      0.07708594      0.00020604      0.07708511      0.01284766 md_running
    65     32.50000000     73.60764808     31.33567240     26.75614407    600.00000000      1.01016890      0.00444842     -7.60294938     -0.00584334     -7.60879272      0.08568018      0.00020611      0.08567929      0.01428003 md_running
    66     33.00000000     73.81852425     31.33566320     24.47108187    600.00000000      1.01129299      0.00406851     -7.60247422     -0.00585025     -7.60832447      0.09161671      0.00020635      0.09161577      0.01526945 md_running
    67     33.50000000     74.03740269     31.33561918     23.22576602    600.00000000      1.01220942      0.00386146     -7.60217236     -0.00586256     -7.60803492      0.09455053      0.00020679      0.09454955      0.01575842 md_running
    68     34.00000000     74.24791363     31.33553370     23.23879742    600.00000000      1.01256112      0.00386363     -7.60208000     -0.00588092     -7.60796092      0.09446425      0.00020744      0.09446324      0.01574404 md_running
    69     34.50000000     74.45616899     31.33540187     24.44450924    600.00000000      1.01220492      0.00406409     -7.60218650     -0.00590598     -7.60809249      0.09166464      0.00020834      0.09166359      0.01527744 md_running
    70     35.00000000     74.66447205     31.33522098     26.51663621    600.00000000      1.01134319      0.00440860     -7.60243781     -0.00593838     -7.60837619      0.08679074      0.00020950      0.08678967      0.01446512 md_running
    71     35.50000000     74.92396129     31.33499059     28.95973784    600.00000000      1.01033400      0.00481478     -7.60275151     -0.00597871     -7.60873022      0.08079444      0.00021095      0.08079337      0.01346574 md_running
    72     36.00000000     75.13123446     31.33471261     31.24414499    600.00000000      1.00944991      0.00519458     -7.60303877     -0.00602756     -7.60906634      0.07487706      0.00021270      0.07487602      0.01247951 md_running
    73     36.50000000     75.33853410     31.33439115     32.94659367    600.00000000      1.00881383      0.00547763     -7.60322845     -0.00608550     -7.60931396      0.07031973      0.00021477      0.07031878      0.01171996 md_running
    74     37.00000000     75.55619327     31.33403224     33.85800747    600.00000000      1.00844574      0.00562916     -7.60328517     -0.00615305     -7.60943822      0.06813807      0.00021719      0.06813726      0.01135634 md_running
    75     37.50000000     75.77407647     31.33364349     34.02807322    600.00000000      1.00831175      0.00565743     -7.60321733     -0.00623070     -7.60944803      0.06863363      0.00021996      0.06863302      0.01143894 md_running
    76     38.00000000     75.99401725     31.33323363     33.73165837    600.00000000      1.00834550      0.00560815     -7.60307101     -0.00631891     -7.60938992      0.07128032      0.00022310      0.07127989      0.01188005 md_running
    77     38.50000000     76.20436754     31.33281199     33.37001085    600.00000000      1.00845347      0.00554802     -7.60291373     -0.00641808     -7.60933180      0.07509989      0.00022662      0.07509962      0.01251665 md_running
    78     39.00000000     76.41844838     31.33238787     33.33972934    600.00000000      1.00852444      0.00554299     -7.60281233     -0.00652858     -7.60934091      0.07911725      0.00023054      0.07911709      0.01318621 md_running
    79     39.50000000     76.63864148     31.33196992     33.91008077    600.00000000      1.00846102      0.00563782     -7.60281216     -0.00665073     -7.60946288      0.08261625      0.00023487      0.08261615      0.01376937 md_running
    80     40.00000000     76.85544227     31.33156555     35.14780813    600.00000000      1.00822369      0.00584360     -7.60292430     -0.00678478     -7.60970908      0.08519390      0.00023961      0.08519382      0.01419898 md_running
    81     40.50000000     77.12297667     31.33118032     36.91216870    600.00000000      1.00784884      0.00613694     -7.60312535     -0.00693096     -7.61005631      0.08669962      0.00024477      0.08669954      0.01444994 md_running
    82     41.00000000     77.33523775     31.33081758     38.91803248    600.00000000      1.00741963      0.00647043     -7.60336708     -0.00708940     -7.61045648      0.08715780      0.00025036      0.08715768      0.01452630 md_running
    83     41.50000000     77.54681542     31.33047836     40.84106823    600.00000000      1.00701788      0.00679015     -7.60359500     -0.00726021     -7.61085521      0.08666694      0.00025638      0.08666676      0.01444449 md_running
    84     42.00000000     77.76091169     31.33016139     42.42585050    600.00000000      1.00669468      0.00705363     -7.60376577     -0.00744342     -7.61120919      0.08532874      0.00026284      0.08532851      0.01422146 md_running
    85     42.50000000     77.97059513     31.32986353     43.55994298    600.00000000      1.00646623      0.00724218     -7.60386066     -0.00763899     -7.61149965      0.08320311      0.00026973      0.08320283      0.01386718 md_running
    86     43.00000000     78.18999943     31.32958023     44.29250341    600.00000000      1.00632170      0.00736397     -7.60388806     -0.00784685     -7.61173491      0.08030703      0.00027706      0.08030674      0.01338450 md_running
    87     43.50000000     78.41126511     31.32930621     44.79524553    600.00000000      1.00623293      0.00744756     -7.60387710     -0.00806685     -7.61194395      0.07665770      0.00028482      0.07665745      0.01277628 md_running
    88     44.00000000     78.62750195     31.32903603     45.28168950    600.00000000      1.00616449      0.00752843     -7.60386414     -0.00829879     -7.61216293      0.07235243      0.00029300      0.07235229      0.01205874 md_running
    89     44.50000000     78.84264107     31.32876470     45.91314100    600.00000000      1.00608550      0.00763342     -7.60387651     -0.00854240     -7.61241891      0.06769604      0.00030160      0.06769615      0.01128267 md_running
    90     45.00000000     79.05594811     31.32848808     46.72175582    600.00000000      1.00598153      0.00776786     -7.60392010     -0.00879736     -7.61271746      0.06332329      0.00031061      0.06332379      0.01055388 md_running
    91     45.50000000     79.32081824     31.32820321     47.57513344    600.00000000      1.00586145      0.00790974     -7.60397296     -0.00906331     -7.61303627      0.06029113      0.00032002      0.06029221      0.01004852 md_running
    92     46.00000000     79.52966623     31.32790848     48.19621466    600.00000000      1.00575495      0.00801300     -7.60398845     -0.00933981     -7.61332826      0.05993521      0.00032981      0.05993698      0.00998920 md_running
    93     46.50000000     79.73778077     31.32760371     48.23655588    600.00000000      1.00570299      0.00801970     -7.60390774     -0.00962639     -7.61353413      0.06330130      0.00033996      0.06330375      0.01055022 md_running
    94     47.00000000     79.94545592     31.32729017     47.38627144    600.00000000      1.00574841      0.00787834     -7.60367824     -0.00992252     -7.61360076      0.07047111      0.00035046      0.07047410      0.01174519 md_running
    95     47.50000000     80.15381924     31.32697051     45.49500766    600.00000000      1.00593024      0.00756390     -7.60327382     -0.01022762     -7.61350144      0.08046390      0.00036128      0.08046727      0.01341065 md_running
    96     48.00000000     80.36473947     31.32664862     42.66397681    600.00000000      1.00627910      0.00709322     -7.60271081     -0.01054107     -7.61325188      0.09178408      0.00037240      0.09178772      0.01529735 md_running
    97     48.50000000     80.58119937     31.32632951     39.27386768    600.00000000      1.00680790      0.00652959     -7.60205256     -0.01086221     -7.61291477      0.10292007      0.00038379      0.10292391      0.01715334 md_running
    98     49.00000000     80.79686467     31.32601907     35.93508685    600.00000000      1.00748732      0.00597449     -7.60140129     -0.01119031     -7.61259159      0.11251416      0.00039543      0.11251817      0.01875236 md_running
    99     49.50000000     81.01332904     31.32572378     33.36263524    600.00000000      1.00820338      0.00554680     -7.60087682     -0.01152462     -7.61240143      0.11943717      0.00040727      0.11944135      0.01990619 md_running
   100     50.00000000     81.22294272     31.32545039     32.20241328    600.00000000      1.00873193      0.00535390     -7.60058734     -0.01186434     -7.61245168      0.12284074      0.00041931      0.12284509      0.02047346 md_running
   101     50.50000000     81.47756799     31.32520543     32.85572293    600.00000000      1.00881860      0.00546252     -7.60060047     -0.01220862     -7.61280909      0.12221638      0.00043149      0.12222093      0.02036940 md_running
   102     51.00000000     81.68282129     31.32499450     35.35443728    600.00000000      1.00837645      0.00587795     -7.60092249     -0.01255659     -7.61347907      0.11744110      0.00044378      0.11744586      0.01957352 md_running
   103     51.50000000     81.88986057     31.32482150     39.33032818    600.00000000      1.00757840      0.00653897     -7.60149262     -0.01290730     -7.61439993      0.10879743      0.00045616      0.10880244      0.01813291 md_running
   104     52.00000000     82.09974431     31.32468779     44.09359498    600.00000000      1.00670164      0.00733090     -7.60219590     -0.01325982     -7.61545572      0.09698926      0.00046859      0.09699456      0.01616488 md_running
   105     52.50000000     82.31142717     31.32459156     48.79701017    600.00000000      1.00594398      0.00811288     -7.60289028     -0.01361313     -7.61650341      0.08313380      0.00048103      0.08313943      0.01385563 md_running
   106     53.00000000     82.52812830     31.32452756     52.63418276    600.00000000      1.00538642      0.00875084     -7.60344031     -0.01396622     -7.61740652      0.06882937      0.00049346      0.06883533      0.01147156 md_running
   107     53.50000000     82.74276090     31.32448727     55.01441117    600.00000000      1.00503924      0.00914658     -7.60374670     -0.01431803     -7.61806474      0.05636479      0.00050583      0.05637090      0.00939413 md_running
   108     54.00000000     82.95150719     31.32445946     55.66961403    600.00000000      1.00488637      0.00925551     -7.60376436     -0.01466752     -7.61843188      0.04883765      0.00051812      0.04884328      0.00813961 md_running
   109     54.50000000     83.16433112     31.32443083     54.67486176    600.00000000      1.00490703      0.00909012     -7.60350592     -0.01501360     -7.61851951      0.04874589      0.00053029      0.04875012      0.00812432 md_running
   110     55.00000000     83.38432072     31.32438693     52.38459563    600.00000000      1.00508087      0.00870935     -7.60303123     -0.01535520     -7.61838643      0.05519680      0.00054231      0.05519937      0.00919947 md_running
   111     55.50000000     83.64844838     31.32431302     49.31208160    600.00000000      1.00538575      0.00819852     -7.60242654     -0.01569125     -7.61811779      0.06500251      0.00055414      0.06500383      0.01083375 md_running
   112     56.00000000     83.85683796     31.32419478     45.99459528    600.00000000      1.00579199      0.00764696     -7.60178207     -0.01602071     -7.61780278      0.07557693      0.00056575      0.07557747      0.01259615 md_running
   113     56.50000000     84.06808918     31.32401894     42.87736553    600.00000000      1.00625796      0.00712870     -7.60117217     -0.01634254     -7.61751471      0.08549496      0.00057711      0.08549508      0.01424916 md_running
   114     57.00000000     84.27669829     31.32377377     40.24121738    600.00000000      1.00673250      0.00669042     -7.60064341     -0.01665573     -7.61729914      0.09406280      0.00058818      0.09406272      0.01567713 md_running
   115     57.50000000     84.48406095     31.32344947     38.18627738    600.00000000      1.00716671      0.00634877     -7.60021203     -0.01695930     -7.61717134      0.10098035      0.00059892      0.10098026      0.01683006 md_running
   116     58.00000000     84.70293940     31.32303840     36.66938178    600.00000000      1.00752958      0.00609657     -7.59987003     -0.01725232     -7.61712235      0.10616028      0.00060931      0.10616031      0.01769338 md_running
   117     58.50000000     84.91603473     31.32253540     35.57942900    600.00000000      1.00781462      0.00591536     -7.59959828     -0.01753389     -7.61713217      0.10961367      0.00061931      0.10961393      0.01826895 md_running
   118     59.00000000     85.12466774     31.32193801     34.82395051    600.00000000      1.00802993      0.00578975     -7.59938053     -0.01780316     -7.61718369      0.11138657      0.00062888      0.11138714      0.01856443 md_running
   119     59.50000000     85.33221547     31.32124665     34.39652732    600.00000000      1.00817790      0.00571869     -7.59921555     -0.01805931     -7.61727486      0.11152420      0.00063799      0.11152514      0.01858737 md_running
   120     60.00000000     85.54561923     31.32046474     34.40064269    600.00000000      1.00823860      0.00571938     -7.59912075     -0.01830160     -7.61742234      0.11007232      0.00064661      0.11007368      0.01834539 md_running
   121     60.50000000     85.81155245     31.31959859     35.01928759    600.00000000      1.00816961      0.00582223     -7.59912712     -0.01852931     -7.61765643      0.10710279      0.00065471      0.10710460      0.01785046 md_running
   122     61.00000000     86.02386756     31.31865713     36.43833615    600.00000000      1.00792882      0.00605816     -7.59926649     -0.01874178     -7.61800827      0.10277975      0.00066226      0.10278201      0.01712996 md_running
   123     61.50000000     86.23710633     31.31765131     38.74976329    600.00000000      1.00750990      0.00644245     -7.59955521     -0.01893841     -7.61849362      0.09743654      0.00066923      0.09743925      0.01623942 md_running
   124     62.00000000     86.45169801     31.31659310     41.87054277    600.00000000      1.00696174      0.00696130     -7.59998022     -0.01911862     -7.61909885      0.09167123      0.00067560      0.09167433      0.01527854 md_running
   125     62.50000000     86.66532446     31.31549428     45.51155215    600.00000000      1.00637117      0.00756665     -7.60049405     -0.01928191     -7.61977597      0.08642007      0.00068136      0.08642348      0.01440335 md_running
   126     63.00000000     86.87402724     31.31436514     49.21599016    600.00000000      1.00582463      0.00818254     -7.60101987     -0.01942781     -7.62044768      0.08292344      0.00068647      0.08292698      0.01382057 md_running
   127     63.50000000     87.08570152     31.31321347     52.46362972    600.00000000      1.00538116      0.00872249     -7.60147018     -0.01955592     -7.62102610      0.08241535      0.00069094      0.08241881      0.01373589 md_running
   128     64.00000000     87.30612422     31.31204384     54.81571186    600.00000000      1.00506777      0.00911354     -7.60177058     -0.01966588     -7.62143646      0.08545922      0.00069476      0.08546238      0.01424320 md_running
   129     64.50000000     87.49569865     31.31085760     56.05027423    600.00000000      1.00488647      0.00931880     -7.60188327     -0.01975742     -7.62164069      0.09150971      0.00069791      0.09151246      0.01525162 md_running
   130     65.00000000     87.70156495     31.30965327     56.24037144    600.00000000      1.00482213      0.00935040     -7.60181997     -0.01983033     -7.62165030      0.09914004      0.00070040      0.09914240      0.01652334 md_running
   131     65.50000000     87.97169318     31.30842722     55.75020942    600.00000000      1.00484486      0.00926891     -7.60164187     -0.01988447     -7.62152634      0.10661238      0.00070223      0.10661443      0.01776873 md_running
   132     66.00000000     88.19218099     31.30717465     55.14365489    600.00000000      1.00490884      0.00916806     -7.60144375     -0.01991979     -7.62136355      0.11232343      0.00070341      0.11232530      0.01872057 md_running
   133     66.50000000     88.40969199     31.30589033     55.02793931    600.00000000      1.00495499      0.00914882     -7.60132812     -0.01993633     -7.62126445      0.11504087      0.00070393      0.11504268      0.01917348 md_running
   134     67.00000000     88.62010448     31.30456923     55.87794184    600.00000000      1.00492552      0.00929014     -7.60137524     -0.01993421     -7.62130945      0.11401604      0.00070381      0.11401791      0.01900267 md_running
   135     67.50000000     88.83373147     31.30320701     57.89229436    600.00000000      1.00478915      0.00962505     -7.60161896     -0.01991365     -7.62153261      0.10900934      0.00070306      0.10901146      0.01816822 md_running
   136     68.00000000     89.04370327     31.30180019     60.92198279    600.00000000      1.00455877      0.01012876     -7.60203486     -0.01987496     -7.62190982      0.10031366      0.00070169      0.10031623      0.01671894 md_running
   137     68.50000000     89.25278667     31.30034618     64.49178956    600.00000000      1.00428325      0.01072226     -7.60254336     -0.01981855     -7.62236191      0.08878045      0.00069971      0.08878375      0.01479674 md_running
   138     69.00000000     89.45072087     31.29884318     67.90796070    600.00000000      1.00402108      0.01129023     -7.60302780     -0.01974492     -7.62277272      0.07589789      0.00069714      0.07590234      0.01264965 md_running
   139     69.50000000     89.65883197     31.29729020     70.42157216    600.00000000      1.00381911      0.01170814     -7.60336221     -0.01965467     -7.62301688      0.06398216      0.00069400      0.06398822      0.01066369 md_running
   140     70.00000000     89.87392084     31.29568716     71.40413993    600.00000000      1.00370715      0.01187150     -7.60344063     -0.01954846     -7.62298909      0.05633400      0.00069030      0.05634183      0.00938900 md_running
   141     70.50000000     90.13932734     31.29403522     70.49344546    600.00000000      1.00370271      0.01172009     -7.60320170     -0.01942707     -7.62262877      0.05609824      0.00068607      0.05610704      0.00934971 md_running
   142     71.00000000     90.34798343     31.29233721     67.67839498    600.00000000      1.00381723      0.01125206     -7.60264319     -0.01929131     -7.62193450      0.06328830      0.00068133      0.06329686      0.01054805 md_running
   143     71.50000000     90.55724618     31.29059809     63.29958201    600.00000000      1.00405925      0.01052405     -7.60182229     -0.01914211     -7.62096439      0.07487634      0.00067610      0.07488410      0.01247939 md_running
   144     72.00000000     90.77070581     31.28882523     57.97113939    600.00000000      1.00443308      0.00963815     -7.60084200     -0.01898041     -7.61982241      0.08788370      0.00067042      0.08789061      0.01464728 md_running
   145     72.50000000     90.98529311     31.28702840     52.45085267    600.00000000      1.00493052      0.00872036     -7.59982944     -0.01880726     -7.61863670      0.10040407      0.00066431      0.10041022      0.01673401 md_running
   146     73.00000000     91.20492644     31.28521935     47.48448260    600.00000000      1.00551567      0.00789467     -7.59890959     -0.01862372     -7.61753331      0.11133123      0.00065782      0.11133671      0.01855521 md_running
   147     73.50000000     91.41538146     31.28341084     43.66112125    600.00000000      1.00611020      0.00725900     -7.59818103     -0.01843090     -7.61661193      0.12002720      0.00065098      0.12003207      0.02000453 md_running
   148     74.00000000     91.62841365     31.28161557     41.31472863    600.00000000      1.00659866      0.00686890     -7.59769916     -0.01822998     -7.61592914      0.12616362      0.00064383      0.12616790      0.02102727 md_running
   149     74.50000000     91.83826495     31.27984495     40.49523791    600.00000000      1.00687249      0.00673265     -7.59747187     -0.01802214     -7.61549400      0.12961627      0.00063642      0.12961997      0.02160271 md_running
   150     75.00000000     92.04567750     31.27810812     41.01310568    600.00000000      1.00689067      0.00681875     -7.59746693     -0.01780861     -7.61527555      0.13041545      0.00062880      0.13041859      0.02173591 md_running
   151     75.50000000     92.30574520     31.27641105     42.53915737    600.00000000      1.00669768      0.00707247     -7.59762888     -0.01759067     -7.61521955      0.12868386      0.00062101      0.12868643      0.02144731 md_running
   152     76.00000000     92.51411111     31.27475617     44.72223991    600.00000000      1.00638142      0.00743542     -7.59789902     -0.01736960     -7.61526862      0.12458668      0.00061311      0.12458868      0.02076445 md_running
   153     76.50000000     92.72831674     31.27314218     47.28315216    600.00000000      1.00602041      0.00786119     -7.59823097     -0.01714674     -7.61537771      0.11829833      0.00060515      0.11829976      0.01971639 md_running
   154     77.00000000     92.93730194     31.27156429     50.05602950    600.00000000      1.00566058      0.00832221     -7.59859753     -0.01692343     -7.61552096      0.10998819      0.00059718      0.10998905      0.01833137 md_running
   155     77.50000000     93.15197097     31.27001457     52.96909525    600.00000000      1.00531987      0.00880653     -7.59898764     -0.01670106     -7.61568871      0.09985672      0.00058926      0.09985703      0.01664279 md_running
   156     78.00000000     93.36208019     31.26848244     55.98191888    600.00000000      1.00500256      0.00930743     -7.59939553     -0.01648104     -7.61587657      0.08820111      0.00058143      0.08820086      0.01470019 md_running
   157     78.50000000     93.58022503     31.26695509     59.00955962    600.00000000      1.00471146      0.00981080     -7.59980767     -0.01626477     -7.61607245      0.07556379      0.00057376      0.07556297      0.01259396 md_running
   158     79.00000000     93.79344988     31.26541803     61.86581645    600.00000000      1.00445413      0.01028567     -7.60019348     -0.01605370     -7.61624718      0.06300913      0.00056629      0.06300775      0.01050152 md_running
   159     79.50000000     94.00422850     31.26385562     64.24863156    600.00000000      1.00424349      0.01068184     -7.60050238     -0.01584926     -7.61635164      0.05263204      0.00055907      0.05263017      0.00877201 md_running
   160     80.00000000     94.21770938     31.26225171     65.77633244    600.00000000      1.00409566      0.01093583     -7.60067046     -0.01565289     -7.61632335      0.04793338      0.00055215      0.04793133      0.00798890 md_running
   161     80.50000000     94.47938846     31.26059058     66.06750207    600.00000000      1.00402767      0.01098424     -7.60063284     -0.01546601     -7.61609885      0.05185838      0.00054558      0.05185670      0.00864306 md_running
   162     81.00000000     94.69356857     31.25885819     64.84665624    600.00000000      1.00405680      0.01078126     -7.60034259     -0.01529003     -7.61563262      0.06321654      0.00053941      0.06321545      0.01053609 md_running
   163     81.50000000     94.90147852     31.25704358     62.05079364    600.00000000      1.00420074      0.01031643     -7.59978826     -0.01512634     -7.61491460      0.07830272      0.00053368      0.07830213      0.01305045 md_running
   164     82.00000000     95.11058170     31.25514046     57.89640455    600.00000000      1.00447664      0.00962573     -7.59900562     -0.01497628     -7.61398189      0.09415139      0.00052843      0.09415113      0.01569190 md_running
   165     82.50000000     95.32526708     31.25314853     52.88208959    600.00000000      1.00489724      0.00879206     -7.59807772     -0.01484116     -7.61291888      0.10881327      0.00052371      0.10881323      0.01813555 md_running
   166     83.00000000     95.54557137     31.25107441     47.72267295    600.00000000      1.00545805      0.00793427     -7.59712434     -0.01472224     -7.61184658      0.12095072      0.00051955      0.12095078      0.02015845 md_running
   167     83.50000000     95.75699994     31.24893179     43.22028089    600.00000000      1.00611191      0.00718571     -7.59627976     -0.01462071     -7.61090047      0.12964172      0.00051599      0.12964179      0.02160695 md_running
   168     84.00000000     95.97192038     31.24674066     40.09739405    600.00000000      1.00673926      0.00666650     -7.59566534     -0.01453770     -7.61020304      0.13434114      0.00051308      0.13434114      0.02239019 md_running
   169     84.50000000     96.18142348     31.24452576     38.83016922    600.00000000      1.00715613      0.00645582     -7.59536088     -0.01447428     -7.60983515      0.13489403      0.00051084      0.13489386      0.02248234 md_running
   170     85.00000000     96.37867554     31.24231444     39.52707215    600.00000000      1.00720952      0.00657168     -7.59538469     -0.01443141     -7.60981610      0.13155601      0.00050932      0.13155557      0.02192600 md_running
   171     85.50000000     96.64639246     31.24013414     41.89342940    600.00000000      1.00690154      0.00696511     -7.59568818     -0.01440999     -7.61009818      0.12498635      0.00050854      0.12498550      0.02083106 md_running
   172     86.00000000     96.86101937     31.23800972     45.30163726    600.00000000      1.00638725      0.00753175     -7.59616655     -0.01441084     -7.61057739      0.11622431      0.00050853      0.11622292      0.01937072 md_running
   173     86.50000000     97.08185186     31.23596097     48.95325960    600.00000000      1.00585020      0.00813886     -7.59668560     -0.01443467     -7.61112027      0.10663438      0.00050932      0.10663229      0.01777240 md_running
   174     87.00000000     97.30285293     31.23400120     52.08450963    600.00000000      1.00540983      0.00865946     -7.59711721     -0.01448210     -7.61159930      0.09778023      0.00051094      0.09777731      0.01629671 md_running
   175     87.50000000     97.51730632     31.23213671     54.15452224    600.00000000      1.00511424      0.00900361     -7.59737028     -0.01455366     -7.61192395      0.09119724      0.00051342      0.09119344      0.01519954 md_running
   176     88.00000000     97.72548578     31.23036708     54.95837641    600.00000000      1.00496682      0.00913726     -7.59741062     -0.01464980     -7.61206041      0.08788423      0.00051676      0.08787966      0.01464737 md_running
   177     88.50000000     97.93352921     31.22868590     54.63645242    600.00000000      1.00494847      0.00908374     -7.59726187     -0.01477084     -7.61203272      0.08800348      0.00052099      0.08799840      0.01466725 md_running
   178     89.00000000     98.13715455     31.22708176     53.59880871    600.00000000      1.00502636      0.00891122     -7.59699321     -0.01491705     -7.61191026      0.09086017      0.00052612      0.09085488      0.01514336 md_running
   179     89.50000000     98.34325746     31.22553907     52.39451084    600.00000000      1.00515441      0.00871100     -7.59669691     -0.01508855     -7.61178546      0.09528506      0.00053216      0.09527981      0.01588084 md_running
   180     90.00000000     98.55184830     31.22403902     51.56308659    600.00000000      1.00527539      0.00857277     -7.59646365     -0.01528541     -7.61174907      0.10011229      0.00053912      0.10010725      0.01668538 md_running
   181     90.50000000     98.81847515     31.22256036     51.50657430    600.00000000      1.00533175      0.00856337     -7.59636086     -0.01550758     -7.61186844      0.10446593      0.00054698      0.10446122      0.01741099 md_running
   182     91.00000000     99.03281457     31.22108040     52.41022565    600.00000000      1.00528558      0.00871361     -7.59641949     -0.01575491     -7.61217440      0.10778599      0.00055576      0.10778170      0.01796433 md_running
   183     91.50000000     99.24293299     31.21957613     54.22454479    600.00000000      1.00513465      0.00901525     -7.59663122     -0.01602715     -7.61265837      0.10979878      0.00056543      0.10979497      0.01829980 md_running
   184     92.00000000     99.46191175     31.21802570     56.70550035    600.00000000      1.00491022      0.00942773     -7.59695489     -0.01632397     -7.61327886      0.11042802      0.00057599      0.11042478      0.01840467 md_running
   185     92.50000000     99.67307140     31.21641013     59.49801133    600.00000000      1.00465810      0.00989201     -7.59733085     -0.01664493     -7.61397578      0.10973757      0.00058742      0.10973499      0.01828960 md_running
   186     93.00000000     99.88971514     31.21471519     62.23911643    600.00000000      1.00441850      0.01034774     -7.59769790     -0.01698949     -7.61468739      0.10789214      0.00059970      0.10789030      0.01798202 md_running
   187     93.50000000    100.09909410     31.21293324     64.65375235    600.00000000      1.00421585      0.01074919     -7.59800982     -0.01735702     -7.61536684      0.10512367      0.00061279      0.10512266      0.01752061 md_running
   188     94.00000000    100.31883205     31.21106446     66.61789413    600.00000000      1.00405812      0.01107574     -7.59824574     -0.01774679     -7.61599252      0.10171191      0.00062668      0.10171182      0.01695199 md_running
   189     94.50000000    100.53496005     31.20911726     68.16935901    600.00000000      1.00394061      0.01133369     -7.59841234     -0.01815795     -7.61657030      0.09796898      0.00064132      0.09796988      0.01632816 md_running
   190     95.00000000    100.73860553     31.20710765     69.45981765    600.00000000      1.00385104      0.01154824     -7.59853551     -0.01858959     -7.61712509      0.09427389      0.00065667      0.09427581      0.01571232 md_running
   191     95.50000000    101.00103308     31.20505719     70.66075511    600.00000000      1.00377527      0.01174790     -7.59864495     -0.01904065     -7.61768560      0.09112371      0.00067270      0.09112663      0.01518728 md_running
   192     96.00000000    101.20796046     31.20299015     71.85350669    600.00000000      1.00370340      0.01194621     -7.59875501     -0.01951002     -7.61826503      0.08919827      0.00068936      0.08920211      0.01486638 md_running
   193     96.50000000    101.42634316     31.20093009     72.94872095    600.00000000      1.00363481      0.01212829     -7.59885092     -0.01999645     -7.61884737      0.08935858      0.00070661      0.08936312      0.01489310 md_running
   194     97.00000000    101.64508550     31.19889674     73.67765385    600.00000000      1.00357958      0.01224949     -7.59888758     -0.02049861     -7.61938619      0.09246219      0.00072441      0.09246713      0.01541036 md_running
   195     97.50000000    101.85513078     31.19690348     73.67242281    600.00000000      1.00355534      0.01224862     -7.59880213     -0.02101509     -7.61981723      0.09901402      0.00074269      0.09901903      0.01650234 md_running
   196     98.00000000    102.06344230     31.19495592     72.62123260    600.00000000      1.00358172      0.01207385     -7.59854081     -0.02154438     -7.62008518      0.10879917      0.00076142      0.10880399      0.01813320 md_running
   197     98.50000000    102.28024099     31.19305155     70.44438424    600.00000000      1.00367392      0.01171193     -7.59808893     -0.02208488     -7.62017382      0.12075392      0.00078054      0.12075843      0.02012565 md_running
   198     99.00000000    102.49848701     31.19118022     67.40918906    600.00000000      1.00383603      0.01120730     -7.59749058     -0.02263496     -7.62012554      0.13331689      0.00080001      0.13332107      0.02221948 md_running
   199     99.50000000    102.71329626     31.18932501     64.13517490    600.00000000      1.00405305      0.01066297     -7.59684944     -0.02319289     -7.62004232      0.14475492      0.00081976      0.14475884      0.02412582 md_running
   200    100.00000000    102.92983492     31.18746353     61.48286857    600.00000000      1.00428069      0.01022201     -7.59631030     -0.02375691     -7.62006721      0.15341899      0.00083974      0.15342273      0.02556983 md_running
   201    100.50000000    103.19427006     31.18556916     60.35036309    600.00000000      1.00444243      0.01003372     -7.59602431     -0.02432523     -7.62034954      0.15797095      0.00085991      0.15797463      0.02632849 md_running
   202    101.00000000    103.40511405     31.18361245     61.43810200    600.00000000      1.00445275      0.01021456     -7.59611007     -0.02489602     -7.62100610      0.15751578      0.00088019      0.15751952      0.02625263 md_running
   203    101.50000000    103.62405695     31.18156257     65.05173869    600.00000000      1.00426895      0.01081536     -7.59661970     -0.02546745     -7.62208714      0.15168096      0.00090054      0.15168491      0.02528016 md_running
   204    102.00000000    103.83748116     31.17938886     70.99930433    600.00000000      1.00392681      0.01180419     -7.59752188     -0.02603765     -7.62355953      0.14064344      0.00092087      0.14064780      0.02344057 md_running
   205    102.50000000    104.04679035     31.17706257     78.61012848    600.00000000      1.00351541      0.01306955     -7.59870487     -0.02660480     -7.62530967      0.12509362      0.00094115      0.12509866      0.02084894 md_running
   206    103.00000000    104.25547694     31.17455897     86.86613466    600.00000000      1.00312062      0.01444217     -7.59999830     -0.02716707     -7.62716537      0.10619185      0.00096128      0.10619801      0.01769864 md_running
   207    103.50000000    104.46353686     31.17185967     94.60749978    600.00000000      1.00279396      0.01572924     -7.60120704     -0.02772263     -7.62892967      0.08557208      0.00098122      0.08558005      0.01426201 md_running
   208    104.00000000    104.67828389     31.16895519    100.75978391    600.00000000      1.00255484      0.01675210     -7.60215059     -0.02826969     -7.63042029      0.06558080      0.00100088      0.06559166      0.01093013 md_running
   209    104.50000000    104.88763183     31.16584728    104.53427078    600.00000000      1.00240472      0.01737964     -7.60269605     -0.02880651     -7.63150256      0.05023256      0.00102020      0.05024737      0.00837209 md_running
   210    105.00000000    105.09541310     31.16255053    105.56926876    600.00000000      1.00233802      0.01755171     -7.60278225     -0.02933135     -7.63211361      0.04563828      0.00103911      0.04565522      0.00760638 md_running
   211    105.50000000    105.35597693     31.15909277    103.97876247    600.00000000      1.00234725      0.01728728     -7.60242813     -0.02984252     -7.63227065      0.05360897      0.00105754      0.05362380      0.00893483 md_running
   212    106.00000000    105.56409470     31.15551382    100.30200962    600.00000000      1.00242411      0.01667599     -7.60172405     -0.03033835     -7.63206241      0.06822129      0.00107541      0.06823310      0.01137021 md_running
   213    106.50000000    105.77186375     31.15186270     95.37083254    600.00000000      1.00255759      0.01585615     -7.60081002     -0.03081723     -7.63162725      0.08418046      0.00109267      0.08418998      0.01403008 md_running
   214    107.00000000    105.98671097     31.14819320     90.11238397    600.00000000      1.00273104      0.01498189     -7.59984200     -0.03127757     -7.63111958      0.09895002      0.00110924      0.09895789      0.01649167 md_running
   215    107.50000000    106.19728342     31.14455892     85.33297541    600.00000000      1.00292078      0.01418727     -7.59895566     -0.03171784     -7.63067349      0.11142303      0.00112508      0.11142964      0.01857051 md_running
   216    108.00000000    106.40536213     31.14100829     81.54818013    600.00000000      1.00309920      0.01355802     -7.59823739     -0.03213652     -7.63037391      0.12117369      0.00114012      0.12117927      0.02019561 md_running
   217    108.50000000    106.61817701     31.13758052     78.91392900    600.00000000      1.00324323      0.01312006     -7.59771283     -0.03253218     -7.63024501      0.12818999      0.00115431      0.12819468      0.02136500 md_running
   218    109.00000000    106.82690550     31.13430296     77.27864857    600.00000000      1.00334324      0.01284818     -7.59735521     -0.03290344     -7.63025866      0.13269329      0.00116762      0.13269718      0.02211555 md_running
   219    109.50000000    107.04541776     31.13119005     76.32877154    600.00000000      1.00340473      0.01269025     -7.59711088     -0.03324899     -7.63035987      0.13499993      0.00117999      0.13500310      0.02249999 md_running
   220    110.00000000    107.26150627     31.12824354     75.76076244    600.00000000      1.00344127      0.01259582     -7.59692835     -0.03356760     -7.63049595      0.13540729      0.00119140      0.13540985      0.02256788 md_running
   221    110.50000000    107.52847993     31.12545364     75.41082723    600.00000000      1.00346453      0.01253764     -7.59678007     -0.03385815     -7.63063822      0.13412603      0.00120181      0.13412811      0.02235434 md_running
   222    111.00000000    107.73764007     31.12280068     75.29973235    600.00000000      1.00347776      0.01251917     -7.59666986     -0.03411960     -7.63078946      0.13127818      0.00121121      0.13127996      0.02187970 md_running
   223    111.50000000    107.95158001     31.12025696     75.58897764    600.00000000      1.00347512      0.01256726     -7.59662579     -0.03435106     -7.63097685      0.12695132      0.00121956      0.12695302      0.02115855 md_running
   224    112.00000000    108.16578738     31.11778867     76.47743922    600.00000000      1.00344611      0.01271497     -7.59668234     -0.03455175     -7.63123410      0.12129007      0.00122684      0.12129197      0.02021501 md_running
   225    112.50000000    108.35702653     31.11535785     78.08339750    600.00000000      1.00338281      0.01298197     -7.59685989     -0.03472106     -7.63158095      0.11462808      0.00123304      0.11463055      0.01910468 md_running
   226    113.00000000    108.54362750     31.11292450     80.35391301    600.00000000      1.00328629      0.01335947     -7.59715037     -0.03485848     -7.63200885      0.10758815      0.00123814      0.10759161      0.01793136 md_running
   227    113.50000000    108.75290675     31.11044894     83.03049480    600.00000000      1.00316850      0.01380447     -7.59751065     -0.03496368     -7.63247434      0.10118624      0.00124213      0.10119114      0.01686437 md_running
   228    114.00000000    108.96274396     31.10789465     85.68020695    600.00000000      1.00304866      0.01424500     -7.59786796     -0.03503648     -7.63290444      0.09677239      0.00124500      0.09677914      0.01612873 md_running
   229    114.50000000    109.17056650     31.10523145     87.78478371    600.00000000      1.00294744      0.01459491     -7.59813500     -0.03507684     -7.63321184      0.09576655      0.00124674      0.09577529      0.01596109 md_running
   230    115.00000000    109.38384365     31.10243877     88.87386693    600.00000000      1.00288215      0.01477597     -7.59823174     -0.03508486     -7.63331660      0.09902827      0.00124735      0.09903877      0.01650471 md_running
   231    115.50000000    109.66155641     31.09950859     88.67540015    600.00000000      1.00286402      0.01474298     -7.59811159     -0.03506081     -7.63317240      0.10615423      0.00124681      0.10616604      0.01769237 md_running
   232    116.00000000    109.86213281     31.09644751     87.23037860    600.00000000      1.00289659      0.01450273     -7.59778070     -0.03500507     -7.63278577      0.11565391      0.00124513      0.11566657      0.01927565 md_running
   233    116.50000000    110.06907170     31.09327734     84.93533066    600.00000000      1.00297409      0.01412116     -7.59730493     -0.03491817     -7.63222310      0.12553615      0.00124233      0.12554937      0.02092269 md_running
   234    117.00000000    110.27747526     31.09003373     82.49349597    600.00000000      1.00307843      0.01371519     -7.59680229     -0.03480073     -7.63160302      0.13383645      0.00123840      0.13385013      0.02230608 md_running
   235    117.50000000    110.48763845     31.08676280     80.76206404    600.00000000      1.00317701      0.01342732     -7.59641746     -0.03465353     -7.63107099      0.13895269      0.00123336      0.13896682      0.02315878 md_running
   236    118.00000000    110.69931677     31.08351596     80.52336719    600.00000000      1.00322772      0.01338764     -7.59628284     -0.03447741     -7.63076025      0.13983787      0.00122724      0.13985257      0.02330631 md_running
   237    118.50000000    110.90865227     31.08034359     82.24288689    600.00000000      1.00319583      0.01367352     -7.59647815     -0.03427333     -7.63075148      0.13608387      0.00122006      0.13609929      0.02268064 md_running
   238    119.00000000    111.12104380     31.07728869     85.89245913    600.00000000      1.00307509      0.01428029     -7.59699951     -0.03404235     -7.63104186      0.12802266      0.00121187      0.12803902      0.02133711 md_running
   239    119.50000000    111.33582890     31.07438134     90.91006454    600.00000000      1.00289368      0.01511451     -7.59775301     -0.03378562     -7.63153863      0.11678862      0.00120270      0.11680616      0.01946477 md_running
   240    120.00000000    111.55044658     31.07163514     96.32636417    600.00000000      1.00269744      0.01601501     -7.59857530     -0.03350436     -7.63207965      0.10440003      0.00119261      0.10441886      0.01740001 md_running
   241    120.50000000    111.81311442     31.06904593    101.02228223    600.00000000      1.00252759      0.01679574     -7.59927765     -0.03319990     -7.63247755      0.09369010      0.00118166      0.09370991      0.01561502 md_running
   242    121.00000000    112.02482449     31.06659242    104.02960077    600.00000000      1.00241003      0.01729573     -7.59969647     -0.03287369     -7.63257016      0.08784695      0.00116990      0.08786665      0.01464116 md_running
   243    121.50000000    112.24494427     31.06423859    104.77738457    600.00000000      1.00235638      0.01742006     -7.59973523     -0.03252723     -7.63226245      0.08895249      0.00115741      0.08897047      0.01482541 md_running
   244    122.00000000    112.46026485     31.06193683    103.21761137    600.00000000      1.00236869      0.01716073     -7.59938593     -0.03216216     -7.63154810      0.09643729      0.00114425      0.09645254      0.01607288 md_running
   245    122.50000000    112.66891111     31.05963151     99.80164339    600.00000000      1.00244228      0.01659280     -7.59872460     -0.03178021     -7.63050481      0.10774493      0.00113051      0.10775747      0.01795749 md_running
   246    123.00000000    112.88146871     31.05726233     95.34085819    600.00000000      1.00256607      0.01585116     -7.59788777     -0.03138321     -7.62927098      0.12023271      0.00111625      0.12024306      0.02003878 md_running
   247    123.50000000    113.08968346     31.05476765     90.81229236    600.00000000      1.00272023      0.01509825     -7.59703938     -0.03097307     -7.62801245      0.13196962      0.00110154      0.13197837      0.02199494 md_running
   248    124.00000000    113.30054299     31.05208769     87.15265266    600.00000000      1.00287445      0.01448981     -7.59633668     -0.03055182     -7.62688849      0.14171932      0.00108648      0.14172696      0.02361989 md_running
   249    124.50000000    113.51508651     31.04916788     85.08666925    600.00000000      1.00299123      0.01414632     -7.59590091     -0.03012153     -7.62602244      0.14876779      0.00107113      0.14877469      0.02479463 md_running
   250    125.00000000    113.73248912     31.04596231     85.01595913    600.00000000      1.00303701      0.01413457     -7.59579957     -0.02968437     -7.62548394      0.15274262      0.00105556      0.15274906      0.02545710 md_running
   251    125.50000000    114.00155179     31.04243758     86.98001549    600.00000000      1.00299699      0.01446111     -7.59603883     -0.02924257     -7.62528140      0.15352196      0.00103986      0.15352817      0.02558699 md_running
   252    126.00000000    114.21079533     31.03857633     90.68937901    600.00000000      1.00288200      0.01507782     -7.59657039     -0.02879839     -7.62536878      0.15115060      0.00102410      0.15115677      0.02519177 md_running
   253    126.50000000    114.41926619     31.03438042     95.61640111    600.00000000      1.00272102      0.01589697     -7.59730571     -0.02835413     -7.62565984      0.14581027      0.00100836      0.14581654      0.02430171 md_running
   254    127.00000000    114.62803003     31.02987280    101.12546937    600.00000000      1.00254631      0.01681290     -7.59813788     -0.02791212     -7.62605000      0.13780200      0.00099270      0.13780851      0.02296700 md_running
   255    127.50000000    114.84002488     31.02509754    106.61484677    600.00000000      1.00238228      0.01772555     -7.59896625     -0.02747468     -7.62644093      0.12752808      0.00097720      0.12753494      0.02125468 md_running
   256    128.00000000    115.05538912     31.02011770    111.63464855    600.00000000      1.00224203      0.01856013     -7.59971527     -0.02704414     -7.62675941      0.11547889      0.00096195      0.11548622      0.01924648 md_running
   257    128.50000000    115.27635049     31.01501079    115.94499727    600.00000000      1.00212923      0.01927676     -7.60034521     -0.02662280     -7.62696801      0.10223141      0.00094700      0.10223930      0.01703857 md_running
   258    129.00000000    115.49336669     31.00986207    119.49112459    600.00000000      1.00204171      0.01986633     -7.60084824     -0.02621293     -7.62706117      0.08851272      0.00093244      0.08852125      0.01475212 md_running
   259    129.50000000    115.70451888     31.00475654    122.29928771    600.00000000      1.00197512      0.02033321     -7.60123003     -0.02581675     -7.62704678      0.07541759      0.00091835      0.07542674      0.01256960 md_running
   260    130.00000000    115.91955245     30.99977077    124.33458868    600.00000000      1.00192619      0.02067160     -7.60148597     -0.02543645     -7.62692242      0.06490709      0.00090479      0.06491652      0.01081785 md_running
   261    130.50000000    116.18091919     30.99496572    125.39067843    600.00000000      1.00189505      0.02084718     -7.60158206     -0.02507412     -7.62665618      0.06017626      0.00089185      0.06018494      0.01002938 md_running
   262    131.00000000    116.40027120     30.99038187    125.07926208    600.00000000      1.00188623      0.02079540     -7.60145246     -0.02473181     -7.62618427      0.06425507      0.00087960      0.06426169      0.01070918 md_running
   263    131.50000000    116.60800015     30.98603703    122.95149302    600.00000000      1.00190798      0.02044165     -7.60101965     -0.02441150     -7.62543115      0.07678409      0.00086812      0.07678830      0.01279735 md_running
   264    132.00000000    116.82181335     30.98192680    118.71085161    600.00000000      1.00197047      0.01973661     -7.60023221     -0.02411507     -7.62434729      0.09442084      0.00085748      0.09442317      0.01573681 md_running
   265    132.50000000    117.03189216     30.97802700    112.41544280    600.00000000      1.00208361      0.01868994     -7.59909832     -0.02384434     -7.62294265      0.11376297      0.00084776      0.11376402      0.01896050 md_running
   266    133.00000000    117.25094167     30.97429746    104.57957187    600.00000000      1.00225452      0.01738717     -7.59770348     -0.02360101     -7.62130450      0.13216211      0.00083901      0.13216229      0.02202702 md_running
   267    133.50000000    117.46760617     30.97068618     96.12852379    600.00000000      1.00248319      0.01598212     -7.59620321     -0.02338673     -7.61958995      0.14759768      0.00083131      0.14759725      0.02459961 md_running
   268    134.00000000    117.68611972     30.96713357     88.21420751    600.00000000      1.00275537      0.01466630     -7.59479117     -0.02320303     -7.61799419      0.15862388      0.00082473      0.15862298      0.02643731 md_running
   269    134.50000000    117.90664895     30.96357644     81.95514068    600.00000000      1.00303463      0.01362568     -7.59365606     -0.02305132     -7.61670738      0.16437676      0.00081930      0.16437547      0.02739613 md_running
   270    135.00000000    118.11685904     30.95995182     78.18188650    600.00000000      1.00326230      0.01299835     -7.59293718     -0.02293294     -7.61587012      0.16461572      0.00081509      0.16461408      0.02743595 md_running
   271    135.50000000    118.38103037     30.95620076     77.25838491    600.00000000      1.00337757      0.01284481     -7.59269596     -0.02284908     -7.61554504      0.15971582      0.00081213      0.15971385      0.02661930 md_running
   272    136.00000000    118.57066208     30.95227229     79.01885965    600.00000000      1.00335292      0.01313750     -7.59290446     -0.02280083     -7.61570529      0.15062224      0.00081048      0.15061993      0.02510371 md_running
   273    136.50000000    118.77575715     30.94812740     82.82378944    600.00000000      1.00321288      0.01377010     -7.59345574     -0.02278916     -7.61624489      0.13876083      0.00081015      0.13875818      0.02312680 md_running
   274    137.00000000    118.99072249     30.94374296     87.70950662    600.00000000      1.00301522      0.01458239     -7.59418818     -0.02281487     -7.61700305      0.12589749      0.00081119      0.12589452      0.02098292 md_running
   275    137.50000000    119.20675915     30.93911498     92.59059913    600.00000000      1.00281757      0.01539391     -7.59491986     -0.02287866     -7.61779852      0.11400211      0.00081360      0.11399887      0.01900035 md_running
   276    138.00000000    119.42267888     30.93426091     96.47719311    600.00000000      1.00265871      0.01604009     -7.59548432     -0.02298106     -7.61846538      0.10505193      0.00081740      0.10504857      0.01750865 md_running
   277    138.50000000    119.64244779     30.92922026     98.67505706    600.00000000      1.00255779      0.01640550     -7.59576467     -0.02312247     -7.61888714      0.10054796      0.00082260      0.10054471      0.01675799 md_running
   278    139.00000000    119.85402577     30.92405298     98.92476595    600.00000000      1.00252000      0.01644701     -7.59571684     -0.02330312     -7.61901997      0.10087374      0.00082920      0.10087082      0.01681229 md_running
   279    139.50000000    120.06227438     30.91883532     97.45336282    600.00000000      1.00254137      0.01620238     -7.59537872     -0.02352310     -7.61890182      0.10514501      0.00083719      0.10514253      0.01752417 md_running
   280    140.00000000    120.28218352     30.91365319     94.92224133    600.00000000      1.00260941      0.01578156     -7.59486158     -0.02378231     -7.61864389      0.11162301      0.00084657      0.11162097      0.01860383 md_running
   281    140.50000000    120.54425407     30.90859339     92.25214784    600.00000000      1.00270183      0.01533764     -7.59432084     -0.02408049     -7.61840133      0.11846673      0.00085733      0.11846506      0.01974445 md_running
   282    141.00000000    120.75251605     30.90373417     90.35768404    600.00000000      1.00278740      0.01502267     -7.59391137     -0.02441724     -7.61832862      0.12422574      0.00086943      0.12422435      0.02070429 md_running
   283    141.50000000    120.96086491     30.89913617     89.87282155    600.00000000      1.00283383      0.01494206     -7.59374049     -0.02479196     -7.61853245      0.12803621      0.00088286      0.12803499      0.02133937 md_running
   284    142.00000000    121.16907297     30.89483551     90.96864537    600.00000000      1.00282199      0.01512425     -7.59383705     -0.02520389     -7.61904094      0.12960690      0.00089760      0.12960575      0.02160115 md_running
   285    142.50000000    121.37710953     30.89083985     93.33695012    600.00000000      1.00275602      0.01551800     -7.59414869     -0.02565210     -7.61980079      0.12911715      0.00091360      0.12911602      0.02151952 md_running
   286    143.00000000    121.59506747     30.88712793     96.33982748    600.00000000      1.00265918      0.01601725     -7.59456716     -0.02613548     -7.62070264      0.12704422      0.00093084      0.12704306      0.02117404 md_running
   287    143.50000000    121.80561933     30.88365195     99.25132360    600.00000000      1.00255965      0.01650131     -7.59496963     -0.02665280     -7.62162243      0.12397765      0.00094927      0.12397647      0.02066294 md_running
   288    144.00000000    122.01322557     30.88034213    101.48866040    600.00000000      1.00247880      0.01687328     -7.59525770     -0.02720264     -7.62246034      0.12045951      0.00096886      0.12045833      0.02007659 md_running
   289    144.50000000    122.22654465     30.87711242    102.75253901    600.00000000      1.00242713      0.01708341     -7.59538137     -0.02778346     -7.62316483      0.11690482      0.00098956      0.11690373      0.01948414 md_running
   290    145.00000000    122.44147261     30.87386664    103.04880333    600.00000000      1.00240574      0.01713267     -7.59534225     -0.02839356     -7.62373582      0.11360987      0.00101132      0.11360901      0.01893498 md_running
   291    145.50000000    122.70547832     30.87050451    102.61306056    600.00000000      1.00240930      0.01706022     -7.59518062     -0.02903115     -7.62421177      0.11081776      0.00103408      0.11081731      0.01846963 md_running
   292    146.00000000    122.91367987     30.86692750    101.78232626    600.00000000      1.00242905      0.01692211     -7.59495357     -0.02969429     -7.62464786      0.10881337      0.00105779      0.10881357      0.01813556 md_running
   293    146.50000000    123.13345969     30.86304432    100.86195025    600.00000000      1.00245558      0.01676909     -7.59471266     -0.03038096     -7.62509362      0.10799623      0.00108238      0.10799729      0.01799937 md_running
   294    147.00000000    123.34427472     30.85877623    100.02442388    600.00000000      1.00248174      0.01662984     -7.59448684     -0.03108903     -7.62557587      0.10885806      0.00110777      0.10886021      0.01814301 md_running
   295    147.50000000    123.54697068     30.85406213     99.26021004    600.00000000      1.00250492      0.01650278     -7.59427462     -0.03181629     -7.62609090      0.11187161      0.00113391      0.11187497      0.01864527 md_running
   296    148.00000000    123.76034324     30.84886329     98.38475440    600.00000000      1.00252813      0.01635723     -7.59404457     -0.03256044     -7.62660500      0.11732478      0.00116069      0.11732938      0.01955413 md_running
   297    148.50000000    123.96918816     30.84316736     97.10039286    600.00000000      1.00255936      0.01614370     -7.59374603     -0.03331912     -7.62706516      0.12522791      0.00118804      0.12523366      0.02087132 md_running
   298    149.00000000    124.17701073     30.83699105     95.11771082    600.00000000      1.00260946      0.01581406     -7.59332903     -0.03408992     -7.62741895      0.13519348      0.00121587      0.13520021      0.02253225 md_running
   299    149.50000000    124.38586428     30.83038076     92.31519214    600.00000000      1.00268831      0.01534812     -7.59277184     -0.03487036     -7.62764220      0.14631768      0.00124408      0.14632523      0.02438628 md_running
   300    150.00000000    124.59359034     30.82341063     88.87926316    600.00000000      1.00279985      0.01477687     -7.59210431     -0.03565791     -7.62776222      0.15735308      0.00127257      0.15736127      0.02622551 md_running
   301    150.50000000    124.85364836     30.81617779     85.37613246    600.00000000      1.00293612      0.01419445     -7.59142071     -0.03645000     -7.62787070      0.16682010      0.00130123      0.16682883      0.02780335 md_running
   302    151.00000000    125.05801512     30.80879483     82.70814091    600.00000000      1.00307005      0.01375087     -7.59087275     -0.03724403     -7.62811677      0.17318473      0.00132997      0.17319393      0.02886412 md_running
   303    151.50000000    125.26213969     30.80138005     81.92486156    600.00000000      1.00315356      0.01362065     -7.59063787     -0.03803736     -7.62867523      0.17510169      0.00135867      0.17511133      0.02918361 md_running
   304    152.00000000    125.46606125     30.79404651     83.91710674    600.00000000      1.00313281      0.01395187     -7.59086798     -0.03882732     -7.62969530      0.17161522      0.00138723      0.17162533      0.02860254 md_running
   305    152.50000000    125.67645558     30.78689135     89.08376227    600.00000000      1.00298254      0.01481087     -7.59163242     -0.03961123     -7.63124365      0.16233964      0.00141554      0.16235028      0.02705661 md_running
   306    153.00000000    125.89287830     30.77998679     97.10408440    600.00000000      1.00273040      0.01614431     -7.59287946     -0.04038638     -7.63326584      0.14757061      0.00144351      0.14758188      0.02459510 md_running
   307    153.50000000    126.09999363     30.77337412    106.92856023    600.00000000      1.00243988      0.01777771     -7.59443307     -0.04115007     -7.63558314      0.12834702      0.00147104      0.12835908      0.02139117 md_running
   308    154.00000000    126.28945581     30.76706186    117.01501215    600.00000000      1.00217109      0.01945466     -7.59603350     -0.04189958     -7.63793307      0.10645550      0.00149803      0.10646858      0.01774258 md_running
   309    154.50000000    126.49611148     30.76102773    125.72357261    600.00000000      1.00195899      0.02090253     -7.59740403     -0.04263223     -7.64003626      0.08455451      0.00152440      0.08456876      0.01409242 md_running
   310    155.00000000    126.70753249     30.75522363    131.72208919    600.00000000      1.00181568      0.02189983     -7.59832001     -0.04334537     -7.64166538      0.06673526      0.00155008      0.06675026      0.01112254 md_running
   311    155.50000000    126.96484880     30.74958235    134.27539888    600.00000000      1.00174059      0.02232433     -7.59865769     -0.04403641     -7.64269410      0.05876017      0.00157497      0.05877370      0.00979336 md_running
   312    156.00000000    127.16681700     30.74402485    133.34098069    600.00000000      1.00172815      0.02216898     -7.59841027     -0.04470282     -7.64311309      0.06357388      0.00159901      0.06358331      0.01059565 md_running
   313    156.50000000    127.36451045     30.73846720    129.48494646    600.00000000      1.00177125      0.02152788     -7.59767323     -0.04534217     -7.64301541      0.07696318      0.00162212      0.07696871      0.01282720 md_running
   314    157.00000000    127.58389037     30.73282700    123.69164449    600.00000000      1.00186136      0.02056470     -7.59661210     -0.04595215     -7.64256425      0.09321923      0.00164424      0.09322226      0.01553654 md_running
   315    157.50000000    127.79969820     30.72702887    117.12158548    600.00000000      1.00198675      0.01947238     -7.59542160     -0.04653053     -7.64195213      0.10907320      0.00166529      0.10907482      0.01817887 md_running
   316    158.00000000    128.00996839     30.72100937    110.87305809    600.00000000      1.00213069      0.01843351     -7.59428606     -0.04707526     -7.64136132      0.12300459      0.00168522      0.12300552      0.02050077 md_running
   317    158.50000000    128.22566386     30.71472135    105.79155685    600.00000000      1.00227152      0.01758867     -7.59334674     -0.04758442     -7.64093117      0.13434134      0.00170395      0.13434205      0.02239022 md_running
   318    159.00000000    128.43085595     30.70813801    102.35241598    600.00000000      1.00238655      0.01701689     -7.59268322     -0.04805625     -7.64073947      0.14283978      0.00172141      0.14284063      0.02380663 md_running
   319    159.50000000    128.63849093     30.70125623    100.62941143    600.00000000      1.00245945      0.01673043     -7.59230730     -0.04848913     -7.64079643      0.14850473      0.00173756      0.14850601      0.02475079 md_running
   320    160.00000000    128.85439075     30.69409896    100.35237265    600.00000000      1.00248665      0.01668437     -7.59217292     -0.04888164     -7.64105457      0.15150763      0.00175232      0.15150960      0.02525127 md_running
   321    160.50000000    129.12561330     30.68671597    101.04453850    600.00000000      1.00247750      0.01679944     -7.59219924     -0.04923252     -7.64143176      0.15212955      0.00176563      0.15213242      0.02535492 md_running
   322    161.00000000    129.33530129     30.67918224    102.21048576    600.00000000      1.00244776      0.01699329     -7.59230218     -0.04954068     -7.64184286      0.15070301      0.00177744      0.15070700      0.02511717 md_running
   323    161.50000000    129.55495978     30.67159378    103.52469589    600.00000000      1.00241111      0.01721179     -7.59242658     -0.04980519     -7.64223177      0.14753137      0.00178768      0.14753668      0.02458856 md_running
   324    162.00000000    129.76965012     30.66406071    104.95640344    600.00000000      1.00237339      0.01744982     -7.59256741     -0.05002532     -7.64259273      0.14280124      0.00179632      0.14280804      0.02380021 md_running
   325    162.50000000    129.97920581     30.65669788    106.76960388    600.00000000      1.00233123      0.01775128     -7.59277017     -0.05020048     -7.64297065      0.13653581      0.00180331      0.13654429      0.02275597 md_running
   326    163.00000000    130.19343085     30.64961379    109.37507191    600.00000000      1.00227532      0.01818446     -7.59310597     -0.05033024     -7.64343621      0.12866455      0.00180861      0.12867492      0.02144409 md_running
   327    163.50000000    130.40300895     30.64289906    113.07559451    600.00000000      1.00219735      0.01879970     -7.59362832     -0.05041433     -7.64404265      0.11925349      0.00181220      0.11926601      0.01987558 md_running
   328    164.00000000    130.61204941     30.63661633    117.81097090    600.00000000      1.00209744      0.01958699     -7.59432915     -0.05045265     -7.64478180      0.10886550      0.00181406      0.10888047      0.01814425 md_running
   329    164.50000000    130.81456393     30.63079310    123.03396044    600.00000000      1.00198691      0.02045536     -7.59511692     -0.05044524     -7.64556216      0.09895801      0.00181421      0.09897566      0.01649300 md_running
   330    165.00000000    131.02412088     30.62541883    127.79907095    600.00000000      1.00188407      0.02124759     -7.59583177     -0.05039228     -7.64622405      0.09209940      0.00181263      0.09211942      0.01534990 md_running
   331    165.50000000    131.29488746     30.62044647    131.03695401    600.00000000      1.00180702      0.02178592     -7.59629216     -0.05029412     -7.64658628      0.09130343      0.00180936      0.09132454      0.01521724 md_running
   332    166.00000000    131.50528460     30.61579754    131.90406180    600.00000000      1.00176900      0.02193008     -7.59635409     -0.05015130     -7.64650540      0.09809712      0.00180443      0.09811754      0.01634952 md_running
   333    166.50000000    131.72577197     30.61136940    130.08185856    600.00000000      1.00177714      0.02162712     -7.59596281     -0.04996451     -7.64592731      0.11096799      0.00179789      0.11098670      0.01849467 md_running
   334    167.00000000    131.93589825     30.60704382    125.90828763    600.00000000      1.00183234      0.02093324     -7.59517453     -0.04973461     -7.64490914      0.12669066      0.00178976      0.12670762      0.02111511 md_running
   335    167.50000000    132.14325601     30.60269556    120.30782956    600.00000000      1.00192869      0.02000212     -7.59414477     -0.04946267     -7.64360744      0.14204388      0.00178013      0.14205954      0.02367398 md_running
   336    168.00000000    132.35742901     30.59820047    114.56207523    600.00000000      1.00205112      0.01904684     -7.59308947     -0.04914994     -7.64223942      0.15448491      0.00176903      0.15449981      0.02574748 md_running
   337    168.50000000    132.57364777     30.59344282    109.98610288    600.00000000      1.00217370      0.01828605     -7.59223003     -0.04879785     -7.64102788      0.16230270      0.00175655      0.16231739      0.02705045 md_running
   338    169.00000000    132.78882700     30.58832181    107.60002162    600.00000000      1.00226305      0.01788934     -7.59173870     -0.04840802     -7.64014672      0.16461588      0.00174274      0.16463086      0.02743598 md_running
   339    169.50000000    132.99765400     30.58275723    107.87823291    600.00000000      1.00229087      0.01793560     -7.59169554     -0.04798226     -7.63967780      0.16138122      0.00172767      0.16139701      0.02689687 md_running
   340    170.00000000    133.21605992     30.57669450    110.63257940    600.00000000      1.00224957      0.01839353     -7.59206952     -0.04752254     -7.63959206      0.15338288      0.00171142      0.15340004      0.02556381 md_running
   341    170.50000000    133.48161044     30.57010866    115.05212021    600.00000000      1.00215725      0.01912831     -7.59272434     -0.04703101     -7.63975535      0.14220871      0.00169405      0.14222778      0.02370145 md_running
   342    171.00000000    133.69414702     30.56300695    119.88968222    600.00000000      1.00204693      0.01993260     -7.59345037     -0.04650996     -7.63996033      0.13019663      0.00167565      0.13021805      0.02169944 md_running
   343    171.50000000    133.90749166     30.55542961    123.75347431    600.00000000      1.00195102      0.02057498     -7.59401305     -0.04596184     -7.63997489      0.12019354      0.00165628      0.12021734      0.02003226 md_running
   344    172.00000000    134.12731643     30.54744821    125.44300517    600.00000000      1.00189299      0.02085588     -7.59420967     -0.04538920     -7.63959887      0.11495431      0.00163604      0.11497973      0.01915905 md_running
   345    172.50000000    134.33830558     30.53916135    124.26351230    600.00000000      1.00188680      0.02065978     -7.59392218     -0.04479473     -7.63871691      0.11603766      0.00161499      0.11606324      0.01933961 md_running
   346    173.00000000    134.55086959     30.53068718    120.22882361    600.00000000      1.00193879      0.01998898     -7.59315226     -0.04418121     -7.63733347      0.12280988      0.00159323      0.12283424      0.02046831 md_running
   347    173.50000000    134.76326664     30.52215342    114.08506835    600.00000000      1.00204842      0.01896753     -7.59202556     -0.04355150     -7.63557706      0.13305973      0.00157084      0.13308218      0.02217662 md_running
   348    174.00000000    134.97483832     30.51368532    107.14063092    600.00000000      1.00220531      0.01781297     -7.59076261     -0.04290852     -7.63367114      0.14421949      0.00154792      0.14423991      0.02403658 md_running
   349    174.50000000    135.18186822     30.50539289    100.91993379    600.00000000      1.00238392      0.01677873     -7.58962124     -0.04225527     -7.63187651      0.15419823      0.00152456      0.15421681      0.02569970 md_running
   350    175.00000000    135.39035095     30.49735925     96.73811926    600.00000000      1.00254211      0.01608347     -7.58882372     -0.04159474     -7.63041846      0.16165715      0.00150088      0.16167412      0.02694286 md_running
   351    175.50000000    135.65712343     30.48963187     95.35215652    600.00000000      1.00263311      0.01585304     -7.58849741     -0.04092999     -7.62942740      0.16600290      0.00147699      0.16601845      0.02766715 md_running
   352    176.00000000    135.84808351     30.48221835     96.82138492    600.00000000      1.00263013      0.01609731     -7.58865139     -0.04026408     -7.62891546      0.16724560      0.00145300      0.16725986      0.02787427 md_running
   353    176.50000000    136.04126109     30.47508723    100.61646735    600.00000000      1.00254219      0.01672827     -7.58919535     -0.03960005     -7.62879540      0.16575270      0.00142903      0.16576575      0.02762545 md_running
   354    177.00000000    136.24827209     30.46817289    105.89818569    600.00000000      1.00240369      0.01760640     -7.58998709     -0.03894099     -7.62892808      0.16201877      0.00140522      0.16203067      0.02700313 md_running
   355    177.50000000    136.45754480     30.46138345    111.82938779    600.00000000      1.00225073      0.01859251     -7.59088518     -0.03828994     -7.62917512      0.15649653      0.00138168      0.15650731      0.02608275 md_running
   356    178.00000000    136.66939186     30.45461025    117.80399672    600.00000000      1.00210653      0.01958583     -7.59178849     -0.03764997     -7.62943846      0.14950828      0.00135854      0.14951801      0.02491805 md_running
   357    178.50000000    136.88901836     30.44773774    123.53614133    600.00000000      1.00197996      0.02053885     -7.59264973     -0.03702410     -7.62967383      0.14124947      0.00133593      0.14125823      0.02354158 md_running
   358    179.00000000    137.09966590     30.44065266    129.01621246    600.00000000      1.00187049      0.02144995     -7.59346866     -0.03641533     -7.62988399      0.13186055      0.00131396      0.13186846      0.02197676 md_running
   359    179.50000000    137.31913194     30.43325206    134.37890499    600.00000000      1.00177364      0.02234154     -7.59426935     -0.03582664     -7.63009599      0.12154805      0.00129276      0.12155529      0.02025801 md_running
   360    180.00000000    137.53987546     30.42545001    139.74025152    600.00000000      1.00168502      0.02323291     -7.59507230     -0.03526095     -7.63033325      0.11079353      0.00127244      0.11080029      0.01846559 md_running
   361    180.50000000    137.81316592     30.41718295    145.05647031    600.00000000      1.00160278      0.02411677     -7.59587122     -0.03472111     -7.63059234      0.10060938      0.00125310      0.10061588      0.01676823 md_running
   362    181.00000000    138.02408433     30.40841399    150.04049509    600.00000000      1.00152838      0.02494540     -7.59661825     -0.03420993     -7.63082818      0.09277677      0.00123484      0.09278317      0.01546279 md_running
   363    181.50000000    138.23901659     30.39913598    154.15984598    600.00000000      1.00146621      0.02563028     -7.59722410     -0.03373011     -7.63095421      0.08978391      0.00121776      0.08979023      0.01496398 md_running
   364    182.00000000    138.44944379     30.38937347    156.72090587    600.00000000      1.00142230      0.02605607     -7.59757193     -0.03328425     -7.63085618      0.09382323      0.00120195      0.09382931      0.01563721 md_running
   365    182.50000000    138.65432132     30.37918317    157.03842588    600.00000000      1.00140322      0.02610886     -7.59754458     -0.03287485     -7.63041943      0.10527822      0.00118749      0.10528389      0.01754637 md_running
   366    183.00000000    138.85868191     30.36865239    154.68126427    600.00000000      1.00141497      0.02571697     -7.59706761     -0.03250427     -7.62957187      0.12221439      0.00117445      0.12221963      0.02036906 md_running
   367    183.50000000    139.06394099     30.35789503    149.71345429    600.00000000      1.00146157      0.02489103     -7.59614966     -0.03217474     -7.62832440      0.14169991      0.00116290      0.14170480      0.02361665 md_running
   368    184.00000000    139.27926981     30.34704493    142.84006100    600.00000000      1.00154317      0.02374828     -7.59490758     -0.03188835     -7.62679592      0.16076633      0.00115291      0.16077096      0.02679439 md_running
   369    184.50000000    139.49009927     30.33624651    135.38448520    600.00000000      1.00165249      0.02250873     -7.59356338     -0.03164699     -7.62521037      0.17678210      0.00114453      0.17678655      0.02946368 md_running
   370    185.00000000    139.69779115     30.32564325    129.04366181    600.00000000      1.00177025      0.02145452     -7.59240379     -0.03145242     -7.62385621      0.18765345      0.00113781      0.18765776      0.03127558 md_running
   371    185.50000000    139.94606111     30.31536506    125.45751153    600.00000000      1.00186399      0.02085829     -7.59170647     -0.03130617     -7.62301264      0.19196813      0.00113280      0.19197234      0.03199469 md_running
   372    186.00000000    140.15336489     30.30551584    125.72011880    600.00000000      1.00189789      0.02090195     -7.59165775     -0.03120961     -7.62286736      0.18917157      0.00112955      0.18917567      0.03152860 md_running
   373    186.50000000    140.37187601     30.29616321    130.01534997    600.00000000      1.00185390      0.02161607     -7.59228980     -0.03116387     -7.62345367      0.17966986      0.00112809      0.17967383      0.02994498 md_running
   374    187.00000000    140.58239184     30.28733202    137.53437794    600.00000000      1.00174568      0.02286616     -7.59346661     -0.03116990     -7.62463652      0.16479802      0.00112845      0.16480182      0.02746634 md_running
   375    187.50000000    140.79576001     30.27900304    146.71633661    600.00000000      1.00160855      0.02439274     -7.59492459     -0.03122842     -7.62615301      0.14668716      0.00113068      0.14669068      0.02444786 md_running
   376    188.00000000    141.01042460     30.27111670    155.71109619    600.00000000      1.00147750      0.02588819     -7.59635110     -0.03133992     -7.62769102      0.12807788      0.00113478      0.12808098      0.02134631 md_running
   377    188.50000000    141.22048468     30.26358090    162.87658371    600.00000000      1.00137448      0.02707950     -7.59746942     -0.03150470     -7.62897412      0.11199153      0.00114078      0.11199396      0.01866526 md_running
   378    189.00000000    141.43101729     30.25628100    167.14906653    600.00000000      1.00130847      0.02778984     -7.59810043     -0.03172283     -7.62982325      0.10128019      0.00114869      0.10128169      0.01688003 md_running
   379    189.50000000    141.64098070     30.24909078    168.20596334    600.00000000      1.00128008      0.02796555     -7.59819090     -0.03199415     -7.63018505      0.09748149      0.00115853      0.09748196      0.01624692 md_running
   380    190.00000000    141.84938439     30.24188288    166.41027480    600.00000000      1.00128538      0.02766701     -7.59780244     -0.03231832     -7.63012076      0.09996181      0.00117028      0.09996138      0.01666030 md_running
   381    190.50000000    142.11900414     30.23453805    162.61674640    600.00000000      1.00131777      0.02703630     -7.59707914     -0.03269476     -7.62977390      0.10646862      0.00118394      0.10646762      0.01774477 md_running
   382    191.00000000    142.31663561     30.22695280    157.91708274    600.00000000      1.00136829      0.02625495     -7.59620490     -0.03312270     -7.62932760      0.11451232      0.00119949      0.11451109      0.01908539 md_running
   383    191.50000000    142.52842683     30.21904544    153.37013383    600.00000000      1.00142596      0.02549898     -7.59535765     -0.03360117     -7.62895882      0.12228754      0.00121691      0.12228636      0.02038126 md_running
   384    192.00000000    142.74392099     30.21076079    149.77307328    600.00000000      1.00147919      0.02490094     -7.59467122     -0.03412900     -7.62880022      0.12879594      0.00123615      0.12879505      0.02146599 md_running
   385    192.50000000    142.94747446     30.20207340    147.51184630    600.00000000      1.00151859      0.02452500     -7.59421060     -0.03470482     -7.62891542      0.13365416      0.00125717      0.13365378      0.02227569 md_running
   386    193.00000000    143.15581505     30.19298957    146.51494240    600.00000000      1.00154018      0.02435925     -7.59396330     -0.03532709     -7.62929038      0.13691323      0.00127992      0.13691356      0.02281887 md_running
   387    193.50000000    143.36672231     30.18354770    146.32168843    600.00000000      1.00154682      0.02432712     -7.59385114     -0.03599406     -7.62984520      0.13892192      0.00130432      0.13892316      0.02315365 md_running
   388    194.00000000    143.58171047     30.17381690    146.25562407    600.00000000      1.00154667      0.02431614     -7.59375936     -0.03670383     -7.63046319      0.14019504      0.00133031      0.14019738      0.02336584 md_running
   389    194.50000000    143.79985531     30.16389324    145.66820887    600.00000000      1.00154968      0.02421848     -7.59357773     -0.03745432     -7.63103204      0.14125899      0.00135780      0.14126256      0.02354316 md_running
   390    195.00000000    144.01852023     30.15389350    144.18576475    600.00000000      1.00156370      0.02397201     -7.59324219     -0.03824328     -7.63148547      0.14245322      0.00138670      0.14245811      0.02374220 md_running
   391    195.50000000    144.29099735     30.14394627    141.87417339    600.00000000      1.00159173      0.02358769     -7.59276329     -0.03906831     -7.63183160      0.14378139      0.00141690      0.14378761      0.02396356 md_running
   392    196.00000000    144.50004862     30.13418070    139.24422104    600.00000000      1.00163030      0.02315044     -7.59222824     -0.03992686     -7.63215509      0.14488405      0.00144831      0.14489160      0.02414734 md_running
   393    196.50000000    144.71418581     30.12471359    137.06604729    600.00000000      1.00166963      0.02278830     -7.59176822     -0.04081621     -7.63258442      0.14521154      0.00148080      0.14522038      0.02420192 md_running
   394    197.00000000    144.93098648     30.11563644    136.04876982    600.00000000      1.00169669      0.02261917     -7.59150489     -0.04173350     -7.63323839      0.14433131      0.00151427      0.14434138      0.02405522 md_running
   395    197.50000000    145.14730476     30.10700413    136.51621979    600.00000000      1.00170123      0.02269689     -7.59149428     -0.04267575     -7.63417003      0.14226923      0.00154859      0.14228045      0.02371154 md_running
   396    198.00000000    145.35836276     30.09882776    138.23102194    600.00000000      1.00168211      0.02298199     -7.59169685     -0.04363982     -7.63533667      0.13971087      0.00158365      0.13972311      0.02328514 md_running
   397    198.50000000    145.57919957     30.09107296    140.45661200    600.00000000      1.00164852      0.02335201     -7.59198730     -0.04462246     -7.63660976      0.13793123      0.00161933      0.13794423      0.02298854 md_running
   398    199.00000000    145.79998894     30.08366409    142.22823739    600.00000000      1.00161538      0.02364655     -7.59220162     -0.04562030     -7.63782192      0.13839487      0.00165552      0.13840820      0.02306581 md_running
   399    199.50000000    146.01045517     30.07649310    142.70736044    600.00000000      1.00159677      0.02372621     -7.59219701     -0.04662987     -7.63882689      0.14219542      0.00169210      0.14220854      0.02369924 md_running
   400    200.00000000    146.22391247     30.06943078    141.49156891    600.00000000      1.00160176      0.02352408     -7.59190411     -0.04764763     -7.63955174      0.14953351      0.00172896      0.14954596      0.02492225 md_running
   401    200.50000000    146.48299746     30.06233889    138.79701149    600.00000000      1.00163243      0.02307609     -7.59135854     -0.04866997     -7.64002851      0.15933279      0.00176599      0.15934431      0.02655546 md_running
   402    201.00000000    146.68844980     30.05508135    135.44295360    600.00000000      1.00168242      0.02251845     -7.59069800     -0.04969322     -7.64039123      0.16969032      0.00180309      0.16970088      0.02828172 md_running
   403    201.50000000    146.90141782     30.04753395    132.65133170    600.00000000      1.00173649      0.02205432     -7.59012847     -0.05071372     -7.64084219      0.17835908      0.00184013      0.17836878      0.02972651 md_running
   404    202.00000000    147.10737410     30.03959193    131.72854314    600.00000000      1.00177191      0.02190090     -7.58987084     -0.05172778     -7.64159862      0.18323625      0.00187700      0.18324529      0.03053937 md_running
   405    202.50000000    147.32347422     30.03117563    133.70397682    600.00000000      1.00176546      0.02222933     -7.59009923     -0.05273174     -7.64283097      0.18273839      0.00191360      0.18274701      0.03045640 md_running
   406    203.00000000    147.53927583     30.02223430    139.02235510    600.00000000      1.00170504      0.02311355     -7.59089018     -0.05372197     -7.64461215      0.17598159      0.00194980      0.17599003      0.02933027 md_running
   407    203.50000000    147.75523100     30.01274840    147.37106552    600.00000000      1.00159766      0.02450159     -7.59219231     -0.05469488     -7.64688719      0.16292538      0.00198548      0.16293394      0.02715423 md_running
   408    204.00000000    147.96708447     30.00273055    157.69200371    600.00000000      1.00146579      0.02621753     -7.59382843     -0.05564699     -7.64947542      0.14439415      0.00202053      0.14440321      0.02406569 md_running
   409    204.50000000    148.18168228     29.99222515    168.38014101    600.00000000      1.00133542      0.02799451     -7.59552877     -0.05657487     -7.65210364      0.12209103      0.00205481      0.12210110      0.02034851 md_running
   410    205.00000000    148.39164613     29.98130659    177.62449656    600.00000000      1.00122658      0.02953146     -7.59698821     -0.05747522     -7.65446343      0.09879704      0.00208820      0.09880880      0.01646617 md_running
   411    205.50000000    148.65164507     29.97007572    183.81015309    600.00000000      1.00115079      0.03055987     -7.59793433     -0.05834484     -7.65627918      0.07888580      0.00212057      0.07889984      0.01314763 md_running
   412    206.00000000    148.86564601     29.95865422    185.88462272    600.00000000      1.00111302      0.03090477     -7.59818921     -0.05918067     -7.65736988      0.06880485      0.00215179      0.06882036      0.01146748 md_running
   413    206.50000000    149.08518401     29.94717656    183.59604255    600.00000000      1.00111427      0.03052428     -7.59771025     -0.05997978     -7.65769002      0.07293512      0.00218173      0.07294933      0.01215585 md_running
   414    207.00000000    149.30628649     29.93577985    177.51964730    600.00000000      1.00115310      0.02951403     -7.59659452     -0.06073936     -7.65733388      0.08752171      0.00221027      0.08753324      0.01458695 md_running
   415    207.50000000    149.51653037     29.92459174    168.87578345    600.00000000      1.00122574      0.02807692     -7.59504807     -0.06145679     -7.65650486      0.10601605      0.00223727      0.10602527      0.01766934 md_running
   416    208.00000000    149.72531369     29.91371762    159.20134292    600.00000000      1.00132507      0.02646847     -7.59333020     -0.06212955     -7.65545975      0.12428690      0.00226264      0.12429440      0.02071448 md_running
   417    208.50000000    149.91415614     29.90322899    149.95865797    600.00000000      1.00143965      0.02493180     -7.59168735     -0.06275529     -7.65444264      0.14038644      0.00228626      0.14039266      0.02339774 md_running
   418    209.00000000    150.11387543     29.89315500    142.21321065    600.00000000      1.00155455      0.02364406     -7.59029841     -0.06333182     -7.65363022      0.15357896      0.00230805      0.15358412      0.02559649 md_running
   419    209.50000000    150.32338258     29.88347930    136.48819577    600.00000000      1.00165469      0.02269223     -7.58924977     -0.06385709     -7.65310686      0.16376008      0.00232792      0.16376431      0.02729335 md_running
   420    210.00000000    150.53197514     29.87414269    132.82591264    600.00000000      1.00172946      0.02208334     -7.58854596     -0.06432923     -7.65287520      0.17108084      0.00234581      0.17108424      0.02851347 md_running
   421    210.50000000    150.79413109     29.86505085    130.99182242    600.00000000      1.00177503      0.02177841     -7.58814590     -0.06474655     -7.65289245      0.17572995      0.00236168      0.17573258      0.02928832 md_running
   422    211.00000000    151.00224276     29.85608530    130.70858324    600.00000000      1.00179273      0.02173132     -7.58800173     -0.06510753     -7.65310926      0.17781150      0.00237547      0.17781345      0.02963525 md_running
   423    211.50000000    151.21214949     29.84711553    131.82732286    600.00000000      1.00178531      0.02191732     -7.58808811     -0.06541086     -7.65349897      0.17731739      0.00238717      0.17731878      0.02955290 md_running
   424    212.00000000    151.42069297     29.83801080    134.38678479    600.00000000      1.00175419      0.02234285     -7.58841209     -0.06565545     -7.65406755      0.17415553      0.00239676      0.17415653      0.02902592 md_running
   425    212.50000000    151.64094452     29.82865052    138.55912751    600.00000000      1.00169923      0.02303654     -7.58900377     -0.06584045     -7.65484422      0.16820802      0.00240422      0.16820887      0.02803467 md_running
   426    213.00000000    151.86071305     29.81893269    144.52042893    600.00000000      1.00162084      0.02402765     -7.58989410     -0.06596521     -7.65585931      0.15940893      0.00240955      0.15940996      0.02656815 md_running
   427    213.50000000    152.05294982     29.80878013    152.29519968    600.00000000      1.00152237      0.02532027     -7.59108905     -0.06602939     -7.65711844      0.14783878      0.00241276      0.14784043      0.02463980 md_running
   428    214.00000000    152.26674904     29.79814461    161.62333642    600.00000000      1.00141110      0.02687114     -7.59254639     -0.06603286     -7.65857925      0.13386629      0.00241384      0.13386921      0.02231105 md_running
   429    214.50000000    152.48227912     29.78700908    171.89128025    600.00000000      1.00129714      0.02857827     -7.59416441     -0.06597577     -7.66014018      0.11840167      0.00241280      0.11840678      0.01973361 md_running
   430    215.00000000    152.69234521     29.77538841    182.15517284    600.00000000      1.00119099      0.03028472     -7.59578503     -0.06585857     -7.66164360      0.10328011      0.00240966      0.10328868      0.01721335 md_running
   431    215.50000000    152.95589466     29.76332870    191.26219516    600.00000000      1.00110142      0.03179883     -7.59721498     -0.06568193     -7.66289691      0.09170531      0.00240443      0.09171872      0.01528422 md_running
   432    216.00000000    153.17329360     29.75090517    198.05065006    600.00000000      1.00103451      0.03292747     -7.59825841     -0.06544683     -7.66370524      0.08800644      0.00239713      0.08802494      0.01466774 md_running
   433    216.50000000    153.38740027     29.73821851    201.60201808    600.00000000      1.00099384      0.03351791     -7.59875934     -0.06515448     -7.66391382      0.09507201      0.00238776      0.09509375      0.01584534 md_running
   434    217.00000000    153.60610607     29.72538933    201.51517471    600.00000000      1.00098085      0.03350347     -7.59864840     -0.06480635     -7.66345476      0.11105092      0.00237638      0.11107366      0.01850849 md_running
   435    217.50000000    153.82169535     29.71255029    198.09186600    600.00000000      1.00099463      0.03293432     -7.59797548     -0.06440418     -7.66237965      0.13128592      0.00236299      0.13130865      0.02188099 md_running
   436    218.00000000    154.04321297     29.69983607    192.33494181    600.00000000      1.00103145      0.03197719     -7.59690897     -0.06394989     -7.66085886      0.15136522      0.00234765      0.15138780      0.02522754 md_running
   437    218.50000000    154.25786608     29.68737167    185.73884354    600.00000000      1.00108383      0.03088053     -7.59570127     -0.06344564     -7.65914691      0.16796963      0.00233039      0.16799227      0.02799494 md_running
   438    219.00000000    154.47265427     29.67525989    179.90501319    600.00000000      1.00114009      0.02991061     -7.59462345     -0.06289377     -7.65751722      0.17889365      0.00231130      0.17891669      0.02981561 md_running
   439    219.50000000    154.68195156     29.66356974    176.09374446    600.00000000      1.00118620      0.02927696     -7.59388913     -0.06229681     -7.65618594      0.18303128      0.00229043      0.18305511      0.03050521 md_running
   440    220.00000000    154.89586625     29.65232772    174.86426247    600.00000000      1.00121069      0.02907255     -7.59359317     -0.06165742     -7.65525059      0.18042523      0.00226787      0.18045024      0.03007087 md_running
   441    220.50000000    155.15378384     29.64151425    175.93609853    600.00000000      1.00121020      0.02925075     -7.59368791     -0.06097844     -7.65466635      0.17226331      0.00224374      0.17228985      0.02871055 md_running
   442    221.00000000    155.36854132     29.63106607    178.32221693    600.00000000      1.00119127      0.02964746     -7.59400586     -0.06026282     -7.65426868      0.16076910      0.00221814      0.16079743      0.02679485 md_running
   443    221.50000000    155.58348872     29.62088422    180.67870155    600.00000000      1.00116657      0.03003924     -7.59431883     -0.05951366     -7.65383249      0.14890519      0.00219121      0.14893518      0.02481753 md_running
   444    222.00000000    155.79288618     29.61084611    181.73384063    600.00000000      1.00114908      0.03021467     -7.59441170     -0.05873416     -7.65314586      0.13977057      0.00216308      0.13980151      0.02329509 md_running
   445    222.50000000    156.00192920     29.60081884    180.64280614    600.00000000      1.00114837      0.03003328     -7.59414161     -0.05792766     -7.65206928      0.13564304      0.00213391      0.13567363      0.02260717 md_running
   446    223.00000000    156.21047832     29.59067209    177.18093759    600.00000000      1.00116953      0.02945771     -7.59347066     -0.05709760     -7.65056826      0.13711962      0.00210385      0.13714848      0.02285327 md_running
   447    223.50000000    156.41972819     29.58028903    171.73640269    600.00000000      1.00121325      0.02855252     -7.59246510     -0.05624752     -7.64871263      0.14291302      0.00207304      0.14293933      0.02381884 md_running
   448    224.00000000    156.63524605     29.56957463    165.14505102    600.00000000      1.00127627      0.02745665     -7.59126561     -0.05538110     -7.64664671      0.15097776      0.00204165      0.15100139      0.02516296 md_running
   449    224.50000000    156.85020874     29.55846104    158.46516007    600.00000000      1.00135134      0.02634607     -7.59005025     -0.05450209     -7.64455234      0.15934220      0.00200984      0.15936345      0.02655703 md_running
   450    225.00000000    157.06020282     29.54691040    152.73605606    600.00000000      1.00142735      0.02539356     -7.58899386     -0.05361434     -7.64260820      0.16652965      0.00197774      0.16654900      0.02775494 md_running
   451    225.50000000    157.32563106     29.53491555    148.76662519    600.00000000      1.00149097      0.02473361     -7.58823252     -0.05272176     -7.64095428      0.17163790      0.00194553      0.17165586      0.02860632 md_running
   452    226.00000000    157.53954602     29.52249930    146.99724700    600.00000000      1.00153025      0.02443944     -7.58784020     -0.05182835     -7.63966855      0.17426423      0.00191333      0.17428124      0.02904404 md_running
   453    226.50000000    157.75172366     29.50971258    147.45635992    600.00000000      1.00153886      0.02451577     -7.58782150     -0.05093814     -7.63875964      0.17436029      0.00188130      0.17437675      0.02906005 md_running
   454    227.00000000    157.97124655     29.49663164    149.81121876    600.00000000      1.00151831      0.02490728     -7.58812030     -0.05005520     -7.63817550      0.17210381      0.00184957      0.17212004      0.02868397 md_running
   455    227.50000000    158.19137836     29.48335398    153.49159142    600.00000000      1.00147656      0.02551918     -7.58864079     -0.04918360     -7.63782439      0.16780134      0.00181828      0.16781763      0.02796689 md_running
   456    228.00000000    158.40266378     29.46999268    157.84994914    600.00000000      1.00142406      0.02624379     -7.58927406     -0.04832741     -7.63760148      0.16180104      0.00178756      0.16181764      0.02696684 md_running
   457    228.50000000    158.59291138     29.45666890    162.31374175    600.00000000      1.00137001      0.02698593     -7.58992417     -0.04749066     -7.63741484      0.15442892      0.00175754      0.15444603      0.02573815 md_running
   458    229.00000000    158.79828750     29.44350256    166.48819530    600.00000000      1.00132036      0.02767996     -7.59052532     -0.04667732     -7.63720264      0.14595584      0.00172835      0.14597366      0.02432597 md_running
   459    229.50000000    159.00690151     29.43060172    170.18514471    600.00000000      1.00127771      0.02829461     -7.59104693     -0.04589129     -7.63693822      0.13661397      0.00170011      0.13663266      0.02276899 md_running
   460    230.00000000    159.21489282     29.41805149    173.37132673    600.00000000      1.00124220      0.02882434     -7.59148475     -0.04513636     -7.63662111      0.12665382      0.00167295      0.12667354      0.02110897 md_running
   461    230.50000000    159.48306771     29.40590384    176.04958902    600.00000000      1.00121298      0.02926962     -7.59184070     -0.04441622     -7.63625692      0.11650178      0.00164699      0.11652263      0.01941696 md_running
   462    231.00000000    159.69311523     29.39417032    178.11759713    600.00000000      1.00118971      0.02961344     -7.59209881     -0.04373438     -7.63583320      0.10704381      0.00162237      0.10706574      0.01784063 md_running
   463    231.50000000    159.90152236     29.38281921    179.26672289    600.00000000      1.00117377      0.02980449     -7.59220781     -0.04309424     -7.63530205      0.09997387      0.00159920      0.09999641      0.01666231 md_running
   464    232.00000000    160.11232355     29.37177835    178.98386770    600.00000000      1.00116866      0.02975747     -7.59208069     -0.04249899     -7.63457968      0.09774106      0.00157761      0.09776302      0.01629018 md_running
   465    232.50000000    160.32798447     29.36094312    176.68127719    600.00000000      1.00117968      0.02937464     -7.59161688     -0.04195165     -7.63356852      0.10253456      0.00155772      0.10255438      0.01708909 md_running
   466    233.00000000    160.53737618     29.35018828    171.91306007    600.00000000      1.00121296      0.02858189     -7.59073949     -0.04145504     -7.63219453      0.11476366      0.00153965      0.11478034      0.01912728 md_running
   467    233.50000000    160.75194053     29.33938100    164.60890106    600.00000000      1.00127437      0.02736751     -7.58943382     -0.04101178     -7.63044560      0.13283284      0.00152352      0.13284636      0.02213881 md_running
   468    234.00000000    160.96068541     29.32839312    155.25827542    600.00000000      1.00136795      0.02581290     -7.58778050     -0.04062428     -7.62840478      0.15390312      0.00150944      0.15391404      0.02565052 md_running
   469    234.50000000    161.17015383     29.31711147    144.94511226    600.00000000      1.00149305      0.02409826     -7.58596054     -0.04029473     -7.62625526      0.17503210      0.00149749      0.17504109      0.02917202 md_running
   470    235.00000000    161.37748029     29.30544552    135.20068319    600.00000000      1.00164010      0.02247817     -7.58423095     -0.04002510     -7.62425605      0.19347847      0.00148777      0.19348608      0.03224641 md_running
   471    235.50000000    161.64343665     29.29333241    127.71105170    600.00000000      1.00178567      0.02123296     -7.58287603     -0.03981715     -7.62269318      0.20692527      0.00148036      0.20693195      0.03448755 md_running
   472    236.00000000    161.86410367     29.28073963    123.94189853    600.00000000      1.00189258      0.02060631     -7.58214306     -0.03967239     -7.62181545      0.21370262      0.00147534      0.21370870      0.03561710 md_running
   473    236.50000000    162.08160689     29.26766578    124.79151549    600.00000000      1.00192278      0.02074756     -7.58218394     -0.03959211     -7.62177605      0.21296114      0.00147274      0.21296691      0.03549352 md_running
   474    237.00000000    162.29865273     29.25414001    130.37588183    600.00000000      1.00186041      0.02167601     -7.58301926     -0.03957736     -7.62259663      0.20481266      0.00147262      0.20481837      0.03413544 md_running
   475    237.50000000    162.51424985     29.24022006    140.00859525    600.00000000      1.00172385      0.02327752     -7.58453391     -0.03962896     -7.62416287      0.19031089      0.00147502      0.19031680      0.03171848 md_running
   476    238.00000000    162.72418772     29.22598868    152.37344323    600.00000000      1.00155212      0.02533327     -7.58650750     -0.03974746     -7.62625497      0.17127912      0.00147994      0.17128554      0.02854652 md_running
   477    238.50000000    162.94021639     29.21154862    165.82342245    600.00000000      1.00138185      0.02756944     -7.58866324     -0.03993319     -7.62859643      0.15011385      0.00148739      0.15012113      0.02501897 md_running
   478    239.00000000    163.15591980     29.19701603    178.71097130    600.00000000      1.00123535      0.02971209     -7.59072499     -0.04018621     -7.63091120      0.12948961      0.00149738      0.12949817      0.02158160 md_running
   479    239.50000000    163.36506690     29.18251259    189.66305635    600.00000000      1.00112152      0.03153296     -7.59246249     -0.04050633     -7.63296882      0.11219463      0.00150988      0.11220486      0.01869911 md_running
   480    240.00000000    163.57358591     29.16815626    197.77042074    600.00000000      1.00104118      0.03288088     -7.59372342     -0.04089312     -7.63461654      0.10081395      0.00152485      0.10082590      0.01680232 md_running
   481    240.50000000    163.83197304     29.15405156    202.66404619    600.00000000      1.00099126      0.03369448     -7.59444657     -0.04134586     -7.63579243      0.09674759      0.00154228      0.09676080      0.01612460 md_running
   482    241.00000000    164.03938813     29.14027978    204.50034304    600.00000000      1.00096729      0.03399978     -7.59465780     -0.04186361     -7.63652141      0.09951946      0.00156209      0.09953312      0.01658658 md_running
   483    241.50000000    164.24954403     29.12689032    203.88114773    600.00000000      1.00096401      0.03389683     -7.59445854     -0.04244514     -7.63690367      0.10684356      0.00158423      0.10685706      0.01780726 md_running
   484    242.00000000    164.46333765     29.11389427    201.66912731    600.00000000      1.00097547      0.03352907     -7.59399449     -0.04308895     -7.63708344      0.11607914      0.00160865      0.11609224      0.01934652 md_running
   485    242.50000000    164.67934431     29.10126158    198.73268439    600.00000000      1.00099553      0.03304086     -7.59341232     -0.04379329     -7.63720561      0.12531911      0.00163526      0.12533178      0.02088652 md_running
   486    243.00000000    164.89397110     29.08892289    195.71773828    600.00000000      1.00101876      0.03253960     -7.59282035     -0.04455615     -7.63737649      0.13358940      0.00166399      0.13360167      0.02226490 md_running
   487    243.50000000    165.10399241     29.07677624    192.93439007    600.00000000      1.00104159      0.03207685     -7.59226937     -0.04537523     -7.63764459      0.14055947      0.00169476      0.14057136      0.02342658 md_running
   488    244.00000000    165.31251284     29.06469785    190.38867041    600.00000000      1.00106282      0.03165360     -7.59175873     -0.04624799     -7.63800673      0.14626625      0.00172749      0.14627776      0.02437771 md_running
   489    244.50000000    165.52019259     29.05255497    187.91903073    600.00000000      1.00108320      0.03124301     -7.59125974     -0.04717166     -7.63843140      0.15084017      0.00176208      0.15085139      0.02514003 md_running
   490    245.00000000    165.73897133     29.04021827    185.36168060    600.00000000      1.00110429      0.03081783     -7.59074333     -0.04814318     -7.63888651      0.15436998      0.00179844      0.15438111      0.02572833 md_running
   491    245.50000000    166.00332893     29.02757260    182.67544583    600.00000000      1.00112718      0.03037122     -7.59020219     -0.04915933     -7.63936151      0.15683986      0.00183647      0.15685115      0.02613998 md_running
   492    246.00000000    166.21631708     29.01452539    179.98597180    600.00000000      1.00115161      0.02992407     -7.58965734     -0.05021663     -7.63987397      0.15815409      0.00187607      0.15816580      0.02635902 md_running
   493    246.50000000    166.43865716     29.00101233    177.55047988    600.00000000      1.00117577      0.02951915     -7.58915257     -0.05131145     -7.64046402      0.15820040      0.00191712      0.15821282      0.02636673 md_running
   494    247.00000000    166.66100801     28.98700024    175.66902769    600.00000000      1.00119672      0.02920635     -7.58873876     -0.05243998     -7.64117873      0.15693971      0.00195951      0.15695315      0.02615662 md_running
   495    247.50000000    166.87674960     28.97248752    174.58052274    600.00000000      1.00121139      0.02902537     -7.58845653     -0.05359826     -7.64205479      0.15450836      0.00200310      0.15452316      0.02575139 md_running
   496    248.00000000    167.08739762     28.95750249    174.37689993    600.00000000      1.00121766      0.02899152     -7.58832203     -0.05478222     -7.64310424      0.15132183      0.00204776      0.15133831      0.02522030 md_running
   497    248.50000000    167.29323715     28.94210027    174.95718537    600.00000000      1.00121537      0.02908800     -7.58831844     -0.05598768     -7.64430612      0.14817434      0.00209334      0.14819275      0.02469572 md_running
   498    249.00000000    167.50275491     28.92635837    176.03526939    600.00000000      1.00120652      0.02926724     -7.58839797     -0.05721039     -7.64560836      0.14616082      0.00213969      0.14618124      0.02436014 md_running
   499    249.50000000    167.71731810     28.91037105    177.18889356    600.00000000      1.00119480      0.02945904     -7.58849004     -0.05844603     -7.64693607      0.14646962      0.00218664      0.14649190      0.02441160 md_running
   500    250.00000000    167.93273506     28.89424259    177.93532532    600.00000000      1.00118477      0.02958314     -7.58851362     -0.05969025     -7.64820387      0.15014559      0.00223403      0.15016928      0.02502426 md_running
   501    250.50000000    168.19422988     28.87807958    177.86145651    600.00000000      1.00118089      0.02957086     -7.58839750     -0.06093867     -7.64933617      0.15757520      0.00228167      0.15759968      0.02626253 md_running
   502    251.00000000    168.40286203     28.86198281    176.79263772    600.00000000      1.00118616      0.02939316     -7.58811163     -0.06218691     -7.65029854      0.16798514      0.00232939      0.16800986      0.02799752 md_running
   503    251.50000000    168.62248304     28.84603915    174.93374954    600.00000000      1.00120082      0.02908410     -7.58768892     -0.06343059     -7.65111951      0.17956869      0.00237700      0.17959332      0.02992811 md_running
   504    252.00000000    168.84371022     28.83031406    172.92368841    600.00000000      1.00122120      0.02874991     -7.58723670     -0.06466536     -7.65190206      0.18983253      0.00242430      0.18985707      0.03163876 md_running
   505    252.50000000    169.05922220     28.81484526    171.72685961    600.00000000      1.00123919      0.02855093     -7.58691830     -0.06588688     -7.65280518      0.19624474      0.00247112      0.19626938      0.03270746 md_running
   506    253.00000000    169.26981966     28.79963814    172.33879951    600.00000000      1.00124388      0.02865267     -7.58690371     -0.06709087     -7.65399458      0.19676266      0.00251727      0.19678779      0.03279378 md_running
   507    253.50000000    169.47933239     28.78466381    175.39653414    600.00000000      1.00122617      0.02916104     -7.58730259     -0.06827305     -7.65557564      0.19024409      0.00256257      0.19027024      0.03170735 md_running
   508    254.00000000    169.69027200     28.76986072    180.86034270    600.00000000      1.00118413      0.03006944     -7.58810979     -0.06942922     -7.65753901      0.17669820      0.00260686      0.17672606      0.02944970 md_running
   509    254.50000000    169.90405318     28.75514039    187.91914329    600.00000000      1.00112505      0.03124302     -7.58918873     -0.07055522     -7.65974394      0.15729943      0.00264998      0.15732990      0.02621657 md_running
   510    255.00000000    170.12304030     28.74039659    195.16818019    600.00000000      1.00106202      0.03244823     -7.59030199     -0.07164694     -7.66194893      0.13431651      0.00269178      0.13435074      0.02238608 md_running
   511    255.50000000    170.39222992     28.72551648    200.97878013    600.00000000      1.00100841      0.03341429     -7.59117417     -0.07270037     -7.66387454      0.11114612      0.00273212      0.11118529      0.01852435 md_running
   512    256.00000000    170.60665247     28.71039168    203.91343811    600.00000000      1.00097436      0.03390220     -7.59156230     -0.07371159     -7.66527390      0.09245419      0.00277088      0.09249833      0.01540903 md_running
   513    256.50000000    170.82726399     28.69492793    203.05267049    600.00000000      1.00096617      0.03375909     -7.59131133     -0.07467680     -7.66598813      0.08371844      0.00280795      0.08376384      0.01395307 md_running
   514    257.00000000    171.05017716     28.67905240    198.16710686    600.00000000      1.00098734      0.03294683     -7.59038244     -0.07559233     -7.66597476      0.08765760      0.00284321      0.08769797      0.01460960 md_running
   515    257.50000000    171.26050618     28.66271837    189.71074685    600.00000000      1.00103943      0.03154089     -7.58885193     -0.07645470     -7.66530663      0.10100510      0.00287655      0.10103791      0.01683418 md_running
   516    258.00000000    171.46732108     28.64590709    178.68890055    600.00000000      1.00112252      0.02970842     -7.58688838     -0.07726063     -7.66414900      0.11854841      0.00290789      0.11857489      0.01975807 md_running
   517    258.50000000    171.67352368     28.62862757    166.47425786    600.00000000      1.00123418      0.02767764     -7.58472193     -0.07800704     -7.66272898      0.13659065      0.00293711      0.13661280      0.02276511 md_running
   518    259.00000000    171.88735662     28.61091430    154.58688305    600.00000000      1.00136741      0.02570128     -7.58260734     -0.07869113     -7.66129847      0.15308148      0.00296414      0.15310092      0.02551358 md_running
   519    259.50000000    172.10579852     28.59282357    144.47071676    600.00000000      1.00150813      0.02401938     -7.58078683     -0.07931034     -7.66009717      0.16695206      0.00298887      0.16696998      0.02782534 md_running
   520    260.00000000    172.32553580     28.57442872    137.29765485    600.00000000      1.00163432      0.02282681     -7.57945706     -0.07986240     -7.65931945      0.17761492      0.00301122      0.17763222      0.02960249 md_running
   521    260.50000000    172.59566804     28.55581449    133.81137001    600.00000000      1.00171999      0.02224718     -7.57874327     -0.08034534     -7.65908860      0.18473482      0.00303109      0.18475222      0.03078914 md_running
   522    261.00000000    172.80662786     28.53707085    134.22538870    600.00000000      1.00174534      0.02231602     -7.57868191     -0.08075750     -7.65943942      0.18817142      0.00304842      0.18818954      0.03136190 md_running
   523    261.50000000    173.01918853     28.51828655    138.21311938    600.00000000      1.00170720      0.02297901     -7.57921861     -0.08109754     -7.66031615      0.18799661      0.00306312      0.18801606      0.03133277 md_running
   524    262.00000000    173.22761173     28.49954311    145.02384846    600.00000000      1.00162030      0.02411135     -7.58022710     -0.08136443     -7.66159152      0.18449931      0.00307511      0.18452066      0.03074988 md_running
   525    262.50000000    173.41656372     28.48090925    153.71722673    600.00000000      1.00150773      0.02555669     -7.58154868     -0.08155746     -7.66310614      0.17812406      0.00308434      0.17814795      0.02968734 md_running
   526    263.00000000    173.62218726     28.46243640    163.44166958    600.00000000      1.00138950      0.02717345     -7.58304022     -0.08167622     -7.66471645      0.16934400      0.00309075      0.16937111      0.02822400 md_running
   527    263.50000000    173.83015499     28.44415531    173.63469847    600.00000000      1.00127718      0.02886812     -7.58460832     -0.08172062     -7.66632894      0.15852173      0.00309430      0.15855287      0.02642029 md_running
   528    264.00000000    174.03794270     28.42607366    184.04689883    600.00000000      1.00117472      0.03059923     -7.58621332     -0.08169082     -7.66790414      0.14589694      0.00309497      0.14593315      0.02431616 md_running
   529    264.50000000    174.24673381     28.40817483    194.57779710    600.00000000      1.00108205      0.03235008     -7.58784158     -0.08158727     -7.66942886      0.13174727      0.00309275      0.13178991      0.02195788 md_running
   530    265.00000000    174.46561771     28.39041833    205.02528212    600.00000000      1.00099864      0.03408705     -7.58946131     -0.08141068     -7.67087198      0.11678621      0.00308765      0.11683705      0.01946437 md_running
   531    265.50000000    174.73661562     28.37274287    214.89680107    600.00000000      1.00092536      0.03572827     -7.59099100     -0.08116197     -7.67215297      0.10264939      0.00307970      0.10271009      0.01710823 md_running
   532    266.00000000    174.93645604     28.35507210    223.38365143    600.00000000      1.00086464      0.03713928     -7.59229418     -0.08084232     -7.67313650      0.09232963      0.00306896      0.09240000      0.01538827 md_running
   533    266.50000000    175.14491308     28.33732242    229.51468599    600.00000000      1.00081960      0.03815861     -7.59320619     -0.08045315     -7.67365934      0.08974863      0.00305549      0.08982367      0.01495810 md_running
   534    267.00000000    175.36180271     28.31941153    232.42443598    600.00000000      1.00079304      0.03864238     -7.59357909     -0.07999609     -7.67357519      0.09727377      0.00303937      0.09734519      0.01621230 md_running
   535    267.50000000    175.57800279     28.30126634    231.65118858    600.00000000      1.00078687      0.03851382     -7.59333320     -0.07947304     -7.67280624      0.11300772      0.00302072      0.11307086      0.01883462 md_running
   536    268.00000000    175.79732195     28.28282949    227.34347940    600.00000000      1.00080151      0.03779763     -7.59249210     -0.07888614     -7.67137824      0.13272335      0.00299964      0.13277838      0.02212056 md_running
   537    268.50000000    176.00732442     28.26406377    220.29339805    600.00000000      1.00083556      0.03662550     -7.59118849     -0.07823778     -7.66942627      0.15248409      0.00297625      0.15253298      0.02541402 md_running
   538    269.00000000    176.21405291     28.24495425    211.80166242    600.00000000      1.00088518      0.03521368     -7.58964094     -0.07753062     -7.66717156      0.16935592      0.00295067      0.16940074      0.02822599 md_running
   539    269.50000000    176.43243663     28.22550817    203.41280413    600.00000000      1.00094337      0.03381897     -7.58810967     -0.07676759     -7.66487725      0.18141940      0.00292304      0.18146193      0.03023657 md_running
   540    270.00000000    176.64730697     28.20575273    196.59369639    600.00000000      1.00100003      0.03268524     -7.58684169     -0.07595189     -7.66279357      0.18774912      0.00289348      0.18779082      0.03129152 md_running
   541    270.50000000    176.90851899     28.18573136    192.43744428    600.00000000      1.00104358      0.03199423     -7.58602137     -0.07508696     -7.66110833      0.18834717      0.00286213      0.18838924      0.03139119 md_running
   542    271.00000000    177.11634164     28.16549901    191.45425698    600.00000000      1.00106453      0.03183076     -7.58573504     -0.07417652     -7.65991156      0.18404538      0.00282913      0.18408884      0.03067423 md_running
   543    271.50000000    177.32464623     28.14511658    193.48004919    600.00000000      1.00105954      0.03216757     -7.58595571     -0.07322450     -7.65918021      0.17634482      0.00279461      0.17639051      0.02939080 md_running
   544    272.00000000    177.51491098     28.12464565    197.71818122    600.00000000      1.00103300      0.03287219     -7.58654998     -0.07223508     -7.65878505      0.16714021      0.00275872      0.16718868      0.02785670 md_running
   545    272.50000000    177.72351893     28.10414394    202.92298956    600.00000000      1.00099496      0.03373753     -7.58730809     -0.07121261     -7.65852070      0.15845552      0.00272159      0.15850682      0.02640925 md_running
   546    273.00000000    177.93374526     28.08366205    207.71780972    600.00000000      1.00095689      0.03453471     -7.58799693     -0.07016164     -7.65815857      0.15213537      0.00268338      0.15218889      0.02535589 md_running
   547    273.50000000    178.14191906     28.06324136    210.98652859    600.00000000      1.00092783      0.03507816     -7.58842787     -0.06908686     -7.65751473      0.14929498      0.00264422      0.14934951      0.02488250 md_running
   548    274.00000000    178.36064448     28.04291259    212.20376233    600.00000000      1.00091257      0.03528053     -7.58851133     -0.06799309     -7.65650441      0.14996188      0.00260428      0.15001604      0.02499365 md_running
   549    274.50000000    178.57611902     28.02269442    211.60220326    600.00000000      1.00091133      0.03518052     -7.58828618     -0.06688522     -7.65517140      0.15326313      0.00256371      0.15331582      0.02554386 md_running
   550    275.00000000    178.79219285     28.00259162    210.11352700    600.00000000      1.00091987      0.03493301     -7.58791005     -0.06576822     -7.65367827      0.15769063      0.00252268      0.15774136      0.02628177 md_running
   551    275.50000000    179.05576158     27.98259286    209.05909943    600.00000000      1.00093028      0.03475771     -7.58760739     -0.06464707     -7.65225447      0.16167687      0.00248136      0.16172567      0.02694615 md_running
   552    276.00000000    179.26718369     27.96266931    209.69933904    600.00000000      1.00093313      0.03486415     -7.58759213     -0.06352676     -7.65111889      0.16408028      0.00243994      0.16412748      0.02734671 md_running
   553    276.50000000    179.46446729     27.94277509    212.82578803    600.00000000      1.00092096      0.03538395     -7.58799822     -0.06241224     -7.65041046      0.16434370      0.00239861      0.16438974      0.02739062 md_running
   554    277.00000000    179.67236240     27.92285074    218.54002602    600.00000000      1.00089151      0.03633399     -7.58884272     -0.06130842     -7.65015114      0.16243978      0.00235755      0.16248507      0.02707330 md_running
   555    277.50000000    179.88053322     27.90282901    226.26863655    600.00000000      1.00084847      0.03761893     -7.59002835     -0.06022014     -7.65024849      0.15870606      0.00231698      0.15875096      0.02645101 md_running
   556    278.00000000    180.09239970     27.88264213    234.97464955    600.00000000      1.00079919      0.03906637     -7.59137954     -0.05915217     -7.65053171      0.15366226      0.00227710      0.15370703      0.02561038 md_running
   557    278.50000000    180.31016320     27.86222911    243.46703724    600.00000000      1.00075141      0.04047830     -7.59269524     -0.05810920     -7.65080444      0.14785750      0.00223810      0.14790233      0.02464292 md_running
   558    279.00000000    180.51956314     27.84154214    250.70630715    600.00000000      1.00071085      0.04168188     -7.59380022     -0.05709582     -7.65089604      0.14175856      0.00220021      0.14180362      0.02362643 md_running
   559    279.50000000    180.73307725     27.82055129    256.02638502    600.00000000      1.00068055      0.04256638     -7.59458257     -0.05611651     -7.65069908      0.13568318      0.00216360      0.13572861      0.02261386 md_running
   560    280.00000000    180.94582879     27.79924690    259.23261408    600.00000000      1.00066111      0.04309945     -7.59500982     -0.05517567     -7.65018549      0.12977222      0.00212847      0.12981821      0.02162870 md_running
   561    280.50000000    181.20152193     27.77763968    260.57126779    600.00000000      1.00065135      0.04332201     -7.59512422     -0.05427755     -7.64940177      0.12401219      0.00209500      0.12405900      0.02066870 md_running
   562    281.00000000    181.41364937     27.75575847    260.58706056    600.00000000      1.00064889      0.04332463     -7.59501848     -0.05342629     -7.64844477      0.11832741      0.00206336      0.11837543      0.01972123 md_running
   563    281.50000000    181.62321130     27.73364619    259.90260890    600.00000000      1.00065084      0.04321084     -7.59479847     -0.05262586     -7.64742434      0.11272999      0.00203372      0.11277973      0.01878833 md_running
   564    282.00000000    181.83288724     27.71135456    258.96746255    600.00000000      1.00065465      0.04305536     -7.59454145     -0.05188011     -7.64642156      0.10758366      0.00200622      0.10763548      0.01793061 md_running
   565    282.50000000    182.04693535     27.68893854    257.84253209    600.00000000      1.00065907      0.04286833     -7.59425869     -0.05119266     -7.64545135      0.10395762      0.00198100      0.10401141      0.01732627 md_running
   566    283.00000000    182.26613342     27.66645130    256.10487480    600.00000000      1.00066492      0.04257943     -7.59387886     -0.05056699     -7.64444585      0.10374591      0.00195820      0.10380042      0.01729098 md_running
   567    283.50000000    182.48190922     27.64394070    252.93680210    600.00000000      1.00067526      0.04205272     -7.59326311     -0.05000633     -7.64326944      0.10907463      0.00193792      0.10912746      0.01817911 md_running
   568    284.00000000    182.69850861     27.62144743    247.40472817    600.00000000      1.00069478      0.04113297     -7.59225175     -0.04951371     -7.64176546      0.12113114      0.00192028      0.12117993      0.02018852 md_running
   569    284.50000000    182.90913567     27.59900447    238.88373425    600.00000000      1.00072880      0.03971629     -7.59073479     -0.04909190     -7.63982668      0.13921960      0.00190537      0.13926330      0.02320327 md_running
   570    285.00000000    183.12353602     27.57663723    227.49161459    600.00000000      1.00078158      0.03782226     -7.58872918     -0.04874340     -7.63747258      0.16081453      0.00189327      0.16085356      0.02680242 md_running
   571    285.50000000    183.38542544     27.55436328    214.31586543    600.00000000      1.00085432      0.03563169     -7.58641581     -0.04847046     -7.63488627      0.18273033      0.00188406      0.18276574      0.03045505 md_running
   572    286.00000000    183.57734547     27.53219099    201.31711875    600.00000000      1.00094233      0.03347054     -7.58412475     -0.04827501     -7.63239976      0.20173588      0.00187780      0.20176885      0.03362265 md_running
   573    286.50000000    183.78218984     27.51011738    190.90279203    600.00000000      1.00103195      0.03173908     -7.58226319     -0.04815867     -7.63042185      0.21509336      0.00187454      0.21512499      0.03584889 md_running
   574    287.00000000    183.99569563     27.48812634    185.27996754    600.00000000      1.00110043      0.03080424     -7.58120485     -0.04812272     -7.62932757      0.22087175      0.00187434      0.22090305      0.03681196 md_running
   575    287.50000000    184.20659600     27.46618819    185.81014473    600.00000000      1.00112379      0.03089239     -7.58118137     -0.04816814     -7.62934951      0.21815121      0.00187723      0.21818315      0.03635853 md_running
   576    288.00000000    184.42543357     27.44426141    192.59196174    600.00000000      1.00109138      0.03201992     -7.58221053     -0.04829553     -7.63050606      0.20713683      0.00188323      0.20717047      0.03452280 md_running
   577    288.50000000    184.64754571     27.42229659    204.41454915    600.00000000      1.00101397      0.03398551     -7.58408872     -0.04850515     -7.63259387      0.18909385      0.00189237      0.18913044      0.03151564 md_running
   578    289.00000000    184.85776172     27.40024200    219.07817061    600.00000000      1.00091595      0.03642346     -7.58644523     -0.04879690     -7.63524214      0.16618492      0.00190467      0.16622597      0.02769749 md_running
   579    289.50000000    185.06638645     27.37804947    233.95812645    600.00000000      1.00082079      0.03889736     -7.58883732     -0.04917035     -7.63800766      0.14138987      0.00192013      0.14143726      0.02356498 md_running
   580    290.00000000    185.27503058     27.35567977    246.62733560    600.00000000      1.00074321      0.04100372     -7.59085621     -0.04962470     -7.64048091      0.11838065      0.00193874      0.11843609      0.01973011 md_running
   581    290.50000000    185.53541768     27.33310711    255.36354563    600.00000000      1.00068933      0.04245618     -7.59221193     -0.05015882     -7.64237075      0.10150222      0.00196047      0.10156552      0.01691704 md_running
   582    291.00000000    185.74420268     27.31032153    259.44518138    600.00000000      1.00065974      0.04313479     -7.59278356     -0.05077127     -7.64355483      0.09467467      0.00198531      0.09474124      0.01577911 md_running
   583    291.50000000    185.95520800     27.28732891    259.18190448    600.00000000      1.00065191      0.04309101     -7.59262407     -0.05146028     -7.64408435      0.09842050      0.00201321      0.09848355      0.01640342 md_running
   584    292.00000000    186.16455091     27.26414875    255.71720516    600.00000000      1.00066148      0.04251498     -7.59192609     -0.05222377     -7.64414986      0.10922375      0.00204410      0.10928001      0.01820396 md_running
   585    292.50000000    186.36902076     27.24080986    250.67791743    600.00000000      1.00068245      0.04167716     -7.59096458     -0.05305939     -7.64402397      0.12255662      0.00207792      0.12260665      0.02042610 md_running
   586    293.00000000    186.57732064     27.21734503    245.72037067    600.00000000      1.00070763      0.04085293     -7.59001941     -0.05396450     -7.64398391      0.13526473      0.00211458      0.13531035      0.02254412 md_running
   587    293.50000000    186.78528115     27.19378619    242.08585550    600.00000000      1.00072976      0.04024866     -7.58930034     -0.05493620     -7.64423653      0.14578268      0.00215397      0.14582568      0.02429711 md_running
   588    294.00000000    186.99364721     27.17016082    240.30274165    600.00000000      1.00074369      0.03995221     -7.58889579     -0.05597133     -7.64486712      0.15366727      0.00219598      0.15370912      0.02561121 md_running
   589    294.50000000    187.20193146     27.14649072    240.13126075    600.00000000      1.00074816      0.03992370     -7.58876424     -0.05706652     -7.64583076      0.15919048      0.00224048      0.15923230      0.02653175 md_running
   590    295.00000000    187.41024863     27.12279270    240.76529838    600.00000000      1.00074599      0.04002911     -7.58876768     -0.05821816     -7.64698584      0.16301640      0.00228733      0.16305900      0.02716940 md_running
   591    295.50000000    187.67846621     27.09908043    241.21304122    600.00000000      1.00074225      0.04010355     -7.58873662     -0.05942244     -7.64815907      0.16587513      0.00233636      0.16591905      0.02764586 md_running
   592    296.00000000    187.90021662     27.07536618    240.71462198    600.00000000      1.00074185      0.04002068     -7.58854141     -0.06067536     -7.64921677      0.16828221      0.00238741      0.16832780      0.02804704 md_running
   593    296.50000000    188.11533898     27.05166131    239.05493051    600.00000000      1.00074752      0.03974475     -7.58814473     -0.06197270     -7.65011744      0.17038363      0.00244028      0.17043112      0.02839727 md_running
   594    297.00000000    188.32607370     27.02797483    236.67357343    600.00000000      1.00075883      0.03934883     -7.58762076     -0.06331012     -7.65093087      0.17192582      0.00249480      0.17197541      0.02865430 md_running
   595    297.50000000    188.54531787     27.00431039    234.53483794    600.00000000      1.00077204      0.03899325     -7.58713321     -0.06468305     -7.65181625      0.17237441      0.00255076      0.17242636      0.02872907 md_running
   596    298.00000000    188.76322144     26.98066245    233.79548418    600.00000000      1.00078101      0.03887032     -7.58687879     -0.06608679     -7.65296558      0.17114315      0.00260796      0.17119787      0.02852386 md_running
   597    298.50000000    188.98189660     26.95701309    235.37961964    600.00000000      1.00077940      0.03913370     -7.58701533     -0.06751648     -7.65453181      0.16785610      0.00266618      0.16791410      0.02797602 md_running
   598    299.00000000    189.20030734     26.93333078    239.60992943    600.00000000      1.00076367      0.03983702     -7.58759881     -0.06896711     -7.65656592      0.16256980      0.00272523      0.16263169      0.02709497 md_running
   599    299.50000000    189.40792814     26.90957204    246.02997573    600.00000000      1.00073511      0.04090440     -7.58855285     -0.07043352     -7.65898637      0.15592798      0.00278489      0.15599426      0.02598800 md_running
   600    300.00000000    189.62646390     26.88568575    253.48245946    600.00000000      1.00069950      0.04214344     -7.58968190     -0.07191044     -7.66159234      0.14919015      0.00284497      0.14926086      0.02486502 md_running
   601    300.50000000    189.89603969     26.86161940    260.41916774    600.00000000      1.00066456      0.04329672     -7.59072396     -0.07339250     -7.66411647      0.14407460      0.00290528      0.14414893      0.02401243 md_running
   602    301.00000000    190.10401177     26.83732553    265.34391276    600.00000000      1.00063724      0.04411550     -7.59142515     -0.07487425     -7.66629941      0.14233513      0.00296561      0.14241114      0.02372252 md_running
   603    301.50000000    190.31151986     26.81276733    267.25952109    600.00000000      1.00062215      0.04443398     -7.59161568     -0.07635020     -7.66796588      0.14508573      0.00302577      0.14516076      0.02418095 md_running
   604    302.00000000    190.52548345     26.78792230    266.00619473    600.00000000      1.00062100      0.04422561     -7.59126705     -0.07781483     -7.66908188      0.15184665      0.00308558      0.15191857      0.02530778 md_running
   605    302.50000000    190.74097467     26.76278332    262.36029929    600.00000000      1.00063232      0.04361945     -7.59050989     -0.07926265     -7.66977254      0.16071784      0.00314484      0.16078584      0.02678631 md_running
   606    303.00000000    190.95422884     26.73735730    257.84015513    600.00000000      1.00065152      0.04286794     -7.58960094     -0.08068823     -7.67028917      0.16911523      0.00320336      0.16917986      0.02818587 md_running
   607    303.50000000    191.16886953     26.71166138    254.27677104    600.00000000      1.00067125      0.04227550     -7.58885044     -0.08208621     -7.67093666      0.17453838      0.00326095      0.17460124      0.02908973 md_running
   608    304.00000000    191.38197934     26.68571776    253.25519485    600.00000000      1.00068298      0.04210565     -7.58852784     -0.08345136     -7.67197920      0.17512339      0.00331741      0.17518668      0.02918723 md_running
   609    304.50000000    191.58889117     26.65954919    255.60064455    600.00000000      1.00068021      0.04249560     -7.58877422     -0.08477859     -7.67355281      0.16994911      0.00337256      0.17001528      0.02832485 md_running
   610    305.00000000    191.80171536     26.63317645    261.09328685    600.00000000      1.00066166      0.04340880     -7.58955307     -0.08606298     -7.67561605      0.15918151      0.00342619      0.15925343      0.02653025 md_running
   611    305.50000000    192.06471595     26.60661795    268.51177351    600.00000000      1.00063202      0.04464218     -7.59065831     -0.08729980     -7.67795811      0.14407343      0.00347811      0.14415458      0.02401224 md_running
   612    306.00000000    192.27271543     26.57989096    275.97730593    600.00000000      1.00059955      0.04588338     -7.59177243     -0.08848455     -7.68025699      0.12691518      0.00352812      0.12700941      0.02115253 md_running
   613    306.50000000    192.48798680     26.55301391    281.47095325    600.00000000      1.00057267      0.04679674     -7.59255410     -0.08961296     -7.68216706      0.11101916      0.00357602      0.11112939      0.01850319 md_running
   614    307.00000000    192.70160769     26.52600824    283.36534955    600.00000000      1.00055780      0.04711170     -7.59272802     -0.09068100     -7.68340902      0.10048280      0.00362163      0.10060767      0.01674713 md_running
   615    307.50000000    192.91730878     26.49889852    280.83929420    600.00000000      1.00055877      0.04669172     -7.59215525     -0.09168487     -7.68384012      0.09873793      0.00366475      0.09886845      0.01645632 md_running
   616    308.00000000    193.12620869     26.47171082    274.06366011    600.00000000      1.00057694      0.04556522     -7.59086419     -0.09262105     -7.68348524      0.10581030      0.00370520      0.10593529      0.01763505 md_running
   617    308.50000000    193.34660440     26.44446980    264.13232406    600.00000000      1.00061140      0.04391406     -7.58903906     -0.09348626     -7.68252532      0.11867847      0.00374282      0.11879259      0.01977975 md_running
   618    309.00000000    193.55819583     26.41719438    252.78184535    600.00000000      1.00065866      0.04202695     -7.58697285     -0.09427748     -7.68125034      0.13370867      0.00377743      0.13381200      0.02228478 md_running
   619    309.50000000    193.77812520     26.38989383    241.94530054    600.00000000      1.00071229      0.04022529     -7.58499204     -0.09499193     -7.67998398      0.14821053      0.00380891      0.14830528      0.02470176 md_running
   620    310.00000000    193.98827504     26.36256544    233.26021024    600.00000000      1.00076345      0.03878133     -7.58337316     -0.09562709     -7.67900025      0.16061844      0.00383713      0.16070716      0.02676974 md_running
   621    310.50000000    194.25246208     26.33519454    227.67806289    600.00000000      1.00080317      0.03785326     -7.58227673     -0.09618067     -7.67845740      0.17024128      0.00386199      0.17032597      0.02837355 md_running
   622    311.00000000    194.46466746     26.30775810    225.30142206    600.00000000      1.00082577      0.03745812     -7.58171891     -0.09665065     -7.67836957      0.17700784      0.00388342      0.17709000      0.02950131 md_running
   623    311.50000000    194.68127703     26.28023019    225.50067337    600.00000000      1.00083117      0.03749125     -7.58159169     -0.09703529     -7.67862698      0.18123670      0.00390136      0.18131740      0.03020612 md_running
   624    312.00000000    194.89260956     26.25258787    227.26051729    600.00000000      1.00082424      0.03778383     -7.58172222     -0.09733313     -7.67905535      0.18342091      0.00391577      0.18350094      0.03057015 md_running
   625    312.50000000    195.11282947     26.22481596    229.63236047    600.00000000      1.00081143      0.03817817     -7.58194885     -0.09754300     -7.67949184      0.18399845      0.00392664      0.18407831      0.03066641 md_running
   626    313.00000000    195.32394576     26.19690978    232.12784523    600.00000000      1.00079744      0.03859307     -7.58218832     -0.09766408     -7.67985240      0.18315358      0.00393397      0.18323379      0.03052560 md_running
   627    313.50000000    195.53709237     26.16887495    234.90690831    600.00000000      1.00078331      0.03905511     -7.58246865     -0.09769589     -7.68016454      0.18069167      0.00393776      0.18077286      0.03011528 md_running
   628    314.00000000    195.75246070     26.14072447    238.68932123    600.00000000      1.00076648      0.03968396     -7.58291340     -0.09763833     -7.68055172      0.17606784      0.00393804      0.17615097      0.02934464 md_running
   629    314.50000000    195.95164906     26.11247379    244.41845559    600.00000000      1.00074245      0.04063648     -7.58368467     -0.09749166     -7.68117633      0.16854103      0.00393483      0.16862772      0.02809017 md_running
   630    315.00000000    196.15989310     26.08413557    252.80109302    600.00000000      1.00070758      0.04203015     -7.58490519     -0.09725656     -7.68216176      0.15743860      0.00392818      0.15753132      0.02623977 md_running
   631    315.50000000    196.42730441     26.05571610    263.90561543    600.00000000      1.00066170      0.04387637     -7.58658899     -0.09693409     -7.68352309      0.14242988      0.00391814      0.14253245      0.02373831 md_running
   632    316.00000000    196.64850376     26.02721438    276.97597408    600.00000000      1.00060883      0.04604942     -7.58861011     -0.09652572     -7.68513583      0.12375503      0.00390476      0.12387347      0.02062584 md_running
   633    316.50000000    196.87059059     25.99862406    290.51782660    600.00000000      1.00055556      0.04830086     -7.59071708     -0.09603329     -7.68675036      0.10254914      0.00388810      0.10269294      0.01709152 md_running
   634    317.00000000    197.09213305     25.96993751    302.60804840    600.00000000      1.00050869      0.05031095     -7.59258581     -0.09545905     -7.68804486      0.08156514      0.00386824      0.08174722      0.01359419 md_running
   635    317.50000000    197.30766894     25.94115060    311.32279374    600.00000000      1.00047349      0.05175984     -7.59389154     -0.09480561     -7.68869715      0.06689024      0.00384526      0.06711398      0.01114837 md_running
   636    318.00000000    197.51750471     25.91226647    315.16870575    600.00000000      1.00045334      0.05239926     -7.59438184     -0.09407592     -7.68845776      0.06776561      0.00381923      0.06798820      0.01129427 md_running
   637    318.50000000    197.73310109     25.88329707    313.44573970    600.00000000      1.00044995      0.05211280     -7.59393623     -0.09327328     -7.68720951      0.08592715      0.00379026      0.08610390      0.01432119 md_running
   638    319.00000000    197.94809237     25.85426229    306.50559093    600.00000000      1.00046365      0.05095895     -7.59261178     -0.09240127     -7.68501305      0.11302915      0.00375845      0.11316413      0.01883819 md_running
   639    319.50000000    198.14825403     25.82518647    295.79369530    600.00000000      1.00049292      0.04917801     -7.59065041     -0.09146379     -7.68211420      0.14201981      0.00372391      0.14212758      0.02366997 md_running
   640    320.00000000    198.35505168     25.79609313    283.60380606    600.00000000      1.00053374      0.04715135     -7.58843844     -0.09046496     -7.67890340      0.16863898      0.00368678      0.16872971      0.02810650 md_running
   641    320.50000000    198.62283383     25.76699932    272.57651128    600.00000000      1.00057871      0.04531797     -7.58642161     -0.08940914     -7.67583075      0.19002630      0.00364720      0.19010627      0.03167105 md_running
   642    321.00000000    198.83348844     25.73791117    265.03711961    600.00000000      1.00061750      0.04406449     -7.58499382     -0.08830089     -7.67329471      0.20433928      0.00360533      0.20441260      0.03405655 md_running
   643    321.50000000    199.04788548     25.70882150    262.37008611    600.00000000      1.00063978      0.04362107     -7.58438973     -0.08714495     -7.67153468      0.21073215      0.00356137      0.21080156      0.03512202 md_running
   644    322.00000000    199.25758143     25.67971090    264.65889220    600.00000000      1.00064011      0.04400161     -7.58462368     -0.08594623     -7.67056991      0.20946038      0.00351551      0.20952788      0.03491006 md_running
   645    322.50000000    199.46543251     25.65055119    270.74131940    600.00000000      1.00062093      0.04501286     -7.58549811     -0.08470976     -7.67020787      0.20186049      0.00346797      0.20192761      0.03364342 md_running
   646    323.00000000    199.67366923     25.62131038    278.66499261    600.00000000      1.00059074      0.04633023     -7.58668207     -0.08344074     -7.67012280      0.19016525      0.00341897      0.19023310      0.03169421 md_running
   647    323.50000000    199.88172513     25.59195729    286.37000295    600.00000000      1.00055927      0.04761125     -7.58782570     -0.08214445     -7.66997015      0.17713978      0.00336876      0.17720877      0.02952330 md_running
   648    324.00000000    200.08457081     25.56246515    292.34119278    600.00000000      1.00053358      0.04860401     -7.58867309     -0.08082633     -7.66949942      0.16542172      0.00331758      0.16549138      0.02757029 md_running
   649    324.50000000    200.29248489     25.53281305    295.99598621    600.00000000      1.00051670      0.04921164     -7.58912693     -0.07949190     -7.66861882      0.15682617      0.00326568      0.15689524      0.02613769 md_running
   650    325.00000000    200.51104281     25.50298476    297.70850701    600.00000000      1.00050808      0.04949636     -7.58925249     -0.07814678     -7.66739926      0.15190746      0.00321331      0.15197443      0.02531791 md_running
   651    325.50000000    200.76623570     25.47296633    298.49204390    600.00000000      1.00050466      0.04962663     -7.58922370     -0.07679667     -7.66602038      0.14991086      0.00316073      0.14997461      0.02498514 md_running
   652    326.00000000    200.97323293     25.44274381    299.51415790    600.00000000      1.00050236      0.04979657     -7.58923889     -0.07544735     -7.66468624      0.14965554      0.00310818      0.14971562      0.02494259 md_running
   653    326.50000000    201.18317931     25.41230246    301.68529713    600.00000000      1.00049749      0.05015754     -7.58945155     -0.07410462     -7.66355617      0.15009827      0.00305591      0.15015481      0.02501638 md_running
   654    327.00000000    201.39784194     25.38162813    305.42790312    600.00000000      1.00048790      0.05077977     -7.58993279     -0.07277432     -7.66270710      0.15056222      0.00300415      0.15061560      0.02509370 md_running
   655    327.50000000    201.61223929     25.35071067    310.63399753    600.00000000      1.00047336      0.05164533     -7.59066351     -0.07146227     -7.66212578      0.15076809      0.00295316      0.15081882      0.02512801 md_running
   656    328.00000000    201.82096465     25.31954841    316.76535928    600.00000000      1.00045539      0.05266471     -7.59155282     -0.07017427     -7.66172709      0.15070791      0.00290315      0.15075644      0.02511799 md_running
   657    328.50000000    202.03492839     25.28815223    323.03262238    600.00000000      1.00043644      0.05370669     -7.59246720     -0.06891607     -7.66138327      0.15050698      0.00285435      0.15055367      0.02508450 md_running
   658    329.00000000    202.24958884     25.25654803    328.61283591    600.00000000      1.00041904      0.05463445     -7.59326757     -0.06769331     -7.66096087      0.15032132      0.00280698      0.15036643      0.02505355 md_running
   659    329.50000000    202.47197219     25.22477703    332.87604273    600.00000000      1.00040514      0.05534324     -7.59384687     -0.06651153     -7.66035840      0.15025387      0.00276124      0.15029763      0.02504231 md_running
   660    330.00000000    202.68307326     25.19289348    335.58207626    600.00000000      1.00039572      0.05579314     -7.59416384     -0.06537614     -7.65953998      0.15025423      0.00271734      0.15029684      0.02504237 md_running
   661    330.50000000    202.94935542     25.16095995    336.98995598    600.00000000      1.00039051      0.05602721     -7.59426143     -0.06429234     -7.65855377      0.15004184      0.00267548      0.15008352      0.02500697 md_running
   662    331.00000000    203.15848291     25.12904077    337.81595993    600.00000000      1.00038801      0.05616454     -7.59426111     -0.06326517     -7.65752629      0.14910042      0.00263584      0.14914145      0.02485007 md_running
   663    331.50000000    203.37754093     25.09719465    339.01162577    600.00000000      1.00038584      0.05636333     -7.59432485     -0.06229943     -7.65662428      0.14678667      0.00259863      0.14682743      0.02446444 md_running
   664    332.00000000    203.59865291     25.06546801    341.40089205    600.00000000      1.00038149      0.05676056     -7.59459395     -0.06139966     -7.65599362      0.14256765      0.00256401      0.14260860      0.02376128 md_running
   665    332.50000000    203.81059214     25.03389054    345.29588794    600.00000000      1.00037341      0.05740814     -7.59512353     -0.06057015     -7.65569368      0.13632346      0.00253217      0.13636509      0.02272058 md_running
   666    333.00000000    204.01946271     25.00247411    350.25505881    600.00000000      1.00036190      0.05823264     -7.59583986     -0.05981487     -7.65565473      0.12870814      0.00250328      0.12875088      0.02145136 md_running
   667    333.50000000    204.22758579     24.97121508    355.11948312    600.00000000      1.00034924      0.05904139     -7.59654677     -0.05913752     -7.65568429      0.12142415      0.00247752      0.12146797      0.02023736 md_running
   668    334.00000000    204.43878835     24.94009900    358.35352618    600.00000000      1.00033890      0.05957907     -7.59698283     -0.05854145     -7.65552428      0.11716410      0.00245505      0.11720807      0.01952735 md_running
   669    334.50000000    204.65355725     24.90910562    358.57452378    600.00000000      1.00033435      0.05961581     -7.59691216     -0.05802970     -7.65494185      0.11870795      0.00243602      0.11875005      0.01978466 md_running
   670    335.00000000    204.86628915     24.87821301    355.06456981    600.00000000      1.00033805      0.05903226     -7.59621134     -0.05760496     -7.65381631      0.12727586      0.00242057      0.12731404      0.02121264 md_running
   671    335.50000000    205.14201451     24.84739914    348.06330094    600.00000000      1.00035086      0.05786824     -7.59491995     -0.05726961     -7.65218956      0.14178180      0.00240883      0.14181527      0.02363030 md_running
   672    336.00000000    205.35081274     24.81664060    338.75577175    600.00000000      1.00037175      0.05632079     -7.59323704     -0.05702565     -7.65026269      0.15954190      0.00240092      0.15957101      0.02659032 md_running
   673    336.50000000    205.56453664     24.78591043    328.97927124    600.00000000      1.00039763      0.05469537     -7.59147276     -0.05687474     -7.64834750      0.17753044      0.00239693      0.17755614      0.02958841 md_running
   674    337.00000000    205.77719276     24.75517614    320.76255773    600.00000000      1.00042352      0.05332928     -7.58996917     -0.05681822     -7.64678738      0.19317665      0.00239696      0.19319998      0.03219611 md_running
   675    337.50000000    205.99242080     24.72439972    315.87086938    600.00000000      1.00044338      0.05251600     -7.58902332     -0.05685702     -7.64588034      0.20444905      0.00240105      0.20447090      0.03407484 md_running
   676    338.00000000    206.20102642     24.69354053    315.46811517    600.00000000      1.00045176      0.05244904     -7.58883098     -0.05699175     -7.64582273      0.20985506      0.00240927      0.20987629      0.03497584 md_running
   677    338.50000000    206.40957351     24.66256014    319.92092091    600.00000000      1.00044565      0.05318935     -7.58945437     -0.05722264     -7.64667702      0.20852465      0.00242165      0.20854607      0.03475411 md_running
   678    339.00000000    206.61858005     24.63142837    328.73900041    600.00000000      1.00042580      0.05465542     -7.59081203     -0.05754957     -7.64836160      0.20030157      0.00243818      0.20032409      0.03338359 md_running
   679    339.50000000    206.82653970     24.60012843    340.65768637    600.00000000      1.00039629      0.05663700     -7.59269174     -0.05797203     -7.65066377      0.18579510      0.00245887      0.18581977      0.03096585 md_running
   680    340.00000000    207.03454713     24.56866040    353.87579316    600.00000000      1.00036293      0.05883461     -7.59479062     -0.05848917     -7.65327979      0.16636141      0.00248367      0.16638960      0.02772690 md_running
   681    340.50000000    207.30697693     24.53704239    366.42286090    600.00000000      1.00033125      0.06092066     -7.59677649     -0.05909976     -7.65587625      0.14399601      0.00251256      0.14402959      0.02399933 md_running
   682    341.00000000    207.51494233     24.50530872    376.57907221    600.00000000      1.00030529      0.06260921     -7.59835903     -0.05980222     -7.65816125      0.12127963      0.00254544      0.12132105      0.02021327 md_running
   683    341.50000000    207.72566523     24.47350570    383.23962350    600.00000000      1.00028723      0.06371658     -7.59935191     -0.06059458     -7.65994649      0.10142894      0.00258224      0.10148073      0.01690482 bias_reducing_pot_drop
   684    342.00000000    207.93793078     24.44168512    386.19773583    600.00000000      1.00027756      0.06420839     -7.59970687     -0.08196705     -7.68167392      0.08807388      0.00349717      0.08817474      0.01467898 bias_reducing
   685    342.50000000    208.15364818     24.40987342    385.91228090    600.00000000      1.00027507      0.06416093     -7.59950371     -0.08172848     -7.68123219      0.08371798      0.00349108      0.08382601      0.01395300 bias_reducing
   686    343.00000000    208.36344725     24.37811241    383.21057204    600.00000000      1.00027847      0.06371175     -7.59889844     -0.08149021     -7.68038865      0.08801026      0.00348492      0.08811486      0.01466838 bias_reducing
   687    343.50000000    208.57200622     24.34642863    379.05270458    600.00000000      1.00028580      0.06302047     -7.59805444     -0.08125230     -7.67930674      0.09798701      0.00347868      0.09808249      0.01633117 bias_reducing
   688    344.00000000    208.78451745     24.31483029    374.07874036    600.00000000      1.00029547      0.06219351     -7.59707991     -0.08101478     -7.67809469      0.11075579      0.00347235      0.11084137      0.01845930 bias_reducing
   689    344.50000000    208.99322635     24.28330787    368.44770500    600.00000000      1.00030678      0.06125731     -7.59599967     -0.08077765     -7.67677732      0.12471452      0.00346592      0.12479126      0.02078575 bias_reducing
   690    345.00000000    209.20670203     24.25183748    361.95366032    600.00000000      1.00032001      0.06017762     -7.59477574     -0.08054087     -7.67531661      0.13918756      0.00345941      0.13925671      0.02319793 bias_reducing
   691    345.50000000    209.47395746     24.22038561    354.34650814    600.00000000      1.00033605      0.05891287     -7.59336231     -0.08030439     -7.67366670      0.15369854      0.00345284      0.15376129      0.02561642 bias_reducing
   692    346.00000000    209.68674740     24.18891330    345.67986224    600.00000000      1.00035558      0.05747198     -7.59176587     -0.08006812     -7.67183399      0.16757327      0.00344621      0.16763074      0.02792888 bias_reducing
   693    346.50000000    209.90154844     24.15737835    336.49359540    600.00000000      1.00037832      0.05594469     -7.59007683     -0.07983197     -7.66990880      0.17994008      0.00343956      0.17999337      0.02999001 bias_reducing
   694    347.00000000    210.11299412     24.12573570    327.74909107    600.00000000      1.00040257      0.05449084     -7.58845757     -0.07959585     -7.66805342      0.18990296      0.00343290      0.18995315      0.03165049 bias_reducing
   695    347.50000000    210.32829062     24.09393725    320.58279092    600.00000000      1.00042532      0.05329939     -7.58710021     -0.07935966     -7.66645987      0.19674603      0.00342625      0.19679413      0.03279101 bias_reducing
   696    348.00000000    210.54429764     24.06193254    316.01869186    600.00000000      1.00044288      0.05254057     -7.58617753     -0.07912333     -7.66530086      0.20003996      0.00341964      0.20008692      0.03333999 bias_reducing
   697    348.50000000    210.75446108     24.02967118    314.75723723    600.00000000      1.00045188      0.05233085     -7.58580685     -0.07888679     -7.66469364      0.19961600      0.00341308      0.19966269      0.03326933 bias_reducing
   698    349.00000000    210.96246890     23.99710725    317.07297069    600.00000000      1.00045033      0.05271586     -7.58603501     -0.07865001     -7.66468501      0.19549277      0.00340658      0.19554006      0.03258213 bias_reducing
   699    349.50000000    211.17882642     23.96420495    322.78201707    600.00000000      1.00043818      0.05366503     -7.58683187     -0.07841297     -7.66524484      0.18784989      0.00340016      0.18789876      0.03130832 bias_reducing
   700    350.00000000    211.39435594     23.93094409    331.23613849    600.00000000      1.00041739      0.05507059     -7.58808984     -0.07817568     -7.66626552      0.17710309      0.00339381      0.17715460      0.02951718 bias_reducing
   701    350.50000000    211.66173495     23.89732441    341.35929734    600.00000000      1.00039141      0.05675365     -7.58962945     -0.07793818     -7.66756762      0.16411189      0.00338752      0.16416723      0.02735198 bias_reducing
   702    351.00000000    211.87672423     23.86336787    351.77129236    600.00000000      1.00036431      0.05848472     -7.59121904     -0.07770050     -7.66891954      0.15041398      0.00338130      0.15047422      0.02506900 bias_reducing
   703    351.50000000    212.08736510     23.82911882    361.01856494    600.00000000      1.00033986      0.06002215     -7.59261381     -0.07746273     -7.67007654      0.13836741      0.00337511      0.13843293      0.02306123 bias_reducing
   704    352.00000000    212.30514207     23.79464149    367.88285698    600.00000000      1.00032088      0.06116340     -7.59360786     -0.07722494     -7.67083280      0.13094549      0.00336894      0.13101491      0.02182425 bias_reducing
   705    352.50000000    212.52287314     23.76001504    371.69155966    600.00000000      1.00030891      0.06179662     -7.59408621     -0.07698722     -7.67107344      0.13077232      0.00336276      0.13084212      0.02179539 bias_reducing
   706    353.00000000    212.73350209     23.72532672    372.55269825    600.00000000      1.00030404      0.06193979     -7.59406584     -0.07674966     -7.67081551      0.13816639      0.00335654      0.13823276      0.02302773 bias_reducing
   707    353.50000000    212.92769290     23.69066369    371.38232901    600.00000000      1.00030487      0.06174521     -7.59370176     -0.07651234     -7.67021410      0.15063015      0.00335026      0.15069127      0.02510503 bias_reducing
   708    354.00000000    213.13589193     23.65610478    369.64659816    600.00000000      1.00030868      0.06145663     -7.59324250     -0.07627533     -7.66951783      0.16438587      0.00334390      0.16444190      0.02739765 bias_reducing
   709    354.50000000    213.34796611     23.62171363    368.89979712    600.00000000      1.00031199      0.06133247     -7.59295250     -0.07603867     -7.66899117      0.17588692      0.00333743      0.17593897      0.02931449 bias_reducing
   710    355.00000000    213.56141110     23.58753441    370.27756837    600.00000000      1.00031163      0.06156154     -7.59302469     -0.07580239     -7.66882708      0.18258532      0.00333085      0.18263482      0.03043089 bias_reducing
   711    355.50000000    213.82957180     23.55359093    374.14232613    600.00000000      1.00030589      0.06220408     -7.59352064     -0.07556648     -7.66908712      0.18318332      0.00332415      0.18323173      0.03053055 bias_reducing
   712    356.00000000    214.03714230     23.51988843    380.02013784    600.00000000      1.00029514      0.06318131     -7.59435928     -0.07533091     -7.66969019      0.17760654      0.00331734      0.17765536      0.02960109 bias_reducing
   713    356.50000000    214.24503624     23.48641701    386.82835571    600.00000000      1.00028151      0.06431323     -7.59535674     -0.07509563     -7.67045237      0.16686348      0.00331043      0.16691425      0.02781058 bias_reducing
   714    357.00000000    214.45458433     23.45315443    393.26054361    600.00000000      1.00026778      0.06538263     -7.59629184     -0.07486055     -7.67115239      0.15281078      0.00330343      0.15286493      0.02546846 bias_reducing
   715    357.50000000    214.67414066     23.42006740    398.14335876    600.00000000      1.00025647      0.06619444     -7.59696716     -0.07462558     -7.67159273      0.13787766      0.00329637      0.13793619      0.02297961 bias_reducing
   716    358.00000000    214.88490138     23.38711192    400.65165978    600.00000000      1.00024928      0.06661147     -7.59724449     -0.07439063     -7.67163512      0.12479912      0.00328927      0.12486185      0.02079985 bias_reducing
   717    358.50000000    215.08446928     23.35423373    400.39247038    600.00000000      1.00024715      0.06656837     -7.59705770     -0.07415561     -7.67121331      0.11629718      0.00328215      0.11636246      0.01938286 bias_reducing
   718    359.00000000    215.30023969     23.32136992    397.42631664    600.00000000      1.00025028      0.06607523     -7.59641663     -0.07392043     -7.67033706      0.11425241      0.00327503      0.11431710      0.01904207 bias_reducing
   719    359.50000000    215.51000771     23.28845252    392.22735528    600.00000000      1.00025828      0.06521086     -7.59540057     -0.07368503     -7.66908560      0.11852276      0.00326794      0.11858368      0.01975379 bias_reducing
   720    360.00000000    215.72312388     23.25541450    385.59163909    600.00000000      1.00027016      0.06410762     -7.59414250     -0.07344936     -7.66759186      0.12740926      0.00326089      0.12746489      0.02123488 bias_reducing
   721    360.50000000    215.96882521     23.22219647    378.50934161    600.00000000      1.00028438      0.06293013     -7.59280895     -0.07321337     -7.66602232      0.13856059      0.00325390      0.13861103      0.02309343 bias_reducing
   722    361.00000000    216.17944876     23.18875310    371.97107730    600.00000000      1.00029899      0.06184310     -7.59156642     -0.07297706     -7.66454348      0.14989764      0.00324698      0.14994376      0.02498294 bias_reducing
   723    361.50000000    216.39454424     23.15505815    366.75640065    600.00000000      1.00031197      0.06097611     -7.59054666     -0.07274044     -7.66328709      0.16002850      0.00324013      0.16007142      0.02667142 bias_reducing
   724    362.00000000    216.61033170     23.12110769    363.28958841    600.00000000      1.00032173      0.06039973     -7.58982037     -0.07250350     -7.66232387      0.16821210      0.00323334      0.16825286      0.02803535 bias_reducing
   725    362.50000000    216.82647886     23.08692080    361.62546523    600.00000000      1.00032750      0.06012306     -7.58939567     -0.07226630     -7.66166198      0.17415722      0.00322662      0.17419670      0.02902620 bias_reducing
   726    363.00000000    217.04412100     23.05253783    361.56779531    600.00000000      1.00032935      0.06011347     -7.58923820     -0.07202888     -7.66126708      0.17780552      0.00321995      0.17784439      0.02963425 bias_reducing
   727    363.50000000    217.25366289     23.01801598    362.86368215    600.00000000      1.00032783      0.06032892     -7.58930430     -0.07179127     -7.66109557      0.17915507      0.00321330      0.17919392      0.02985918 bias_reducing
   728    364.00000000    217.46721959     22.98342244    365.38563038    600.00000000      1.00032348      0.06074821     -7.58957211     -0.07155355     -7.66112566      0.17813815      0.00320667      0.17817758      0.02968969 bias_reducing
   729    364.50000000    217.67816876     22.94882584    369.20959683    600.00000000      1.00031644      0.06138398     -7.59005542     -0.07131576     -7.66137118      0.17455666      0.00320003      0.17459732      0.02909278 bias_reducing
   730    365.00000000    217.89768664     22.91428715    374.54605014    600.00000000      1.00030647      0.06227120     -7.59079189     -0.07107796     -7.66186985      0.16812515      0.00319336      0.16816784      0.02802086 bias_reducing
   731    365.50000000    218.16905452     22.87985129    381.55218853    600.00000000      1.00029333      0.06343603     -7.59181031     -0.07084018     -7.66265049      0.15858893      0.00318665      0.15863467      0.02643149 bias_reducing
   732    366.00000000    218.38801919     22.84554116    390.11513713    600.00000000      1.00027720      0.06485969     -7.59309398     -0.07060245     -7.66369643      0.14587774      0.00317989      0.14592791      0.02431296 bias_reducing
   733    366.50000000    218.59811153     22.81135467    399.72095408    600.00000000      1.00025906      0.06645673     -7.59455740     -0.07036478     -7.66492218      0.13024595      0.00317309      0.13030252      0.02170766 bias_reducing
   734    367.00000000    218.81153442     22.77726511    409.47282838    600.00000000      1.00024053      0.06807805     -7.59604974     -0.07012718     -7.66617691      0.11241417      0.00316623      0.11248007      0.01873570 bias_reducing
   735    367.50000000    219.03342704     22.74322368    418.23821303    600.00000000      1.00022358      0.06953537     -7.59738049     -0.06988962     -7.66727011      0.09381510      0.00315934      0.09389433      0.01563585 bias_reducing
   736    368.00000000    219.25502176     22.70916294    424.84984722    600.00000000      1.00021003      0.07063460     -7.59835309     -0.06965207     -7.66800516      0.07730640      0.00315243      0.07740269      0.01288440 bias_reducing
   737    368.50000000    219.46627662     22.67500003    428.28848330    600.00000000      1.00020139      0.07120630     -7.59879605     -0.06941449     -7.66821054      0.06821405      0.00314552      0.06832302      0.01136901 bias_reducing
   738    369.00000000    219.68141828     22.64064034    427.82956776    600.00000000      1.00019878      0.07113001     -7.59858671     -0.06917684     -7.66776355      0.07251029      0.00313863      0.07261210      0.01208505 bias_reducing
   739    369.50000000    219.89851178     22.60598226    423.17585831    600.00000000      1.00020293      0.07035629     -7.59767331     -0.06893908     -7.66661239      0.09009509      0.00313177      0.09017633      0.01501585 bias_reducing
   740    370.00000000    220.10866652     22.57092294    414.60714534    600.00000000      1.00021417      0.06893167     -7.59609914     -0.06870115     -7.66480029      0.11548220      0.00312498      0.11554495      0.01924703 bias_reducing
   741    370.50000000    220.37834220     22.53536534    403.10713138    600.00000000      1.00023209      0.06701971     -7.59402754     -0.06846304     -7.66249058      0.14333187      0.00311827      0.14338193      0.02388864 bias_reducing
   742    371.00000000    220.59852372     22.49922583    390.32206431    600.00000000      1.00025513      0.06489409     -7.59173437     -0.06822470     -7.65995907      0.16993477      0.00311166      0.16997661      0.02832246 bias_reducing
   743    371.50000000    220.81534095     22.46244100    378.29431410    600.00000000      1.00028028      0.06289438     -7.58956336     -0.06798614     -7.65754950      0.19250799      0.00310517      0.19254463      0.03208467 bias_reducing
   744    372.00000000    221.02583929     22.42497316    369.03860718    600.00000000      1.00030325      0.06135555     -7.58785471     -0.06774734     -7.65560204      0.20896137      0.00309878      0.20899491      0.03482690 bias_reducing
   745    372.50000000    221.23497147     22.38681376    364.07585363    600.00000000      1.00031933      0.06053045     -7.58686576     -0.06750831     -7.65437406      0.21803692      0.00309252      0.21806900      0.03633949 bias_reducing
   746    373.00000000    221.44495297     22.34798509    364.07665541    600.00000000      1.00032500      0.06053059     -7.58671008     -0.06726907     -7.65397915      0.21940251      0.00308636      0.21943432      0.03656708 bias_reducing
   747    373.50000000    221.66143255     22.30853982    368.73825625    600.00000000      1.00031942      0.06130561     -7.58733687     -0.06702965     -7.65436653      0.21368391      0.00308030      0.21371642      0.03561398 bias_reducing
   748    374.00000000    221.87066206     22.26855794    376.93353515    600.00000000      1.00030469      0.06266814     -7.58855568     -0.06679009     -7.65534577      0.20235600      0.00307432      0.20239002      0.03372600 bias_reducing
   749    374.50000000    222.08059612     22.22814142    387.06951379    600.00000000      1.00028472      0.06435333     -7.59009776     -0.06655043     -7.65664819      0.18752091      0.00306840      0.18755714      0.03125348 bias_reducing
   750    375.00000000    222.28994411     22.18740657    397.52290363    600.00000000      1.00026359      0.06609129     -7.59168979     -0.06631071     -7.65800050      0.17154959      0.00306251      0.17158879      0.02859160 bias_reducing
   751    375.50000000    222.55909961     22.14647466    407.00241581    600.00000000      1.00024434      0.06766733     -7.59311547     -0.06607098     -7.65918645      0.15673826      0.00305663      0.15678131      0.02612304 bias_reducing
   752    376.00000000    222.77348048     22.10546194    414.74529610    600.00000000      1.00022862      0.06895464     -7.59424795     -0.06583129     -7.66007923      0.14503678      0.00305073      0.14508411      0.02417280 bias_reducing
   753    376.50000000    222.99393370     22.06447158    420.52117324    600.00000000      1.00021687      0.06991493     -7.59505125     -0.06559167     -7.66064292      0.13758518      0.00304479      0.13763603      0.02293086 bias_reducing
   754    377.00000000    223.21502679     22.02358830    424.49132972    600.00000000      1.00020871      0.07057500     -7.59555338     -0.06535216     -7.66090554      0.13466479      0.00303879      0.13471739      0.02244413 bias_reducing
   755    377.50000000    223.42958359     21.98287518    427.03932844    600.00000000      1.00020344      0.07099862     -7.59581974     -0.06511279     -7.66093252      0.13572607      0.00303271      0.13577816      0.02262101 bias_reducing
   756    378.00000000    223.64924403     21.94237294    428.62896059    600.00000000      1.00020019      0.07126291     -7.59592797     -0.06487355     -7.66080152      0.13952272      0.00302656      0.13957235      0.02325379 bias_reducing
   757    378.50000000    223.86002970     21.90210076    429.68899238    600.00000000      1.00019815      0.07143915     -7.59595089     -0.06463444     -7.66058533      0.14450202      0.00302033      0.14454874      0.02408367 bias_reducing
   758    379.00000000    224.07884688     21.86205653    430.49986468    600.00000000      1.00019670      0.07157396     -7.59593599     -0.06439545     -7.66033143      0.14926583      0.00301402      0.14930968      0.02487764 bias_reducing
   759    379.50000000    224.29632820     21.82221854    431.10080217    600.00000000      1.00019553      0.07167387     -7.59588989     -0.06415654     -7.66004643      0.15285600      0.00300765      0.15289717      0.02547600 bias_reducing
   760    380.00000000    224.51401291     21.78254835    431.28840818    600.00000000      1.00019481      0.07170506     -7.59577723     -0.06391769     -7.65969492      0.15485090      0.00300121      0.15488989      0.02580848 bias_reducing
   761    380.50000000    224.78374477     21.74299440    430.72991410    600.00000000      1.00019502      0.07161221     -7.59554042     -0.06367884     -7.65921926      0.15530240      0.00299474      0.15533979      0.02588373 bias_reducing
   762    381.00000000    224.99397355     21.70349737    429.16664640    600.00000000      1.00019669      0.07135230     -7.59513367     -0.06343997     -7.65857364      0.15451502      0.00298824      0.15455154      0.02575250 bias_reducing
   763    381.50000000    225.20797576     21.66399678    426.61618504    600.00000000      1.00020010      0.07092827     -7.59455886     -0.06320103     -7.65775989      0.15277405      0.00298173      0.15281040      0.02546234 bias_reducing
   764    382.00000000    225.41752956     21.62443833    423.44525546    600.00000000      1.00020499      0.07040108     -7.59387766     -0.06296199     -7.65683965      0.15018906      0.00297522      0.15022571      0.02503151 bias_reducing
   765    382.50000000    225.63267560     21.58478074    420.27106251    600.00000000      1.00021051      0.06987334     -7.59319524     -0.06272282     -7.65591806      0.14671077      0.00296873      0.14674808      0.02445179 bias_reducing
   766    383.00000000    225.84185414     21.54500087    417.74223741    600.00000000      1.00021554      0.06945291     -7.59262193     -0.06248352     -7.65510545      0.14229931      0.00296226      0.14233769      0.02371655 bias_reducing
   767    383.50000000    226.04964017     21.50509659    416.29010331    600.00000000      1.00021904      0.06921148     -7.59223162     -0.06224406     -7.65447568      0.13713588      0.00295581      0.13717572      0.02285598 bias_reducing
   768    384.00000000    226.26947319     21.46508792    415.94823548    600.00000000      1.00022052      0.06915464     -7.59203089     -0.06200444     -7.65403534      0.13182638      0.00294938      0.13186790      0.02197106 bias_reducing
   769    384.50000000    226.49115848     21.42501600    416.31217501    600.00000000      1.00022030      0.06921515     -7.59195114     -0.06176469     -7.65371582      0.12757649      0.00294297      0.12761989      0.02126275 bias_reducing
   770    385.00000000    226.70148227     21.38493960    416.65119731    600.00000000      1.00021941      0.06927151     -7.59186874     -0.06152480     -7.65339355      0.12603622      0.00293656      0.12608119      0.02100604 bias_reducing
   771    385.50000000    226.95012734     21.34492998    416.13500150    600.00000000      1.00021929      0.06918569     -7.59164315     -0.06128481     -7.65292797      0.12879558      0.00293014      0.12884132      0.02146593 bias_reducing
   772    386.00000000    227.16052023     21.30506406    414.09626536    600.00000000      1.00022131      0.06884674     -7.59116095     -0.06104474     -7.65220570      0.13666398      0.00292369      0.13670883      0.02277733 bias_reducing
   773    386.50000000    227.37035969     21.26541769    410.26304872    600.00000000      1.00022641      0.06820943     -7.59037480     -0.06080463     -7.65117943      0.14933116      0.00291720      0.14937351      0.02488853 bias_reducing
   774    387.00000000    227.58397028     21.22605839    404.94327476    600.00000000      1.00023475      0.06732498     -7.58933492     -0.06056450     -7.64989942      0.16516394      0.00291064      0.16520305      0.02752732 bias_reducing
   775    387.50000000    227.79367066     21.18703811    399.07530567    600.00000000      1.00024537      0.06634938     -7.58819862     -0.06032438     -7.64852300      0.18181191      0.00290401      0.18184779      0.03030198 bias_reducing
   776    388.00000000    228.00220955     21.14838716    394.09398441    600.00000000      1.00025612      0.06552120     -7.58720766     -0.06008431     -7.64729197      0.19674684      0.00289730      0.19678006      0.03279114 bias_reducing
   777    388.50000000    228.21303417     21.11010973    391.64346158    600.00000000      1.00026386      0.06511378     -7.58663957     -0.05984429     -7.64648386      0.20757901      0.00289050      0.20761037      0.03459650 bias_reducing
   778    389.00000000    228.42764274     21.07218165    393.17867063    600.00000000      1.00026520      0.06536902     -7.58674145     -0.05960434     -7.64634579      0.21236743      0.00288361      0.21239787      0.03539457 bias_reducing
   779    389.50000000    228.63731979     21.03454988    399.53956782    600.00000000      1.00025772      0.06642657     -7.58765732     -0.05936447     -7.64702179      0.20986441      0.00287664      0.20989493      0.03497740 bias_reducing
   780    390.00000000    228.85741671     20.99713418    410.61880304    600.00000000      1.00024117      0.06826858     -7.58937101     -0.05912467     -7.64849567      0.19971315      0.00286961      0.19974474      0.03328553 bias_reducing
   781    390.50000000    229.13921286     20.95983135    425.26153674    600.00000000      1.00021781      0.07070305     -7.59168885     -0.05888491     -7.65057376      0.18252792      0.00286252      0.18256179      0.03042132 bias_reducing
   782    391.00000000    229.35539015     20.92252117    441.47606994    600.00000000      1.00019157      0.07339884     -7.59427471     -0.05864518     -7.65291989      0.15989453      0.00285540      0.15993234      0.02664909 bias_reducing
   783    391.50000000    229.57697036     20.88507421    456.91426971    600.00000000      1.00016657      0.07596556     -7.59673152     -0.05840546     -7.65513698      0.13424547      0.00284827      0.13428949      0.02237424 bias_reducing
   784    392.00000000    229.79399743     20.84736111    469.45689829    600.00000000      1.00014599      0.07805087     -7.59870111     -0.05816570     -7.65686681      0.10883813      0.00284116      0.10889109      0.01813969 bias_reducing
   785    392.50000000    230.00616915     20.80926205    477.69502517    600.00000000      1.00013162      0.07942053     -7.59994561     -0.05792589     -7.65787151      0.08804857      0.00283409      0.08811227      0.01467476 bias_reducing
   786    393.00000000    230.22120479     20.77067510    481.15527637    600.00000000      1.00012395      0.07999582     -7.60038690     -0.05768600     -7.65807290      0.07711388      0.00282707      0.07718470      0.01285231 bias_reducing
   787    393.50000000    230.43762381     20.73152228    480.21364054    600.00000000      1.00012251      0.07983927     -7.60008959     -0.05744601     -7.65753560      0.07888419      0.00282013      0.07895177      0.01314737 bias_reducing
   788    394.00000000    230.65808712     20.69175347    475.81154452    600.00000000      1.00012627      0.07910738     -7.59921272     -0.05720590     -7.65641863      0.09051768      0.00281327      0.09057536      0.01508628 bias_reducing
   789    394.50000000    230.87362577     20.65134822    469.12689386    600.00000000      1.00013391      0.07799601     -7.59795503     -0.05696567     -7.65492069      0.10667030      0.00280649      0.10671841      0.01777838 bias_reducing
   790    395.00000000    231.09458169     20.61031568    461.27204572    600.00000000      1.00014407      0.07669008     -7.59650312     -0.05672530     -7.65322842      0.12368827      0.00279980      0.12372910      0.02061471 bias_reducing
   791    395.50000000    231.36597021     20.56869260    453.09101600    600.00000000      1.00015553      0.07532992     -7.59499832     -0.05648482     -7.65148313      0.13980761      0.00279319      0.13984318      0.02330127 bias_reducing
   792    396.00000000    231.57622953     20.52653964    445.09284863    600.00000000      1.00016743      0.07400016     -7.59352429     -0.05624422     -7.64976851      0.15426308      0.00278665      0.15429486      0.02571051 bias_reducing
   793    396.50000000    231.78760599     20.48393609    437.50487015    600.00000000      1.00017924      0.07273860     -7.59211798     -0.05600354     -7.64812152      0.16671637      0.00278016      0.16674550      0.02778606 bias_reducing
   794    397.00000000    232.00151569     20.44097294    430.39779923    600.00000000      1.00019074      0.07155699     -7.59078975     -0.05576279     -7.64655254      0.17698706      0.00277371      0.17701434      0.02949784 bias_reducing
   795    397.50000000    232.21175174     20.39774573    423.83652570    600.00000000      1.00020181      0.07046613     -7.58954939     -0.05552201     -7.64507140      0.18493785      0.00276727      0.18496410      0.03082297 bias_reducing
   796    398.00000000    232.42195522     20.35434658    418.01152471    600.00000000      1.00021222      0.06949768     -7.58842794     -0.05528122     -7.64370916      0.19044096      0.00276084      0.19046684      0.03174016 bias_reducing
   797    398.50000000    232.63774760     20.31085763    413.31907580    600.00000000      1.00022138      0.06871752     -7.58749153     -0.05504044     -7.64253197      0.19336222      0.00275438      0.19338822      0.03222704 bias_reducing
   798    399.00000000    232.85660593     20.26734569    410.36656564    600.00000000      1.00022830      0.06822664     -7.58684250     -0.05479972     -7.64164222      0.19353965      0.00274788      0.19356615      0.03225661 bias_reducing
   799    399.50000000    233.06768139     20.22385842    409.87595831    600.00000000      1.00023160      0.06814508     -7.58660337     -0.05455907     -7.64116244      0.19077222      0.00274134      0.19079947      0.03179537 bias_reducing
   800    400.00000000    233.28274275     20.18042224    412.48943379    600.00000000      1.00022988      0.06857959     -7.58688421     -0.05431851     -7.64120272      0.18484293      0.00273474      0.18487136      0.03080715 bias_reducing
   801    400.50000000    233.55150274     20.13704144    418.51357285    600.00000000      1.00022231      0.06958115     -7.58773924     -0.05407805     -7.64181729      0.17557993      0.00272809      0.17561018      0.02926332 bias_reducing
   802    401.00000000    233.75922481     20.09369880    427.67147258    600.00000000      1.00020914      0.07110372     -7.58912451     -0.05383768     -7.64296220      0.16302134      0.00272138      0.16305418      0.02717022 bias_reducing
   803    401.50000000    233.96852152     20.05035808    438.97241637    600.00000000      1.00019198      0.07298259     -7.59087493     -0.05359741     -7.64447234      0.14769910      0.00271462      0.14773542      0.02461652 bias_reducing
   804    402.00000000    234.18106745     20.00696868    450.80387772    600.00000000      1.00017346      0.07494966     -7.59271899     -0.05335722     -7.64607621      0.13103399      0.00270781      0.13107491      0.02183900 bias_reducing
   805    402.50000000    234.40229421     19.96347146    461.26275000    600.00000000      1.00015650      0.07668853     -7.59433480     -0.05311709     -7.64745189      0.11571603      0.00270098      0.11576224      0.01928600 bias_reducing
   806    403.00000000    234.61387805     19.91980600    468.63000537    600.00000000      1.00014354      0.07791340     -7.59543114     -0.05287700     -7.64830814      0.10578668      0.00269413      0.10583729      0.01763111 bias_reducing
   807    403.50000000    234.83394548     19.87591794    471.81775386    600.00000000      1.00013616      0.07844338     -7.59582382     -0.05263691     -7.64846074      0.10535722      0.00268728      0.10540825      0.01755954 bias_reducing
   808    404.00000000    235.04477435     19.83176596    470.65257218    600.00000000      1.00013488      0.07824966     -7.59548182     -0.05239681     -7.64787864      0.11532091      0.00268044      0.11536766      0.01922015 bias_reducing
   809    404.50000000    235.26542940     19.78732720    465.92007387    600.00000000      1.00013918      0.07746285     -7.59453798     -0.05215668     -7.64669466      0.13221969      0.00267362      0.13226048      0.02203662 bias_reducing
   810    405.00000000    235.48039869     19.74260050    459.15022135    600.00000000      1.00014758      0.07633731     -7.59324997     -0.05191649     -7.64516646      0.15125677      0.00266681      0.15129245      0.02520946 bias_reducing
   811    405.50000000    235.74419982     19.69760730    452.22252405    600.00000000      1.00015782      0.07518552     -7.59193558     -0.05167623     -7.64361180      0.16836582      0.00266003      0.16839789      0.02806097 bias_reducing
   812    406.00000000    235.95827999     19.65239092    446.89862131    600.00000000      1.00016722      0.07430038     -7.59089217     -0.05143589     -7.64232805      0.18072966      0.00265326      0.18075937      0.03012161 bias_reducing
   813    406.50000000    236.16882356     19.60701401    444.39759161    600.00000000      1.00017333      0.07388457     -7.59032607     -0.05119546     -7.64152153      0.18668736      0.00264651      0.18671579      0.03111456 bias_reducing
   814    407.00000000    236.38996391     19.56155446    445.11853706    600.00000000      1.00017466      0.07400443     -7.59030508     -0.05095496     -7.64126004      0.18569814      0.00263975      0.18572624      0.03094969 bias_reducing
   815    407.50000000    236.60124073     19.51609987    448.57318831    600.00000000      1.00017125      0.07457879     -7.59074714     -0.05071437     -7.64146152      0.17834344      0.00263298      0.17837213      0.02972391 bias_reducing
   816    408.00000000    236.82017342     19.47074121    453.54360662    600.00000000      1.00016457      0.07540516     -7.59144673     -0.05047372     -7.64192045      0.16629698      0.00262618      0.16632725      0.02771616 bias_reducing
   817    408.50000000    237.03748482     19.42556628    458.42259092    600.00000000      1.00015694      0.07621633     -7.59213229     -0.05023302     -7.64236531      0.15225181      0.00261933      0.15228440      0.02537530 bias_reducing
   818    409.00000000    237.25881637     19.38065372    461.65714022    600.00000000      1.00015079      0.07675410     -7.59254083     -0.04999228     -7.64253311      0.13971755      0.00261243      0.13975247      0.02328626 bias_reducing
   819    409.50000000    237.46739326     19.33606798    462.18661240    600.00000000      1.00014796      0.07684213     -7.59249254     -0.04975151     -7.64224405      0.13226161      0.00260545      0.13229784      0.02204360 bias_reducing
   820    410.00000000    237.67455478     19.29185456    459.74824692    600.00000000      1.00014935      0.07643673     -7.59194243     -0.04951073     -7.64145317      0.13205722      0.00259840      0.13209276      0.02200954 bias_reducing
   821    410.50000000    237.93155637     19.24803665    454.96104665    600.00000000      1.00015475      0.07564083     -7.59099485     -0.04926996     -7.64026482      0.13863331      0.00259126      0.13866632      0.02310555 bias_reducing
   822    411.00000000    238.13820401     19.20461266    449.13958917    600.00000000      1.00016286      0.07467296     -7.58987258     -0.04902921     -7.63890179      0.14932626      0.00258403      0.14935598      0.02488771 bias_reducing
   823    411.50000000    238.33806316     19.16155469    443.88832378    600.00000000      1.00017153      0.07379990     -7.58884744     -0.04878847     -7.63763591      0.16108987      0.00257671      0.16111650      0.02684831 bias_reducing
   824    412.00000000    238.54719321     19.11880851    440.62082599    600.00000000      1.00017835      0.07325665     -7.58815885     -0.04854776     -7.63670660      0.17155886      0.00256931      0.17158306      0.02859314 bias_reducing
   825    412.50000000    238.76829368     19.07629560    440.15911231    600.00000000      1.00018136      0.07317989     -7.58794563     -0.04830706     -7.63625269      0.17936319      0.00256184      0.17938568      0.02989386 bias_reducing
   826    413.00000000    238.96080900     19.03391802    442.56928944    600.00000000      1.00017977      0.07358060     -7.58821746     -0.04806638     -7.63628384      0.18401788      0.00255432      0.18403923      0.03066965 bias_reducing
   827    413.50000000    239.16682997     18.99156580    447.29300080    600.00000000      1.00017410      0.07436595     -7.58887776     -0.04782569     -7.63670346      0.18564404      0.00254676      0.18566468      0.03094067 bias_reducing
   828    414.00000000    239.38558881     18.94912588    453.49081547    600.00000000      1.00016570      0.07539639     -7.58978291     -0.04758499     -7.63736790      0.18462344      0.00253918      0.18464365      0.03077057 bias_reducing
   829    414.50000000    239.60072435     18.90649156    460.42103159    600.00000000      1.00015598      0.07654859     -7.59080683     -0.04734426     -7.63815109      0.18132503      0.00253160      0.18134495      0.03022084 bias_reducing
   830    415.00000000    239.79976218     18.86357090    467.68771929    600.00000000      1.00014591      0.07775673     -7.59188308     -0.04710348     -7.63898657      0.17596203      0.00252404      0.17598172      0.02932700 bias_reducing
   831    415.50000000    240.06531153     18.82029305    475.28921455    600.00000000      1.00013578      0.07902054     -7.59301292     -0.04686265     -7.63987557      0.16857617      0.00251650      0.16859567      0.02809603 bias_reducing
   832    416.00000000    240.27350845     18.77661188    483.49078087    600.00000000      1.00012540      0.08038412     -7.59424285     -0.04662174     -7.64086460      0.15909800      0.00250900      0.15911730      0.02651633 bias_reducing
   833    416.50000000    240.48669281     18.73250688    492.59752836    600.00000000      1.00011437      0.08189818     -7.59562619     -0.04638076     -7.64200695      0.14743070      0.00250154      0.14744981      0.02457178 bias_reducing
   834    417.00000000    240.70542322     18.68798181    502.71848427    600.00000000      1.00010249      0.08358087     -7.59718325     -0.04613970     -7.64332294      0.13355327      0.00249412      0.13357238      0.02225888 bias_reducing
   835    417.50000000    240.92195234     18.64306135    513.58800374    600.00000000      1.00008994      0.08538801     -7.59887081     -0.04589855     -7.64476936      0.11767615      0.00248674      0.11769542      0.01961269 bias_reducing
   836    418.00000000    241.13824716     18.59778660    524.48763894    600.00000000      1.00007737      0.08720016     -7.60056920     -0.04565732     -7.64622652      0.10047840      0.00247938      0.10049800      0.01674640 bias_reducing
   837    418.50000000    241.35916667     18.55220967    534.28999287    600.00000000      1.00006583      0.08882988     -7.60208936     -0.04541602     -7.64750538      0.08363327      0.00247206      0.08365340      0.01393888 bias_reducing
   838    419.00000000    241.57008764     18.50638797    541.62000312    600.00000000      1.00005654      0.09004855     -7.60319972     -0.04517466     -7.64837437      0.07072825      0.00246474      0.07074806      0.01178804 bias_reducing
   839    419.50000000    241.78386434     18.46037936    545.11716768    600.00000000      1.00005076      0.09062998     -7.60367039     -0.04493324     -7.64860363      0.06756843      0.00245743      0.06758508      0.01126140 bias_reducing
   840    420.00000000    241.99383906     18.41423795    543.75951567    600.00000000      1.00004953      0.09040426     -7.60332727     -0.04469178     -7.64801905      0.07771136      0.00245011      0.07772241      0.01295189 bias_reducing
   841    420.50000000    242.23713038     18.36801134    537.18715390    600.00000000      1.00005355      0.08931156     -7.60210722     -0.04445030     -7.64655751      0.09799973      0.00244276      0.09800606      0.01633329 bias_reducing
   842    421.00000000    242.44967195     18.32173823    525.94452953    600.00000000      1.00006299      0.08744238     -7.60009896     -0.04420881     -7.64430777      0.12290261      0.00243539      0.12290595      0.02048377 bias_reducing
   843    421.50000000    242.65937560     18.27544680    511.51918077    600.00000000      1.00007729      0.08504406     -7.59755192     -0.04396732     -7.64151924      0.14826508      0.00242799      0.14826666      0.02471085 bias_reducing
   844    422.00000000    242.86811523     18.22915324    496.10795630    600.00000000      1.00009489      0.08248182     -7.59483602     -0.04372585     -7.63856187      0.17121570      0.00242054      0.17121616      0.02853595 bias_reducing
   845    422.50000000    243.08362253     18.18286074    482.14639341    600.00000000      1.00011330      0.08016060     -7.59236245     -0.04348441     -7.63584686      0.18964605      0.00241304      0.18964553      0.03160768 bias_reducing
   846    423.00000000    243.30417790     18.13655930    471.72278695    600.00000000      1.00012941      0.07842760     -7.59048457     -0.04324299     -7.63372756      0.20212315      0.00240551      0.20212158      0.03368719 bias_reducing
   847    423.50000000    243.52202267     18.09022617    466.06301849    600.00000000      1.00014039      0.07748661     -7.58940963     -0.04300161     -7.63241124      0.20797309      0.00239792      0.20797042      0.03466218 bias_reducing
   848    424.00000000    243.73339582     18.04382743    465.26558850    600.00000000      1.00014472      0.07735404     -7.58915383     -0.04276026     -7.63191409      0.20732897      0.00239030      0.20732503      0.03455483 bias_reducing
   849    424.50000000    243.94690705     17.99732172    468.38478748    600.00000000      1.00014276      0.07787263     -7.58955654     -0.04251893     -7.63207547      0.20108725      0.00238265      0.20108174      0.03351454 bias_reducing
   850    425.00000000    244.15707762     17.95066569    473.82089982    600.00000000      1.00013647      0.07877642     -7.59034600     -0.04227762     -7.63262362      0.19073086      0.00237497      0.19072328      0.03178848 bias_reducing
   851    425.50000000    244.42556388     17.90382053    479.85293490    600.00000000      1.00012843      0.07977930     -7.59123148     -0.04203632     -7.63326780      0.17805178      0.00236728      0.17804167      0.02967530 bias_reducing
   852    426.00000000    244.64006063     17.85675781    485.10836676    600.00000000      1.00012083      0.08065305     -7.59198182     -0.04179501     -7.63377683      0.16487198      0.00235957      0.16485886      0.02747866 bias_reducing
   853    426.50000000    244.85606061     17.80946449    488.83678308    600.00000000      1.00011502      0.08127293     -7.59247148     -0.04155369     -7.63402517      0.15280954      0.00235186      0.15279267      0.02546826 bias_reducing
   854    427.00000000    245.07079088     17.76194613    490.96286185    600.00000000      1.00011142      0.08162641     -7.59268964     -0.04131234     -7.63400198      0.14300230      0.00234415      0.14298129      0.02383372 bias_reducing
   855    427.50000000    245.28690850     17.71422747    491.93128594    600.00000000      1.00010966      0.08178742     -7.59271289     -0.04107096     -7.63378385      0.13589358      0.00233642      0.13586821      0.02264893 bias_reducing
   856    428.00000000    245.49008955     17.66635091    492.43527240    600.00000000      1.00010892      0.08187121     -7.59265964     -0.04082954     -7.63348918      0.13140894      0.00232869      0.13137898      0.02190149 bias_reducing
   857    428.50000000    245.70509597     17.61837342    493.13570973    600.00000000      1.00010832      0.08198766     -7.59264216     -0.04058807     -7.63323023      0.12903103      0.00232094      0.12899631      0.02150517 bias_reducing
   858    429.00000000    245.92383971     17.57036205    494.41710073    600.00000000      1.00010715      0.08220070     -7.59272656     -0.04034656     -7.63307313      0.12805670      0.00231316      0.12801736      0.02134278 bias_reducing
   859    429.50000000    246.13460729     17.52238886    496.23060931    600.00000000      1.00010519      0.08250221     -7.59290510     -0.04010501     -7.63301010      0.12793632      0.00230535      0.12789282      0.02132272 bias_reducing
   860    430.00000000    246.34511296     17.47452602    498.06978702    600.00000000      1.00010281      0.08280799     -7.59309269     -0.03986341     -7.63295610      0.12848165      0.00229750      0.12843452      0.02141361 bias_reducing
   861    430.50000000    246.61237771     17.42684205    499.10418410    600.00000000      1.00010087      0.08297997     -7.59314807     -0.03962178     -7.63276985      0.12987146      0.00228958      0.12982128      0.02164524 bias_reducing
   862    431.00000000    246.82491895     17.37939959    498.45353862    600.00000000      1.00010046      0.08287179     -7.59292149     -0.03938011     -7.63230160      0.13247709      0.00228160      0.13242455      0.02207951 bias_reducing
   863    431.50000000    247.03253441     17.33225415    495.52940271    600.00000000      1.00010253      0.08238563     -7.59231145     -0.03913842     -7.63144987      0.13655675      0.00227355      0.13650255      0.02275946 bias_reducing
   864    432.00000000    247.24574371     17.28545335    490.32723255    600.00000000      1.00010757      0.08152073     -7.59131550     -0.03889671     -7.63021221      0.14196522      0.00226541      0.14190989      0.02366087 bias_reducing
   865    432.50000000    247.45980815     17.23903583    483.55392383    600.00000000      1.00011527      0.08039461     -7.59005190     -0.03865499     -7.62870690      0.14804330      0.00225718      0.14798719      0.02467388 bias_reducing
   866    433.00000000    247.67388194     17.19302971    476.51933995    600.00000000      1.00012449      0.07922506     -7.58874217     -0.03841327     -7.62715544      0.15372853      0.00224885      0.15367163      0.02562142 bias_reducing
   867    433.50000000    247.89029121     17.14744998    470.78494727    600.00000000      1.00013329      0.07827167     -7.58765122     -0.03817155     -7.62582277      0.15779298      0.00224042      0.15773475      0.02629883 bias_reducing
   868    434.00000000    248.10248399     17.10229620    467.65721647    600.00000000      1.00013953      0.07775166     -7.58700222     -0.03792984     -7.62493205      0.15916610      0.00223188      0.15910551      0.02652768 bias_reducing
   869    434.50000000    248.31788800     17.05755117    467.70764989    600.00000000      1.00014167      0.07776005     -7.58689324     -0.03768812     -7.62458136      0.15723719      0.00222325      0.15717277      0.02620620 bias_reducing
   870    435.00000000    248.52721413     17.01318153    470.52246843    600.00000000      1.00013947      0.07822803     -7.58725512     -0.03744642     -7.62470153      0.15205508      0.00221453      0.15198502      0.02534251 bias_reducing
   871    435.50000000    248.79357870     16.96914096    474.79821740    600.00000000      1.00013425      0.07893891     -7.58786688     -0.03720471     -7.62507159      0.14440351      0.00220571      0.14432579      0.02406725 bias_reducing
   872    436.00000000    249.00837640     16.92537539    478.74658598    600.00000000      1.00012832      0.07959536     -7.58842525     -0.03696300     -7.62538825      0.13576365      0.00219681      0.13567647      0.02262728 bias_reducing
   873    436.50000000    249.21835124     16.88182978    480.64181556    600.00000000      1.00012412      0.07991045     -7.58863777     -0.03672127     -7.62535904      0.12821515      0.00218785      0.12811753      0.02136919 bias_reducing
   874    437.00000000    249.42608967     16.83845509    479.30414572    600.00000000      1.00012355      0.07968806     -7.58830492     -0.03647953     -7.62478445      0.12407857      0.00217881      0.12397149      0.02067976 bias_reducing
   875    437.50000000    249.63474256     16.79521387    474.37766299    600.00000000      1.00012765      0.07886899     -7.58736672     -0.03623776     -7.62360448      0.12524685      0.00216973      0.12513393      0.02087448 bias_reducing
   876    438.00000000    249.84998535     16.75208330    466.36543104    600.00000000      1.00013649      0.07753689     -7.58590751     -0.03599596     -7.62190347      0.13245872      0.00216059      0.13234501      0.02207645 bias_reducing
   877    438.50000000    250.06189026     16.70905547    456.48834607    600.00000000      1.00014919      0.07589475     -7.58413273     -0.03575413     -7.61988686      0.14480211      0.00215140      0.14469141      0.02413369 bias_reducing
   878    439.00000000    250.27968185     16.66613551    446.41493047    600.00000000      1.00016399      0.07421997     -7.58232314     -0.03551226     -7.61783540      0.16009029      0.00214216      0.15998393      0.02668172 bias_reducing
   879    439.50000000    250.49091574     16.62333823    437.90351890    600.00000000      1.00017842      0.07280488     -7.58077514     -0.03527034     -7.61604548      0.17558688      0.00213286      0.17548422      0.02926448 bias_reducing
   880    440.00000000    250.69800029     16.58068364    432.42551045    600.00000000      1.00018968      0.07189412     -7.57973731     -0.03502838     -7.61476569      0.18856805      0.00212352      0.18846728      0.03142801 bias_reducing
   881    440.50000000    250.95979074     16.53819297    430.82666985    600.00000000      1.00019548      0.07162830     -7.57935347     -0.03478638     -7.61413985      0.19671933      0.00211412      0.19661801      0.03278655 bias_reducing
   882    441.00000000    251.17832102     16.49588567    433.10927400    600.00000000      1.00019479      0.07200780     -7.57962501     -0.03454434     -7.61416934      0.19837891      0.00210466      0.19827395      0.03306315 bias_reducing
   883    441.50000000    251.40091311     16.45377837    438.40712196    600.00000000      1.00018836      0.07288861     -7.58040669     -0.03430226     -7.61470895      0.19277303      0.00209513      0.19266054      0.03212884 bias_reducing
   884    442.00000000    251.61416018     16.41188497    445.18806343    600.00000000      1.00017843      0.07401599     -7.58143978     -0.03406015     -7.61549993      0.18022165      0.00208554      0.18009675      0.03003694 bias_reducing
   885    442.50000000    251.82359120     16.37021718    451.64877862    600.00000000      1.00016791      0.07509013     -7.58241955     -0.03381801     -7.61623756      0.16220619      0.00207588      0.16206268      0.02703436 bias_reducing
   886    443.00000000    252.03190864     16.32878484    456.19555332    600.00000000      1.00015945      0.07584607     -7.58307626     -0.03357586     -7.61665212      0.14134280      0.00206615      0.14117305      0.02355713 bias_reducing
   887    443.50000000    252.25119226     16.28759591    457.85934607    600.00000000      1.00015481      0.07612269     -7.58324598     -0.03333369     -7.61657966      0.12133013      0.00205634      0.12112699      0.02022169 bias_reducing
   888    444.00000000    252.46421017     16.24665570    456.49881491    600.00000000      1.00015467      0.07589649     -7.58290580     -0.03309151     -7.61599731      0.10663561      0.00204645      0.10639892      0.01777260 bias_reducing
   889    444.50000000    252.67457172     16.20596497    452.70763403    600.00000000      1.00015861      0.07526618     -7.58215763     -0.03284932     -7.61500696      0.10102506      0.00203648      0.10076981      0.01683751 bias_reducing
   890    445.00000000    252.89014815     16.16551834    447.45508138    600.00000000      1.00016550      0.07439290     -7.58116775     -0.03260714     -7.61377489      0.10496803      0.00202643      0.10471737      0.01749467 bias_reducing
   891    445.50000000    253.15698487     16.12530305    441.62229636    600.00000000      1.00017400      0.07342315     -7.58008623     -0.03236497     -7.61245120      0.11550035      0.00201630      0.11526798      0.01925006 bias_reducing
   892    446.00000000    253.37132913     16.08529892    435.64305759    600.00000000      1.00018312      0.07242906     -7.57898657     -0.03212280     -7.61110937      0.12906867      0.00200610      0.12885639      0.02151144 bias_reducing
   893    446.50000000    253.58871126     16.04548009    429.40237767    600.00000000      1.00019265      0.07139150     -7.57784698     -0.03188063     -7.60972761      0.14340217      0.00199581      0.14320684      0.02390036 bias_reducing
   894    447.00000000    253.79884193     16.00581861    422.43411476    600.00000000      1.00020322      0.07023297     -7.57658588     -0.03163847     -7.60822436      0.15730880      0.00198545      0.15712659      0.02621813 bias_reducing
   895    447.50000000    254.01405759     15.96628855    414.29091346    600.00000000      1.00021581      0.06887910     -7.57512493     -0.03139631     -7.60652124      0.17011133      0.00197503      0.16993875      0.02835189 bias_reducing
   896    448.00000000    254.23105527     15.92687055    404.89381298    600.00000000      1.00023118      0.06731676     -7.57344857     -0.03115415     -7.60460271      0.18129934      0.00196454      0.18113321      0.03021656 bias_reducing
   897    448.50000000    254.44253944     15.88755565    394.72848867    600.00000000      1.00024933      0.06562669     -7.57163745     -0.03091198     -7.60254943      0.19037958      0.00195399      0.19021716      0.03172993 bias_reducing
   898    449.00000000    254.65717940     15.84834680    384.82884539    600.00000000      1.00026907      0.06398080     -7.56986595     -0.03066980     -7.60053575      0.19683547      0.00194337      0.19667413      0.03280591 bias_reducing
   899    449.50000000    254.86893074     15.80925842    376.56224767    600.00000000      1.00028797      0.06260641     -7.56836496     -0.03042760     -7.59879256      0.20015433      0.00193269      0.19999140      0.03335905 bias_reducing
   900    450.00000000    255.08236353     15.77031413    371.28856282    600.00000000      1.00030275      0.06172962     -7.56736502     -0.03018539     -7.59755041      0.19988422      0.00192195      0.19971687      0.03331404 bias_reducing
   901    450.50000000    255.34468766     15.73154328    369.98594026    600.00000000      1.00031017      0.06151305     -7.56703271     -0.02994317     -7.59697587      0.19572492      0.00191114      0.19554982      0.03262082 bias_reducing
   902    451.00000000    255.55358264     15.69297743    372.94771650    600.00000000      1.00030831      0.06200547     -7.56741894     -0.02970092     -7.59711986      0.18759580      0.00190026      0.18740903      0.03126597 bias_reducing
   903    451.50000000    255.77286213     15.65464749    379.63225037    600.00000000      1.00029756      0.06311682     -7.56843425     -0.02945865     -7.59789291      0.17572440      0.00188930      0.17552105      0.02928740 bias_reducing
   904    452.00000000    255.99530060     15.61658218    388.70723120    600.00000000      1.00028055      0.06462561     -7.56985524     -0.02921637     -7.59907160      0.16072902      0.00187826      0.16050275      0.02678817 bias_reducing
   905    452.50000000    256.21368459     15.57880797    398.29155560    600.00000000      1.00026130      0.06621908     -7.57136530     -0.02897406     -7.60033936      0.14373649      0.00186714      0.14347963      0.02395608 bias_reducing
   906    453.00000000    256.43585775     15.54134984    406.34062362    600.00000000      1.00024394      0.06755730     -7.57262000     -0.02873175     -7.60135175      0.12656594      0.00185593      0.12627068      0.02109432 bias_reducing
   907    453.50000000    256.65290494     15.50423249    411.08673169    600.00000000      1.00023181      0.06834638     -7.57332073     -0.02848942     -7.60181015      0.11192001      0.00184463      0.11158291      0.01865333 bias_reducing
   908    454.00000000    256.87047667     15.46748151    411.44182388    600.00000000      1.00022705      0.06840541     -7.57328306     -0.02824709     -7.60153015      0.10319913      0.00183323      0.10283086      0.01719986 bias_reducing
   909    454.50000000    257.08132293     15.43112373    407.26421979    600.00000000      1.00023054      0.06771086     -7.57248226     -0.02800476     -7.60048702      0.10311292      0.00182173      0.10274197      0.01718549 bias_reducing
   910    455.00000000    257.29154738     15.39518708    399.41487370    600.00000000      1.00024185      0.06640584     -7.57106230     -0.02776243     -7.59882473      0.11137744      0.00181013      0.11103197      0.01856291 bias_reducing
   911    455.50000000    257.56238750     15.35969909    389.55657604    600.00000000      1.00025915      0.06476682     -7.56930421     -0.02752010     -7.59682431      0.12464660      0.00179842      0.12433604      0.02077443 bias_reducing
   912    456.00000000    257.77376596     15.32468466    379.69074591    600.00000000      1.00027935      0.06312655     -7.56754710     -0.02727779     -7.59482489      0.13899637      0.00178660      0.13871611      0.02316606 bias_reducing
   913    456.50000000    257.98305293     15.29016352    371.55533224    600.00000000      1.00029858      0.06177397     -7.56608586     -0.02703548     -7.59312134      0.15143122      0.00177466      0.15117223      0.02523854 bias_reducing
   914    457.00000000    258.19800836     15.25614866    366.10118328    600.00000000      1.00031349      0.06086718     -7.56508151     -0.02679318     -7.59187469      0.16017300      0.00176261      0.15992621      0.02669550 bias_reducing
   915    457.50000000    258.41195274     15.22264641    363.25755468    600.00000000      1.00032251      0.06039440     -7.56452134     -0.02655089     -7.59107223      0.16453371      0.00175044      0.16429118      0.02742228 bias_reducing
   916    458.00000000    258.62157120     15.18965785    362.07662483    600.00000000      1.00032654      0.06019807     -7.56424310     -0.02630861     -7.59055171      0.16475749      0.00173816      0.16451251      0.02745958 bias_reducing
   917    458.50000000    258.84176118     15.15718126    361.17306406    600.00000000      1.00032831      0.06004784     -7.56401076     -0.02606633     -7.59007709      0.16177910      0.00172576      0.16152634      0.02696318 bias_reducing
   918    459.00000000    259.05787274     15.12521421    359.26137144    600.00000000      1.00033108      0.05973001     -7.56360627     -0.02582406     -7.58943033      0.15697509      0.00171325      0.15671080      0.02616251 bias_reducing
   919    459.50000000    259.27161362     15.09375522    355.57541372    600.00000000      1.00033740      0.05911719     -7.56290008     -0.02558178     -7.58848186      0.15186335      0.00170063      0.15158593      0.02531056 bias_reducing
   920    460.00000000    259.48197614     15.06280391    350.04206463    600.00000000      1.00034846      0.05819723     -7.56188074     -0.02533950     -7.58722023      0.14775164      0.00168791      0.14746190      0.02462527 bias_reducing
   921    460.50000000    259.74953342     15.03235984    343.19864405    600.00000000      1.00036396      0.05705945     -7.56064027     -0.02509720     -7.58573747      0.14545846      0.00167508      0.14515939      0.02424308 bias_reducing
   922    461.00000000    259.94192427     15.00242054    335.93154000    600.00000000      1.00038237      0.05585124     -7.55932910     -0.02485490     -7.58418399      0.14521801      0.00166214      0.14491364      0.02420300 bias_reducing
   923    461.50000000    260.15888250     14.97297980    329.16016861    600.00000000      1.00040142      0.05472545     -7.55810303     -0.02461258     -7.58271561      0.14677465      0.00164911      0.14646895      0.02446244 bias_reducing
   924    462.00000000    260.38003743     14.94402638    323.56113006    600.00000000      1.00041877      0.05379456     -7.55707654     -0.02437024     -7.58144678      0.14956583      0.00163597      0.14926175      0.02492764 bias_reducing
   925    462.50000000    260.59275146     14.91554377    319.40175576    600.00000000      1.00043275      0.05310303     -7.55629420     -0.02412789     -7.58042209      0.15306868      0.00162274      0.15276810      0.02551145 bias_reducing
   926    463.00000000    260.81039768     14.88751145    316.51855359    600.00000000      1.00044289      0.05262368     -7.55572817     -0.02388553     -7.57961370      0.15686615      0.00160941      0.15657006      0.02614436 bias_reducing
   927    463.50000000    261.02857283     14.85990706    314.41480462    600.00000000      1.00045000      0.05227392     -7.55529397     -0.02364314     -7.57893712      0.16064290      0.00159599      0.16035168      0.02677382 bias_reducing
   928    464.00000000    261.24723282     14.83270906    312.44396368    600.00000000      1.00045579      0.05194625     -7.55488197     -0.02340075     -7.57828271      0.16419622      0.00158249      0.16390990      0.02736604 bias_reducing
   929    464.50000000    261.46323386     14.80589952    310.04471274    600.00000000      1.00046223      0.05154735     -7.55439588     -0.02315834     -7.57755422      0.16740772      0.00156889      0.16712616      0.02790129 bias_reducing
   930    465.00000000    261.67260310     14.77946643    306.98469574    600.00000000      1.00047072      0.05103860     -7.55379527     -0.02291592     -7.57671120      0.17015386      0.00155521      0.16987676      0.02835898 bias_reducing
   931    465.50000000    261.93746509     14.75340566    303.54715230    600.00000000      1.00048137      0.05046708     -7.55312611     -0.02267350     -7.57579961      0.17220147      0.00154145      0.17192818      0.02870025 bias_reducing
   932    466.00000000    262.13409405     14.72772223    300.57932838    600.00000000      1.00049243      0.04997366     -7.55253073     -0.02243108     -7.57496181      0.17310784      0.00152760      0.17283701      0.02885131 bias_reducing
   933    466.50000000    262.34335863     14.70243092    299.33196501    600.00000000      1.00050024      0.04976628     -7.55222124     -0.02218865     -7.57440989      0.17220827      0.00151366      0.17193740      0.02870138 bias_reducing
   934    467.00000000    262.55460773     14.67755661    301.08288024    600.00000000      1.00050012      0.05005738     -7.55241583     -0.02194623     -7.57436206      0.16871179      0.00149962      0.16843695      0.02811863 bias_reducing
   935    467.50000000    262.76404879     14.65313356    306.64456544    600.00000000      1.00048834      0.05098205     -7.55325489     -0.02170381     -7.57495869      0.16193369      0.00148550      0.16164926      0.02698895 bias_reducing
   936    468.00000000    262.97823968     14.62920351    315.94354478    600.00000000      1.00046436      0.05252808     -7.55472864     -0.02146139     -7.57619003      0.15157504      0.00147127      0.15127321      0.02526251 bias_reducing
   937    468.50000000    263.19832091     14.60581359    327.87855842    600.00000000      1.00043166      0.05451237     -7.55665229     -0.02121897     -7.57787126      0.13794973      0.00145695      0.13762028      0.02299162 bias_reducing
   938    469.00000000    263.41674205     14.58301313    340.55533685    600.00000000      1.00039626      0.05661998     -7.55870540     -0.02097656     -7.57968196      0.12215202      0.00144252      0.12178242      0.02035867 bias_reducing
   939    469.50000000    263.63774681     14.56085029    351.81350191    600.00000000      1.00036432      0.05849174     -7.56052257     -0.02073415     -7.58125672      0.10617550      0.00142798      0.10575327      0.01769592 bias_reducing
   940    470.00000000    263.85551522     14.53936839    359.82459662    600.00000000      1.00034029      0.05982365     -7.56179465     -0.02049174     -7.58228639      0.09309047      0.00141333      0.09261272      0.01551508 bias_reducing
   941    470.50000000    264.10055381     14.51860237    363.52605421    600.00000000      1.00032645      0.06043904     -7.56234295     -0.02024933     -7.58259228      0.08678369      0.00139856      0.08627624      0.01446395 bias_reducing
   942    471.00000000    264.30722302     14.49857552    362.76823284    600.00000000      1.00032322      0.06031305     -7.56214349     -0.02000692     -7.58215040      0.09015530      0.00138369      0.08967300      0.01502588 bias_reducing
   943    471.50000000    264.52268722     14.47929685    358.19830087    600.00000000      1.00032968      0.05955326     -7.56130558     -0.01976449     -7.58107007      0.10281394      0.00136871      0.10239767      0.01713566 bias_reducing
   944    472.00000000    264.73902287     14.46075958    351.00874326    600.00000000      1.00034399      0.05835794     -7.56003005     -0.01952207     -7.57955212      0.12167481      0.00135362      0.12132980      0.02027914 bias_reducing
   945    472.50000000    264.95048776     14.44294054    342.64516174    600.00000000      1.00036354      0.05696743     -7.55855958     -0.01927963     -7.57783920      0.14339352      0.00133843      0.14310747      0.02389892 bias_reducing
   946    473.00000000    265.16617053     14.42580150    334.54121640    600.00000000      1.00038516      0.05562009     -7.55713391     -0.01903718     -7.57617109      0.16522270      0.00132314      0.16498112      0.02753712 bias_reducing
   947    473.50000000    265.38732616     14.40929216    327.92106127    600.00000000      1.00040536      0.05451944     -7.55595832     -0.01879473     -7.57475305      0.18488481      0.00130776      0.18467557      0.03081413 bias_reducing
   948    474.00000000    265.60562873     14.39335435    323.64719588    600.00000000      1.00042083      0.05380887     -7.55517754     -0.01855227     -7.57372981      0.20051233      0.00129229      0.20032604      0.03341872 bias_reducing
   949    474.50000000    265.82332558     14.37792725    322.11559562    600.00000000      1.00042919      0.05355423     -7.55485833     -0.01830980     -7.57316813      0.21070488      0.00127676      0.21053424      0.03511748 bias_reducing
   950    475.00000000    266.04454587     14.36295291    323.22388239    600.00000000      1.00042962      0.05373849     -7.55498310     -0.01806732     -7.57305042      0.21469163      0.00126114      0.21453083      0.03578194 bias_reducing
   951    475.50000000    266.29560242     14.34838190    326.44680481    600.00000000      1.00042305      0.05427433     -7.55546298     -0.01782484     -7.57328782      0.21246837      0.00124547      0.21231266      0.03541140 bias_reducing
   952    476.00000000    266.51180678     14.33417856    331.03129043    600.00000000      1.00041168      0.05503654     -7.55617017     -0.01758235     -7.57375253      0.20480034      0.00122973      0.20464569      0.03413339 bias_reducing
   953    476.50000000    266.72254770     14.32032521    336.26441958    600.00000000      1.00039796      0.05590658     -7.55698348     -0.01733987     -7.57432335      0.19306185      0.00121393      0.19290485      0.03217697 bias_reducing
   954    477.00000000    266.94365551     14.30682483    341.71223208    600.00000000      1.00038371      0.05681233     -7.55782974     -0.01709738     -7.57492712      0.17894776      0.00119807      0.17878562      0.02982463 bias_reducing
   955    477.50000000    267.15621275     14.29370182    347.31446788    600.00000000      1.00036961      0.05774374     -7.55870007     -0.01685490     -7.57555496      0.16412036      0.00118215      0.16395099      0.02735339 bias_reducing
   956    478.00000000    267.37795198     14.28100000    353.27291662    600.00000000      1.00035542      0.05873438     -7.55963113     -0.01661241     -7.57624354      0.14991229      0.00116616      0.14973445      0.02498538 bias_reducing
   957    478.50000000    267.60124393     14.26877782    359.76945361    600.00000000      1.00034054      0.05981448     -7.56065703     -0.01636993     -7.57702696      0.13720882      0.00115011      0.13702221      0.02286814 bias_reducing
   958    479.00000000    267.81822745     14.25710098    366.66282101    600.00000000      1.00032493      0.06096056     -7.56175598     -0.01612746     -7.57788344      0.12670320      0.00113398      0.12650885      0.02111720 bias_reducing
   959    479.50000000    268.02801998     14.24603403    373.35239369    600.00000000      1.00030948      0.06207275     -7.56282712     -0.01588499     -7.57871210      0.11914201      0.00111778      0.11894299      0.01985700 bias_reducing
   960    480.00000000    268.24330660     14.23563226    378.90071896    600.00000000      1.00029594      0.06299520     -7.56371050     -0.01564252     -7.57935302      0.11541034      0.00110150      0.11521227      0.01923506 bias_reducing
   961    480.50000000    268.50623377     14.22593556    382.38089317    600.00000000      1.00028622      0.06357381     -7.56424747     -0.01540005     -7.57964751      0.11603003      0.00108515      0.11583995      0.01933834 bias_reducing
   962    481.00000000    268.71458565     14.21696437    383.27633367    600.00000000      1.00028167      0.06372268     -7.56434890     -0.01515758     -7.57950648      0.12052472      0.00106871      0.12034808      0.02008745 bias_reducing
   963    481.50000000    268.93075074     14.20871803    381.71685185    600.00000000      1.00028254      0.06346341     -7.56403639     -0.01491511     -7.57895150      0.12748292      0.00105221      0.12732168      0.02124715 bias_reducing
   964    482.00000000    269.15121470     14.20117444    378.45154712    600.00000000      1.00028790      0.06292052     -7.56343703     -0.01467264     -7.57810967      0.13518858      0.00103563      0.13504187      0.02253143 bias_reducing
   965    482.50000000    269.36831318     14.19429071    374.59908090    600.00000000      1.00029582      0.06228002     -7.56274003     -0.01443017     -7.57717019      0.14220416      0.00101899      0.14206972      0.02370069 bias_reducing
   966    483.00000000    269.58958408     14.18800502    371.31158619    600.00000000      1.00030387      0.06173345     -7.56213992     -0.01418769     -7.57632761      0.14763060      0.00100229      0.14750591      0.02460510 bias_reducing
   967    483.50000000    269.80651311     14.18224001    369.48688703    600.00000000      1.00030971      0.06143008     -7.56178758     -0.01394520     -7.57573279      0.15108992      0.00098554      0.15097270      0.02518165 bias_reducing
   968    484.00000000    270.01709504     14.17690741    369.60143777    600.00000000      1.00031169      0.06144912     -7.56176293     -0.01370272     -7.57546565      0.15257787      0.00096875      0.15246629      0.02542965 bias_reducing
   969    484.50000000    270.23193006     14.17191325    371.67112186    600.00000000      1.00030922      0.06179323     -7.56206807     -0.01346022     -7.57552829      0.15230134      0.00095193      0.15219400      0.02538356 bias_reducing
   970    485.00000000    270.44353650     14.16716380    375.30191000    600.00000000      1.00030282      0.06239687     -7.56263683     -0.01321772     -7.57585455      0.15059620      0.00093508      0.15049202      0.02509937 bias_reducing
   971    485.50000000    270.69477624     14.16257166    379.79088099    600.00000000      1.00029387      0.06314320     -7.56335098     -0.01297521     -7.57632620      0.14791675      0.00091821      0.14781498      0.02465279 bias_reducing
   972    486.00000000    270.90470772     14.15806173    384.26730728    600.00000000      1.00028421      0.06388744     -7.56406402     -0.01273270     -7.57679673      0.14487258      0.00090133      0.14477287      0.02414543 bias_reducing
   973    486.50000000    271.12373875     14.15357648    387.87271193    600.00000000      1.00027570      0.06448687     -7.56463107     -0.01249019     -7.57712126      0.14223650      0.00088444      0.14213906      0.02370608 bias_reducing
   974    487.00000000    271.33834035     14.14908022    389.96432881    600.00000000      1.00026984      0.06483461     -7.56494284     -0.01224767     -7.57719051      0.14089356      0.00086754      0.14079919      0.02348226 bias_reducing
   975    487.50000000    271.55596782     14.14456207    390.30432542    600.00000000      1.00026744      0.06489114     -7.56495832     -0.01200514     -7.57696346      0.14160226      0.00085063      0.14151213      0.02360038 bias_reducing
   976    488.00000000    271.77350591     14.14003727    389.15655273    600.00000000      1.00026840      0.06470031     -7.56472171     -0.01176262     -7.57648433      0.14479933      0.00083371      0.14471468      0.02413322 bias_reducing
   977    488.50000000    271.99526858     14.13554583    387.24174666    600.00000000      1.00027175      0.06438196     -7.56435431     -0.01152009     -7.57587441      0.15047281      0.00081678      0.15039452      0.02507880 bias_reducing
   978    489.00000000    272.21321603     14.13114877    385.55484117    600.00000000      1.00027573      0.06410150     -7.56402464     -0.01127757     -7.57530221      0.15814822      0.00079983      0.15807659      0.02635804 bias_reducing
   979    489.50000000    272.43552189     14.12692130    385.08413338    600.00000000      1.00027823      0.06402324     -7.56389999     -0.01103504     -7.57493503      0.16695249      0.00078286      0.16688728      0.02782542 bias_reducing
   980    490.00000000    272.65744177     14.12294438    386.53902313    600.00000000      1.00027742      0.06426513     -7.56410033     -0.01079251     -7.57489285      0.17581482      0.00076587      0.17575537      0.02930247 bias_reducing
   981    490.50000000    272.92957008     14.11929562    390.21008707    600.00000000      1.00027232      0.06487547     -7.56467384     -0.01054999     -7.57522383      0.18355626      0.00074885      0.18350168      0.03059271 bias_reducing
   982    491.00000000    273.14717635     14.11604109    396.00654398    600.00000000      1.00026293      0.06583918     -7.56560388     -0.01030746     -7.57591135      0.18893237      0.00073181      0.18888165      0.03148873 bias_reducing
   983    491.50000000    273.36215364     14.11322919    403.62207325    600.00000000      1.00025001      0.06710532     -7.56683798     -0.01006494     -7.57690292      0.19078426      0.00071473      0.19073636      0.03179738 bias_reducing
   984    492.00000000    273.57537849     14.11088696    412.72028087    600.00000000      1.00023456      0.06861797     -7.56831932     -0.00982241     -7.57814174      0.18820335      0.00069762      0.18815721      0.03136722 bias_reducing
   985    492.50000000    273.79043104     14.10901855    423.03674220    600.00000000      1.00021743      0.07033316     -7.57000460     -0.00957989     -7.57958449      0.18071183      0.00068048      0.18066635      0.03011864 bias_reducing
   986    493.00000000    274.00733418     14.10760545    434.36016340    600.00000000      1.00019927      0.07221577     -7.57185995     -0.00933736     -7.58119731      0.16838168      0.00066332      0.16833569      0.02806361 bias_reducing
   987    493.50000000    274.21771966     14.10660786    446.42992829    600.00000000      1.00018061      0.07422246     -7.57384339     -0.00909484     -7.58293823      0.15190972      0.00064614      0.15186194      0.02531829 bias_reducing
   988    494.00000000    274.43857168     14.10596719    458.83663790    600.00000000      1.00016208      0.07628517     -7.57588711     -0.00885231     -7.58473942      0.13264403      0.00062894      0.13259299      0.02210734 bias_reducing
   989    494.50000000    274.65672582     14.10561014    470.99638350    600.00000000      1.00014443      0.07830683     -7.57789325     -0.00860978     -7.58650302      0.11259454      0.00061172      0.11253874      0.01876576 bias_reducing
   990    495.00000000    274.87381435     14.10545397    482.20636516    600.00000000      1.00012846      0.08017057     -7.57974386     -0.00836724     -7.58811110      0.09457666      0.00059450      0.09451533      0.01576278 bias_reducing
   991    495.50000000    275.13987581     14.10541271    491.74772786    600.00000000      1.00011493      0.08175690     -7.58131770     -0.00812471     -7.58944241      0.08236168      0.00057727      0.08229698      0.01372695 bias_reducing
   992    496.00000000    275.35339600     14.10540425    498.99480682    600.00000000      1.00010440      0.08296178     -7.58250980     -0.00788217     -7.59039197      0.07954929      0.00056004      0.07948803      0.01325822 bias_reducing
   993    496.50000000    275.56639415     14.10535750    503.49002651    600.00000000      1.00009726      0.08370915     -7.58324332     -0.00763964     -7.59088296      0.08660093      0.00054281      0.08654969      0.01443349 bias_reducing
   994    497.00000000    275.78135776     14.10521924    504.99313872    600.00000000      1.00009369      0.08395905     -7.58347710     -0.00739710     -7.59087420      0.10048709      0.00052559      0.10044700      0.01674785 bias_reducing
   995    497.50000000    275.99140439     14.10496024    503.54060477    600.00000000      1.00009370      0.08371756     -7.58321601     -0.00715456     -7.59037056      0.11759983      0.00050837      0.11756881      0.01959997 bias_reducing
   996    498.00000000    276.20247222     14.10457963    499.50584393    600.00000000      1.00009706      0.08304675     -7.58252132     -0.00691202     -7.58943334      0.13536136      0.00049116      0.13533700      0.02256023 bias_reducing
   997    498.50000000    276.42018371     14.10410717    493.62457663    600.00000000      1.00010322      0.08206894     -7.58151528     -0.00666948     -7.58818475      0.15211492      0.00047394      0.15209538      0.02535249 bias_reducing
   998    499.00000000    276.63638327     14.10360282    486.94668967    600.00000000      1.00011121      0.08095869     -7.58037394     -0.00642694     -7.58680088      0.16673457      0.00045673      0.16671854      0.02778909 bias_reducing
   999    499.50000000    276.85366823     14.10315307    480.68942713    600.00000000      1.00011967      0.07991837     -7.57930204     -0.00618440     -7.58548644      0.17840204      0.00043951      0.17838862      0.02973367 bias_reducing
  1000    500.00000000    277.07346123     14.10286425    476.00752198    600.00000000      1.00012701      0.07913997     -7.57849440     -0.00594186     -7.58443626      0.18656146      0.00042229      0.18655003      0.03109358 bias_reducing
  1001    500.50000000    277.35038175     14.10285356    473.74526851    600.00000000      1.00013175      0.07876385     -7.57809375     -0.00569932     -7.58379308      0.19092945      0.00040506      0.19091955      0.03182158 bias_reducing
  1002    501.00000000    277.56189289     14.10323905    474.26256403    600.00000000      1.00013294      0.07884985     -7.57816093     -0.00545679     -7.58361772      0.19148055      0.00038782      0.19147182      0.03191343 bias_reducing
  1003    501.50000000    277.77872418     14.10412966    477.39700474    600.00000000      1.00013040      0.07937098     -7.57866797     -0.00521426     -7.58388223      0.18840264      0.00037056      0.18839480      0.03140044 bias_reducing
  1004    502.00000000    277.99503440     14.10561612    482.56966852    600.00000000      1.00012477      0.08023097     -7.57951711     -0.00497173     -7.58448883      0.18203558      0.00035329      0.18202844      0.03033926 bias_reducing
  1005    502.50000000    278.19945981     14.10776380    488.98504371    600.00000000      1.00011711      0.08129758     -7.58057404     -0.00472920     -7.58530323      0.17282837      0.00033601      0.17282175      0.02880473 bias_reducing
  1006    503.00000000    278.41141232     14.11060819    495.84247517    600.00000000      1.00010862      0.08243768     -7.58170407     -0.00448667     -7.58619074      0.16131822      0.00031871      0.16131204      0.02688637 bias_reducing
  1007    503.50000000    278.62650296     14.11415248    502.48936568    600.00000000      1.00010027      0.08354278     -7.58279821     -0.00424414     -7.58704236      0.14820639      0.00030141      0.14820056      0.02470107 bias_reducing
  1008    504.00000000    278.84210600     14.11836811    508.46563082    600.00000000      1.00009269      0.08453638     -7.58378082     -0.00400162     -7.58778244      0.13449434      0.00028410      0.13448876      0.02241572 bias_reducing
  1009    504.50000000    279.05740710     14.12319718    513.43665177    600.00000000      1.00008628      0.08536285     -7.58459744     -0.00375909     -7.58835653      0.12178291      0.00026680      0.12177752      0.02029715 bias_reducing
  1010    505.00000000    279.27376992     14.12855600    517.08544971    600.00000000      1.00008130      0.08596949     -7.58519563     -0.00351657     -7.58871220      0.11262098      0.00024949      0.11261588      0.01877016 bias_reducing
  1011    505.50000000    279.54041146     14.13433919    519.08414432    600.00000000      1.00007806      0.08630179     -7.58551928     -0.00327404     -7.58879332      0.11018428      0.00023219      0.11017974      0.01836405 bias_reducing
  1012    506.00000000    279.75627145     14.14042543    519.17575257    600.00000000      1.00007685      0.08631702     -7.58552369     -0.00303152     -7.58855521      0.11635628      0.00021490      0.11635258      0.01939271 bias_reducing
  1013    506.50000000    279.97312553     14.14668453    517.32022712    600.00000000      1.00007785      0.08600853     -7.58520047     -0.00278900     -7.58798947      0.13001305      0.00019762      0.13001019      0.02166884 bias_reducing
  1014    507.00000000    280.18376131     14.15298668    513.81279878    600.00000000      1.00008094      0.08542539     -7.58459800     -0.00254647     -7.58714447      0.14767177      0.00018036      0.14766960      0.02461196 bias_reducing
  1015    507.50000000    280.39308857     14.15921032    509.29839231    600.00000000      1.00008566      0.08467483     -7.58382441     -0.00230395     -7.58612835      0.16546683      0.00016311      0.16546519      0.02757780 bias_reducing
  1016    508.00000000    280.60516710     14.16524970    504.67609330    600.00000000      1.00009115      0.08390634     -7.58303125     -0.00206143     -7.58509267      0.18019452      0.00014588      0.18019325      0.03003242 bias_reducing
  1017    508.50000000    280.81627761     14.17102154    500.89896631    600.00000000      1.00009629      0.08327836     -7.58237967     -0.00181890     -7.58419857      0.18959139      0.00012866      0.18959038      0.03159856 bias_reducing
  1018    509.00000000    281.02498106     14.17647021    498.72883453    600.00000000      1.00009997      0.08291756     -7.58199897     -0.00157638     -7.58357535      0.19243998      0.00011147      0.19243916      0.03207333 bias_reducing
  1019    509.50000000    281.24031865     14.18157096    498.52848091    600.00000000      1.00010142      0.08288425     -7.58195073     -0.00133386     -7.58328459      0.18864053      0.00009428      0.18863985      0.03144009 bias_reducing
  1020    510.00000000    281.45134503     14.18633029    500.16288418    600.00000000      1.00010048      0.08315598     -7.58221233     -0.00109134     -7.58330367      0.17918692      0.00007712      0.17918635      0.02986449 bias_reducing
  1021    510.50000000    281.71143715     14.19078365    503.04321981    600.00000000      1.00009760      0.08363486     -7.58268443     -0.00084882     -7.58353325      0.16603797      0.00005996      0.16603749      0.02767299 bias_reducing
  1022    511.00000000    281.92275392     14.19499024    506.29658384    600.00000000      1.00009377      0.08417576     -7.58321924     -0.00060630     -7.58382554      0.15190018      0.00004282      0.15189981      0.02531670 bias_reducing
  1023    511.50000000    282.13378541     14.19902619    509.00072872    600.00000000      1.00009011      0.08462534     -7.58366119     -0.00036378     -7.58402497      0.13986183      0.00002568      0.13986158      0.02331030 bias_reducing
  1024    512.00000000    282.34862961     14.20297645    510.40562452    600.00000000      1.00008761      0.08485892     -7.58388392     -0.00012126     -7.58400518      0.13266353      0.00000856      0.13266345      0.02211059 bias_reducing
  1025    512.50000000    282.55837041     14.20692629    510.07201352    600.00000000      1.00008695      0.08480345     -7.58381399     -0.00000000     -7.58381399      0.13166040      0.00000000      0.13166040      0.02194340 bias_off
  1026    513.00000000    282.77396936     14.21095268    507.91313273    600.00000000      1.00008842      0.08444452     -7.58343690     -0.00000000     -7.58343690      0.13631725      0.00000000      0.13631725      0.02271954 bias_off_pure_md
  1027    513.50000000    282.99494847     14.21511689    504.17516597    600.00000000      1.00009194      0.08382306     -7.58279407     -0.00000000     -7.58279407      0.14471991      0.00000000      0.14471991      0.02411998 bias_off_pure_md
  1028    514.00000000    283.21221278     14.21945915    499.38630948    600.00000000      1.00009711      0.08302687     -7.58197349     -0.00000000     -7.58197349      0.15473549      0.00000000      0.15473549      0.02578925 bias_off_pure_md
  1029    514.50000000    283.43345761     14.22399529    494.29568356    600.00000000      1.00010324      0.08218052     -7.58110068     -0.00000000     -7.58110068      0.16454884      0.00000000      0.16454884      0.02742481 bias_off_pure_md
  1030    515.00000000    283.65087844     14.22871579    489.77575636    600.00000000      1.00010934      0.08142904     -7.58032243     -0.00000000     -7.58032243      0.17276238      0.00000000      0.17276238      0.02879373 bias_off_pure_md
  1031    515.50000000    283.92240918     14.23358702    486.65489660    600.00000000      1.00011429      0.08091018     -7.57977863     -0.00000000     -7.57977863      0.17839696      0.00000000      0.17839696      0.02973283 bias_off_pure_md
  1032    516.00000000    284.13570789     14.23855419    485.51945488    600.00000000      1.00011708      0.08072140     -7.57956889     -0.00000000     -7.57956889      0.18088575      0.00000000      0.18088575      0.03014763 bias_off_pure_md
  1033    516.50000000    284.34355332     14.24354554    486.56428768    600.00000000      1.00011713      0.08089511     -7.57972632     -0.00000000     -7.57972632      0.18005384      0.00000000      0.18005384      0.03000897 bias_off_pure_md
  1034    517.00000000    284.54561633     14.24847790    489.56209638    600.00000000      1.00011447      0.08139352     -7.58021221     -0.00000000     -7.58021221      0.17604708      0.00000000      0.17604708      0.02934118 bias_off_pure_md
  1035    517.50000000    284.76273811     14.25326317    493.96243946    600.00000000      1.00010969      0.08212511     -7.58093350     -0.00000000     -7.58093350      0.16923136      0.00000000      0.16923136      0.02820523 bias_off_pure_md
  1036    518.00000000    284.97391298     14.25781555    499.06470220    600.00000000      1.00010369      0.08297340     -7.58177215     -0.00000000     -7.58177215      0.16008482      0.00000000      0.16008482      0.02668080 bias_off_pure_md
  1037    518.50000000    285.19396388     14.26205837    504.17789018    600.00000000      1.00009739      0.08382351     -7.58261208     -0.00000000     -7.58261208      0.14911349      0.00000000      0.14911349      0.02485225 bias_off_pure_md
  1038    519.00000000    285.40800543     14.26592968    508.72513131    600.00000000      1.00009158      0.08457952     -7.58335733     -0.00000000     -7.58335733      0.13684282      0.00000000      0.13684282      0.02280714 bias_off_pure_md
  1039    519.50000000    285.62676585     14.26938753    512.26821604    600.00000000      1.00008681      0.08516859     -7.58393533     -0.00000000     -7.58393533      0.12391855      0.00000000      0.12391855      0.02065309 bias_off_pure_md
  1040    520.00000000    285.84829410     14.27241415    514.45451480    600.00000000      1.00008347      0.08553208     -7.58428833     -0.00000000     -7.58428833      0.11133832      0.00000000      0.11133832      0.01855639 bias_off_pure_md
  1041    520.50000000    286.11871146     14.27501852    514.93665439    600.00000000      1.00008187      0.08561224     -7.58435907     -0.00000000     -7.58435907      0.10084074      0.00000000      0.10084074      0.01680679 bias_off_pure_md
  1042    521.00000000    286.32860717     14.27723702    513.32610500    600.00000000      1.00008241      0.08534447     -7.58408184     -0.00000000     -7.58408184      0.09517149      0.00000000      0.09517149      0.01586191 bias_off_pure_md
  1043    521.50000000    286.54934277     14.27913226    509.24323156    600.00000000      1.00008556      0.08466566     -7.58339169     -0.00000000     -7.58339169      0.09736979      0.00000000      0.09736979      0.01622830 bias_off_pure_md
  1044    522.00000000    286.76245676     14.28078973    502.47303058    600.00000000      1.00009181      0.08354006     -7.58224988     -0.00000000     -7.58224988      0.10855012      0.00000000      0.10855012      0.01809169 bias_off_pure_md
  1045    522.50000000    286.97628258     14.28231259    493.16031758    600.00000000      1.00010143      0.08199175     -7.58067891     -0.00000000     -7.58067891      0.12669500      0.00000000      0.12669500      0.02111583 bias_off_pure_md
  1046    523.00000000    287.17907377     14.28381477    481.93316449    600.00000000      1.00011427      0.08012515     -7.57878262     -0.00000000     -7.57878262      0.14830881      0.00000000      0.14830881      0.02471813 bias_off_pure_md
  1047    523.50000000    287.38819881     14.28541331    469.88261926    600.00000000      1.00012959      0.07812165     -7.57674427     -0.00000000     -7.57674427      0.17002622      0.00000000      0.17002622      0.02833770 bias_off_pure_md
  1048    524.00000000    287.59841269     14.28721980    458.39258020    600.00000000      1.00014592      0.07621134     -7.57479678     -0.00000000     -7.57479678      0.18910717      0.00000000      0.18910717      0.03151786 bias_off_pure_md
  1049    524.50000000    287.80761248     14.28933193    448.87475021    600.00000000      1.00016123      0.07462893     -7.57317792     -0.00000000     -7.57317792      0.20355958      0.00000000      0.20355958      0.03392660 bias_off_pure_md
  1050    525.00000000    288.01635697     14.29182697    442.50268547    600.00000000      1.00017330      0.07356953     -7.57208504     -0.00000000     -7.57208504      0.21215871      0.00000000      0.21215871      0.03535979 bias_off_pure_md
  1051    525.50000000    288.27308656     14.29475767    440.02317288    600.00000000      1.00018021      0.07315729     -7.57164394     -0.00000000     -7.57164394      0.21443886      0.00000000      0.21443886      0.03573981 bias_off_pure_md
  1052    526.00000000    288.46693497     14.29815091    441.66419274    600.00000000      1.00018085      0.07343012     -7.57189341     -0.00000000     -7.57189341      0.21063267      0.00000000      0.21063267      0.03510545 bias_off_pure_md
  1053    526.50000000    288.67891074     14.30200797    447.11815225    600.00000000      1.00017525      0.07433688     -7.57278223     -0.00000000     -7.57278223      0.20155854      0.00000000      0.20155854      0.03359309 bias_off_pure_md
  1054    527.00000000    288.88957747     14.30630594    455.58768064    600.00000000      1.00016456      0.07574501     -7.57417749     -0.00000000     -7.57417749      0.18851059      0.00000000      0.18851059      0.03141843 bias_off_pure_md
  1055    527.50000000    289.11000553     14.31099964    465.90832286    600.00000000      1.00015067      0.07746090     -7.57588391     -0.00000000     -7.57588391      0.17315578      0.00000000      0.17315578      0.02885930 bias_off_pure_md
  1056    528.00000000    289.33232655     14.31602432    476.75267197    600.00000000      1.00013573      0.07926385     -7.57767799     -0.00000000     -7.57767799      0.15740863      0.00000000      0.15740863      0.02623477 bias_off_pure_md
  1057    528.50000000    289.54902910     14.32129935    486.88668858    600.00000000      1.00012165      0.08094871     -7.57935226     -0.00000000     -7.57935226      0.14327226      0.00000000      0.14327226      0.02387871 bias_off_pure_md
  1058    529.00000000    289.76930447     14.32673270    495.41051610    600.00000000      1.00010971      0.08236587     -7.58075523     -0.00000000     -7.58075523      0.13252714      0.00000000      0.13252714      0.02208786 bias_off_pure_md
  1059    529.50000000    289.98488486     14.33222632    501.89942141    600.00000000      1.00010051      0.08344470     -7.58181611     -0.00000000     -7.58181611      0.12622235      0.00000000      0.12622235      0.02103706 bias_off_pure_md
  1060    530.00000000    290.20117072     14.33768220    506.39478712    600.00000000      1.00009404      0.08419209     -7.58254324     -0.00000000     -7.58254324      0.12439316      0.00000000      0.12439316      0.02073219 bias_off_pure_md
  1061    530.50000000    290.46892317     14.34300919    509.26396666    600.00000000      1.00008985      0.08466911     -7.58299944     -0.00000000     -7.58299944      0.12608186      0.00000000      0.12608186      0.02101364 bias_off_pure_md
  1062    531.00000000    290.67779133     14.34813032    510.98301176    600.00000000      1.00008731      0.08495491     -7.58326614     -0.00000000     -7.58326614      0.12986079      0.00000000      0.12986079      0.02164346 bias_off_pure_md
  1063    531.50000000    290.89219858     14.35298925    511.92645572    600.00000000      1.00008584      0.08511177     -7.58340649     -0.00000000     -7.58340649      0.13446138      0.00000000      0.13446138      0.02241023 bias_off_pure_md
  1064    532.00000000    291.10528093     14.35755524    512.25569756    600.00000000      1.00008513      0.08516651     -7.58344728     -0.00000000     -7.58344728      0.13910394      0.00000000      0.13910394      0.02318399 bias_off_pure_md
  1065    532.50000000    291.31754616     14.36182660    511.93898768    600.00000000      1.00008510      0.08511385     -7.58338143     -0.00000000     -7.58338143      0.14341265      0.00000000      0.14341265      0.02390211 bias_off_pure_md
  1066    533.00000000    291.53329135     14.36583140    510.87539182    600.00000000      1.00008587      0.08493702     -7.58319028     -0.00000000     -7.58319028      0.14718980      0.00000000      0.14718980      0.02453163 bias_off_pure_md
  1067    533.50000000    291.74929322     14.36962482    509.04660711    600.00000000      1.00008754      0.08463297     -7.58286974     -0.00000000     -7.58286974      0.15023282      0.00000000      0.15023282      0.02503880 bias_off_pure_md
  1068    534.00000000    291.96409753     14.37328424    506.60760576    600.00000000      1.00009006      0.08422747     -7.58244551     -0.00000000     -7.58244551      0.15225521      0.00000000      0.15225521      0.02537587 bias_off_pure_md
  1069    534.50000000    292.17390672     14.37690182    503.86626118    600.00000000      1.00009317      0.08377170     -7.58197029     -0.00000000     -7.58197029      0.15291350      0.00000000      0.15291350      0.02548558 bias_off_pure_md
  1070    535.00000000    292.37792195     14.38057571    501.15805527    600.00000000      1.00009645      0.08332144     -7.58150172     -0.00000000     -7.58150172      0.15195624      0.00000000      0.15195624      0.02532604 bias_off_pure_md
  1071    535.50000000    292.64555554     14.38440022    498.68986895    600.00000000      1.00009956      0.08291108     -7.58107530     -0.00000000     -7.58107530      0.14939946      0.00000000      0.14939946      0.02489991 bias_off_pure_md
  1072    536.00000000    292.86042306     14.38845668    496.44866945    600.00000000      1.00010236      0.08253847     -7.58068830     -0.00000000     -7.58068830      0.14567832      0.00000000      0.14567832      0.02427972 bias_off_pure_md
  1073    536.50000000    293.08112975     14.39280685    494.21744406    600.00000000      1.00010501      0.08216751     -7.58030381     -0.00000000     -7.58030381      0.14167281      0.00000000      0.14167281      0.02361214 bias_off_pure_md
  1074    537.00000000    293.30321061     14.39749051    491.66053989    600.00000000      1.00010785      0.08174240     -7.57986509     -0.00000000     -7.57986509      0.13863261      0.00000000      0.13863261      0.02310543 bias_off_pure_md
  1075    537.50000000    293.52090498     14.40252484    488.41246285    600.00000000      1.00011136      0.08120238     -7.57931058     -0.00000000     -7.57931058      0.13799211      0.00000000      0.13799211      0.02299869 bias_off_pure_md
  1076    538.00000000    293.74277235     14.40790386    484.16483838    600.00000000      1.00011601      0.08049618     -7.57858764     -0.00000000     -7.57858764      0.14109607      0.00000000      0.14109607      0.02351601 bias_off_pure_md
  1077    538.50000000    293.95935858     14.41359906    478.77285321    600.00000000      1.00012215      0.07959972     -7.57767080     -0.00000000     -7.57767080      0.14862618      0.00000000      0.14862618      0.02477103 bias_off_pure_md
  1078    539.00000000    294.18374191     14.41956034    472.36929866    600.00000000      1.00012993      0.07853508     -7.57658073     -0.00000000     -7.57658073      0.16013876      0.00000000      0.16013876      0.02668979 bias_off_pure_md
  1079    539.50000000    294.40295818     14.42571856    465.46801557    600.00000000      1.00013903      0.07738769     -7.57540233     -0.00000000     -7.57540233      0.17403227      0.00000000      0.17403227      0.02900538 bias_off_pure_md
  1080    540.00000000    294.62428364     14.43198932    459.00027310    600.00000000      1.00014856      0.07631238     -7.57429115     -0.00000000     -7.57429115      0.18794612      0.00000000      0.18794612      0.03132435 bias_off_pure_md
  1081    540.50000000    294.88990275     14.43827838    454.19618543    600.00000000      1.00015691      0.07551366     -7.57345538     -0.00000000     -7.57345538      0.19935718      0.00000000      0.19935718      0.03322620 bias_off_pure_md
  1082    541.00000000    295.10819232     14.44448856    452.30586404    600.00000000      1.00016208      0.07519938     -7.57310666     -0.00000000     -7.57310666      0.20606464      0.00000000      0.20606464      0.03434411 bias_off_pure_md
  1083    541.50000000    295.32420834     14.45052820    454.23734626    600.00000000      1.00016223      0.07552050     -7.57340068     -0.00000000     -7.57340068      0.20655774      0.00000000      0.20655774      0.03442629 bias_off_pure_md
  1084    542.00000000    295.53809558     14.45632022    460.23230512    600.00000000      1.00015644      0.07651721     -7.57437948     -0.00000000     -7.57437948      0.20026227      0.00000000      0.20026227      0.03337704 bias_off_pure_md
  1085    542.50000000    295.75427277     14.46181011    469.71976041    600.00000000      1.00014525      0.07809458     -7.57594790     -0.00000000     -7.57594790      0.18761249      0.00000000      0.18761249      0.03126875 bias_off_pure_md
  1086    543.00000000    295.97443991     14.46697238    481.41948551    600.00000000      1.00013048      0.08003975     -7.57789026     -0.00000000     -7.57789026      0.16995664      0.00000000      0.16995664      0.02832611 bias_off_pure_md
  1087    543.50000000    296.19295496     14.47181444    493.65549782    600.00000000      1.00011459      0.08207408     -7.57992362     -0.00000000     -7.57992362      0.14938596      0.00000000      0.14938596      0.02489766 bias_off_pure_md
  1088    544.00000000    296.41021440     14.47637736    504.76279863    600.00000000      1.00009988      0.08392076     -7.58176701     -0.00000000     -7.58176701      0.12860429      0.00000000      0.12860429      0.02143405 bias_off_pure_md
  1089    544.50000000    296.62053761     14.48073306    513.45026169    600.00000000      1.00008802      0.08536511     -7.58320337     -0.00000000     -7.58320337      0.11079148      0.00000000      0.11079148      0.01846525 bias_off_pure_md
  1090    545.00000000    296.83000289     14.48497856    519.01659539    600.00000000      1.00007984      0.08629056     -7.58411534     -0.00000000     -7.58411534      0.09918745      0.00000000      0.09918745      0.01653124 bias_off_pure_md
  1091    545.50000000    297.08182988     14.48922800    521.38680778    600.00000000      1.00007548      0.08668463     -7.58449108     -0.00000000     -7.58449108      0.09588092      0.00000000      0.09588092      0.01598015 bias_off_pure_md
  1092    546.00000000    297.29709412     14.49360321    520.97397586    600.00000000      1.00007453      0.08661599     -7.58440199     -0.00000000     -7.58440199      0.10025349      0.00000000      0.10025349      0.01670892 bias_off_pure_md
  1093    546.50000000    297.51389853     14.49822379    518.43186878    600.00000000      1.00007632      0.08619334     -7.58395873     -0.00000000     -7.58395873      0.10972676      0.00000000      0.10972676      0.01828779 bias_off_pure_md
  1094    547.00000000    297.73026279     14.50319791    514.42722628    600.00000000      1.00008010      0.08552754     -7.58327321     -0.00000000     -7.58327321      0.12162860      0.00000000      0.12162860      0.02027143 bias_off_pure_md
  1095    547.50000000    297.94906565     14.50861451    509.50729735    600.00000000      1.00008526      0.08470957     -7.58243635     -0.00000000     -7.58243635      0.13413270      0.00000000      0.13413270      0.02235545 bias_off_pure_md
  1096    548.00000000    298.15935750     14.51453740    504.07681796    600.00000000      1.00009131      0.08380671     -7.58151471     -0.00000000     -7.58151471      0.14619408      0.00000000      0.14619408      0.02436568 bias_off_pure_md
  1097    548.50000000    298.37102664     14.52100136    498.45024086    600.00000000      1.00009790      0.08287124     -7.58055973     -0.00000000     -7.58055973      0.15722606      0.00000000      0.15722606      0.02620434 bias_off_pure_md
  1098    549.00000000    298.58458789     14.52800902    492.92497750    600.00000000      1.00010470      0.08195263     -7.57962033     -0.00000000     -7.57962033      0.16685419      0.00000000      0.16685419      0.02780903 bias_off_pure_md
  1099    549.50000000    298.80195380     14.53552892    487.84485722    600.00000000      1.00011133      0.08110802     -7.57875304     -0.00000000     -7.57875304      0.17482767      0.00000000      0.17482767      0.02913795 bias_off_pure_md
  1100    550.00000000    299.01421820     14.54349576    483.64022457    600.00000000      1.00011729      0.08040896     -7.57802953     -0.00000000     -7.57802953      0.18092768      0.00000000      0.18092768      0.03015461 bias_off_pure_md
  1101    550.50000000    299.28176198     14.55181294    480.83275387    600.00000000      1.00012191      0.07994220     -7.57753723     -0.00000000     -7.57753723      0.18490224      0.00000000      0.18490224      0.03081704 bias_off_pure_md
  1102    551.00000000    299.50272468     14.56035796    479.98767326    600.00000000      1.00012441      0.07980170     -7.57737141     -0.00000000     -7.57737141      0.18642085      0.00000000      0.18642085      0.03107014 bias_off_pure_md
  1103    551.50000000    299.71309013     14.56899060    481.60713883    600.00000000      1.00012401      0.08007095     -7.57761760     -0.00000000     -7.57761760      0.18511548      0.00000000      0.18511548      0.03085258 bias_off_pure_md
  1104    552.00000000    299.92248929     14.57756388    485.98148155    600.00000000      1.00012018      0.08079821     -7.57832617     -0.00000000     -7.57832617      0.18068027      0.00000000      0.18068027      0.03011338 bias_off_pure_md
  1105    552.50000000    300.13179927     14.58593684    493.04254427    600.00000000      1.00011286      0.08197217     -7.57948708     -0.00000000     -7.57948708      0.17301207      0.00000000      0.17301207      0.02883534 bias_off_pure_md
  1106    553.00000000    300.34122617     14.59398740    502.28256449    600.00000000      1.00010265      0.08350840     -7.58101622     -0.00000000     -7.58101622      0.16232978      0.00000000      0.16232978      0.02705496 bias_off_pure_md
  1107    553.50000000    300.53194766     14.60162357    512.78544282    600.00000000      1.00009068      0.08525458     -7.58275983     -0.00000000     -7.58275983      0.14925960      0.00000000      0.14925960      0.02487660 bias_off_pure_md
  1108    554.00000000    300.74430288     14.60879140    523.37139486    600.00000000      1.00007839      0.08701458     -7.58451971     -0.00000000     -7.58451971      0.13493247      0.00000000      0.13493247      0.02248875 bias_off_pure_md
  1109    554.50000000    300.96014708     14.61547913    532.80572665    600.00000000      1.00006718      0.08858311     -7.58608810     -0.00000000     -7.58608810      0.12110213      0.00000000      0.12110213      0.02018369 bias_off_pure_md
  1110    555.00000000    301.17103081     14.62171740    540.02350606    600.00000000      1.00005820      0.08978312     -7.58728567     -0.00000000     -7.58728567      0.11023819      0.00000000      0.11023819      0.01837303 bias_off_pure_md
  1111    555.50000000    301.43660822     14.62757554    544.32609347    600.00000000      1.00005218      0.09049846     -7.58799414     -0.00000000     -7.58799414      0.10518231      0.00000000      0.10518231      0.01753039 bias_off_pure_md
  1112    556.00000000    301.65132761     14.63315446    545.51195021    600.00000000      1.00004941      0.09069562     -7.58817917     -0.00000000     -7.58817917      0.10784693      0.00000000      0.10784693      0.01797449 bias_off_pure_md
  1113    556.50000000    301.84688270     14.63857686    543.92304523    600.00000000      1.00004972      0.09043145     -7.58789773     -0.00000000     -7.58789773      0.11748477      0.00000000      0.11748477      0.01958079 bias_off_pure_md
  1114    557.00000000    302.06153040     14.64397619    540.35271297    600.00000000      1.00005251      0.08983786     -7.58728375     -0.00000000     -7.58728375      0.13119947      0.00000000      0.13119947      0.02186658 bias_off_pure_md
  1115    557.50000000    302.27536523     14.64948486    535.82011707    600.00000000      1.00005687      0.08908428     -7.58650953     -0.00000000     -7.58650953      0.14572096      0.00000000      0.14572096      0.02428683 bias_off_pure_md
  1116    558.00000000    302.48851765     14.65522296    531.29676313    600.00000000      1.00006177      0.08833223     -7.58573910     -0.00000000     -7.58573910      0.15840835      0.00000000      0.15840835      0.02640139 bias_off_pure_md
  1117    558.50000000    302.69899008     14.66128851    527.47294636    600.00000000      1.00006630      0.08769649     -7.58508847     -0.00000000     -7.58508847      0.16748602      0.00000000      0.16748602      0.02791434 bias_off_pure_md
  1118    559.00000000    302.90824617     14.66774991    524.64307910    600.00000000      1.00006990      0.08722601     -7.58460642     -0.00000000     -7.58460642      0.17202372      0.00000000      0.17202372      0.02867062 bias_off_pure_md
  1119    559.50000000    303.12302542     14.67464096    522.72259214    600.00000000      1.00007244      0.08690671     -7.58427815     -0.00000000     -7.58427815      0.17188897      0.00000000      0.17188897      0.02864816 bias_off_pure_md
  1120    560.00000000    303.33836527     14.68195795    521.35564434    600.00000000      1.00007416      0.08667945     -7.58404286     -0.00000000     -7.58404286      0.16768753      0.00000000      0.16768753      0.02794792 bias_off_pure_md
  1121    560.50000000    303.59847720     14.68965893    520.06669273    600.00000000      1.00007553      0.08646515     -7.58381994     -0.00000000     -7.58381994      0.16068018      0.00000000      0.16068018      0.02678003 bias_off_pure_md
  1122    561.00000000    303.80491531     14.69766533    518.41467737    600.00000000      1.00007708      0.08619049     -7.58353469     -0.00000000     -7.58353469      0.15260452      0.00000000      0.15260452      0.02543409 bias_off_pure_md
  1123    561.50000000    304.02096858     14.70586644    516.11784959    600.00000000      1.00007925      0.08580862     -7.58313959     -0.00000000     -7.58313959      0.14536335      0.00000000      0.14536335      0.02422722 bias_off_pure_md
  1124    562.00000000    304.23354853     14.71412732    513.11675899    600.00000000      1.00008225      0.08530967     -7.58262464     -0.00000000     -7.58262464      0.14057160      0.00000000      0.14057160      0.02342860 bias_off_pure_md
  1125    562.50000000    304.44738556     14.72229994    509.56434123    600.00000000      1.00008603      0.08471905     -7.58201598     -0.00000000     -7.58201598      0.13913536      0.00000000      0.13913536      0.02318923 stop_max_pure_md
