  step         time_fs     wall_time_s        rti_dist          temp_K     temp_bath_K   thermo_lambda          kin_Ha     pot_real_Ha     pot_rtip_Ha    pot_total_Ha          f_real          f_rtip         f_total      rms_f_real state_decision
     1      0.50000000     10.45841166     33.53352852      0.32870680    300.00000000      1.13973681      0.00005465   -786.78730040     -0.00570297   -786.79300338      0.07841309      0.00018742      0.07842451      0.01306885 md_running
     2      1.00000000     21.67309544     33.53175892      3.00564979    300.00000000      1.12157974      0.00049971   -786.78764785     -0.01140599   -786.79905385      0.07521959      0.00037484      0.07524175      0.01253660 md_running
     3      1.50000000     40.62915411     33.52812825      7.18884374    300.00000000      1.02995531      0.00119520   -786.78828305     -0.01710913   -786.80539218      0.06884345      0.00056228      0.06887343      0.01147391 md_running
     4      2.00000000     40.89095444     33.52304551     11.81198540    300.00000000      1.01518006      0.00196383   -786.78900090     -0.02281243   -786.81181333      0.06045022      0.00074973      0.06048175      0.01007504 md_running
     5      2.50000000     41.14620723     33.51687901     15.77173261    300.00000000      1.01016203      0.00262217   -786.78960989     -0.02851593   -786.81812582      0.05160032      0.00093721      0.05162107      0.00860005 md_running
     6      3.00000000     41.39823406     33.51004170     18.21340304    300.00000000      1.00811921      0.00302812   -786.78996321     -0.03421962   -786.82418283      0.04466447      0.00112472      0.04465353      0.00744408 md_running
     7      3.50000000     41.66762018     33.50297550     18.79103749    300.00000000      1.00742361      0.00312416   -786.79000083     -0.03992350   -786.82992433      0.04235755      0.00131228      0.04229295      0.00705959 md_running
     8      4.00000000     45.61673594     33.49612187     17.79325162    300.00000000      1.00755755      0.00295827   -786.78977113     -0.04562751   -786.83539864      0.04549389      0.00149990      0.04537192      0.00758232 md_running
     9      4.50000000     45.86465457     33.48988807     16.06657425    300.00000000      1.00829205      0.00267119   -786.78941745     -0.05133160   -786.84074905      0.05184370      0.00168759      0.05167549      0.00864062 md_running
    10      5.00000000     46.11120038     33.48461509     14.73191936    300.00000000      1.00929290      0.00244930   -786.78912990     -0.05703567   -786.84616557      0.05843673      0.00187536      0.05823165      0.00973946 md_running
    11      5.50000000     46.35217930     33.48055139     14.77614355    300.00000000      1.00983088      0.00245665   -786.78907623     -0.06273966   -786.85181588      0.06329129      0.00206323      0.06305368      0.01054855 md_running
    12      6.00000000     46.58909149     33.47783462     16.66888115    300.00000000      1.00920349      0.00277133   -786.78933711     -0.06844348   -786.85778059      0.06556043      0.00225122      0.06529235      0.01092674 md_running
    13      6.50000000     46.83394365     33.47648002     20.17377689    300.00000000      1.00771275      0.00335405   -786.78987458     -0.07414707   -786.86402165      0.06531552      0.00243932      0.06501977      0.01088592 md_running
    14      7.00000000     47.08500067     33.47637620     24.45019083    300.00000000      1.00621028      0.00406504   -786.79054733     -0.07985039   -786.87039772      0.06331115      0.00262754      0.06299445      0.01055186 md_running
    15      7.50000000     47.33568756     33.47729597     28.39342794    300.00000000      1.00512353      0.00472063   -786.79116785     -0.08555345   -786.87672130      0.06068031      0.00281588      0.06035631      0.01011338 md_running
    16      8.00000000     47.58256157     33.47892172     31.05100955    300.00000000      1.00448029      0.00516247   -786.79157391     -0.09125625   -786.88283016      0.05852796      0.00300434      0.05821816      0.00975466 md_running
    17      8.50000000     47.84932696     33.48087811     31.94445097    300.00000000      1.00419792      0.00531101   -786.79168327     -0.09695886   -786.88864213      0.05754326      0.00319291      0.05727275      0.00959054 md_running
    18      9.00000000     52.90776189     33.48276752     31.19659695    300.00000000      1.00419873      0.00518668   -786.79151540     -0.10266137   -786.89417677      0.05778611      0.00338157      0.05757566      0.00963102 md_running
    19      9.50000000     53.17441357     33.48420436     29.45399808    300.00000000      1.00441500      0.00489696   -786.79117822     -0.10836385   -786.89954207      0.05879338      0.00357031      0.05865402      0.00979890 md_running
    20     10.00000000     53.42216548     33.48484578     27.66083804    300.00000000      1.00475180      0.00459883   -786.79082942     -0.11406642   -786.90489584      0.05989442      0.00375913      0.05982778      0.00998240 md_running
    21     10.50000000     53.66805976     33.48441785     26.76700747    300.00000000      1.00504434      0.00445022   -786.79062795     -0.11976917   -786.91039712      0.06049858      0.00394800      0.06050010      0.01008310 md_running
    22     11.00000000     53.91714640     33.48273593     27.45215081    300.00000000      1.00508483      0.00456413   -786.79068690     -0.12547218   -786.91615908      0.06024415      0.00413692      0.06030571      0.01004069 md_running
    23     11.50000000     54.19650633     33.47971908     29.93173838    300.00000000      1.00477285      0.00497639   -786.79104252     -0.13117552   -786.92221804      0.05906111      0.00432588      0.05917192      0.00984352 md_running
    24     12.00000000     59.34746678     33.47539779     33.88982111    300.00000000      1.00422104      0.00563445   -786.79164201     -0.13687922   -786.92852123      0.05722098      0.00451488      0.05736690      0.00953683 md_running
    25     12.50000000     59.60315536     33.46991325     38.55819592    300.00000000      1.00363633      0.00641060   -786.79235652     -0.14258327   -786.93493980      0.05537585      0.00470391      0.05553775      0.00922931 md_running
    26     13.00000000     59.85562608     33.46350733     42.93004146    300.00000000      1.00316000      0.00713745   -786.79301697     -0.14828763   -786.94130460      0.05449922      0.00489298      0.05465237      0.00908320 md_running
    27     13.50000000     60.10696917     33.45650394     46.06188907    300.00000000      1.00284116      0.00765815   -786.79346449     -0.15399219   -786.94745668      0.05554587      0.00508210      0.05566421      0.00925765 md_running
    28     14.00000000     60.36887835     33.44928378     47.38433401    300.00000000      1.00267893      0.00787802   -786.79360364     -0.15969684   -786.95330048      0.05886234      0.00527127      0.05892765      0.00981039 md_running
    29     14.50000000     60.62999457     33.44225444     46.92555094    300.00000000      1.00265416      0.00780174   -786.79344026     -0.16540141   -786.95884167      0.06382082      0.00546053      0.06382827      0.01063680 md_running
    30     15.00000000     60.91062704     33.43581689     45.35436345    300.00000000      1.00273509      0.00754052   -786.79308927     -0.17110572   -786.96419500      0.06904326      0.00564990      0.06899810      0.01150721 md_running
    31     15.50000000     67.47438046     33.43033043     43.78817836    300.00000000      1.00286573      0.00728013   -786.79274265     -0.17680960   -786.96955225      0.07295408      0.00583941      0.07286538      0.01215901 md_running
    32     16.00000000     67.74132664     33.42607977     43.40458551    300.00000000      1.00295701      0.00721635   -786.79260279     -0.18251288   -786.97511567      0.07423858      0.00602909      0.07411579      0.01237310 md_running
    33     16.50000000     67.99962540     33.42324664     44.99399242    300.00000000      1.00291680      0.00748060   -786.79280628     -0.18821541   -786.98102169      0.07212590      0.00621898      0.07197833      0.01202098 md_running
    34     17.00000000     68.25734637     33.42188967     48.64050260    300.00000000      1.00272058      0.00808686   -786.79336920     -0.19391712   -786.98728632      0.06652937      0.00640909      0.06636754      0.01108823 md_running
    35     17.50000000     68.51041916     33.42193500     53.67584423    300.00000000      1.00243529      0.00892403   -786.79417860     -0.19961799   -786.99379658      0.05810979      0.00659944      0.05794879      0.00968497 md_running
    36     18.00000000     68.76516517     33.42318001     58.92638403    300.00000000      1.00215532      0.00979697   -786.79503437     -0.20531806   -787.00035242      0.04833629      0.00679005      0.04820231      0.00805605 md_running
    37     18.50000000     69.02429436     33.42531015     63.13845933    300.00000000      1.00194148      0.01049726   -786.79572201     -0.21101745   -787.00673946      0.03966169      0.00698091      0.03960177      0.00661028 md_running
    38     19.00000000     69.28322385     33.42792674     65.40013781    300.00000000      1.00181503      0.01087328   -786.79608417     -0.21671635   -787.01280052      0.03544959      0.00717203      0.03552121      0.00590826 md_running
    39     19.50000000     69.53729816     33.43058104     65.40954912    300.00000000      1.00177548      0.01087485   -786.79606661     -0.22241499   -787.01848160      0.03775844      0.00736338      0.03796411      0.00629307 md_running
    40     20.00000000     69.78825920     33.43281096     63.52606313    300.00000000      1.00181277      0.01056170   -786.79572648     -0.22811360   -787.02384008      0.04468867      0.00755497      0.04497472      0.00744811 md_running
    41     20.50000000     70.03964734     33.43417711     60.62016617    300.00000000      1.00190909      0.01007858   -786.79520736     -0.23381245   -787.02901981      0.05297223      0.00774677      0.05329472      0.00882870 md_running
    42     21.00000000     70.29354121     33.43429495     57.79424679    300.00000000      1.00203436      0.00960874   -786.79469181     -0.23951179   -787.03420360      0.06046111      0.00793878      0.06079524      0.01007685 md_running
    43     21.50000000     70.54967393     33.43286199     56.06481240    300.00000000      1.00214355      0.00932121   -786.79434855     -0.24521182   -787.03956037      0.06604621      0.00813100      0.06637593      0.01100770 md_running
    44     22.00000000     70.80137512     33.42967839     56.08802920    300.00000000      1.00218771      0.00932507   -786.79428588     -0.25091273   -787.04519861      0.06922445      0.00832342      0.06953617      0.01153741 md_running
    45     22.50000000     71.05985065     33.42466009     57.99102565    300.00000000      1.00214079      0.00964146   -786.79452438     -0.25661461   -787.05113900      0.06989737      0.00851605      0.07017665      0.01164956 md_running
    46     23.00000000     71.32204778     33.41784421     61.34602453    300.00000000      1.00201856      0.01019926   -786.79499153     -0.26231752   -787.05730905      0.06832495      0.00870889      0.06855429      0.01138749 md_running
    47     23.50000000     71.58465266     33.40938579     65.29648286    300.00000000      1.00186591      0.01085605   -786.79554363     -0.26802141   -787.06356504      0.06514447      0.00890196      0.06530171      0.01085741 md_running
    48     24.00000000     71.95512844     33.39954602     68.81139390    300.00000000      1.00172786      0.01144043   -786.79600799     -0.27372618   -787.06973417      0.06138526      0.00909528      0.06144394      0.01023088 md_running
    49     24.50000000     72.20367208     33.38867213     71.00685244    300.00000000      1.00163299      0.01180544   -786.79623728     -0.27943166   -787.07566894      0.05833267      0.00928888      0.05826821      0.00972211 md_running
    50     25.00000000     72.46049762     33.37717056     71.44400530    300.00000000      1.00159282      0.01187812   -786.79615991     -0.28513761   -787.08129751      0.05707897      0.00948280      0.05688195      0.00951316 md_running
    51     25.50000000     72.72393834     33.36547504     70.30187571    300.00000000      1.00160580      0.01168824   -786.79580971     -0.29084375   -787.08665346      0.05784843      0.00967709      0.05753433      0.00964141 md_running
    52     26.00000000     72.98597312     33.35401126     68.34099295    300.00000000      1.00165837      0.01136222   -786.79531986     -0.29654978   -787.09186964      0.05974770      0.00987181      0.05934929      0.00995795 md_running
    53     26.50000000     73.24412594     33.34316061     66.64147159    300.00000000      1.00172367      0.01107966   -786.79487814     -0.30225541   -787.09713356      0.06131325      0.01006702      0.06086558      0.01021887 md_running
    54     27.00000000     73.50666946     33.33322644     66.19845644    300.00000000      1.00176487      0.01100601   -786.79465766     -0.30796040   -787.10261806      0.06128211      0.01026280      0.06081702      0.01021368 md_running
    55     27.50000000     73.75523034     33.32440615     67.53358285    300.00000000      1.00175101      0.01122799   -786.79475030     -0.31366454   -787.10841484      0.05906486      0.01045920      0.05861547      0.00984414 md_running
    56     28.00000000     74.00214770     33.31677264     70.48806888    300.00000000      1.00167783      0.01171919   -786.79513050     -0.31936774   -787.11449824      0.05492469      0.01065628      0.05453487      0.00915411 md_running
    57     28.50000000     74.25153009     33.31026812     74.28576095    300.00000000      1.00157063      0.01235059   -786.79566632     -0.32507000   -787.12073632      0.04999915      0.01085406      0.04973405      0.00833319 md_running
    58     29.00000000     74.49661496     33.30471109     77.83066017    300.00000000      1.00146525      0.01293995   -786.79616992     -0.33077140   -787.12694132      0.04615466      0.01105256      0.04609892      0.00769244 md_running
    59     29.50000000     74.74166060     33.29981605     80.10504988    300.00000000      1.00138924      0.01331809   -786.79646546     -0.33647215   -787.13293760      0.04532679      0.01125178      0.04554364      0.00755447 md_running
    60     30.00000000     74.99200554     33.29522300     80.51035250    300.00000000      1.00135655      0.01338547   -786.79644725     -0.34217249   -787.13861974      0.04822424      0.01145170      0.04870078      0.00803737 md_running
    61     30.50000000     75.24881708     33.29053216     79.04308306    300.00000000      1.00137021      0.01314153   -786.79610999     -0.34787275   -787.14398274      0.05377826      0.01165228      0.05444509      0.00896304 md_running
    62     31.00000000     75.50504240     33.28534027     76.27051571    300.00000000      1.00142476      0.01268057   -786.79554463     -0.35357323   -787.14911787      0.06017999      0.01185349      0.06096821      0.01003000 md_running
    63     31.50000000     75.75304908     33.27927511     73.13780727    300.00000000      1.00150587      0.01215973   -786.79490613     -0.35927425   -787.15418038      0.06589174      0.01205526      0.06675249      0.01098196 md_running
    64     32.00000000     76.00454041     33.27202560     70.68281986    300.00000000      1.00158916      0.01175157   -786.79436552     -0.36497607   -787.15934159      0.06988878      0.01225756      0.07078803      0.01164813 md_running
    65     32.50000000     76.25974524     33.26336635     69.74170395    300.00000000      1.00164357      0.01159510   -786.79406101     -0.37067889   -787.16473991      0.07159152      0.01246034      0.07250195      0.01193192 md_running
    66     33.00000000     76.51266395     33.25317526     70.71907073    300.00000000      1.00164387      0.01175760   -786.79405890     -0.37638285   -787.17044176      0.07079604      0.01266353      0.07169042      0.01179934 md_running
    67     33.50000000     76.76999795     33.24144344     73.47717518    300.00000000      1.00158589      0.01221615   -786.79433576     -0.38208799   -787.17642375      0.06766587      0.01286710      0.06851044      0.01127765 md_running
    68     34.00000000     77.02832554     33.22827713     77.37234386    300.00000000      1.00148940      0.01286376   -786.79478399     -0.38779426   -787.18257825      0.06279712      0.01307101      0.06354301      0.01046619 md_running
    69     34.50000000     77.28638479     33.21389113     81.43568022    300.00000000      1.00138491      0.01353932   -786.79524214     -0.39350154   -787.18874368      0.05732044      0.01327522      0.05789350      0.00955341 md_running
    70     35.00000000     77.54232941     33.19859434     84.65761225    300.00000000      1.00129852      0.01407499   -786.79554294     -0.39920959   -787.19475253      0.05292884      0.01347973      0.05322840      0.00882147 md_running
    71     35.50000000     77.79559441     33.18276796     86.30118084    300.00000000      1.00124547      0.01434824   -786.79556613     -0.40491814   -787.20048428      0.05145712      0.01368453      0.05139447      0.00857619 md_running
    72     36.00000000     78.05226514     33.16683823     86.14940015    300.00000000      1.00123069      0.01432301   -786.79528000     -0.41062687   -787.20590687      0.05373564      0.01388965      0.05330332      0.00895594 md_running
    73     36.50000000     78.30731140     33.15124444     84.59323411    300.00000000      1.00125043      0.01406429   -786.79475704     -0.41633542   -787.21109246      0.05882257      0.01409513      0.05809631      0.00980376 md_running
    74     37.00000000     78.55662308     33.13640374     82.50829910    300.00000000      1.00129256      0.01371765   -786.79415177     -0.42204343   -787.21619521      0.06480073      0.01430102      0.06387282      0.01080012 md_running
    75     37.50000000     78.81754369     33.12267575     80.95105137    300.00000000      1.00133680      0.01345874   -786.79364965     -0.42775062   -787.22140027      0.06992218      0.01450738      0.06886477      0.01165370 md_running
    76     38.00000000     79.08273420     33.11032929     80.78244214    300.00000000      1.00135927      0.01343071   -786.79340146     -0.43345674   -787.22685821      0.07309730      0.01471430      0.07196499      0.01218288 md_running
    77     38.50000000     79.34213828     33.09951524     82.36528009    300.00000000      1.00134339      0.01369387   -786.79347189     -0.43916167   -787.23263356      0.07391463      0.01492183      0.07275678      0.01231910 md_running
    78     39.00000000     79.60587965     33.09024953     85.45329583    300.00000000      1.00128983      0.01420728   -786.79381996     -0.44486540   -787.23868536      0.07252930      0.01513004      0.07140183      0.01208822 md_running
    79     39.50000000     79.86582545     33.08240863     89.30580864    300.00000000      1.00121531      0.01484779   -786.79431850     -0.45056805   -787.24488655      0.06950910      0.01533896      0.06848411      0.01158485 md_running
    80     40.00000000     80.12608942     33.07573887     92.97036491    300.00000000      1.00114141      0.01545705   -786.79480215     -0.45626985   -787.25107200      0.06565774      0.01554864      0.06482783      0.01094296 md_running
    81     40.50000000     80.38312981     33.06987845     95.61502800    300.00000000      1.00108452      0.01589674   -786.79512436     -0.46197115   -787.25709551      0.06182501      0.01575907      0.06129884      0.01030417 md_running
    82     41.00000000     80.64287665     33.06438898     96.79001857    300.00000000      1.00105258      0.01609210   -786.79520223     -0.46767236   -787.26287459      0.05868727      0.01597028      0.05857078      0.00978121 md_running
    83     41.50000000     80.90925181     33.05879209     96.54047048    300.00000000      1.00104608      0.01605061   -786.79503567     -0.47337393   -787.26840959      0.05658393      0.01618226      0.05695275      0.00943066 md_running
    84     42.00000000     81.16994844     33.05260716     95.35351921    300.00000000      1.00105965      0.01585327   -786.79469921     -0.47907628   -787.27377550      0.05545807      0.01639501      0.05633824      0.00924301 md_running
    85     42.50000000     81.43794773     33.04538700     93.97762543    300.00000000      1.00108326      0.01562451   -786.79431202     -0.48477984   -787.27909186      0.05496825      0.01660853      0.05633897      0.00916138 md_running
    86     43.00000000     81.70049239     33.03674906     93.17939588    300.00000000      1.00110390      0.01549180   -786.79399691     -0.49048494   -787.28448185      0.05470813      0.01682282      0.05651842      0.00911802 md_running
    87     43.50000000     81.95968413     33.02640079     93.51005806    300.00000000      1.00110918      0.01554678   -786.79384156     -0.49619185   -787.29003341      0.05441494      0.01703790      0.05659664      0.00906916 md_running
    88     44.00000000     82.21552835     33.01415787     95.14385423    300.00000000      1.00109228      0.01581841   -786.79387191     -0.50190073   -787.29577264      0.05410815      0.01725378      0.05657614      0.00901802 md_running
    89     44.50000000     82.47267500     32.99995472     97.83031995    300.00000000      1.00105521      0.01626505   -786.79404386     -0.50761165   -787.30165551      0.05413337      0.01747048      0.05677559      0.00902223 md_running
    90     45.00000000     82.72541118     32.98384672    100.97515033    300.00000000      1.00100750      0.01678791   -786.79425706     -0.51332458   -787.30758164      0.05506250      0.01768803      0.05773524      0.00917708 md_running
    91     45.50000000     82.98327115     32.96600412    103.83103147    300.00000000      1.00096132      0.01726272   -786.79438690     -0.51903938   -787.31342628      0.05742350      0.01790646      0.05996867      0.00957058 md_running
    92     46.00000000     83.25093822     32.94669796    105.74758059    300.00000000      1.00092672      0.01758136   -786.79432710     -0.52475585   -787.31908295      0.06133684      0.01812582      0.06362517      0.01022281 md_running
    93     46.50000000     83.50648630     32.92627881    106.40426443    300.00000000      1.00090916      0.01769054   -786.79402844     -0.53047372   -787.32450216      0.06633002      0.01834617      0.06829603      0.01105500 md_running
    94     47.00000000     83.75918481     32.90514946    105.94307817    300.00000000      1.00090877      0.01761386   -786.79352155     -0.53619268   -787.32971423      0.07147683      0.01856757      0.07311733      0.01191281 md_running
    95     47.50000000     84.01915416     32.88373201    104.94487624    300.00000000      1.00092038      0.01744790   -786.79291232     -0.54191243   -787.33482475      0.07570907      0.01879012      0.07706018      0.01261818 md_running
    96     48.00000000     84.25980489     32.86243135    104.24754951    300.00000000      1.00093414      0.01733197   -786.79235054     -0.54763269   -787.33998323      0.07809112      0.01901390      0.07920616      0.01301519 md_running
    97     48.50000000     84.50665347     32.84159775    104.66451193    300.00000000      1.00093790      0.01740129   -786.79198129     -0.55335324   -787.34533453      0.07797179      0.01923900      0.07891082      0.01299530 md_running
    98     49.00000000     84.75325709     32.82149216    106.70112676    300.00000000      1.00092191      0.01773990   -786.79189591     -0.55907396   -787.35096988      0.07507359      0.01946552      0.07590170      0.01251227 md_running
    99     49.50000000     84.98688040     32.80225910    110.37160248    300.00000000      1.00088386      0.01835014   -786.79210031     -0.56479486   -787.35689517      0.06954079      0.01969352      0.07033157      0.01159013 md_running
   100     50.00000000     85.23042535     32.78391118    115.18411612    300.00000000      1.00083017      0.01915026   -786.79251188     -0.57051606   -787.36302794      0.06198387      0.01992308      0.06282622      0.01033065 md_running
   101     50.50000000     85.48563485     32.76632810    120.29925969    300.00000000      1.00077218      0.02000069   -786.79298599     -0.57623779   -787.36922379      0.05356254      0.02015424      0.05456601      0.00892709 md_running
   102     51.00000000     85.74887637     32.74927005    124.80345636    300.00000000      1.00072072      0.02074955   -786.79336315     -0.58196041   -787.37532355      0.04610690      0.02038701      0.04738546      0.00768448 md_running
   103     51.50000000     86.00946988     32.73240375    127.99839046    300.00000000      1.00068274      0.02128073   -786.79351808     -0.58768430   -787.38120238      0.04196436      0.02062141      0.04355676      0.00699406 md_running
   104     52.00000000     86.27323203     32.71533657    129.60685413    300.00000000      1.00066071      0.02154815   -786.79339570     -0.59340990   -787.38680560      0.04276052      0.02085743      0.04454664      0.00712675 md_running
   105     52.50000000     86.53763146     32.69765426    129.83474434    300.00000000      1.00065326      0.02158604   -786.79302230     -0.59913760   -787.39215990      0.04778545      0.02109505      0.04959385      0.00796424 md_running
   106     53.00000000     86.80083393     32.67895802    129.28421326    300.00000000      1.00065595      0.02149451   -786.79249093     -0.60486775   -787.39735868      0.05479135      0.02133423      0.05653516      0.00913189 md_running
   107     53.50000000     87.05583797     32.65889777    128.75958209    300.00000000      1.00066218      0.02140729   -786.79192997     -0.61060061   -787.40253058      0.06177607      0.02157493      0.06343584      0.01029601 md_running
   108     54.00000000     87.31722103     32.63720004    129.03094866    300.00000000      1.00066448      0.02145240   -786.79146331     -0.61633633   -787.40779965      0.06748781      0.02181710      0.06906599      0.01124797 md_running
   109     54.50000000     87.57572536     32.61368892    130.62266960    300.00000000      1.00065671      0.02171704   -786.79117530     -0.62207498   -787.41325028      0.07128193      0.02206069      0.07278234      0.01188032 md_running
   110     55.00000000     87.82049692     32.58829943    133.68229184    300.00000000      1.00063622      0.02222572   -786.79108895     -0.62781649   -787.41890543      0.07296073      0.02230565      0.07438116      0.01216012 md_running
   111     55.50000000     88.09858271     32.56108313    137.96200556    300.00000000      1.00060483      0.02293726   -786.79116252     -0.63356071   -787.42472323      0.07268548      0.02255189      0.07401475      0.01211425 md_running
   112     56.00000000     88.36664720     32.53220590    142.91305927    300.00000000      1.00056755      0.02376041   -786.79130629     -0.63930744   -787.43061372      0.07091796      0.02279935      0.07213408      0.01181966 md_running
   113     56.50000000     88.62935292     32.50193797    147.86330529    300.00000000      1.00053030      0.02458343   -786.79141183     -0.64505639   -787.43646821      0.06833622      0.02304797      0.06940652      0.01138937 md_running
   114     57.00000000     88.88974015     32.47063664    152.22264110    300.00000000      1.00049774      0.02530820   -786.79138658     -0.65080727   -787.44219385      0.06570683      0.02329766      0.06659164      0.01095114 md_running
   115     57.50000000     89.14953328     32.43872234    155.65141794    300.00000000      1.00047231      0.02587826   -786.79118234     -0.65655980   -787.44774213      0.06372762      0.02354837      0.06439099      0.01062127 md_running
   116     58.00000000     89.38559822     32.40664893    158.14503180    300.00000000      1.00045417      0.02629285   -786.79080834     -0.66231373   -787.45312207      0.06286957      0.02380005      0.06329685      0.01047826 md_running
   117     58.50000000     89.63061291     32.37486857    160.01606638    300.00000000      1.00044159      0.02660392   -786.79032793     -0.66806888   -787.45839681      0.06325687      0.02405265      0.06346914      0.01054281 md_running
   118     59.00000000     89.86411548     32.34379351    161.78364522    300.00000000      1.00043157      0.02689779   -786.78983864     -0.67382516   -787.46366379      0.06463536      0.02430615      0.06469150      0.01077256 md_running
   119     59.50000000     90.10698945     32.31375796    164.00163796    300.00000000      1.00042073      0.02726655   -786.78944268     -0.67958260   -787.46902528      0.06649113      0.02456055      0.06647749      0.01108186 md_running
   120     60.00000000     90.35889263     32.28498489    167.07391841    300.00000000      1.00040631      0.02777734   -786.78921410     -0.68534134   -787.47455544      0.06826017      0.02481584      0.06827677      0.01137669 md_running
   121     60.50000000     90.61722058     32.25756303    171.11707379    300.00000000      1.00038719      0.02844955   -786.78917544     -0.69110165   -787.48027708      0.06953121      0.02507207      0.06968234      0.01158853 md_running
   122     61.00000000     90.87317723     32.23143761    175.92412543    300.00000000      1.00036423      0.02924876   -786.78929035     -0.69686389   -787.48615424      0.07015653      0.02532929      0.07054485      0.01169275 md_running
   123     61.50000000     91.13378113     32.20641648    181.04982193    300.00000000      1.00033974      0.03010095   -786.78947868     -0.70262850   -787.49210718      0.07022634      0.02558754      0.07094652      0.01170439 md_running
   124     62.00000000     91.39502394     32.18219023    185.98534526    300.00000000      1.00031633      0.03092152   -786.78964635     -0.70839595   -787.49804229      0.06993203      0.02584690      0.07106214      0.01165534 md_running
   125     62.50000000     91.65275466     32.15836295    190.34973956    300.00000000      1.00029597      0.03164713   -786.78971878     -0.71416667   -787.50388545      0.06941693      0.02610745      0.07101067      0.01156949 md_running
   126     63.00000000     91.90039835     32.13448915    194.02257157    300.00000000      1.00027938      0.03225777   -786.78966445     -0.71994106   -787.50960552      0.06868359      0.02636925      0.07076755      0.01144727 md_running
   127     63.50000000     92.15050100     32.11011221    197.17299276    300.00000000      1.00026603      0.03278155   -786.78950063     -0.72571944   -787.51522007      0.06760506      0.02663240      0.07018196      0.01126751 md_running
   128     64.00000000     92.40430952     32.08480015    200.18699646    300.00000000      1.00025448      0.03328265   -786.78928161     -0.73150201   -787.52078362      0.06600638      0.02689694      0.06906203      0.01100106 md_running
   129     64.50000000     92.63915552     32.05817689    203.52869636    300.00000000      1.00024292      0.03383823   -786.78907655     -0.73728885   -787.52636540      0.06377561      0.02716296      0.06728254      0.01062927 md_running
   130     65.00000000     92.89065229     32.02994755    207.58635712    300.00000000      1.00022976      0.03451285   -786.78894310     -0.74307998   -787.53202308      0.06096678      0.02743049      0.06487993      0.01016113 md_running
   131     65.50000000     93.15134609     31.99991724    212.55232482    300.00000000      1.00021412      0.03533848   -786.78890858     -0.74887528   -787.53778386      0.05787249      0.02769957      0.06211373      0.00964542 md_running
   132     66.00000000     93.40839256     31.96800258    218.36963069    300.00000000      1.00019613      0.03630566   -786.78896039     -0.75467461   -787.54363499      0.05504194      0.02797022      0.05947325      0.00917366 md_running
   133     66.50000000     93.65980245     31.93423585    224.75493119    300.00000000      1.00017673      0.03736726   -786.78905100     -0.76047776   -787.54952876      0.05320263      0.02824242      0.05760606      0.00886711 md_running
   134     67.00000000     93.91542885     31.89876156    231.28529829    300.00000000      1.00015732      0.03845299   -786.78911184     -0.76628455   -787.55539640      0.05303355      0.02851614      0.05713003      0.00883892 md_running
   135     67.50000000     94.17653680     31.86182539    237.51910017    300.00000000      1.00013921      0.03948940   -786.78907406     -0.77209483   -787.56116889      0.05484872      0.02879132      0.05837850      0.00914145 md_running
   136     68.00000000     94.42868665     31.82375543    243.11583103    300.00000000      1.00012336      0.04041990   -786.78888822     -0.77790848   -787.56679670      0.05846163      0.02906789      0.06127176      0.00974360 md_running
   137     68.50000000     94.67664870     31.78493623    247.93074929    300.00000000      1.00011013      0.04122042   -786.78853922     -0.78372553   -787.57226475      0.06332810      0.02934574      0.06539622      0.01055468 md_running
   138     69.00000000     94.93364197     31.74577605    252.07007373    300.00000000      1.00009932      0.04190862   -786.78805511     -0.78954608   -787.57760119      0.06875029      0.02962479      0.07015018      0.01145838 md_running
   139     69.50000000     95.18618418     31.70666924    255.89049363    300.00000000      1.00009013      0.04254379   -786.78750623     -0.79537041   -787.58287663      0.07397562      0.02990495      0.07483051      0.01232927 md_running
   140     70.00000000     95.44063405     31.66795673    259.92528356    300.00000000      1.00008140      0.04321461   -786.78699173     -0.80119891   -787.58819064      0.07823514      0.03018618      0.07868385      0.01303919 md_running
   141     70.50000000     95.69558041     31.62988949    264.73660004    300.00000000      1.00007181      0.04401453   -786.78661385     -0.80703212   -787.59364598      0.08082718      0.03046846      0.08101031      0.01347120 md_running
   142     71.00000000     95.93966300     31.59260009    270.73180824    300.00000000      1.00006038      0.04501128   -786.78644556     -0.81287071   -787.59931627      0.08125630      0.03075182      0.08131334      0.01354272 md_running
   143     71.50000000     96.18615629     31.55608686    278.01304859    300.00000000      1.00004678      0.04622184   -786.78650421     -0.81871538   -787.60521959      0.07936754      0.03103636      0.07943988      0.01322792 md_running
   144     72.00000000     96.42389627     31.52021375    286.33304293    300.00000000      1.00003152      0.04760510   -786.78674386     -0.82456687   -787.61131074      0.07541008      0.03132220      0.07565402      0.01256835 md_running
   145     72.50000000     96.67118073     31.48472469    295.17866154    300.00000000      1.00001562      0.04907576   -786.78706964     -0.83042587   -787.61749551      0.07001057      0.03160953      0.07060203      0.01166843 md_running
   146     73.00000000     96.93251289     31.44927081    303.94624604    300.00000000      1.00000028      0.05053344   -786.78736858     -0.83629293   -787.62366151      0.06410298      0.03189853      0.06523763      0.01068383 md_running
   147     73.50000000     97.18291855     31.41344531    312.13658922    300.00000000      0.99998640      0.05189514   -786.78754399     -0.84216845   -787.62971244      0.05878250      0.03218941      0.06064434      0.00979708 md_running
   148     74.00000000     97.41699263     31.37682175    319.49422078    300.00000000      0.99997441      0.05311841   -786.78753997     -0.84805264   -787.63559261      0.05508921      0.03248238      0.05778647      0.00918154 md_running
   149     74.50000000     97.66279651     31.33899052    326.05410459    300.00000000      0.99996423      0.05420904   -786.78735023     -0.85394548   -787.64129571      0.05368464      0.03277761      0.05717871      0.00894744 md_running
   150     75.00000000     97.91677873     31.29959085    332.09797906    300.00000000      0.99995545      0.05521388   -786.78701148     -0.85984674   -787.64685822      0.05457567      0.03307524      0.05868762      0.00909595 md_running
   151     75.50000000     98.18102577     31.25833738    338.05159978    300.00000000      0.99994741      0.05620372   -786.78658694     -0.86575603   -787.65234297      0.05716811      0.03337540      0.06166453      0.00952802 md_running
   152     76.00000000     98.44655672     31.21504085    344.36157791    300.00000000      0.99993947      0.05725280   -786.78614585     -0.87167280   -787.65781864      0.06061970      0.03367813      0.06530002      0.01010328 md_running
   153     76.50000000     98.70065488     31.16962162    351.38401382    300.00000000      0.99993111      0.05842034   -786.78574543     -0.87759643   -787.66334186      0.06416042      0.03398345      0.06888188      0.01069340 md_running
   154     77.00000000     98.95529891     31.12211593    359.30530536    300.00000000      0.99992206      0.05973731   -786.78541800     -0.88352629   -787.66894429      0.06721100      0.03429128      0.07187491      0.01120183 md_running
   155     77.50000000     99.21344018     31.07267559    368.10670668    300.00000000      0.99991232      0.06120061   -786.78516460     -0.88946176   -787.67462636      0.06939311      0.03460149      0.07392987      0.01156552 md_running
   156     78.00000000     99.47104898     31.02156033    377.57210247    300.00000000      0.99990216      0.06277431   -786.78495655     -0.89540232   -787.68035887      0.07054499      0.03491386      0.07489997      0.01175750 md_running
   157     78.50000000     99.72957351     30.96912226    387.33633448    300.00000000      0.99989196      0.06439769   -786.78474286     -0.90134760   -787.68609046      0.07078156      0.03522812      0.07490075      0.01179693 md_running
   158     79.00000000     99.97126228     30.91578260    396.97596162    300.00000000      0.99988219      0.06600035   -786.78446456     -0.90729740   -787.69176197      0.07051994      0.03554393      0.07433460      0.01175332 md_running
   159     79.50000000    100.20555127     30.86200133    406.14308203    300.00000000      0.99987319      0.06752446   -786.78407630     -0.91325177   -787.69732807      0.07036785      0.03586090      0.07380123      0.01172798 md_running
   160     80.00000000    100.45726866     30.80823976    414.70886247    300.00000000      0.99986513      0.06894859   -786.78356988     -0.91921096   -787.70278083      0.07082087      0.03617863      0.07381502      0.01180348 md_running
   161     80.50000000    100.72362980     30.75491839    422.83769680    300.00000000      0.99985791      0.07030007   -786.78298618     -0.92517549   -787.70816167      0.07194895      0.03649676      0.07448535      0.01199149 md_running
   162     81.00000000    100.98487957     30.70237736    430.94808647    300.00000000      0.99985118      0.07164848   -786.78240692     -0.93114609   -787.71355300      0.07331329      0.03681498      0.07543788      0.01221888 md_running
   163     81.50000000    101.25147517     30.65084210    439.56044186    300.00000000      0.99984451      0.07308035   -786.78192824     -0.93712367   -787.71905191      0.07422828      0.03713305      0.07603839      0.01237138 md_running
   164     82.00000000    101.50351807     30.60040179    449.08575380    300.00000000      0.99983752      0.07466401   -786.78162283     -0.94310924   -787.72473206      0.07414493      0.03745088      0.07576272      0.01235749 md_running
   165     82.50000000    101.75818292     30.55100337    459.65679767    300.00000000      0.99983005      0.07642153   -786.78151130     -0.94910382   -787.73061512      0.07291276      0.03776848      0.07445581      0.01215213 md_running
   166     83.00000000    102.02244232     30.50246275    471.08627612    300.00000000      0.99982220      0.07832177   -786.78155513     -0.95510832   -787.73666344      0.07080175      0.03808599      0.07238553      0.01180029 md_running
   167     83.50000000    102.28163795     30.45448803    482.95451616    300.00000000      0.99981427      0.08029496   -786.78167262     -0.96112343   -787.74279605      0.06840607      0.03840363      0.07012520      0.01140101 md_running
   168     84.00000000    102.53066639     30.40671282    494.77426845    300.00000000      0.99980660      0.08226008   -786.78176835     -0.96714957   -787.74891792      0.06642531      0.03872170      0.06834795      0.01107089 md_running
   169     84.50000000    102.79040337     30.35873276    506.16297128    300.00000000      0.99979946      0.08415354   -786.78176362     -0.97318679   -787.75495040      0.06541880      0.03904054      0.06757248      0.01090313 md_running
   170     85.00000000    103.05594447     30.31014166    516.95680347    300.00000000      0.99979296      0.08594810   -786.78161665     -0.97923481   -787.76085146      0.06561494      0.03936050      0.06798967      0.01093582 md_running
   171     85.50000000    103.31869956     30.26056310    527.24886700    300.00000000      0.99978707      0.08765924   -786.78133041     -0.98529303   -787.76662344      0.06685909      0.03968193      0.06942322      0.01114318 md_running
   172     86.00000000    103.57571528     30.20967664    537.35595361    300.00000000      0.99978161      0.08933962   -786.78094750     -0.99136060   -787.77230810      0.06870807      0.04000513      0.07142789      0.01145134 md_running
   173     86.50000000    103.82985562     30.15723799    547.72948385    300.00000000      0.99977634      0.09106430   -786.78053579     -0.99743652   -787.77797230      0.07058763      0.04033037      0.07343840      0.01176460 md_running
   174     87.00000000    104.06999364     30.10309417    558.83922677    300.00000000      0.99977101      0.09291138   -786.78016926     -1.00351970   -787.78368896      0.07193285      0.04065784      0.07491010      0.01198881 md_running
   175     87.50000000    104.32529093     30.04719217    571.05319789    300.00000000      0.99976544      0.09494205   -786.77990874     -1.00960909   -787.78951783      0.07227076      0.04098764      0.07538822      0.01204513 md_running
   176     88.00000000    104.59016898     29.98958190    584.52967484    300.00000000      0.99975953      0.09718262   -786.77978316     -1.01570378   -787.79548694      0.07128701      0.04131976      0.07457419      0.01188117 md_running
   177     88.50000000    104.85193323     29.93041278    599.14316892    300.00000000      0.99975335      0.09961223   -786.77977701     -1.02180303   -787.80158004      0.06892622      0.04165407      0.07241814      0.01148770 md_running
   178     89.00000000    105.10903166     29.86992399    614.48578599    300.00000000      0.99974705      0.10216306   -786.77982992     -1.02790638   -787.80773630      0.06551972      0.04199034      0.06926233      0.01091995 md_running
   179     89.50000000    105.35756512     29.80842516    629.95958251    300.00000000      0.99974088      0.10473570   -786.77985148     -1.03401368   -787.81386516      0.06190967      0.04232823      0.06592774      0.01031828 md_running
   180     90.00000000    105.61723649     29.74626968    644.94502395    300.00000000      0.99973509      0.10722714   -786.77974878     -1.04012516   -787.81987394      0.05935539      0.04266729      0.06360831      0.00989257 md_running
   181     90.50000000    105.88127869     29.68382124    659.01062932    300.00000000      0.99972983      0.10956566   -786.77946034     -1.04624144   -787.82570178      0.05903893      0.04300706      0.06340542      0.00983982 md_running
   182     91.00000000    106.14918390     29.62141560    672.08258260    300.00000000      0.99972515      0.11173898   -786.77898489     -1.05236353   -787.83134842      0.06129495      0.04334705      0.06566778      0.01021583 md_running
   183     91.50000000    106.41125968     29.55931866    684.48258550    300.00000000      0.99972095      0.11380057   -786.77838588     -1.05849285   -787.83687873      0.06535093      0.04368686      0.06970711      0.01089182 md_running
   184     92.00000000    106.66567619     29.49769206    696.80441426    300.00000000      0.99971704      0.11584917   -786.77776907     -1.06463114   -787.84240021      0.06990687      0.04402620      0.07432118      0.01165114 md_running
   185     92.50000000    106.91161568     29.43657062    709.68636379    300.00000000      0.99971318      0.11799090   -786.77724302     -1.07078039   -787.84802341      0.07383366      0.04436492      0.07843357      0.01230561 md_running
   186     93.00000000    107.17149082     29.37585383    723.58135597    300.00000000      0.99970921      0.12030105   -786.77687930     -1.07694264   -787.85382194      0.07649162      0.04470306      0.08141096      0.01274860 md_running
   187     93.50000000    107.43929782     29.31531469    738.62556130    300.00000000      0.99970507      0.12280226   -786.77668922     -1.08311986   -787.85980908      0.07771140      0.04504086      0.08307230      0.01295190 md_running
   188     94.00000000    107.70437442     29.25462258    754.63878991    300.00000000      0.99970078      0.12546459   -786.77662789     -1.08931370   -787.86594159      0.07763914      0.04537868      0.08353874      0.01293986 md_running
   189     94.50000000    107.94289557     29.19337805    771.22985922    300.00000000      0.99969647      0.12822298   -786.77661097     -1.09552538   -787.87213635      0.07654975      0.04571704      0.08305470      0.01275829 md_running
   190     95.00000000    108.20048449     29.13114977    787.95108626    300.00000000      0.99969225      0.13100302   -786.77654452     -1.10175555   -787.87830007      0.07475016      0.04605651      0.08188722      0.01245836 md_running
   191     95.50000000    108.46392473     29.06751279    804.43762826    300.00000000      0.99968822      0.13374403   -786.77634892     -1.10800423   -787.88435315      0.07252943      0.04639773      0.08026954      0.01208824 md_running
   192     96.00000000    108.72788181     29.00208234    820.50738504    300.00000000      0.99968445      0.13641576   -786.77597741     -1.11427086   -787.89024827      0.07015824      0.04674130      0.07842154      0.01169304 md_running
   193     96.50000000    108.99047469     28.93453904    836.19941380    300.00000000      0.99968091      0.13902468   -786.77542336     -1.12055437   -787.89597772      0.06787433      0.04708780      0.07650231      0.01131239 md_running
   194     97.00000000    109.24830225     28.86465031    851.75841869    300.00000000      0.99967757      0.14161149   -786.77471848     -1.12685327   -787.90157174      0.06584917      0.04743769      0.07463254      0.01097486 md_running
   195     97.50000000    109.50802510     28.79228559    867.56660900    300.00000000      0.99967435      0.14423972   -786.77392216     -1.13316582   -787.90708799      0.06414539      0.04779134      0.07282647      0.01069090 md_running
   196     98.00000000    109.76048075     28.71742762    884.02810624    300.00000000      0.99967115      0.14697657   -786.77310235     -1.13949017   -787.91259252      0.06269725      0.04814896      0.07101847      0.01044954 md_running
   197     98.50000000    110.01724935     28.64017357    901.43252041    300.00000000      0.99966790      0.14987019   -786.77231322     -1.14582444   -787.91813766      0.06139571      0.04851060      0.06910654      0.01023262 md_running
   198     99.00000000    110.27850563     28.56073238    919.81902610    300.00000000      0.99966460      0.15292709   -786.77157046     -1.15216691   -787.92373738      0.06029699      0.04887609      0.06713122      0.01004950 md_running
   199     99.50000000    110.54961404     28.47941912    938.91376710    300.00000000      0.99966126      0.15610174   -786.77084190     -1.15851607   -787.92935796      0.05978870      0.04924506      0.06546230      0.00996478 md_running
   200    100.00000000    110.81779025     28.39663779    958.18289811    300.00000000      0.99965798      0.15930539   -786.77005371     -1.16487068   -787.93492439      0.06058498      0.04961696      0.06482665      0.01009750 md_running
   201    100.50000000    111.07701628     28.31285434    976.99778050    300.00000000      0.99965485      0.16243351   -786.76911907     -1.17122992   -787.94034900      0.06333829      0.04999105      0.06600036      0.01055638 md_running
   202    101.00000000    111.33995350     28.22855885    994.85269684    300.00000000      0.99965196      0.16540203   -786.76797262     -1.17759340   -787.94556602      0.06809270      0.05036648      0.06923750      0.01134878 md_running
   203    101.50000000    111.60666063     28.14422278   1011.54271770    300.00000000      0.99964934      0.16817687   -786.76659958     -1.18396126   -787.95056084      0.07408394      0.05074234      0.07395044      0.01234732 md_running
   204    102.00000000    111.86866191     28.06025499   1027.22415549    300.00000000      0.99964698      0.17078403   -786.76504412     -1.19033418   -787.95537830      0.08008464      0.05111776      0.07895267      0.01334744 md_running
   205    102.50000000    112.13589141     27.97696544   1042.32993577    300.00000000      0.99964480      0.17329549   -786.76339294     -1.19671336   -787.96010630      0.08486865      0.05149198      0.08297116      0.01414478 md_running
   206    103.00000000    112.39500116     27.89454021   1057.38906577    300.00000000      0.99964274      0.17579919   -786.76174393     -1.20310034   -787.96484427      0.08753413      0.05186441      0.08506378      0.01458902 md_running
   207    103.50000000    112.65739341     27.81302685   1072.79494141    300.00000000      0.99964070      0.17836053   -786.76016547     -1.20949690   -787.96966236      0.08765098      0.05223469      0.08471783      0.01460850 md_running
   208    104.00000000    112.92306712     27.73233891   1088.62730756    300.00000000      0.99963866      0.18099279   -786.75866591     -1.21590476   -787.97457067      0.08526166      0.05260272      0.08191003      0.01421028 md_running
   209    104.50000000    113.16898479     27.65227818   1104.62762752    300.00000000      0.99963664      0.18365297   -786.75719128     -1.22232539   -787.97951667      0.08083471      0.05296865      0.07706827      0.01347245 md_running
   210    105.00000000    113.42124102     27.57256711   1120.28447732    300.00000000      0.99963468      0.18625604   -786.75564156     -1.22875973   -787.98440128      0.07520443      0.05333288      0.07099648      0.01253407 md_running
   211    105.50000000    113.67395084     27.49288534   1134.96618008    300.00000000      0.99963285      0.18869699   -786.75389486     -1.23520800   -787.98910286      0.06952596      0.05369595      0.06482289      0.01158766 md_running
   212    106.00000000    113.93524644     27.41290531   1148.08053229    300.00000000      0.99963122      0.19087735   -786.75183608     -1.24166968   -787.99350576      0.06517707      0.05405859      0.05992902      0.01086285 md_running
   213    106.50000000    114.20775368     27.33232625   1159.22794238    300.00000000      0.99962983      0.19273069   -786.74938354     -1.24814348   -787.99752702      0.06345639      0.05442156      0.05769235      0.01057607 md_running
   214    107.00000000    114.45881688     27.25089898   1168.29610234    300.00000000      0.99962870      0.19423835   -786.74650743     -1.25462744   -788.00113487      0.06506151      0.05478564      0.05887115      0.01084359 md_running
   215    107.50000000    114.69167203     27.16844598   1175.48929914    300.00000000      0.99962781      0.19543427   -786.74323496     -1.26111911   -788.00435407      0.06963217      0.05515156      0.06306260      0.01160536 md_running
   216    108.00000000    114.93960054     27.08487781   1181.27399199    300.00000000      0.99962712      0.19639602   -786.73964223     -1.26761572   -788.00725795      0.07597989      0.05551996      0.06894842      0.01266331 md_running
   217    108.50000000    115.20311057     27.00020363   1186.24066286    300.00000000      0.99962655      0.19722177   -786.73583107     -1.27411438   -788.00994545      0.08272298      0.05589129      0.07503423      0.01378716 md_running
   218    109.00000000    115.46953929     26.91453694   1190.92736304    300.00000000      0.99962604      0.19800097   -786.73190012     -1.28061223   -788.01251235      0.08875227      0.05626579      0.08016427      0.01479205 md_running
   219    109.50000000    115.73366315     26.82809136   1195.63199765    300.00000000      0.99962555      0.19878315   -786.72791286     -1.28710663   -788.01501949      0.09346431      0.05664345      0.08370487      0.01557739 md_running
   220    110.00000000    115.99497293     26.74116989   1200.27606825    300.00000000      0.99962505      0.19955527   -786.72387260     -1.29359533   -788.01746793      0.09680788      0.05702401      0.08559223      0.01613465 md_running
   221    110.50000000    116.24894203     26.65414658   1204.41107517    300.00000000      0.99962458      0.20024274   -786.71972293     -1.30007656   -788.01979950      0.09920262      0.05740696      0.08627975      0.01653377 md_running
   222    111.00000000    116.50605407     26.56743847   1207.38401581    300.00000000      0.99962420      0.20073702   -786.71537413     -1.30654921   -788.02192334      0.10133921      0.05779156      0.08656310      0.01688987 md_running
   223    111.50000000    116.77140434     26.48146885   1208.59116762    300.00000000      0.99962398      0.20093772   -786.71074516     -1.31301286   -788.02375802      0.10388228      0.05817691      0.08725937      0.01731371 md_running
   224    112.00000000    117.02949807     26.39662603   1207.71901636    300.00000000      0.99962396      0.20079271   -786.70580203     -1.31946794   -788.02526997      0.10714762      0.05856204      0.08882073      0.01785794 md_running
   225    112.50000000    117.29143249     26.31322302   1204.87224853    300.00000000      0.99962416      0.20031942   -786.70057843     -1.32591564   -788.02649407      0.11101336      0.05894597      0.09117098      0.01850223 md_running
   226    113.00000000    117.55986624     26.23146670   1200.52045379    300.00000000      0.99962454      0.19959590   -786.69516443     -1.33235786   -788.02752229      0.11506704      0.05932787      0.09383198      0.01917784 md_running
   227    113.50000000    117.82664991     26.15144225   1195.31850882    300.00000000      0.99962505      0.19873103   -786.68967415     -1.33879695   -788.02847111      0.11883595      0.05970708      0.09625087      0.01980599 md_running
   228    114.00000000    118.09673626     26.07311235   1189.88749098    300.00000000      0.99962562      0.19782808   -786.68421012     -1.34523544   -788.02944556      0.12205904      0.06008321      0.09811534      0.02034317 md_running
   229    114.50000000    118.35848607     25.99633112   1184.63392046    300.00000000      0.99962619      0.19695464   -786.67883142     -1.35167568   -788.03050710      0.12482645      0.06045615      0.09953498      0.02080441 md_running
   230    115.00000000    118.61492077     25.92086937   1179.70107535    300.00000000      0.99962674      0.19613451   -786.67354789     -1.35811957   -788.03166746      0.12750934      0.06082611      0.10098103      0.02125156 md_running
   231    115.50000000    118.87546192     25.84644484   1175.05933426    300.00000000      0.99962725      0.19536279   -786.66833753     -1.36456831   -788.03290584      0.13054087      0.06119354      0.10301929      0.02175681 md_running
   232    116.00000000    119.13014687     25.77275236   1170.66372244    300.00000000      0.99962774      0.19463198   -786.66317489     -1.37102228   -788.03419718      0.13419486      0.06155912      0.10600841      0.02236581 md_running
   233    116.50000000    119.39019925     25.69949122   1166.59374884    300.00000000      0.99962821      0.19395532   -786.65805713     -1.37748107   -788.03553820      0.13845485      0.06192371      0.10993934      0.02307581 md_running
   234    117.00000000    119.65784131     25.62638753   1163.11274770    300.00000000      0.99962863      0.19337657   -786.65301456     -1.38394353   -788.03695809      0.14306268      0.06228824      0.11448036      0.02384378 md_running
   235    117.50000000    119.92234798     25.55321205   1160.62900994    300.00000000      0.99962897      0.19296363   -786.64810518     -1.39040801   -788.03851319      0.14765278      0.06265366      0.11915354      0.02460880 md_running
   236    118.00000000    120.19015881     25.47979472   1159.60057851    300.00000000      0.99962917      0.19279265   -786.64339862     -1.39687249   -788.04027112      0.15185200      0.06302085      0.12348724      0.02530867 md_running
   237    118.50000000    120.45627386     25.40603588   1160.43746057    300.00000000      0.99962919      0.19293179   -786.63896023     -1.40333480   -788.04229503      0.15533074      0.06339056      0.12708868      0.02588846 md_running
   238    119.00000000    120.72051519     25.33191388   1163.40776823    300.00000000      0.99962898      0.19342562   -786.63483610     -1.40979278   -788.04462888      0.15786673      0.06376334      0.12969545      0.02631112 md_running
   239    119.50000000    120.97989239     25.25748887   1168.55220179    300.00000000      0.99962853      0.19428092   -786.63103900     -1.41624441   -788.04728341      0.15939187      0.06413951      0.13121783      0.02656531 md_running
   240    120.00000000    121.22221458     25.18290203   1175.64167325    300.00000000      0.99962785      0.19545960   -786.62753998     -1.42268791   -788.05022789      0.16002106      0.06451912      0.13177686      0.02667018 md_running
   241    120.50000000    121.46824883     25.10836808   1184.21126322    300.00000000      0.99962699      0.19688437   -786.62427493     -1.42912183   -788.05339676      0.16003105      0.06490192      0.13168219      0.02667184 md_running
   242    121.00000000    121.72064362     25.03415983   1193.65410277    300.00000000      0.99962601      0.19845431   -786.62115836     -1.43554509   -788.05670344      0.15975270      0.06528744      0.13131331      0.02662545 md_running
   243    121.50000000    121.97762531     24.96058450   1203.37043096    300.00000000      0.99962499      0.20006973   -786.61810787     -1.44195702   -788.06006490      0.15944567      0.06567496      0.13097147      0.02657428 md_running
   244    122.00000000    122.22942562     24.88795249   1212.91163028    300.00000000      0.99962399      0.20165603   -786.61506686     -1.44835745   -788.06342430      0.15921379      0.06606366      0.13077387      0.02653563 md_running
   245    122.50000000    122.48620676     24.81654316   1222.02803826    300.00000000      0.99962303      0.20317170   -786.61201191     -1.45474668   -788.06675859      0.15899330      0.06645266      0.13063695      0.02649888 md_running
   246    123.00000000    122.74883864     24.74657293   1230.61702981    300.00000000      0.99962214      0.20459969   -786.60894044     -1.46112556   -788.07006601      0.15864467      0.06684112      0.13038267      0.02644078 md_running
   247    123.50000000    123.01529501     24.67817086   1238.61102132    300.00000000      0.99962132      0.20592875   -786.60584919     -1.46749540   -788.07334459      0.15805231      0.06722836      0.12986634      0.02634205 md_running
   248    124.00000000    123.27420999     24.61136337   1245.91429916    300.00000000      0.99962057      0.20714298   -786.60272350     -1.47385790   -788.07658140      0.15716751      0.06761387      0.12902644      0.02619459 md_running
   249    124.50000000    123.52865566     24.54607199   1252.41263971    300.00000000      0.99961990      0.20822338   -786.59953808     -1.48021505   -788.07975313      0.15597899      0.06799742      0.12784479      0.02599650 md_running
   250    125.00000000    123.79365780     24.48212326   1257.98699433    300.00000000      0.99961932      0.20915016   -786.59626215     -1.48656894   -788.08283109      0.15450105      0.06837902      0.12632648      0.02575017 md_running
   251    125.50000000    124.03928935     24.41926899   1262.53319754    300.00000000      0.99961883      0.20990600   -786.59286025     -1.49292161   -788.08578186      0.15280139      0.06875894      0.12451884      0.02546690 md_running
   252    126.00000000    124.29570677     24.35721494   1265.99163555    300.00000000      0.99961846      0.21048099   -786.58930427     -1.49927479   -788.08857906      0.15094061      0.06913766      0.12246169      0.02515677 md_running
   253    126.50000000    124.55910444     24.29565489   1268.33960483    300.00000000      0.99961818      0.21087136   -786.58556975     -1.50562979   -788.09119954      0.14905147      0.06951582      0.12024159      0.02484191 md_running
   254    127.00000000    124.81859307     24.23430457   1269.58667322    300.00000000      0.99961801      0.21107869   -786.58163906     -1.51198731   -788.09362638      0.14724889      0.06989415      0.11797634      0.02454148 md_running
   255    127.50000000    125.08011871     24.17292583   1269.80857616    300.00000000      0.99961795      0.21111559   -786.57750951     -1.51834740   -788.09585691      0.14570882      0.07027340      0.11589120      0.02428480 md_running
   256    128.00000000    125.34131913     24.11134533   1269.15427512    300.00000000      0.99961797      0.21100680   -786.57319542     -1.52470952   -788.09790495      0.14466715      0.07065425      0.11427458      0.02411119 md_running
   257    128.50000000    125.60212984     24.04947199   1267.82675126    300.00000000      0.99961807      0.21078609   -786.56872499     -1.53107259   -788.09979758      0.14433062      0.07103730      0.11337778      0.02405510 md_running
   258    129.00000000    125.86839884     23.98730837   1266.08242228    300.00000000      0.99961821      0.21049609   -786.56414222     -1.53743505   -788.10157727      0.14479947      0.07142292      0.11333984      0.02413325 md_running
   259    129.50000000    126.12691836     23.92495138   1264.21892912    300.00000000      0.99961839      0.21018626   -786.55950490     -1.54379509   -788.10329999      0.14602342      0.07181127      0.11412116      0.02433724 md_running
   260    130.00000000    126.38240723     23.86258745   1262.50690048    300.00000000      0.99961856      0.20990163   -786.55487313     -1.55015071   -788.10502384      0.14786007      0.07220226      0.11554888      0.02464334 md_running
   261    130.50000000    126.64299756     23.80048782   1261.11908362    300.00000000      0.99961871      0.20967089   -786.55029520     -1.55649989   -788.10679509      0.15010705      0.07259550      0.11741212      0.02501784 md_running
   262    131.00000000    126.90731878     23.73899047   1260.11633216    300.00000000      0.99961882      0.20950418   -786.54580590     -1.56284068   -788.10864658      0.15255209      0.07299035      0.11952529      0.02542535 md_running
   263    131.50000000    127.16743744     23.67846436   1259.44914235    300.00000000      0.99961890      0.20939325   -786.54142430     -1.56917143   -788.11059573      0.15501121      0.07338598      0.12170932      0.02583520 md_running
   264    132.00000000    127.42216669     23.61927126   1258.93680780    300.00000000      0.99961895      0.20930807   -786.53714740     -1.57549093   -788.11263833      0.15732545      0.07378143      0.12376716      0.02622091 md_running
   265    132.50000000    127.67361542     23.56173369   1258.27100621    300.00000000      0.99961900      0.20919738   -786.53294685     -1.58179851   -788.11474535      0.15934214      0.07417573      0.12552447      0.02655702 md_running
   266    133.00000000    127.92860470     23.50610484   1257.05264202    300.00000000      0.99961908      0.20899481   -786.52877480     -1.58809406   -788.11686886      0.16100057      0.07456796      0.12692836      0.02683343 md_running
   267    133.50000000    128.18316690     23.45254416   1254.84343820    300.00000000      0.99961923      0.20862752   -786.52456932     -1.59437811   -788.11894742      0.16235296      0.07495738      0.12808110      0.02705883 md_running
   268    134.00000000    128.44263140     23.40110122   1251.24231906    300.00000000      0.99961951      0.20802880   -786.52026713     -1.60065175   -788.12091889      0.16354338      0.07534344      0.12919226      0.02725723 md_running
   269    134.50000000    128.68093617     23.35171291   1245.97302339    300.00000000      0.99961993      0.20715274   -786.51581708     -1.60691659   -788.12273366      0.16466043      0.07572586      0.13039334      0.02744341 md_running
   270    135.00000000    128.93141056     23.30421609   1238.95586417    300.00000000      0.99962052      0.20598608   -786.51119330     -1.61317452   -788.12436781      0.16569528      0.07610465      0.13165577      0.02761588 md_running
   271    135.50000000    129.19237812     23.25837235   1230.35166696    300.00000000      0.99962129      0.20455557   -786.50640549     -1.61942756   -788.12583305      0.16651424      0.07648005      0.13277487      0.02775237 md_running
   272    136.00000000    129.45484532     23.21389841   1220.50503323    300.00000000      0.99962221      0.20291849   -786.50149236     -1.62567763   -788.12716999      0.16689157      0.07685250      0.13343801      0.02781526 md_running
   273    136.50000000    129.72453273     23.17049652   1209.79042108    300.00000000      0.99962325      0.20113710   -786.49649585     -1.63192638   -788.12842223      0.16667681      0.07722261      0.13343454      0.02777947 md_running
   274    137.00000000    129.99952140     23.12788012   1198.46769304    300.00000000      0.99962438      0.19925461   -786.49143902     -1.63817504   -788.12961406      0.16588693      0.07759104      0.13277018      0.02764782 md_running
   275    137.50000000    130.25957409     23.08579540   1186.64876995    300.00000000      0.99962559      0.19728962   -786.48632023     -1.64442435   -788.13074459      0.16473555      0.07795849      0.13167159      0.02745593 md_running
   276    138.00000000    130.51974675     23.04404294   1174.35543550    300.00000000      0.99962687      0.19524576   -786.48112846     -1.65067453   -788.13180298      0.16354562      0.07832562      0.13051739      0.02725760 md_running
   277    138.50000000    130.78479742     23.00249346   1161.58320801    300.00000000      0.99962824      0.19312228   -786.47585351     -1.65692523   -788.13277874      0.16266598      0.07869299      0.12971578      0.02711100 md_running
   278    139.00000000    131.05035888     22.96110230   1148.36732488    300.00000000      0.99962968      0.19092503   -786.47049821     -1.66317557   -788.13367378      0.16236012      0.07906100      0.12956901      0.02706002 md_running
   279    139.50000000    131.30859132     22.91992048   1134.84112107    300.00000000      0.99963120      0.18867619   -786.46508970     -1.66942420   -788.13451390      0.16269894      0.07942982      0.13014354      0.02711649 md_running
   280    140.00000000    131.56467862     22.87909705   1121.25189842    300.00000000      0.99963279      0.18641688   -786.45968255     -1.67566931   -788.13535186      0.16354382      0.07979937      0.13126751      0.02725730 md_running
   281    140.50000000    131.81963186     22.83886972   1107.91068535    300.00000000      0.99963440      0.18419880   -786.45434941     -1.68190884   -788.13625825      0.16465552      0.08016929      0.13264797      0.02744259 md_running
   282    141.00000000    132.07130883     22.79954689   1095.11366026    300.00000000      0.99963600      0.18207119   -786.44916597     -1.68814058   -788.13730655      0.16580186      0.08053899      0.13401312      0.02763364 md_running
   283    141.50000000    132.32117236     22.76147902   1083.07626866    300.00000000      0.99963756      0.18006988   -786.44419784     -1.69436240   -788.13856024      0.16683461      0.08090766      0.13521571      0.02780577 md_running
   284    142.00000000    132.58199864     22.72501940   1071.89156301    300.00000000      0.99963904      0.17821034   -786.43949040     -1.70057245   -788.14006285      0.16772682      0.08127438      0.13626043      0.02795447 md_running
   285    142.50000000    132.84012184     22.69048246   1061.51915621    300.00000000      0.99964045      0.17648585   -786.43506343     -1.70676936   -788.14183280      0.16857011      0.08163825      0.13729363      0.02809502 md_running
   286    143.00000000    133.07860350     22.65810615   1051.80433551    300.00000000      0.99964178      0.17487068   -786.43091133     -1.71295241   -788.14386374      0.16954354      0.08199845      0.13855948      0.02825726 md_running
   287    143.50000000    133.33265817     22.62802553   1042.53367297    300.00000000      0.99964306      0.17332936   -786.42700960     -1.71912158   -788.14613118      0.17085261      0.08235435      0.14031297      0.02847543 md_running
   288    144.00000000    133.59567753     22.60026157   1033.53173038    300.00000000      0.99964431      0.17183272   -786.42333068     -1.72527753   -788.14860821      0.17260480      0.08270558      0.14268286      0.02876747 md_running
   289    144.50000000    133.84939285     22.57472218   1024.74517381    300.00000000      0.99964556      0.17037188   -786.41985968     -1.73142154   -788.15128123      0.17471164      0.08305204      0.14555520      0.02911861 md_running
   290    145.00000000    134.10914249     22.55121412   1016.24816407    300.00000000      0.99964680      0.16895919   -786.41659454     -1.73755538   -788.15414992      0.17688448      0.08339392      0.14856530      0.02948075 md_running
   291    145.50000000    134.36686514     22.52946602   1008.16247939    300.00000000      0.99964801      0.16761488   -786.41353516     -1.74368109   -788.15721625      0.17875682      0.08373164      0.15126146      0.02979280 md_running
   292    146.00000000    134.63036127     22.50915599   1000.54764386    300.00000000      0.99964916      0.16634886   -786.41066636     -1.74980079   -788.16046715      0.18007433      0.08406584      0.15333142      0.03001239 md_running
   293    146.50000000    134.89947210     22.48994081    993.33077258    300.00000000      0.99965027      0.16514899   -786.40794788     -1.75591654   -788.16386441      0.18080870      0.08439726      0.15472976      0.03013478 md_running
   294    147.00000000    135.16784786     22.47148460    986.32665118    300.00000000      0.99965134      0.16398450   -786.40531975     -1.76203009   -788.16734984      0.18112183      0.08472674      0.15563543      0.03018697 md_running
   295    147.50000000    135.43465380     22.45348583    979.35065341    300.00000000      0.99965241      0.16282469   -786.40272517     -1.76814282   -788.17086799      0.18125651      0.08505510      0.15632204      0.03020942 md_running
   296    148.00000000    135.69524405     22.43570060    972.34174097    300.00000000      0.99965351      0.16165940   -786.40013332     -1.77425557   -788.17438889      0.18138213      0.08538307      0.15697206      0.03023035 md_running
   297    148.50000000    135.93599566     22.41796250    965.42642765    300.00000000      0.99965462      0.16050968   -786.39755190     -1.78036858   -788.17792048      0.18152005      0.08571128      0.15759000      0.03025334 md_running
   298    149.00000000    136.18561850     22.40019897    958.91092216    300.00000000      0.99965571      0.15942643   -786.39502730     -1.78648147   -788.18150876      0.18152116      0.08604015      0.15799618      0.03025353 md_running
   299    149.50000000    136.44038312     22.38243944    953.19860385    300.00000000      0.99965672      0.15847671   -786.39263136     -1.79259321   -788.18522457      0.18115062      0.08636983      0.15792749      0.03019177 md_running
   300    150.00000000    136.69714499     22.36481274    948.67523810    300.00000000      0.99965757      0.15772466   -786.39044122     -1.79870227   -788.18914349      0.18019217      0.08670023      0.15715462      0.03003203 md_running
   301    150.50000000    136.96253463     22.34753334    945.60365817    300.00000000      0.99965821      0.15721399   -786.38852165     -1.80480670   -788.19332835      0.17853605      0.08703101      0.15557810      0.02975601 md_running
   302    151.00000000    137.22479344     22.33087712    944.03082555    300.00000000      0.99965860      0.15695249   -786.38690598     -1.81090440   -788.19781038      0.17624360      0.08736159      0.15329794      0.02937393 md_running
   303    151.50000000    137.48159993     22.31514759    943.75149740    300.00000000      0.99965874      0.15690605   -786.38558707     -1.81699330   -788.20258037      0.17358251      0.08769125      0.15065583      0.02893042 md_running
   304    152.00000000    137.74271224     22.30063513    944.35974182    300.00000000      0.99965870      0.15700718   -786.38452288     -1.82307166   -788.20759454      0.17102033      0.08801920      0.14823253      0.02850339 md_running
   305    152.50000000    138.00440615     22.28757524    945.35571038    300.00000000      0.99965855      0.15717277   -786.38365037     -1.82913832   -788.21278869      0.16916583      0.08834472      0.14676900      0.02819430 md_running
   306    153.00000000    138.26632438     22.27611476    946.30306153    300.00000000      0.99965838      0.15733027   -786.38290841     -1.83519284   -788.21810125      0.16862240      0.08866725      0.14697609      0.02810373 md_running
   307    153.50000000    138.52395838     22.26629155    947.00419845    300.00000000      0.99965824      0.15744684   -786.38226677     -1.84123563   -788.22350240      0.16978458      0.08898642      0.14928118      0.02829743 md_running
   308    154.00000000    138.77776696     22.25803053    947.62705818    300.00000000      0.99965814      0.15755040   -786.38174626     -1.84726789   -788.22901416      0.17264522      0.08930215      0.15360758      0.02877420 md_running
   309    154.50000000    139.04070294     22.25115451    948.74070980    300.00000000      0.99965802      0.15773555   -786.38142683     -1.85329150   -788.23471833      0.17672135      0.08961460      0.15932373      0.02945356 md_running
   310    155.00000000    139.30198284     22.24540662    951.20156211    300.00000000      0.99965775      0.15814468   -786.38143092     -1.85930883   -788.24073975      0.18118875      0.08992413      0.16545104      0.03019812 md_running
   311    155.50000000    139.56620827     22.24047665    955.90455109    300.00000000      0.99965718      0.15892659   -786.38188202     -1.86532253   -788.24720455      0.18513198      0.09023130      0.17095889      0.03085533 md_running
   312    156.00000000    139.83021417     22.23602736    963.52416406    300.00000000      0.99965618      0.16019341   -786.38286401     -1.87133531   -788.25419932      0.18782820      0.09053677      0.17508068      0.03130470 md_running
   313    156.50000000    140.09881129     22.23171599    974.33279090    300.00000000      0.99965470      0.16199043   -786.38439152     -1.87734979   -788.26174131      0.18890998      0.09084127      0.17744929      0.03148500 md_running
   314    157.00000000    140.35713795     22.22721317    988.15755916    300.00000000      0.99965274      0.16428891   -786.38640469     -1.88336833   -788.26977302      0.18839821      0.09114558      0.17811559      0.03139970 md_running
   315    157.50000000    140.61825027     22.22221877   1004.50094902    300.00000000      0.99965041      0.16700612   -786.38879051     -1.88939297   -788.27818348      0.18660388      0.09145046      0.17742885      0.03110065 md_running
   316    158.00000000    140.88055233     22.21647610   1022.76895385    300.00000000      0.99964783      0.17004332   -786.39142452     -1.89542530   -788.28684981      0.18400582      0.09175660      0.17590596      0.03066764 md_running
   317    158.50000000    141.13732714     22.20978445   1042.49008376    300.00000000      0.99964510      0.17332211   -786.39420853     -1.90146644   -788.29567497      0.18105046      0.09206463      0.17401950      0.03017508 md_running
   318    159.00000000    141.39531875     22.20201002   1063.43173251    300.00000000      0.99964229      0.17680383   -786.39709111     -1.90751699   -788.30460810      0.17803866      0.09237501      0.17207560      0.02967311 md_running
   319    159.50000000    141.65110349     22.19309493   1085.62635319    300.00000000      0.99963943      0.18049386   -786.40007262     -1.91357698   -788.31364960      0.17517175      0.09268804      0.17027814      0.02919529 md_running
   320    160.00000000    141.91409824     22.18305830   1109.31363618    300.00000000      0.99963652      0.18443205   -786.40319628     -1.91964594   -788.32284222      0.17253069      0.09300382      0.16870792      0.02875512 md_running
   321    160.50000000    142.17532979     22.17198715   1134.79073537    300.00000000      0.99963354      0.18866782   -786.40652158     -1.92572295   -788.33224452      0.17006800      0.09332228      0.16732054      0.02834467 md_running
   322    161.00000000    142.43072603     22.16001602   1162.22597056    300.00000000      0.99963046      0.19322914   -786.41009074     -1.93180683   -788.34189757      0.16768554      0.09364319      0.16602489      0.02794759 md_running
   323    161.50000000    142.68289973     22.14729717   1191.50488890    300.00000000      0.99962731      0.19809699   -786.41390007     -1.93789638   -788.35179644      0.16533367      0.09396626      0.16478518      0.02755561 md_running
   324    162.00000000    142.92778210     22.13396573   1222.15046380    300.00000000      0.99962413      0.20319205   -786.41788270     -1.94399056   -788.36187326      0.16310736      0.09429118      0.16370087      0.02718456 md_running
   325    162.50000000    143.18825598     22.12010723   1253.35677379    300.00000000      0.99962101      0.20838035   -786.42191058     -1.95008878   -788.37199936      0.16132045      0.09461776      0.16307252      0.02688674 md_running
   326    163.00000000    143.44712869     22.10573567   1284.18364548    300.00000000      0.99961803      0.21350555   -786.42582423     -1.95619100   -788.38201523      0.16047374      0.09494598      0.16336865      0.02674562 md_running
   327    163.50000000    143.70688001     22.09078401   1313.89941103    300.00000000      0.99961527      0.21844603   -786.42949136     -1.96229779   -788.39178915      0.16101006      0.09527599      0.16498947      0.02683501 md_running
   328    164.00000000    143.96057221     22.07510561   1342.28941338    300.00000000      0.99961275      0.22316609   -786.43286029     -1.96841031   -788.40127060      0.16292915      0.09560817      0.16788872      0.02715486 md_running
   329    164.50000000    144.19810289     22.05848775   1369.78636941    300.00000000      0.99961044      0.22773768   -786.43598189     -1.97453016   -788.41051205      0.16565065      0.09594306      0.17147401      0.02760844 md_running
   330    165.00000000    144.45279253     22.04066932   1397.37940724    300.00000000      0.99960825      0.23232523   -786.43899881     -1.98065926   -788.41965808      0.16817710      0.09628136      0.17476588      0.02802952 md_running
   331    165.50000000    144.70639092     22.02136097   1426.28685885    300.00000000      0.99960610      0.23713132   -786.44208868     -1.98679962   -788.42888830      0.16946284      0.09662391      0.17675513      0.02824381 md_running
   332    166.00000000    144.94319934     22.00026710   1457.52206365    300.00000000      0.99960390      0.24232442   -786.44539487     -1.99295318   -788.43834805      0.16882453      0.09697160      0.17679429      0.02813742 md_running
   333    166.50000000    145.19761483     21.97710711   1491.53602352    300.00000000      0.99960160      0.24797951   -786.44896502     -1.99912162   -788.44808665      0.16625005      0.09732534      0.17487781      0.02770834 md_running
   334    167.00000000    145.45327769     21.95163828   1528.09743842    300.00000000      0.99959921      0.25405813   -786.45273366     -2.00530624   -788.45803989      0.16251723      0.09768601      0.17174998      0.02708621 md_running
   335    167.50000000    145.71297016     21.92367787   1566.43080486    300.00000000      0.99959679      0.26043135   -786.45655022     -2.01150777   -788.46805799      0.15893903      0.09805439      0.16864109      0.02648984 md_running
   336    168.00000000    145.94960067     21.89312255   1605.50455727    300.00000000      0.99959442      0.26692766   -786.46022709     -2.01772633   -788.47795342      0.15695854      0.09843106      0.16688546      0.02615976 md_running
   337    168.50000000    146.18825374     21.85996156   1644.36857980    300.00000000      0.99959214      0.27338911   -786.46360091     -2.02396139   -788.48756230      0.15766238      0.09881639      0.16748925      0.02627706 md_running
   338    169.00000000    146.42710692     21.82427960   1682.43301274    300.00000000      0.99959000      0.27971762   -786.46657802     -2.03021178   -788.49678981      0.16139759      0.09921044      0.17079730      0.02689960 md_running
   339    169.50000000    146.68063164     21.78624674   1719.61346288    300.00000000      0.99958801      0.28589916   -786.46915993     -2.03647583   -788.50563576      0.16768425      0.09961305      0.17641181      0.02794738 md_running
   340    170.00000000    146.94653371     21.74609625   1756.29983705    300.00000000      0.99958614      0.29199856   -786.47143498     -2.04275152   -788.51418650      0.17537819      0.10002382      0.18329615      0.02922970 md_running
   341    170.50000000    147.20958684     21.70409615   1793.15446654    300.00000000      0.99958436      0.29812593   -786.47354190     -2.04903673   -788.52257863      0.18307333      0.10044219      0.19013793      0.03051222 md_running
   342    171.00000000    147.46342658     21.66051624   1830.80441538    300.00000000      0.99958263      0.30438552   -786.47561432     -2.05532943   -788.53094375      0.18945868      0.10086758      0.19568211      0.03157645 md_running
   343    171.50000000    147.71492427     21.61559616   1869.51105353    300.00000000      0.99958092      0.31082081   -786.47772148     -2.06162788   -788.53934936      0.19359285      0.10129942      0.19900229      0.03226548 md_running
   344    172.00000000    147.96608123     21.56951995   1908.93070322    300.00000000      0.99957924      0.31737463   -786.47982431     -2.06793079   -788.54775510      0.19509626      0.10173730      0.19969485      0.03251604 md_running
   345    172.50000000    148.20151553     21.52240372   1948.08812168    300.00000000      0.99957761      0.32388486   -786.48176858     -2.07423737   -788.55600595      0.19418428      0.10218095      0.19792114      0.03236405 md_running
   346    173.00000000    148.45176043     21.47429840   1985.61424853    300.00000000      0.99957609      0.33012387   -786.48332588     -2.08054734   -788.56387322      0.19154345      0.10263030      0.19430942      0.03192391 md_running
   347    173.50000000    148.69070680     21.42520138   2020.13055504    300.00000000      0.99957471      0.33586247   -786.48426122     -2.08686081   -788.57112203      0.18808499      0.10308541      0.18971722      0.03134750 md_running
   348    174.00000000    148.91988107     21.37507464   2050.59209904    300.00000000      0.99957351      0.34092694   -786.48439269     -2.09317816   -788.57757085      0.18477725      0.10354644      0.18505788      0.03079621 md_running
   349    174.50000000    149.15926163     21.32386959   2076.49943956    300.00000000      0.99957250      0.34523424   -786.48362924     -2.09949990   -788.58312914      0.18247893      0.10401358      0.18115198      0.03041315 md_running
   350    175.00000000    149.41220973     21.27155491   2097.91073779    300.00000000      0.99957168      0.34879404   -786.48197769     -2.10582643   -788.58780412      0.18188677      0.10448695      0.17867964      0.03031446 md_running
   351    175.50000000    149.66865431     21.21814230   2115.25215378    300.00000000      0.99957102      0.35167718   -786.47951002     -2.11215792   -788.59166795      0.18355556      0.10496655      0.17821190      0.03059259 md_running
   352    176.00000000    149.93055405     21.16370975   2129.06126345    300.00000000      0.99957050      0.35397305   -786.47632408     -2.11849415   -788.59481824      0.18786500      0.10545212      0.18019673      0.03131083 md_running
   353    176.50000000    150.18788994     21.10841808   2139.77077794    300.00000000      0.99957010      0.35575359   -786.47250691     -2.12483441   -788.59734132      0.19500667      0.10594315      0.18491661      0.03250111 md_running
   354    177.00000000    150.45488663     21.05252072   2147.60643379    300.00000000      0.99956979      0.35705633   -786.46812146     -2.13117747   -788.59929893      0.20488512      0.10643874      0.19239400      0.03414752 md_running
   355    177.50000000    150.71175332     20.99635871   2152.62490407    300.00000000      0.99956958      0.35789069   -786.46321012     -2.13752163   -788.60073175      0.21700102      0.10693769      0.20220837      0.03616684 md_running
   356    178.00000000    150.96528106     20.94034346   2154.79221949    300.00000000      0.99956946      0.35825103   -786.45781140     -2.14386490   -788.60167630      0.23055624      0.10743845      0.21356262      0.03842604 md_running
   357    178.50000000    151.22781856     20.88493525   2154.05536371    300.00000000      0.99956944      0.35812852   -786.45196397     -2.15020503   -788.60216899      0.24457280      0.10793925      0.22541979      0.04076213 md_running
   358    179.00000000    151.48737008     20.83061735   2150.50263207    300.00000000      0.99956951      0.35753785   -786.44573199     -2.15653975   -788.60227174      0.25804704      0.10843815      0.23673689      0.04300784 md_running
   359    179.50000000    151.73122886     20.77785410   2144.45608855    300.00000000      0.99956967      0.35653256   -786.43922566     -2.16286695   -788.60209261      0.27019657      0.10893321      0.24666490      0.04503276 md_running
   360    180.00000000    151.98110121     20.72705603   2136.37967011    300.00000000      0.99956990      0.35518980   -786.43256564     -2.16918480   -788.60175045      0.28065334      0.10942265      0.25476481      0.04677556 md_running
   361    180.50000000    152.23885963     20.67855901   2126.93743220    300.00000000      0.99957019      0.35361995   -786.42589919     -2.17549186   -788.60139105      0.28934707      0.10990491      0.26100393      0.04822451 md_running
   362    181.00000000    152.49136373     20.63260575   2117.02001094    300.00000000      0.99957051      0.35197110   -786.41940829     -2.18178714   -788.60119543      0.29657512      0.11037881      0.26574795      0.04942919 md_running
   363    181.50000000    152.74724392     20.58935007   2107.59715666    300.00000000      0.99957084      0.35040448   -786.41327350     -2.18807005   -788.60134355      0.30282658      0.11084347      0.26960778      0.05047110 md_running
   364    182.00000000    152.99882994     20.54887613   2099.58099635    300.00000000      0.99957114      0.34907173   -786.40766132     -2.19434033   -788.60200165      0.30867374      0.11129830      0.27331250      0.05144562 md_running
   365    182.50000000    153.24401670     20.51122034   2093.73342333    300.00000000      0.99957138      0.34809952   -786.40270573     -2.20059797   -788.60330370      0.31460276      0.11174291      0.27751211      0.05243379 md_running
   366    183.00000000    153.48764321     20.47638788   2090.69240104    300.00000000      0.99957154      0.34759393   -786.39851549     -2.20684307   -788.60535857      0.32073218      0.11217701      0.28247064      0.05345536 md_running
   367    183.50000000    153.74644055     20.44435274   2091.07195525    300.00000000      0.99957159      0.34765703   -786.39519210     -2.21307594   -788.60826804      0.32664880      0.11260047      0.28786113      0.05444147 md_running
   368    184.00000000    153.98636093     20.41504333   2095.52840645    300.00000000      0.99957151      0.34839795   -786.39284110     -2.21929708   -788.61213817      0.33138192      0.11301332      0.29272945      0.05523032 md_running
   369    184.50000000    154.23592975     20.38831320   2104.66026041    300.00000000      0.99957128      0.34991620   -786.39155210     -2.22550737   -788.61705947      0.33387170      0.11341594      0.29597339      0.05564528 md_running
   370    185.00000000    154.49898334     20.36390737   2118.81973209    300.00000000      0.99957089      0.35227032   -786.39135778     -2.23170820   -788.62306598      0.33340601      0.11380919      0.29680615      0.05556767 md_running
   371    185.50000000    154.76359686     20.34144033   2138.06605403    300.00000000      0.99957033      0.35547017   -786.39222619     -2.23790147   -788.63012767      0.32973464      0.11419451      0.29486943      0.05495577 md_running
   372    186.00000000    155.02001149     20.32040114   2162.25766088    300.00000000      0.99956962      0.35949221   -786.39407591     -2.24408959   -788.63816550      0.32305803      0.11457400      0.29026038      0.05384300 md_running
   373    186.50000000    155.26211799     20.30017049   2191.22046849    300.00000000      0.99956877      0.36430751   -786.39680625     -2.25027531   -788.64708156      0.31383819      0.11495028      0.28334677      0.05230637 md_running
   374    187.00000000    155.51527331     20.28004374   2224.87514912    300.00000000      0.99956780      0.36990286   -786.40032555     -2.25646160   -788.65678715      0.30264745      0.11532648      0.27462030      0.05044124 md_running
   375    187.50000000    155.75135681     20.25925522   2263.17003181    300.00000000      0.99956671      0.37626968   -786.40453940     -2.26265152   -788.66719092      0.29007835      0.11570612      0.26460782      0.04834639 md_running
   376    188.00000000    155.98304772     20.23700080   2305.91465002    300.00000000      0.99956552      0.38337631   -786.40932394     -2.26884811   -788.67817205      0.27680115      0.11609303      0.25394645      0.04613352 md_running
   377    188.50000000    156.22937753     20.21245487   2352.69839506    300.00000000      0.99956425      0.39115447   -786.41451358     -2.27505431   -788.68956790      0.26366308      0.11649125      0.24348570      0.04394385 md_running
   378    189.00000000    156.49289544     20.18478153   2402.84427461    300.00000000      0.99956294      0.39949162   -786.41989808     -2.28127292   -788.70117100      0.25161175      0.11690503      0.23416704      0.04193529 md_running
   379    189.50000000    156.76098903     20.15315403   2455.40972206    300.00000000      0.99956160      0.40823103   -786.42521949     -2.28750650   -788.71272600      0.24169928      0.11733875      0.22699469      0.04028321 md_running
   380    190.00000000    157.02698595     20.11678527   2509.33884510    300.00000000      0.99956027      0.41719717   -786.43020240     -2.29375728   -788.72395967      0.23489182      0.11779675      0.22281785      0.03914864 md_running
   381    190.50000000    157.28816433     20.07496749   2563.71589371    300.00000000      0.99955897      0.42623778   -786.43460420     -2.30002693   -788.73463113      0.23164092      0.11828320      0.22182355      0.03860682 md_running
   382    191.00000000    157.54503451     20.02712569   2618.09724495    300.00000000      0.99955773      0.43527910   -786.43826672     -2.30631644   -788.74458317      0.23186880      0.11880181      0.22369443      0.03864480 md_running
   383    191.50000000    157.80347624     19.97286571   2672.61032541    300.00000000      0.99955654      0.44434233   -786.44117171     -2.31262595   -788.75379766      0.23490946      0.11935562      0.22759811      0.03915158 md_running
   384    192.00000000    158.06971656     19.91201839   2727.60452487    300.00000000      0.99955539      0.45348554   -786.44334643     -2.31895462   -788.76230104      0.23973541      0.11994668      0.23238402      0.03995590 md_running
   385    192.50000000    158.33576349     19.84468061   2783.33733517    300.00000000      0.99955428      0.46275156   -786.44483556     -2.32530059   -788.77013615      0.24573780      0.12057588      0.23740884      0.04095630 md_running
   386    193.00000000    158.59780484     19.77123337   2840.02179731    300.00000000      0.99955319      0.47217579   -786.44570891     -2.33166104   -788.77736996      0.25299636      0.12124269      0.24281005      0.04216606 md_running
   387    193.50000000    158.85498546     19.69233431   2898.18258704    300.00000000      0.99955213      0.48184548   -786.44611068     -2.33803234   -788.78414302      0.26212014      0.12194511      0.24945237      0.04368669 md_running
   388    194.00000000    159.10715344     19.60887516   2959.33957963    300.00000000      0.99955107      0.49201330   -786.44639422     -2.34441029   -788.79080452      0.27372382      0.12267978      0.25837829      0.04562064 md_running
   389    194.50000000    159.36196221     19.52191938   3026.09059488    300.00000000      0.99954998      0.50311118   -786.44713669     -2.35079053   -788.79792722      0.28773493      0.12344218      0.26986020      0.04795582 md_running
   390    195.00000000    159.61790151     19.43267591   3100.40930733    300.00000000      0.99954883      0.51546725   -786.44885219     -2.35716866   -788.80602085      0.30252028      0.12422663      0.28238459      0.05042005 md_running
   391    195.50000000    159.87233017     19.34249693   3181.08222276    300.00000000      0.99954760      0.52887975   -786.45150035     -2.36354038   -788.81504074      0.31658140      0.12502624      0.29444640      0.05276357 md_running
   392    196.00000000    160.13257426     19.25288484   3264.01311644    300.00000000      0.99954637      0.54266766   -786.45451914     -2.36990144   -788.82442058      0.33107937      0.12583279      0.30734708      0.05517989 md_running
   393    196.50000000    160.37454038     19.16538946   3344.83980959    300.00000000      0.99954521      0.55610573   -786.45739790     -2.37624794   -788.83364585      0.34726734      0.12663722      0.32242911      0.05787789 md_running
   394    197.00000000    160.63439515     19.08149299   3419.89614611    300.00000000      0.99954415      0.56858443   -786.45970319     -2.38257660   -788.84227979      0.36418286      0.12743034      0.33868967      0.06069714 md_running
   395    197.50000000    160.89152792     19.00252712   3486.69673127    300.00000000      0.99954324      0.57969055   -786.46119219     -2.38888489   -788.85007708      0.38004473      0.12820332      0.35428721      0.06334079 md_running
   396    198.00000000    161.14639110     18.92958850   3544.32564480    300.00000000      0.99954247      0.58927180   -786.46185320     -2.39517114   -788.85702435      0.39239514      0.12894836      0.36674930      0.06539919 md_running
   397    198.50000000    161.40342545     18.86346724   3593.17344610    300.00000000      0.99954184      0.59739313   -786.46189395     -2.40143460   -788.86332855      0.39871633      0.12965925      0.37359451      0.06645272 md_running
   398    199.00000000    161.65616884     18.80458530   3634.32266187    300.00000000      0.99954132      0.60423451   -786.46156152     -2.40767543   -788.86923696      0.39727231      0.13033188      0.37312685      0.06621205 md_running
   399    199.50000000    161.90812775     18.75298393   3668.35206110    300.00000000      0.99954089      0.60989216   -786.46097840     -2.41389467   -788.87487306      0.38804217      0.13096453      0.36540337      0.06467369 md_running
   400    200.00000000    162.15441215     18.70835661   3694.76738623    300.00000000      0.99954056      0.61428392   -786.46002977     -2.42009400   -788.88012378      0.37268581      0.13155776      0.35221336      0.06211430 md_running
   401    200.50000000    162.41248093     18.67010122   3712.33814421    300.00000000      0.99954031      0.61720519   -786.45843310     -2.42627565   -788.88470875      0.35386184      0.13211421      0.33632710      0.05897697 md_running
   402    201.00000000    162.66785637     18.63739409   3719.78414663    300.00000000      0.99954018      0.61844315   -786.45585731     -2.43244213   -788.88829944      0.33447620      0.13263819      0.32068739      0.05574603 md_running
   403    201.50000000    162.92172038     18.60927298   3716.35547133    300.00000000      0.99954016      0.61787311   -786.45206677     -2.43859608   -788.89066286      0.31717468      0.13313513      0.30780395      0.05286245 md_running
   404    202.00000000    163.17691296     18.58472959   3702.25082955    300.00000000      0.99954025      0.61552810   -786.44694395     -2.44474010   -788.89168405      0.30335402      0.13361098      0.29882476      0.05055900 md_running
   405    202.50000000    163.43123421     18.56276889   3678.65261035    300.00000000      0.99954046      0.61160471   -786.44057597     -2.45087660   -788.89145256      0.29348718      0.13407183      0.29385923      0.04891453 md_running
   406    203.00000000    163.69169987     18.54246122   3647.39056861    300.00000000      0.99954077      0.60640715   -786.43313857     -2.45700778   -788.89014635      0.28712709      0.13452350      0.29214206      0.04785452 md_running
   407    203.50000000    163.95309668     18.52297687   3610.42262299    300.00000000      0.99954116      0.60026094   -786.42485922     -2.46313552   -788.88799474      0.28359828      0.13497131      0.29275181      0.04726638 md_running
   408    204.00000000    164.20865609     18.50361527   3569.34796788    300.00000000      0.99954162      0.59343196   -786.41589938     -2.46926134   -788.88516072      0.28224659      0.13541984      0.29488260      0.04704110 md_running
   409    204.50000000    164.46453745     18.48382758   3525.74458326    300.00000000      0.99954212      0.58618256   -786.40644894     -2.47538637   -788.88183531      0.28237696      0.13587278      0.29775505      0.04706283 md_running
   410    205.00000000    164.72135290     18.46323616   3481.29888565    300.00000000      0.99954265      0.57879311   -786.39672867     -2.48151134   -788.87824002      0.28347127      0.13633274      0.30090595      0.04724521 md_running
   411    205.50000000    164.98673838     18.44162560   3437.43740027    300.00000000      0.99954320      0.57150080   -786.38696439     -2.48763658   -788.87460097      0.28509330      0.13680130      0.30403723      0.04751555 md_running
   412    206.00000000    165.22727526     18.41889692   3395.26274012    300.00000000      0.99954375      0.56448893   -786.37730922     -2.49376216   -788.87107138      0.28700398      0.13727930      0.30703104      0.04783400 md_running
   413    206.50000000    165.48101976     18.39504411   3355.50350597    300.00000000      0.99954429      0.55787865   -786.36788961     -2.49988795   -788.86777756      0.28910936      0.13776694      0.30988780      0.04818489 md_running
   414    207.00000000    165.74641830     18.37012676   3318.47999571    300.00000000      0.99954480      0.55172320   -786.35876917     -2.50601372   -788.86478289      0.29130668      0.13826398      0.31258993      0.04855111 md_running
   415    207.50000000    165.99389918     18.34423691   3284.02446341    300.00000000      0.99954528      0.54599470   -786.34992986     -2.51213914   -788.86206899      0.29360574      0.13876996      0.31523419      0.04893429 md_running
   416    208.00000000    166.24456674     18.31746475   3251.43863543    300.00000000      0.99954575      0.54057705   -786.34126881     -2.51826395   -788.85953276      0.29603364      0.13928439      0.31796424      0.04933894 md_running
   417    208.50000000    166.49760969     18.28985773   3219.60648195    300.00000000      0.99954620      0.53528471   -786.33260026     -2.52438798   -788.85698824      0.29874047      0.13980708      0.32102837      0.04979008 md_running
   418    209.00000000    166.75071448     18.26138835   3187.36251284    300.00000000      0.99954666      0.52992390   -786.32371761     -2.53051127   -788.85422888      0.30200435      0.14033833      0.32479266      0.05033406 md_running
   419    209.50000000    167.00576670     18.23193116   3154.18269278    300.00000000      0.99954714      0.52440749   -786.31450735     -2.53663405   -788.85114141      0.30617831      0.14087916      0.32963208      0.05102972 md_running
   420    210.00000000    167.26579621     18.20126262   3120.76751953    300.00000000      0.99954765      0.51885196   -786.30505064     -2.54275680   -788.84780744      0.31128729      0.14143129      0.33532040      0.05188121 md_running
   421    210.50000000    167.52509875     18.16913991   3089.34189642    300.00000000      0.99954815      0.51362720   -786.29568520     -2.54888004   -788.84456524      0.31673767      0.14199660      0.34116120      0.05278961 md_running
   422    211.00000000    167.77057419     18.13535454   3062.99408112    300.00000000      0.99954862      0.50924667   -786.28691817     -2.55500427   -788.84192244      0.32140063      0.14257679      0.34576030      0.05356677 md_running
   423    211.50000000    168.00696645     18.09982794   3044.03680271    300.00000000      0.99954898      0.50609488   -786.27913251     -2.56112974   -788.84026225      0.32448293      0.14317262      0.34816938      0.05408049 md_running
   424    212.00000000    168.26019985     18.06265334   3032.85161062    300.00000000      0.99954922      0.50423525   -786.27240545     -2.56725638   -788.83966184      0.32625054      0.14378362      0.34857965      0.05437509 md_running
   425    212.50000000    168.51846258     18.02407703   3027.87947590    300.00000000      0.99954934      0.50340860   -786.26649394     -2.57338382   -788.83987776      0.32795464      0.14440820      0.34829127      0.05465911 md_running
   426    213.00000000    168.77888257     17.98442273   3027.15592104    300.00000000      0.99954938      0.50328830   -786.26108956     -2.57951149   -788.84060106      0.33080534      0.14504414      0.34872682      0.05513422 md_running
   427    213.50000000    169.03762963     17.94399758   3030.07060661    300.00000000      0.99954937      0.50377289   -786.25613107     -2.58563883   -788.84176989      0.33506903      0.14568932      0.35041722      0.05584484 md_running
   428    214.00000000    169.29596005     17.90302453   3037.98931095    300.00000000      0.99954928      0.50508944   -786.25187952     -2.59176538   -788.84364489      0.34049570      0.14634220      0.35329859      0.05674928 md_running
   429    214.50000000    169.55159183     17.86162046   3054.06739139    300.00000000      0.99954910      0.50776254   -786.24888542     -2.59789088   -788.84677630      0.34651075      0.14700203      0.35690198      0.05775179 md_running
   430    215.00000000    169.80657215     17.81981244   3082.33016126    300.00000000      0.99954876      0.51246145   -786.24784126     -2.60401524   -788.85185649      0.35248350      0.14766870      0.36055593      0.05874725 md_running
   431    215.50000000    170.06009859     17.77759394   3126.47702986    300.00000000      0.99954820      0.51980121   -786.24936921     -2.61013842   -788.85950763      0.35772100      0.14834237      0.36350886      0.05962017 md_running
   432    216.00000000    170.31205629     17.73498198   3188.83750864    300.00000000      0.99954739      0.53016913   -786.25388461     -2.61626038   -788.87014500      0.36124750      0.14902301      0.36474398      0.06020792 md_running
   433    216.50000000    170.57537970     17.69207140   3269.45824034    300.00000000      0.99954633      0.54357295   -786.26140075     -2.62238103   -788.88378178      0.36218121      0.14970994      0.36335342      0.06036354 md_running
   434    217.00000000    170.84014734     17.64907038   3365.73765790    300.00000000      0.99954508      0.55958016   -786.27152690     -2.62850014   -788.90002704      0.35976534      0.15040153      0.35863014      0.05996089 md_running
   435    217.50000000    171.10552979     17.60629363   3472.10393211    300.00000000      0.99954372      0.57726438   -786.28339059     -2.63461744   -788.91800803      0.35352586      0.15109520      0.35012104      0.05892098 md_running
   436    218.00000000    171.37180703     17.56414541   3579.98755776    300.00000000      0.99954236      0.59520088   -786.29561804     -2.64073257   -788.93635061      0.34353578      0.15178755      0.33798568      0.05725596 md_running
   437    218.50000000    171.63446431     17.52306641   3678.15381506    300.00000000      0.99954113      0.61152178   -786.30641744     -2.64684524   -788.95326269      0.33024780      0.15247472      0.32287042      0.05504130 md_running
   438    219.00000000    171.89946825     17.48346323   3752.88860691    300.00000000      0.99954014      0.62394702   -786.31355198     -2.65295533   -788.96650732      0.31508267      0.15315302      0.30659632      0.05251378 md_running
   439    219.50000000    172.15445829     17.44562267   3788.91876800    300.00000000      0.99953951      0.62993732   -786.31452371     -2.65906303   -788.97358673      0.30090978      0.15381957      0.29277060      0.05015163 md_running
   440    220.00000000    172.39823889     17.40961385   3771.67982550    300.00000000      0.99953938      0.62707121   -786.30685732     -2.66516899   -788.97202631      0.29357104      0.15447325      0.28823988      0.04892851 md_running
   441    220.50000000    172.65548022     17.37517890   3693.21908843    300.00000000      0.99953986      0.61402650   -786.28900783     -2.67127451   -788.96028235      0.30602328      0.15511558      0.30607971      0.05100388 md_running
   442    221.00000000    172.91527604     17.34175337   3567.44093359    300.00000000      0.99954103      0.59311490   -786.26297051     -2.67738145   -788.94035196      0.34986374      0.15575072      0.35565215      0.05831062 md_running
   443    221.50000000    173.16299454     17.30857826   3447.83384618    300.00000000      0.99954262      0.57322929   -786.23751670     -2.68349191   -788.92100861      0.40746343      0.15638464      0.41679399      0.06791057 md_running
   444    222.00000000    173.41080992     17.27493614   3412.03984326    300.00000000      0.99954376      0.56727826   -786.22635894     -2.68960760   -788.91596654      0.43090040      0.15702320      0.44086602      0.07181673 md_running
   445    222.50000000    173.66100014     17.24046622   3492.84199752    300.00000000      0.99954345      0.58071225   -786.23553938     -2.69572907   -788.93126845      0.39968532      0.15766961      0.40714992      0.06661422 md_running
   446    223.00000000    173.91799601     17.20525296   3639.92295567    300.00000000      0.99954187      0.60516560   -786.25578943     -2.70185540   -788.95764483      0.36127822      0.15832357      0.36315911      0.06021304 md_running
   447    223.50000000    174.15729953     17.16959332   3780.02459321    300.00000000      0.99954014      0.62845859   -786.27423535     -2.70798491   -788.98222026      0.35842365      0.15898311      0.35442190      0.05973728 md_running
   448    224.00000000    174.40880769     17.13365374   3878.24381020    300.00000000      0.99953889      0.64478831   -786.28526120     -2.71411603   -788.99937723      0.37731482      0.15964737      0.37032051      0.06288580 md_running
   449    224.50000000    174.67301723     17.09728499   3938.21080042    300.00000000      0.99953814      0.65475829   -786.28971822     -2.72024778   -789.00996600      0.38950602      0.16031820      0.38250232      0.06491767 md_running
   450    225.00000000    174.93631027     17.06005487   3977.16718888    300.00000000      0.99953771      0.66123509   -786.29061726     -2.72637975   -789.01699702      0.38430539      0.16099998      0.37934813      0.06405090 md_running
   451    225.50000000    175.19965494     17.02136214   4009.12384158    300.00000000      0.99953739      0.66654813   -786.29018986     -2.73251198   -789.02270184      0.36333192      0.16169861      0.36203205      0.06055532 md_running
   452    226.00000000    175.44827961     16.98057218   4041.24260193    300.00000000      0.99953710      0.67188813   -786.28948492     -2.73864467   -789.02812959      0.33310899      0.16242044      0.33700253      0.05551816 md_running
   453    226.50000000    175.68806064     16.93710848   4075.43249669    300.00000000      0.99953680      0.67757246   -786.28869594     -2.74477806   -789.03347400      0.30102258      0.16317138      0.31149092      0.05017043 md_running
   454    227.00000000    175.92899700     16.89052892   4111.01311932    300.00000000      0.99953649      0.68348802   -786.28760897     -2.75091234   -789.03852131      0.27339893      0.16395625      0.29118781      0.04556649 md_running
   455    227.50000000    176.17971760     16.84057647   4146.42019976    300.00000000      0.99953617      0.68937472   -786.28591323     -2.75704755   -789.04296078      0.25330949      0.16477829      0.27836025      0.04221825 md_running
   456    228.00000000    176.44313935     16.78718770   4179.65125692    300.00000000      0.99953587      0.69489965   -786.28325794     -2.76318360   -789.04644154      0.24142986      0.16563896      0.27285377      0.04023831 md_running
   457    228.50000000    176.68917810     16.73046100   4208.64961858    300.00000000      0.99953560      0.69972085   -786.27928941     -2.76932027   -789.04860968      0.23684270      0.16653826      0.27314634      0.03947378 md_running
   458    229.00000000    176.94215680     16.67062037   4232.62233625    300.00000000      0.99953538      0.70370650   -786.27388160     -2.77545731   -789.04933891      0.23800628      0.16747493      0.27761942      0.03966771 md_running
   459    229.50000000    177.17978966     16.60793251   4253.25109729    300.00000000      0.99953520      0.70713619   -786.26736766     -2.78159444   -789.04896210      0.24346856      0.16844729      0.28513739      0.04057809 md_running
   460    230.00000000    177.43358613     16.54264956   4273.99889338    300.00000000      0.99953504      0.71058568   -786.26037828     -2.78773146   -789.04810975      0.25185265      0.16945371      0.29449538      0.04197544 md_running
   461    230.50000000    177.69952284     16.47502667   4298.90501342    300.00000000      0.99953486      0.71472651   -786.25363332     -2.79386819   -789.04750151      0.26164627      0.17049248      0.30421462      0.04360771 md_running
   462    231.00000000    177.95852835     16.40535859   4331.12377788    300.00000000      0.99953463      0.72008313   -786.24772722     -2.80000438   -789.04773160      0.27151528      0.17156144      0.31306120      0.04525255 md_running
   463    231.50000000    178.21338741     16.33404597   4371.66743356    300.00000000      0.99953434      0.72682383   -786.24287366     -2.80613966   -789.04901332      0.28030325      0.17265725      0.32005856      0.04671721 md_running
   464    232.00000000    178.46125273     16.26163426   4419.18759012    300.00000000      0.99953399      0.73472443   -786.23896198     -2.81227352   -789.05123550      0.28775576      0.17377494      0.32532354      0.04795929 md_running
   465    232.50000000    178.71271907     16.18875164   4469.94890184    300.00000000      0.99953360      0.74316390   -786.23544771     -2.81840541   -789.05385311      0.29463643      0.17490844      0.32997627      0.04910607 md_running
   466    233.00000000    178.96878584     16.11603188   4519.56459249    300.00000000      0.99953322      0.75141289   -786.23165730     -2.82453479   -789.05619209      0.30196841      0.17605133      0.33565954      0.05032807 md_running
   467    233.50000000    179.22879564     16.04391663   4565.66102573    300.00000000      0.99953287      0.75907678   -786.22729574     -2.83066133   -789.05795707      0.30945067      0.17719893      0.34245703      0.05157511 md_running
   468    234.00000000    179.48450723     15.97250637   4608.23400816    300.00000000      0.99953255      0.76615487   -786.22237268     -2.83678501   -789.05915769      0.31647952      0.17835009      0.34978744      0.05274659 md_running
   469    234.50000000    179.74471779     15.90153146   4649.06283308    300.00000000      0.99953226      0.77294298   -786.21714867     -2.84290608   -789.06005475      0.32234993      0.17950763      0.35684831      0.05372499 md_running
   470    235.00000000    180.00155926     15.83036082   4691.03052013    300.00000000      0.99953197      0.77992044   -786.21200089     -2.84902507   -789.06102596      0.32680876      0.18067858      0.36310550      0.05446813 md_running
   471    235.50000000    180.25880731     15.75807723   4737.24110246    300.00000000      0.99953168      0.78760331   -786.20728241     -2.85514266   -789.06242507      0.32950205      0.18187349      0.36794767      0.05491701 md_running
   472    236.00000000    180.52307733     15.68355929   4790.69750362    300.00000000      0.99953135      0.79649085   -786.20328300     -2.86125966   -789.06454267      0.33039433      0.18310577      0.37114284      0.05506572 md_running
   473    236.50000000    180.78630848     15.60555063   4854.37873488    300.00000000      0.99953097      0.80707836   -786.20024556     -2.86737689   -789.06762245      0.32912808      0.18439100      0.37261796      0.05485468 md_running
   474    237.00000000    181.04782752     15.52266389   4932.26933227    300.00000000      0.99953053      0.82002828   -786.19855879     -2.87349520   -789.07205399      0.32533308      0.18574715      0.37249873      0.05422218 md_running
   475    237.50000000    181.29006898     15.43335961   5028.99444311    300.00000000      0.99952999      0.83610958   -786.19873284     -2.87961546   -789.07834830      0.31955652      0.18719499      0.37117135      0.05325942 md_running
   476    238.00000000    181.54080347     15.33614571   5148.44031863    300.00000000      0.99952936      0.85596839   -786.20109601     -2.88573838   -789.08683439      0.31206752      0.18875601      0.36874662      0.05201125 md_running
   477    238.50000000    181.79410890     15.22978448   5292.31290242    300.00000000      0.99952861      0.87988833   -786.20567691     -2.89186443   -789.09754134      0.30316672      0.19045011      0.36502546      0.05052779 md_running
   478    239.00000000    182.04979378     15.11349388   5460.42530893    300.00000000      0.99952778      0.90783833   -786.21226863     -2.89799368   -789.11026231      0.29479017      0.19229307      0.36175921      0.04913170 md_running
   479    239.50000000    182.30844509     14.98680759   5650.27968552    300.00000000      0.99952687      0.93940310   -786.22031542     -2.90412594   -789.12444136      0.29048725      0.19429812      0.36107065      0.04841454 md_running
   480    240.00000000    182.56739553     14.84964961   5857.93762180    300.00000000      0.99952594      0.97392785   -786.22896403     -2.91026077   -789.13922480      0.29185971      0.19647478      0.36334267      0.04864328 md_running
   481    240.50000000    182.82465740     14.70248515   6081.40929949    300.00000000      0.99952500      1.01108176   -786.23797668     -2.91639737   -789.15437405      0.29812438      0.19882649      0.36744837      0.04968740 md_running
   482    241.00000000    183.08752142     14.54652909   6323.83972131    300.00000000      0.99952406      1.05138771   -786.24789947     -2.92253463   -789.17043409      0.30900118      0.20134702      0.37518975      0.05150020 md_running
   483    241.50000000    183.34997967     14.38317027   6593.29210114    300.00000000      0.99952311      1.09618628   -786.26062714     -2.92867143   -789.18929857      0.32306622      0.20402723      0.38592851      0.05384437 md_running
   484    242.00000000    183.61325306     14.21395107   6890.31361884    300.00000000      0.99952212      1.14556842   -786.27660732     -2.93480675   -789.21141407      0.33469809      0.20685477      0.39429080      0.05578302 md_running
   485    242.50000000    183.87154735     14.04094285   7200.21447577    300.00000000      0.99952115      1.19709186   -786.29348050     -2.94093946   -789.23441997      0.34007135      0.20980802      0.39704042      0.05667856 md_running
   486    243.00000000    184.13243519     13.86665129   7499.38321200    300.00000000      0.99952025      1.24683100   -786.30812077     -2.94706850   -789.25518927      0.33981092      0.21285609      0.39419254      0.05663515 md_running
   487    243.50000000    184.39573745     13.69378685   7758.52011735    300.00000000      0.99951949      1.28991453   -786.31581228     -2.95319296   -789.26900525      0.33754231      0.21596110      0.38545722      0.05625705 md_running
   488    244.00000000    184.65323545     13.52532603   7920.35941596    300.00000000      0.99951891      1.31682158   -786.30903921     -2.95931211   -789.26835133      0.35907923      0.21907638      0.39073445      0.05984654 md_running
   489    244.50000000    184.90300225     13.36296997   7959.58605502    300.00000000      0.99951868      1.32334331   -786.27800562     -2.96542576   -789.24343138      0.50145364      0.22217104      0.51759259      0.08357561 md_running
   490    245.00000000    185.15211560     13.20278041   8110.43284183    300.00000000      0.99951866      1.34842277   -786.26344244     -2.97153523   -789.23497766      0.64121574      0.22530669      0.66413028      0.10686929 md_running
   491    245.50000000    185.38264207     13.03619738   8600.00499549    300.00000000      0.99951792      1.42981796   -786.31455722     -2.97764276   -789.29219999      0.51832825      0.22863232      0.56188511      0.08638804 md_running
   492    246.00000000    185.62706247     12.86419046   9127.54342917    300.00000000      0.99951666      1.51752534   -786.36847021     -2.98374820   -789.35221841      0.34202430      0.23214282      0.40373262      0.05700405 md_running
   493    246.50000000    185.88585627     12.69584313   9383.14759107    300.00000000      0.99951594      1.56002153   -786.37088093     -2.98984978   -789.36073071      0.32450908      0.23568226      0.38312292      0.05408485 md_running
   494    247.00000000    186.14664138     12.53604593   9441.97291368    300.00000000      0.99951575      1.56980170   -786.34161091     -2.99594697   -789.33755789      0.33686361      0.23915561      0.39683959      0.05614394 md_running
   495    247.50000000    186.41231994     12.38377718   9472.84674699    300.00000000      0.99951573      1.57493471   -786.31072219     -3.00204043   -789.31276262      0.31996958      0.24257284      0.39185776      0.05332826 md_running
   496    248.00000000    186.67563031     12.23594452   9547.64538187    300.00000000      0.99951565      1.58737057   -786.28930952     -3.00813105   -789.29744058      0.29067538      0.24598727      0.37559488      0.04844590 md_running
   497    248.50000000    186.92949269     12.09116158   9633.68440468    300.00000000      0.99951549      1.60167523   -786.26994397     -3.01421928   -789.28416326      0.28328462      0.24942344      0.37319523      0.04721410 md_running
   498    249.00000000    187.18114412     11.95045198   9694.09005406    300.00000000      0.99951538      1.61171814   -786.24578886     -3.02030520   -789.26609406      0.30517632      0.25285781      0.39732646      0.05086272 md_running
   499    249.50000000    187.42325329     11.81449083   9739.80735276    300.00000000      0.99951530      1.61931900   -786.22025821     -3.02638896   -789.24664717      0.34337006      0.25627204      0.43548529      0.05722834 md_running
   500    250.00000000    187.67001818     11.68355215   9790.40121000    300.00000000      0.99951523      1.62773062   -786.19621668     -3.03247077   -789.22868744      0.37880355      0.25965508      0.47060013      0.06313393 md_running
   501    250.50000000    187.92228705     11.55796250   9852.42556273    300.00000000      0.99951514      1.63804265   -786.17558387     -3.03855081   -789.21413468      0.40196300      0.26299391      0.49376422      0.06699383 md_running
   502    251.00000000    188.17865936     11.43844745   9915.65285386    300.00000000      0.99951504      1.64855468   -786.15620259     -3.04462923   -789.20083182      0.41216384      0.26626544      0.50509157      0.06869397 md_running
   503    251.50000000    188.43815146     11.32575430   9970.62609940    300.00000000      0.99951494      1.65769441   -786.13684673     -3.05070613   -789.18755286      0.41490171      0.26944445      0.51015561      0.06915029 md_running
   504    252.00000000    188.70037990     11.22037944  10007.77455990    300.00000000      0.99951487      1.66387064   -786.11595454     -3.05678165   -789.17273619      0.41792781      0.27251021      0.51479709      0.06965463 md_running
   505    252.50000000    188.94293633     11.12245329  10028.08395577    300.00000000      0.99951483      1.66724723   -786.09380702     -3.06285594   -789.15666295      0.42258136      0.27545014      0.51943061      0.07043023 md_running
   506    253.00000000    189.18245369     11.03202935  10048.09352263    300.00000000      0.99951481      1.67057398   -786.07339673     -3.06892913   -789.14232586      0.42830789      0.27825353      0.52460310      0.07138465 md_running
   507    253.50000000    189.43590458     10.94869523  10085.73527236    300.00000000      0.99951477      1.67683221   -786.05781394     -3.07500138   -789.13281531      0.42733379      0.28092172      0.52301277      0.07122230 md_running
   508    254.00000000    189.69376735     10.87204329  10151.91105352    300.00000000      0.99951469      1.68783445   -786.04900455     -3.08107280   -789.13007735      0.41480583      0.28345695      0.51056538      0.06913430 md_running
   509    254.50000000    189.94916574     10.80177405  10235.20469268    300.00000000      0.99951458      1.70168267   -786.04478319     -3.08714349   -789.13192667      0.39511808      0.28585956      0.49166911      0.06585301 md_running
   510    255.00000000    190.18545928     10.73737771  10312.73415065    300.00000000      0.99951446      1.71457255   -786.04121965     -3.09321354   -789.13443319      0.37861959      0.28813630      0.47481480      0.06310326 md_running
   511    255.50000000    190.44058193     10.67815672  10366.58677361    300.00000000      0.99951436      1.72352597   -786.03474530     -3.09928305   -789.13402835      0.37212809      0.29030004      0.46586916      0.06202135 md_running
   512    256.00000000    190.69703504     10.62315102  10390.99750795    300.00000000      0.99951431      1.72758444   -786.02437958     -3.10535210   -789.12973168      0.37582837      0.29237210      0.46470195      0.06263806 md_running
   513    256.50000000    190.94471519     10.57139118  10389.20634306    300.00000000      0.99951429      1.72728665   -786.01056841     -3.11142077   -789.12198918      0.38716692      0.29437553      0.46995771      0.06452782 md_running
   514    257.00000000    191.20164308     10.52180028  10364.37365619    300.00000000      0.99951431      1.72315802   -785.99340986     -3.11748916   -789.11089901      0.40386075      0.29633774      0.48080378      0.06731012 md_running
   515    257.50000000    191.46253976     10.47298944  10323.02074765    300.00000000      0.99951436      1.71628278   -785.97360756     -3.12355733   -789.09716489      0.42468297      0.29829644      0.49557836      0.07078049 md_running
   516    258.00000000    191.71017870     10.42370713  10275.21040780    300.00000000      0.99951442      1.70833393   -785.95251463     -3.12962536   -789.08213999      0.44807556      0.30028714      0.51345390      0.07467926 md_running
   517    258.50000000    191.94645371     10.37280301  10229.15787677    300.00000000      0.99951449      1.70067734   -785.93107901     -3.13569331   -789.06677232      0.47214054      0.30234408      0.53365515      0.07869009 md_running
   518    259.00000000    192.19796852     10.31895079  10193.14472453    300.00000000      0.99951455      1.69468987   -785.91032095     -3.14176124   -789.05208219      0.49483559      0.30450830      0.55360652      0.08247260 md_running
   519    259.50000000    192.44803000     10.26102777  10175.45078956    300.00000000      0.99951459      1.69174812   -785.89123876     -3.14782919   -789.03906795      0.51497586      0.30681689      0.57230462      0.08582931 md_running
   520    260.00000000    192.69912205     10.19808652  10184.10030705    300.00000000      0.99951460      1.69318617   -785.87485328     -3.15389719   -789.02875047      0.53164472      0.30930381      0.58873216      0.08860745 md_running
   521    260.50000000    192.96344215     10.12940762  10225.80027105    300.00000000      0.99951457      1.70011911   -785.86206433     -3.15996525   -789.02202958      0.54414086      0.31199821      0.60228407      0.09069014 md_running
   522    261.00000000    193.20489197     10.05445950  10304.43148479    300.00000000      0.99951448      1.71319217   -785.85331493     -3.16603338   -789.01934831      0.55235227      0.31492560      0.61272861      0.09205871 md_running
   523    261.50000000    193.46378740      9.97291802  10422.26357050    300.00000000      0.99951434      1.73278267   -785.84869917     -3.17210159   -789.02080076      0.55675758      0.31810711      0.62061773      0.09279293 md_running
   524    262.00000000    193.72642055      9.88452571  10581.12864403    300.00000000      0.99951415      1.75919523   -785.84860374     -3.17816985   -789.02677359      0.55686688      0.32156375      0.62545488      0.09281115 md_running
   525    262.50000000    193.96511847      9.78904474  10780.39585789    300.00000000      0.99951391      1.79232496   -785.85259848     -3.18423816   -789.03683664      0.55139708      0.32531815      0.62578485      0.09189951 md_running
   526    263.00000000    194.21430828      9.68638264  11018.18060105    300.00000000      0.99951363      1.83185853   -785.86032953     -3.19030651   -789.05063604      0.53862098      0.32939052      0.62058496      0.08977016 md_running
   527    263.50000000    194.46031511      9.57634238  11291.04624928    300.00000000      0.99951332      1.87722457   -785.87119423     -3.19637488   -789.06756910      0.51706635      0.33380710      0.60833249      0.08617772 md_running
   528    264.00000000    194.69802003      9.45903499  11587.63344184    300.00000000      0.99951298      1.92653451   -785.88322090     -3.20244324   -789.08566414      0.49053688      0.33858629      0.59193489      0.08175615 md_running
   529    264.50000000    194.94920147      9.33551215  11890.08545972    300.00000000      0.99951264      1.97681952   -785.89350106     -3.20851156   -789.10201262      0.47250764      0.34371422      0.58294282      0.07875127 md_running
   530    265.00000000    195.20900047      9.20797257  12186.56183500    300.00000000      0.99951232      2.02611103   -785.90054733     -3.21457976   -789.11512709      0.47632713      0.34913198      0.59227959      0.07938785 md_running
   531    265.50000000    195.46446840      9.07946705  12486.28146273    300.00000000      0.99951202      2.07594176   -785.90691901     -3.22064777   -789.12756677      0.49313716      0.35473977      0.61350951      0.08218953 md_running
   532    266.00000000    195.70076245      8.95305021  12804.87693709    300.00000000      0.99951173      2.12891074   -785.91698510     -3.22671553   -789.14370063      0.49705351      0.36042462      0.62600706      0.08284225 md_running
   533    266.50000000    195.95384654      8.83108542  13139.55643558    300.00000000      0.99951142      2.18455382   -785.93070206     -3.23278303   -789.16348509      0.47705146      0.36608783      0.62156893      0.07950858 md_running
   534    267.00000000    196.21583327      8.71452669  13469.98271471    300.00000000      0.99951113      2.23948977   -785.94515193     -3.23885028   -789.18400221      0.44520331      0.37167911      0.60947079      0.07420055 md_running
   535    267.50000000    196.46731303      8.60334283  13769.75702452    300.00000000      0.99951087      2.28932959   -785.95588301     -3.24491729   -789.20080030      0.42734265      0.37718633      0.60839980      0.07122377 md_running
   536    268.00000000    196.72253685      8.49701389  14037.50300639    300.00000000      0.99951065      2.33384444   -785.96131149     -3.25098411   -789.21229560      0.43610140      0.38261916      0.62604763      0.07268357 md_running
   537    268.50000000    196.98154533      8.39469962  14308.73674909    300.00000000      0.99951045      2.37893917   -785.96975332     -3.25705077   -789.22680409      0.44133756      0.38800413      0.64008775      0.07355626 md_running
   538    269.00000000    197.24799849      8.29608399  14577.88070767    300.00000000      0.99951024      2.42368646   -785.97883788     -3.26311729   -789.24195517      0.44143278      0.39334663      0.65305485      0.07357213 md_running
   539    269.50000000    197.51453986      8.19985728  14820.05303715    300.00000000      0.99951006      2.46394950   -785.98302978     -3.26918371   -789.25221349      0.44824644      0.39870156      0.67044741      0.07470774 md_running
   540    270.00000000    197.76636179      8.10410763  15057.49926594    300.00000000      0.99950991      2.50342678   -785.98553437     -3.27525005   -789.26078442      0.44968172      0.40415991      0.67866971      0.07494695 md_running
   541    270.50000000    198.00159255      8.00758752  15350.69143160    300.00000000      0.99950974      2.55217227   -785.99696138     -3.28131635   -789.27827772      0.44623161      0.40978825      0.67484586      0.07437193 md_running
   542    271.00000000    198.25484662      7.91034314  15728.09905211    300.00000000      0.99950953      2.61491923   -786.02279379     -3.28738259   -789.31017638      0.45049547      0.41559200      0.67624682      0.07508258 md_running
   543    271.50000000    198.51315899      7.81332068  16162.02738468    300.00000000      0.99950928      2.68706321   -786.05745245     -3.29344878   -789.35090123      0.45982526      0.42152829      0.68344843      0.07663754 md_running
   544    272.00000000    198.77245275      7.71810889  16613.57479745    300.00000000      0.99950901      2.76213649   -786.09563327     -3.29951490   -789.39514817      0.46776396      0.42751360      0.69033338      0.07796066 md_running
   545    272.50000000    199.03536840      7.62670269  17027.49258297    300.00000000      0.99950877      2.83095355   -786.12888475     -3.30558094   -789.43446569      0.47035258      0.43343209      0.69057396      0.07839210 md_running
   546    273.00000000    199.28789299      7.54200751  17333.72116900    300.00000000      0.99950858      2.88186644   -786.14650033     -3.31164689   -789.45814721      0.47484169      0.43910317      0.68434526      0.07914028 md_running
   547    273.50000000    199.55138737      7.46832825  17473.47447010    300.00000000      0.99950846      2.90510152   -786.14013365     -3.31771271   -789.45784636      0.50639273      0.44424693      0.68596109      0.08439879 md_running
   548    274.00000000    199.79296423      7.41171176  17441.92099029    300.00000000      0.99950844      2.89985551   -786.11163623     -3.32377836   -789.43541459      0.57233902      0.44845852      0.71106235      0.09538984 md_running
   549    274.50000000    200.03742034      7.37825743  17295.23693884    300.00000000      0.99950849      2.87546814   -786.07452723     -3.32984381   -789.40437104      0.61768217      0.45131387      0.73886483      0.10294703 md_running
   550    275.00000000    200.29524067      7.36871010  17084.11595372    300.00000000      0.99950858      2.84036763   -786.03777589     -3.33590906   -789.37368495      0.61774855      0.45272180      0.75833334      0.10295809 md_running
   551    275.50000000    200.55864319      7.37494648  16845.06450046    300.00000000      0.99950870      2.80062346   -786.00284260     -3.34197418   -789.34481678      0.59986509      0.45316155      0.77488808      0.09997752 md_running
   552    276.00000000    200.81275583      7.38496698  16630.15350891    300.00000000      0.99950883      2.76489283   -785.97405311     -3.34803929   -789.32209240      0.56860158      0.45336815      0.77580692      0.09476693 md_running
   553    276.50000000    201.06756155      7.38822393  16472.11341547    300.00000000      0.99950893      2.73861743   -785.95182706     -3.35410448   -789.30593154      0.53407319      0.45398933      0.76544100      0.08901220 md_running
   554    277.00000000    201.32044417      7.37753277  16374.26999617    300.00000000      0.99950900      2.72235020   -785.93353431     -3.36016983   -789.29370415      0.50634380      0.45546933      0.74985040      0.08439063 md_running
   555    277.50000000    201.57383785      7.34967289  16314.91174978    300.00000000      0.99950904      2.71248142   -785.91410296     -3.36623537   -789.28033833      0.49073011      0.45802091      0.73649355      0.08178835 md_running
   556    278.00000000    201.82663900      7.30391820  16257.39409321    300.00000000      0.99950907      2.70291867   -785.88645170     -3.37230109   -789.25875279      0.48795595      0.46172022      0.73186671      0.08132599 md_running
   557    278.50000000    202.08692873      7.24002346  16181.29691970    300.00000000      0.99950910      2.69026692   -785.84660363     -3.37836697   -789.22497061      0.49478326      0.46663226      0.73522737      0.08246388 md_running
   558    279.00000000    202.34539258      7.15781812  16093.85508818    300.00000000      0.99950915      2.67572903   -785.79592096     -3.38443299   -789.18035395      0.51055198      0.47283816      0.74461994      0.08509200 md_running
   559    279.50000000    202.58332444      7.05822643  16006.45384796    300.00000000      0.99950920      2.66119789   -785.73651057     -3.39049909   -789.12700966      0.53824758      0.48036856      0.76006963      0.08970793 md_running
   560    280.00000000    202.84352087      6.94471714  15954.79720791    300.00000000      0.99950926      2.65260957   -785.67348028     -3.39656522   -789.07004550      0.56973228      0.48909269      0.78776695      0.09495538 md_running
   561    280.50000000    203.11205857      6.82014397  16053.69212829    300.00000000      0.99950926      2.66905162   -785.62961352     -3.40263135   -789.03224487      0.58410840      0.49891480      0.82229667      0.09735140 md_running
   562    281.00000000    203.37239442      6.68465602  16364.24365178    300.00000000      0.99950914      2.72068324   -785.61783650     -3.40869745   -789.02653395      0.58041379      0.50993369      0.85200326      0.09673563 md_running
   563    281.50000000    203.61274756      6.53981848  16802.37989054    300.00000000      0.99950891      2.79352681   -785.61975235     -3.41476349   -789.03451584      0.57132020      0.52215397      0.87253256      0.09522003 md_running
   564    282.00000000    203.84613141      6.39153125  17278.27674462    300.00000000      0.99950866      2.87264837   -785.62447717     -3.42082946   -789.04530663      0.56167704      0.53521658      0.88232486      0.09361284 md_running
   565    282.50000000    204.09868226      6.25111097  17711.21368943    300.00000000      0.99950842      2.94462752   -785.62417216     -3.42689530   -789.05106746      0.55501429      0.54820904      0.88023768      0.09250238 md_running
   566    283.00000000    204.36152866      6.13432066  18044.86360844    300.00000000      0.99950824      3.00009942   -785.61692421     -3.43296101   -789.04988522      0.57183517      0.55963466      0.89942375      0.09530586 md_running
   567    283.50000000    204.61525758      6.05475028  18285.24253517    300.00000000      0.99950811      3.04006430   -785.61718685     -3.43902657   -789.05621342      0.62977882      0.56799076      0.96539589      0.10496314 md_running
   568    284.00000000    204.87036205      6.02152229  18354.66122453    300.00000000      0.99950802      3.05160570   -785.61449680     -3.44509200   -789.05958880      0.72675735      0.57213220      1.05404597      0.12112622 md_running
   569    284.50000000    205.11826463      6.04123629  18190.77893152    300.00000000      0.99950804      3.02435899   -785.60007992     -3.45115730   -789.05123722      0.79263530      0.57126918      1.10768807      0.13210588 md_running
   570    285.00000000    205.36843094      6.11475833  17859.66170770    300.00000000      0.99950816      2.96930816   -785.58978319     -3.45722246   -789.04700565      0.74008764      0.56539245      1.05722421      0.12334794 md_running
   571    285.50000000    205.62351874      6.23782269  17323.89739955    300.00000000      0.99950835      2.88023316   -785.57436778     -3.46328747   -789.03765525      0.62769551      0.55521059      0.95113588      0.10461592 md_running
   572    286.00000000    205.88362076      6.40164872  16474.86538605    300.00000000      0.99950869      2.73907497   -785.52413187     -3.46935232   -788.99348419      0.65549762      0.54194994      0.93960234      0.10924960 md_running
   573    286.50000000    206.13489951      6.59282713  15480.16717228    300.00000000      0.99950924      2.57369862   -785.45747153     -3.47541699   -788.93288852      0.79743983      0.52715504      1.03031524      0.13290664 md_running
   574    287.00000000    206.39148143      6.79602495  14665.07714302    300.00000000      0.99950983      2.43818354   -785.43171005     -3.48148150   -788.91319155      0.78773695      0.51228650      1.02132060      0.13128949 md_running
   575    287.50000000    206.64798327      6.99676155  14026.26697160    300.00000000      0.99951031      2.33197637   -785.43032560     -3.48754588   -788.91787148      0.72648571      0.49845666      0.97511824      0.12108095 md_running
   576    288.00000000    206.90123008      7.18168135  13470.16675522    300.00000000      0.99951076      2.23952036   -785.43058371     -3.49361021   -788.92419392      0.67554297      0.48646731      0.93240575      0.11259049 md_running
   577    288.50000000    207.15395380      7.34270852  12998.48855420    300.00000000      0.99951119      2.16110018   -785.43183739     -3.49967455   -788.93151193      0.59757181      0.47662574      0.86872181      0.09959530 md_running
   578    289.00000000    207.40867204      7.47641971  12580.20520376    300.00000000      0.99951158      2.09155731   -785.42755008     -3.50573897   -788.93328904      0.54256026      0.46891350      0.82247719      0.09042671 md_running
   579    289.50000000    207.66613379      7.58123818  12200.50222105    300.00000000      0.99951196      2.02842873   -785.41468590     -3.51180352   -788.92648942      0.52253328      0.46323088      0.80215582      0.08708888 md_running
   580    290.00000000    207.92944252      7.65573172  11882.65956035    300.00000000      0.99951232      1.97558490   -785.39774445     -3.51786825   -788.91561270      0.51787621      0.45951611      0.79398052      0.08631270 md_running
   581    290.50000000    208.18354587      7.69895806  11654.21764216    300.00000000      0.99951261      1.93760465   -785.38131086     -3.52393321   -788.90524407      0.51816716      0.45772419      0.79096347      0.08636119 md_running
   582    291.00000000    208.43744812      7.71083477  11531.12801929    300.00000000      0.99951281      1.91714004   -785.36802786     -3.52999842   -788.89802627      0.52492145      0.45780584      0.79461752      0.08748691 md_running
   583    291.50000000    208.67054954      7.69224638  11526.90942929    300.00000000      0.99951288      1.91643867   -785.36050662     -3.53606386   -788.89657049      0.53681855      0.45970052      0.80416671      0.08946976 md_running
   584    292.00000000    208.91480880      7.64527634  11653.75873638    300.00000000      0.99951281      1.93752835   -785.36194489     -3.54212953   -788.90407442      0.54685166      0.46331785      0.81444023      0.09114194 md_running
   585    292.50000000    209.17220154      7.57365850  11905.52877311    300.00000000      0.99951260      1.97938709   -785.37273688     -3.54819537   -788.92093225      0.55860366      0.46849951      0.82720964      0.09310061 md_running
   586    293.00000000    209.43223990      7.48289844  12264.09389489    300.00000000      0.99951227      2.03900134   -785.39167131     -3.55426132   -788.94593262      0.59025829      0.47499203      0.85522143      0.09837638 md_running
   587    293.50000000    209.68599751      7.37981295  12730.18854622    300.00000000      0.99951186      2.11649321   -785.42178051     -3.56032729   -788.98210780      0.62836931      0.48244836      0.88815108      0.10472822 md_running
   588    294.00000000    209.93960028      7.27274696  13305.49761929    300.00000000      0.99951138      2.21214284   -785.46827981     -3.56639324   -789.03467305      0.63124140      0.49038423      0.89492505      0.10520690 md_running
   589    294.50000000    210.19033895      7.17152637  13928.49675243    300.00000000      0.99951086      2.31572130   -785.52562800     -3.57245909   -789.09808708      0.59280131      0.49815096      0.86942084      0.09880022 md_running
   590    295.00000000    210.44966015      7.08729924  14470.23632245    300.00000000      0.99951039      2.40578974   -785.57786730     -3.57852479   -789.15639209      0.54042053      0.50492660      0.83267550      0.09007009 md_running
   591    295.50000000    210.71340076      7.03030992  14790.32657821    300.00000000      0.99951006      2.45900724   -785.60595840     -3.58459030   -789.19054871      0.49079087      0.50988223      0.79477101      0.08179848 md_running
   592    296.00000000    210.97892745      7.00756711  14788.90785802    300.00000000      0.99950994      2.45877137   -785.59631240     -3.59065561   -789.18696801      0.47889760      0.51240259      0.77590322      0.07981627 md_running
   593    296.50000000    211.23590537      7.02074996  14496.33342097    300.00000000      0.99951006      2.41012858   -785.55441863     -3.59672070   -789.15113933      0.54113024      0.51230456      0.79982001      0.09018837 md_running
   594    297.00000000    211.49218704      7.06709650  14082.64431813    300.00000000      0.99951034      2.34134954   -785.50975009     -3.60278558   -789.11253566      0.61507222      0.50980344      0.83248056      0.10251204 md_running
   595    297.50000000    211.72919645      7.14321587  13688.26483646    300.00000000      0.99951065      2.27578087   -785.48519127     -3.60885023   -789.09404150      0.67467248      0.50522054      0.86111267      0.11244541 md_running
   596    298.00000000    211.98298281      7.24623250  13350.69344031    300.00000000      0.99951095      2.21965699   -785.48328810     -3.61491463   -789.09820273      0.74703110      0.49887581      0.91155518      0.12450518 md_running
   597    298.50000000    212.24439239      7.37253218  13074.34546287    300.00000000      0.99951120      2.17371199   -785.50288865     -3.62097874   -789.12386739      0.76913468      0.49115316      0.92758542      0.12818911 md_running
   598    299.00000000    212.49697886      7.51685313  12776.59085338    300.00000000      0.99951142      2.12420796   -785.52930365     -3.62704255   -789.15634620      0.68814774      0.48253126      0.86394323      0.11469129 md_running
   599    299.50000000    212.75000935      7.66987476  12264.30546325    300.00000000      0.99951174      2.03903651   -785.52006223     -3.63310607   -789.15316830      0.61785639      0.47369645      0.82220176      0.10297606 md_running
   600    300.00000000    213.01325232      7.81463198  11493.10386346    300.00000000      0.99951240      1.91081823   -785.45928520     -3.63916948   -789.09845468      0.65556727      0.46569934      0.85777671      0.10926121 md_running
   601    300.50000000    213.27482778      7.93301380  10626.79041513    300.00000000      0.99951337      1.76678685   -785.36815567     -3.64523306   -789.01338873      0.85855686      0.45951571      1.01548267      0.14309281 md_running
   602    301.00000000    213.52924634      8.01051715  10109.79041618    300.00000000      0.99951443      1.68083157   -785.31262351     -3.65129712   -788.96392062      1.03734795      0.45582790      1.16415737      0.17289132 md_running
   603    301.50000000    213.78124414      8.04022837  10318.31779397    300.00000000      0.99951465      1.71550087   -785.36878637     -3.65736188   -789.02614825      0.84619474      0.45489824      0.99564331      0.14103246 md_running
   604    302.00000000    214.04229685      8.02795312  10881.32641012    300.00000000      0.99951396      1.80910545   -785.46282912     -3.66342731   -789.12625642      0.58365451      0.45634924      0.79299288      0.09727575 md_running
   605    302.50000000    214.28608744      7.98419258  11373.94075580    300.00000000      0.99951326      1.89100643   -785.52579613     -3.66949324   -789.19528937      0.47885332      0.45960965      0.73457230      0.07980889 md_running
   606    303.00000000    214.53657427      7.91796710  11735.20306740    300.00000000      0.99951279      1.95106911   -785.55642744     -3.67555951   -789.23198695      0.46475124      0.46421911      0.74080635      0.07745854 md_running
   607    303.50000000    214.78532482      7.83738603  12006.93114232    300.00000000      0.99951246      1.99624602   -785.56531406     -3.68162594   -789.24694000      0.49549659      0.46976508      0.77329472      0.08258277 md_running
   608    304.00000000    215.03497602      7.75034568  12233.78150617    300.00000000      0.99951221      2.03396167   -785.56331861     -3.68769242   -789.25101103      0.53183992      0.47582248      0.80676539      0.08863999 md_running
   609    304.50000000    215.28757898      7.66431829  12455.94299923    300.00000000      0.99951200      2.07089775   -785.56084893     -3.69375882   -789.25460775      0.54512415      0.48195383      0.82610211      0.09085403 md_running
   610    305.00000000    215.54478504      7.58572279  12684.61134761    300.00000000      0.99951178      2.10891565   -785.56311238     -3.69982509   -789.26293748      0.53258088      0.48774615      0.83017653      0.08876348 md_running
   611    305.50000000    215.80779037      7.52001653  12895.57608258    300.00000000      0.99951157      2.14399018   -785.56851279     -3.70589118   -789.27440397      0.51014634      0.49281377      0.82865503      0.08502439 md_running
   612    306.00000000    216.05288755      7.47155303  13049.53574661    300.00000000      0.99951140      2.16958718   -785.57259558     -3.71195708   -789.28455266      0.49749683      0.49682167      0.83073531      0.08291614 md_running
   613    306.50000000    216.30237873      7.44316140  13122.12814130    300.00000000      0.99951130      2.18165623   -785.57257004     -3.71802276   -789.29059280      0.51006016      0.49953135      0.84285911      0.08501003 md_running
   614    307.00000000    216.54943655      7.43548582  13130.17015483    300.00000000      0.99951127      2.18299328   -785.57154074     -3.72408826   -789.29562900      0.53231299      0.50086257      0.85491193      0.08871883 md_running
   615    307.50000000    216.80897162      7.44691929  13123.24723937    300.00000000      0.99951128      2.18184229   -785.57801077     -3.73015358   -789.30816435      0.51662780      0.50090802      0.83634025      0.08610463 md_running
   616    308.00000000    217.06507023      7.47432828  13121.33461506    300.00000000      0.99951128      2.18152430   -785.59413649     -3.73621876   -789.33035525      0.46072988      0.49988272      0.78755349      0.07678831 md_running
   617    308.50000000    217.32632410      7.51401670  13089.58409983    300.00000000      0.99951128      2.17624553   -785.61120382     -3.74228381   -789.35348762      0.41032087      0.49804975      0.74267358      0.06838681 md_running
   618    309.00000000    217.59169315      7.56192791  12996.20785367    300.00000000      0.99951134      2.16072100   -785.62156944     -3.74834876   -789.36991819      0.38773960      0.49569653      0.71653541      0.06462327 md_running
   619    309.50000000    217.84911455      7.61396868  12841.34693396    300.00000000      0.99951145      2.13497416   -785.62335997     -3.75441363   -789.37777361      0.38870755      0.49310540      0.70712214      0.06478459 md_running
   620    310.00000000    218.10920531      7.66635900  12641.37273427    300.00000000      0.99951161      2.10172689   -785.61771191     -3.76047846   -789.37819037      0.40406951      0.49052712      0.70917214      0.06734492 md_running
   621    310.50000000    218.36799635      7.71593751  12412.45274971    300.00000000      0.99951182      2.06366716   -785.60578775     -3.76654327   -789.37233102      0.42781498      0.48816169      0.71906801      0.07130250 md_running
   622    311.00000000    218.62518701      7.76038056  12162.06604692    300.00000000      0.99951205      2.02203841   -785.58783934     -3.77260809   -789.36044743      0.45833219      0.48614797      0.73514364      0.07638870 md_running
   623    311.50000000    218.88014211      7.79841883  11886.59384724    300.00000000      0.99951231      1.97623901   -785.56254915     -3.77867292   -789.34122207      0.49954449      0.48455480      0.76079626      0.08325741 md_running
   624    312.00000000    219.13340769      7.82973537  11577.90376604    300.00000000      0.99951262      1.92491687   -785.52828033     -3.78473779   -789.31301812      0.56213692      0.48339170      0.80424438      0.09368949 md_running
   625    312.50000000    219.38476291      7.85485398  11247.08001969    300.00000000      0.99951298      1.86991484   -785.48663450     -3.79080270   -789.27743720      0.65595275      0.48261836      0.87414700      0.10932546 md_running
   626    313.00000000    219.64258995      7.87497976  10957.98045502    300.00000000      0.99951337      1.82184978   -785.44892130     -3.79686763   -789.24578893      0.75440416      0.48215543      0.95148782      0.12573403 md_running
   627    313.50000000    219.88518558      7.89131096  10803.69936254    300.00000000      0.99951366      1.79619935   -785.43269776     -3.80293260   -789.23563036      0.79595785      0.48192647      0.98433080      0.13265964 md_running
   628    314.00000000    220.12431232      7.90413783  10797.67289295    300.00000000      0.99951375      1.79519740   -785.44094656     -3.80899760   -789.24994415      0.77640684      0.48191200      0.96733067      0.12940114 md_running
   629    314.50000000    220.38363911      7.91285325  10846.63159230    300.00000000      0.99951369      1.80333717   -785.45605567     -3.81506263   -789.27111831      0.76274197      0.48214794      0.95717149      0.12712366 md_running
   630    315.00000000    220.64010976      7.91629799  10863.33939931    300.00000000      0.99951364      1.80611497   -785.46227471     -3.82112773   -789.28340244      0.79217181      0.48270448      0.98420905      0.13202864 md_running
   631    315.50000000    220.89194893      7.91287630  10846.50926771    300.00000000      0.99951365      1.80331683   -785.45863548     -3.82719290   -789.28582838      0.85050625      0.48367984      1.03684359      0.14175104 md_running
   632    316.00000000    221.15114943      7.90045401  10882.54429535    300.00000000      0.99951366      1.80930793   -785.45903484     -3.83325820   -789.29229305      0.89563013      0.48520810      1.07878185      0.14927169 md_running
   633    316.50000000    221.39025959      7.87694069  11068.21866999    300.00000000      0.99951354      1.84017775   -785.48063080     -3.83932366   -789.31995445      0.88050989      0.48742640      1.06789637      0.14675165 md_running
   634    317.00000000    221.64451877      7.84220141  11388.34868815    300.00000000      0.99951321      1.89340186   -785.52016463     -3.84538927   -789.36555391      0.82099174      0.49035881      1.01906078      0.13683196 md_running
   635    317.50000000    221.88139786      7.79807103  11746.37624107    300.00000000      0.99951280      1.95292674   -785.56050962     -3.85145501   -789.41196463      0.76403909      0.49391131      0.97492060      0.12733985 md_running
   636    318.00000000    222.13283553      7.74608678  12086.84729974    300.00000000      0.99951241      2.00953271   -785.59316814     -3.85752085   -789.45068899      0.71262617      0.49800860      0.93905198      0.11877103 md_running
   637    318.50000000    222.39660319      7.68621937  12404.86689128    300.00000000      0.99951208      2.06240595   -785.61812903     -3.86358677   -789.48171580      0.65076006      0.50267622      0.89677585      0.10846001 md_running
   638    319.00000000    222.65147812      7.61752089  12694.97229774    300.00000000      0.99951178      2.11063824   -785.63393360     -3.86965277   -789.50358637      0.57806775      0.50800530      0.84735319      0.09634462 md_running
   639    319.50000000    222.90821478      7.53889340  12935.29365773    300.00000000      0.99951153      2.15059354   -785.63613935     -3.87571885   -789.51185820      0.51252421      0.51410753      0.80463715      0.08542070 md_running
   640    320.00000000    223.16326571      7.44932795  13103.18958371    300.00000000      0.99951135      2.17850755   -785.61996585     -3.88178500   -789.50175086      0.48958131      0.52110236      0.79091015      0.08159688 md_running
   641    320.50000000    223.41767701      7.34815082  13188.56778411    300.00000000      0.99951124      2.19270234   -785.58318022     -3.88785122   -789.47103144      0.55683471      0.52910216      0.83509324      0.09280579 md_running
   642    321.00000000    223.67456897      7.23575040  13194.93642534    300.00000000      0.99951120      2.19376117   -785.52635263     -3.89391747   -789.42027010      0.72161114      0.53815874      0.95436238      0.12026852 md_running
   643    321.50000000    223.92424963      7.11411498  13141.95749104    300.00000000      0.99951122      2.18495301   -785.45312684     -3.89998371   -789.35311055      0.92541914      0.54821185      1.11970857      0.15423652 md_running
   644    322.00000000    224.18222000      6.98629317  13082.76319847    300.00000000      0.99951128      2.17511150   -785.37377063     -3.90604993   -789.27982056      1.08844796      0.55910940      1.26299411      0.18140799 md_running
   645    322.50000000    224.44544722      6.85618341  13082.70302307    300.00000000      0.99951132      2.17510149   -785.30218256     -3.91211608   -789.21429863      1.15927082      0.57060354      1.33172297      0.19321180 md_running
   646    323.00000000    224.70167877      6.72872103  13166.27914160    300.00000000      0.99951128      2.18899668   -785.24522852     -3.91818214   -789.16341065      1.14400573      0.58231326      1.32790373      0.19066762 md_running
   647    323.50000000    224.93412660      6.60987321  13317.70471062    300.00000000      0.99951117      2.21417236   -785.20268707     -3.92424808   -789.12693514      1.10314998      0.59370050      1.30622612      0.18385833 md_running
   648    324.00000000    225.18675940      6.50500482  13537.48182129    300.00000000      0.99951102      2.25071202   -785.17850075     -3.93031389   -789.10881465      1.08935050      0.60420360      1.31684640      0.18155842 md_running
   649    324.50000000    225.44189535      6.41524247  13804.73782439    300.00000000      0.99951081      2.29514542   -785.17279942     -3.93637960   -789.10917902      1.10433350      0.61360273      1.35353364      0.18405558 md_running
   650    325.00000000    225.69516301      6.33918262  14013.84712278    300.00000000      0.99951059      2.32991147   -785.16390609     -3.94244523   -789.10635132      1.13928711      0.62192146      1.39747817      0.18988119 md_running
   651    325.50000000    225.94414517      6.27593464  14109.44645403    300.00000000      0.99951048      2.34580560   -785.14147344     -3.94851078   -789.08998422      1.16641166      0.62915530      1.42888419      0.19440194 md_running
   652    326.00000000    226.20029905      6.22224021  14164.59528142    300.00000000      0.99951044      2.35497453   -785.11752252     -3.95457629   -789.07209881      1.16556797      0.63555914      1.43395115      0.19426133 md_running
   653    326.50000000    226.46264885      6.17204543  14297.75479370    300.00000000      0.99951039      2.37711334   -785.10916798     -3.96064178   -789.06980976      1.12317453      0.64171042      1.40108753      0.18719576 md_running
   654    327.00000000    226.72292184      6.11966695  14565.68184997    300.00000000      0.99951024      2.42165830   -785.12311591     -3.96670728   -789.08982319      1.03322631      0.64819378      1.32665545      0.17220439 md_running
   655    327.50000000    226.98660556      6.06200261  14919.64815177    300.00000000      0.99951001      2.48050796   -785.14761194     -3.97277279   -789.12038473      0.92670370      0.65536002      1.23627161      0.15445062 md_running
   656    328.00000000    227.24881159      5.99829924  15288.29806500    300.00000000      0.99950976      2.54179889   -785.16940550     -3.97883831   -789.14824382      0.84447664      0.66333105      1.16082058      0.14074611 md_running
   657    328.50000000    227.50811723      5.92921863  15661.60009293    300.00000000      0.99950953      2.60386326   -785.18733483     -3.98490384   -789.17223868      0.80091365      0.67208216      1.11205440      0.13348561 md_running
   658    329.00000000    227.76162363      5.85622091  16083.03529036    300.00000000      0.99950930      2.67393015   -785.20993222     -3.99096938   -789.20090160      0.78429207      0.68149512      1.08963552      0.13071535 md_running
   659    329.50000000    228.01318332      5.78076962  16608.43859666    300.00000000      0.99950903      2.76128255   -785.24822971     -3.99703490   -789.24526461      0.75964345      0.69143907      1.07579787      0.12660724 md_running
   660    330.00000000    228.26335627      5.70405437  17238.56834472    300.00000000      0.99950871      2.86604654   -785.30358049     -4.00310042   -789.30668091      0.70122167      0.70180151      1.05571809      0.11687028 md_running
   661    330.50000000    228.51661872      5.62639338  17891.21202442    300.00000000      0.99950838      2.97455365   -785.36144184     -4.00916592   -789.37060775      0.62542166      0.71256626      1.03862480      0.10423694 md_running
   662    331.00000000    228.78065317      5.54631720  18474.82727564    300.00000000      0.99950808      3.07158424   -785.40429450     -4.01523141   -789.41952590      0.57393240      0.72394747      1.04312908      0.09565540 md_running
   663    331.50000000    229.03764295      5.46026712  18966.68220850    300.00000000      0.99950785      3.15335896   -785.42600157     -4.02129689   -789.44729846      0.56416492      0.73646700      1.06990960      0.09402749 md_running
   664    332.00000000    229.29529504      5.36357199  19407.12384741    300.00000000      0.99950766      3.22658582   -785.42999018     -4.02736237   -789.45735255      0.58769852      0.75087475      1.11244068      0.09794975 md_running
   665    332.50000000    229.55534278      5.25159037  19873.06904550    300.00000000      0.99950749      3.30405285   -785.42478894     -4.03342785   -789.45821679      0.63221361      0.76804068      1.16818855      0.10536893 md_running
   666    333.00000000    229.81122824      5.12075088  20463.55812814    300.00000000      0.99950729      3.40222627   -785.42379391     -4.03949334   -789.46328724      0.68102721      0.78884901      1.23186052      0.11350454 md_running
   667    333.50000000    230.06548238      4.97008499  21260.49499106    300.00000000      0.99950705      3.53472324   -785.43931278     -4.04555881   -789.48487159      0.71953911      0.81398278      1.29351842      0.11992318 md_running
   668    334.00000000    230.32367250      4.80379447  22272.73127862    300.00000000      0.99950675      3.70301543   -785.47490214     -4.05162427   -789.52652641      0.76638180      0.84342243      1.36269848      0.12773030 md_running
   669    334.50000000    230.58372555      4.63284458  23425.65909211    300.00000000      0.99950641      3.89469867   -785.52563803     -4.05768970   -789.58332772      0.86877707      0.87585338      1.46754678      0.14479618 md_running
   670    335.00000000    230.84282436      4.47470934  24580.20614602    300.00000000      0.99950609      4.08665113   -785.58355738     -4.06375510   -789.64731247      1.01580077      0.90816119      1.59756867      0.16930013 md_running
   671    335.50000000    231.09370407      4.35136894  25515.24598591    300.00000000      0.99950581      4.24210880   -785.63531346     -4.06982046   -789.70513392      1.12593723      0.93529700      1.69364008      0.18765621 md_running
   672    336.00000000    231.34839447      4.28204200  25838.94767161    300.00000000      0.99950564      4.29592674   -785.63503822     -4.07588580   -789.71092402      1.14448780      0.95185601      1.72096449      0.19074797 md_running
   673    336.50000000    231.60958355      4.26549156  25415.79522940    300.00000000      0.99950565      4.22557434   -785.54029525     -4.08195111   -789.62224636      1.27808336      0.95697123      1.83540915      0.21301389 md_running
   674    337.00000000    231.86584384      4.27591741  25190.11526639    300.00000000      0.99950579      4.18805329   -785.51271308     -4.08801641   -789.60072950      1.28607719      0.95605636      1.82215674      0.21434620 md_running
   675    337.50000000    232.11982055      4.31632776  25399.59353133    300.00000000      0.99950575      4.22288068   -785.60500207     -4.09408171   -789.69908378      1.02233877      0.94851078      1.58347367      0.17038979 md_running
   676    338.00000000    232.35606322      4.40941492  24978.06745356    300.00000000      0.99950573      4.15279868   -785.63330185     -4.10014698   -789.73344883      0.92789557      0.92986235      1.45806602      0.15464926 md_running
   677    338.50000000    232.61062522      4.55291113  23451.16869511    300.00000000      0.99950596      3.89893984   -785.49568488     -4.10621221   -789.60189709      1.49953131      0.90188772      1.80739873      0.24992188 md_running
   678    339.00000000    232.85150915      4.71755447  22574.22057554    300.00000000      0.99950644      3.75314037   -785.48856371     -4.11227743   -789.60084113      1.68288496      0.87169751      1.88937200      0.28048083 md_running
   679    339.50000000    233.09060176      4.89100453  22691.41467622    300.00000000      0.99950641      3.77262481   -785.68639695     -4.11834261   -789.80473956      0.98797190      0.84202467      1.32500493      0.16466198 md_running
   680    340.00000000    233.34898147      5.07397979  21969.15663382    300.00000000      0.99950650      3.65254377   -785.70914113     -4.12440776   -789.83354889      0.94180472      0.81285556      1.32716752      0.15696745 md_running
   681    340.50000000    233.59252928      5.25410008  20678.28580314    300.00000000      0.99950686      3.43792642   -785.63551273     -4.13047288   -789.76598561      0.98837604      0.78614397      1.37177859      0.16472934 md_running
   682    341.00000000    233.84594284      5.41807517  19341.55552506    300.00000000      0.99950734      3.21568458   -785.54138187     -4.13653797   -789.67791984      1.00667643      0.76347143      1.38822903      0.16777940 md_running
   683    341.50000000    234.10421884      5.55739813  18163.61376294    300.00000000      0.99950785      3.01984256   -785.45275182     -4.14260307   -789.59535489      1.07038055      0.74542296      1.44104500      0.17839676 md_running
   684    342.00000000    234.35617728      5.66846918  17234.09222759    300.00000000      0.99950833      2.86530235   -785.38252975     -4.14866818   -789.53119793      1.24825241      0.73188695      1.58519825      0.20804207 md_running
   685    342.50000000    234.60843321      5.75251045  16604.51311045    300.00000000      0.99950873      2.76062991   -785.34124146     -4.15473331   -789.49597477      1.48656915      0.72224900      1.78312503      0.24776153 md_running
   686    343.00000000    234.86170171      5.81458476  16304.70130166    300.00000000      0.99950898      2.71078386   -785.33859105     -4.16079847   -789.49938952      1.61378278      0.71558180      1.88824885      0.26896380 md_running
   687    343.50000000    235.11337978      5.86175078  16318.53140711    300.00000000      0.99950905      2.71308322   -785.37844620     -4.16686366   -789.54530985      1.50220366      0.71085879      1.78337118      0.25036728 md_running
   688    344.00000000    235.37126972      5.90170574  16530.82956277    300.00000000      0.99950897      2.74837945   -785.44661152     -4.17292884   -789.61954036      1.20613233      0.70707407      1.52440060      0.20102205 md_running
   689    344.50000000    235.61089429      5.94218247  16769.78233749    300.00000000      0.99950884      2.78810721   -785.51887825     -4.17899402   -789.69787227      0.89241553      0.70327850      1.26988511      0.14873592 md_running
   690    345.00000000    235.85851440      5.99049819  16906.41372062    300.00000000      0.99950873      2.81082324   -785.57844615     -4.18505916   -789.76350531      0.68833471      0.69861894      1.11548545      0.11472245 md_running
   691    345.50000000    236.11943040      6.05320337  16863.36192763    300.00000000      0.99950870      2.80366555   -785.61866920     -4.19112425   -789.80979345      0.59498444      0.69238415      1.04253834      0.09916407 md_running
   692    346.00000000    236.37868715      6.13484738  16560.17406849    300.00000000      0.99950878      2.75325820   -785.62791135     -4.19718926   -789.82510062      0.57829552      0.68415869      1.02376015      0.09638259 md_running
   693    346.50000000    236.63568785      6.23520820  15946.80350433    300.00000000      0.99950903      2.65128056   -785.59593245     -4.20325418   -789.79918663      0.63486587      0.67411971      1.05818577      0.10581098 md_running
   694    347.00000000    236.88164267      6.34790813  15111.11152886    300.00000000      0.99950947      2.51234024   -785.53184924     -4.20931901   -789.74116825      0.74467646      0.66310740      1.13624608      0.12411274 md_running
   695    347.50000000    237.13135326      6.46283134  14280.52916764    300.00000000      0.99951005      2.37424944   -785.46955531     -4.21538379   -789.68493910      0.81818667      0.65225489      1.19246439      0.13636444 md_running
   696    348.00000000    237.38263254      6.57215817  13603.68987286    300.00000000      0.99951061      2.26171963   -785.43115948     -4.22144855   -789.65260803      0.80828114      0.64232810      1.18608665      0.13471352 md_running
   697    348.50000000    237.64499452      6.67326084  13001.04764732    300.00000000      0.99951109      2.16152565   -785.39926222     -4.22751331   -789.62677552      0.77341153      0.63350593      1.15880823      0.12890192 md_running
   698    349.00000000    237.90557210      6.76543505  12328.64258158    300.00000000      0.99951164      2.04973306   -785.34800210     -4.23357809   -789.58158019      0.75845524      0.62577184      1.14418500      0.12640921 md_running
   699    349.50000000    238.16802914      6.84614465  11513.23103025    300.00000000      0.99951236      1.91416453   -785.26555765     -4.23964291   -789.50520055      0.76434589      0.61928093      1.13875037      0.12739098 md_running
   700    350.00000000    238.42067375      6.91014269  10522.17169282    300.00000000      0.99951336      1.74939317   -785.14124940     -4.24570781   -789.38695721      0.87315408      0.61442356      1.19736711      0.14552568 md_running
   701    350.50000000    238.67421086      6.94905886   9599.42149416    300.00000000      0.99951475      1.59597875   -785.00425522     -4.25177288   -789.25602810      1.12306968      0.61185568      1.38181319      0.18717828 md_running
   702    351.00000000    238.93913166      6.95413622   9350.01981170    300.00000000      0.99951584      1.55451378   -784.96920329     -4.25783818   -789.22704147      1.08271320      0.61228113      1.36165139      0.18045220 md_running
   703    351.50000000    239.20264673      6.92767692   9667.85964918    300.00000000      0.99951555      1.60735713   -785.01607891     -4.26390370   -789.27998261      0.82498324      0.61549499      1.19191353      0.13749721 md_running
   704    352.00000000    239.46456669      6.87952147   9935.87478739    300.00000000      0.99951499      1.65191674   -785.03142480     -4.26996935   -789.30139415      0.76068272      0.62068470      1.17179934      0.12678045 md_running
   705    352.50000000    239.72966674      6.81535681  10071.73785043    300.00000000      0.99951476      1.67450503   -785.01261922     -4.27603508   -789.28865430      0.80386642      0.62741786      1.21870249      0.13397774 md_running
   706    353.00000000    239.99133318      6.73838993  10225.83754438    300.00000000      0.99951458      1.70012531   -784.99233588     -4.28210085   -789.27443673      0.85689666      0.63548403      1.26067717      0.14281611 md_running
   707    353.50000000    240.25263310      6.65520721  10307.41127454    300.00000000      0.99951432      1.71368758   -784.96010433     -4.28816662   -789.24827095      0.91967285      0.64433783      1.28776504      0.15327881 md_running
   708    354.00000000    240.50611256      6.57505078   9886.02820849    300.00000000      0.99951435      1.64362936   -784.84705417     -4.29423234   -789.14128651      1.21117440      0.65311506      1.45945078      0.20186240 md_running
   709    354.50000000    240.76265308      6.50230383   9092.68507868    300.00000000      0.99951544      1.51172987   -784.63075542     -4.30029799   -788.93105341      2.19907227      0.66135451      2.28779994      0.36651205 md_running
   710    355.00000000    241.00992870      6.43712968  10167.42468650    300.00000000      0.99951583      1.69041372   -784.79910113     -4.30636356   -789.10546470      1.76749997      0.66899254      1.90947020      0.29458333 md_running
   711    355.50000000    241.27298277      6.39120583  12002.17755381    300.00000000      0.99951298      1.99545570   -785.07930434     -4.31242903   -789.39173337      1.04579960      0.67474844      1.36039416      0.17429993 md_running
   712    356.00000000    241.50945621      6.37443125  12883.87566580    300.00000000      0.99951169      2.14204489   -785.20808820     -4.31849437   -789.52658257      0.91944926      0.67747555      1.29572964      0.15324154 md_running
   713    356.50000000    241.75533707      6.38428602  13236.36907122    300.00000000      0.99951124      2.20064967   -785.27138665     -4.32455961   -789.59594626      0.87618086      0.67737990      1.26529669      0.14603014 md_running
   714    357.00000000    242.01374766      6.41232354  13432.48053790    300.00000000      0.99951105      2.23325474   -785.32386149     -4.33062477   -789.65448626      0.81992961      0.67536411      1.21506300      0.13665493 md_running
   715    357.50000000    242.27993272      6.44922754  13592.39254017    300.00000000      0.99951091      2.25984136   -785.37810126     -4.33668990   -789.71479116      0.72820627      0.67244015      1.13868154      0.12136771 md_running
   716    358.00000000    242.53814778      6.48640732  13686.00867150    300.00000000      0.99951080      2.27540577   -785.42112419     -4.34275503   -789.76387921      0.64993373      0.66952099      1.07633293      0.10832229 md_running
   717    358.50000000    242.80151871      6.51494183  13680.62545355    300.00000000      0.99951077      2.27451077   -785.44101168     -4.34882020   -789.78983188      0.61004129      0.66751969      1.04624507      0.10167355 md_running
   718    359.00000000    243.05702808      6.52485221  13604.08094664    300.00000000      0.99951081      2.26178464   -785.43666188     -4.35488546   -789.79154734      0.60674692      0.66743542      1.04506436      0.10112449 md_running
   719    359.50000000    243.30914839      6.50643006  13487.12378422    300.00000000      0.99951089      2.24233960   -785.40763993     -4.36095087   -789.76859080      0.65436855      0.67025729      1.07883753      0.10906143 md_running
   720    360.00000000    243.57095250      6.45099329  13311.44825774    300.00000000      0.99951099      2.21313218   -785.34434063     -4.36701645   -789.71135707      0.78816664      0.67695713      1.17368123      0.13136111 md_running
   721    360.50000000    243.82930870      6.34905139  13107.38147264    300.00000000      0.99951116      2.17920448   -785.23973538     -4.37308221   -789.61281758      1.06229009      0.68878141      1.38498171      0.17704835 md_running
   722    361.00000000    244.09130478      6.18743742  13277.30600977    300.00000000      0.99951127      2.20745576   -785.14976383     -4.37914815   -789.52891199      1.33452920      0.70775183      1.62040039      0.22242153 md_running
   723    361.50000000    244.35386390      5.95763070  14329.04466017    300.00000000      0.99951079      2.38231552   -785.16571272     -4.38521420   -789.55092692      1.31858966      0.73606964      1.63347543      0.21976494 md_running
   724    362.00000000    244.61033695      5.67392035  16007.13834596    300.00000000      0.99950973      2.66131169   -785.23865116     -4.39128022   -789.62993138      1.20572398      0.77394323      1.58515062      0.20095400 md_running
   725    362.50000000    244.86981692      5.36716406  17822.47584221    300.00000000      0.99950869      2.96312572   -785.29923285     -4.39734609   -789.69657893      1.14231727      0.81930685      1.58820062      0.19038621 md_running
   726    363.00000000    245.13248082      5.07135164  19620.56809103    300.00000000      0.99950784      3.26207259   -785.35374638     -4.40341178   -789.75715816      1.07788406      0.86829264      1.59004189      0.17964734 md_running
   727    363.50000000    245.38701334      4.82293033  21229.89121152    300.00000000      0.99950716      3.52963512   -785.40889591     -4.40947733   -789.81837323      1.01495357      0.91427430      1.57997386      0.16915893 md_running
   728    364.00000000    245.62921674      4.65817139  22278.65285891    300.00000000      0.99950668      3.70399993   -785.43931258     -4.41554275   -789.85485534      0.97995198      0.94791399      1.56557423      0.16332533 md_running
   729    364.50000000    245.88537198      4.60041633  22453.75087951    300.00000000      0.99950649      3.73311135   -785.41229568     -4.42160810   -789.83390377      1.09405863      0.96113278      1.62477562      0.18234310 md_running
   730    365.00000000    246.14830278      4.65135447  22161.57009062    300.00000000      0.99950657      3.68453401   -785.40276015     -4.42767337   -789.83043352      1.24004883      0.95191121      1.70433492      0.20667481 md_running
   731    365.50000000    246.40608697      4.79349072  21942.12348172    300.00000000      0.99950665      3.64804930   -785.51321319     -4.43373857   -789.94695176      1.00059847      0.92495066      1.51269225      0.16676641 md_running
   732    366.00000000    246.65552389      4.98102028  21530.77779452    300.00000000      0.99950672      3.57965987   -785.61713475     -4.43980370   -790.05693845      0.82237570      0.89134524      1.38387915      0.13706262 md_running
   733    366.50000000    246.91591177      5.15691098  20918.74521839    300.00000000      0.99950691      3.47790467   -785.66869251     -4.44586880   -790.11456131      0.80414163      0.86211983      1.35714751      0.13402360 md_running
   734    367.00000000    247.17322847      5.27857232  20436.79530117    300.00000000      0.99950711      3.39777674   -785.69355842     -4.45193394   -790.14549237      0.83255206      0.84339879      1.36205042      0.13875868 md_running
   735    367.50000000    247.42802688      5.32008711  20300.08026176    300.00000000      0.99950723      3.37504680   -785.70791977     -4.45799918   -790.16591895      0.88315258      0.83795756      1.39135213      0.14719210 md_running
   736    368.00000000    247.67193602      5.26783198  20646.41824680    300.00000000      0.99950720      3.43262819   -785.72376939     -4.46406457   -790.18783396      0.95939799      0.84742112      1.45135191      0.15989966 md_running
   737    368.50000000    247.92002142      5.11784181  21584.29309246    300.00000000      0.99950698      3.58855720   -785.75479300     -4.47013007   -790.22492307      1.06807153      0.87344165      1.54590298      0.17801192 md_running
   738    369.00000000    248.17402907      4.87771195  23081.87246361    300.00000000      0.99950658      3.83754146   -785.79641595     -4.47619563   -790.27261158      1.25928712      0.91768437      1.71222184      0.20988119 md_running
   739    369.50000000    248.42905545      4.57121193  24878.70535043    300.00000000      0.99950610      4.13627896   -785.81379400     -4.48226117   -790.29605517      1.54277426      0.98054171      1.97074277      0.25712904 md_running
   740    370.00000000    248.69108372      4.24085584  26657.40968765    300.00000000      0.99950565      4.43200244   -785.77786735     -4.48832664   -790.26619399      1.79280175      1.05835437      2.23681917      0.29880029 md_running
   741    370.50000000    248.95554769      3.94016747  28440.56286908    300.00000000      0.99950529      4.72846557   -785.74766803     -4.49439204   -790.24206008      1.81869164      1.14066041      2.34961354      0.30311527 md_running
   742    371.00000000    249.21630088      3.71930164  30168.10721675    300.00000000      0.99950494      5.01568330   -785.79624907     -4.50045740   -790.29670647      1.62799890      1.21002772      2.28082350      0.27133315 md_running
   743    371.50000000    249.47148015      3.63315551  31150.87323791    300.00000000      0.99950469      5.17907582   -785.86531271     -4.50652272   -790.37183543      1.31421547      1.24038822      2.09108095      0.21903591 md_running
   744    372.00000000    249.72101085      3.71234338  30812.52872025    300.00000000      0.99950463      5.12282341   -785.90947860     -4.51258801   -790.42206661      0.98322203      1.21556338      1.85552110      0.16387034 md_running
   745    372.50000000    249.96642534      3.93090396  29164.06456661    300.00000000      0.99950480      4.84875337   -785.89005277     -4.51865327   -790.40870604      0.86128942      1.14952039      1.72159030      0.14354824 md_running
   746    373.00000000    250.22329785      4.22485216  26692.33730023    300.00000000      0.99950519      4.43780942   -785.80059716     -4.52471848   -790.32531564      0.96223970      1.07097716      1.71391920      0.16037328 md_running
   747    373.50000000    250.47622758      4.52902473  24024.38570125    300.00000000      0.99950576      3.99424165   -785.66929648     -4.53078363   -790.20008011      1.14564769      1.00038897      1.78257347      0.19094128 md_running
   748    374.00000000    250.72956887      4.79638044  21670.32164619    300.00000000      0.99950643      3.60286012   -785.53704756     -4.53684874   -790.07389629      1.30194867      0.94589096      1.85756508      0.21699145 md_running
   749    374.50000000    250.98333590      4.99998523  19963.61983893    300.00000000      0.99950709      3.31910762   -785.44349903     -4.54291383   -789.98641286      1.35727840      0.90858657      1.86997982      0.22621307 md_running
   750    375.00000000    251.24722082      5.12942466  19026.03970184    300.00000000      0.99950758      3.16322761   -785.40783839     -4.54897897   -789.95681736      1.28817509      0.88684133      1.79337018      0.21469585 md_running
   751    375.50000000    251.50858166      5.18655520  18757.42639920    300.00000000      0.99950781      3.11856855   -785.41941141     -4.55504418   -789.97445560      1.12942373      0.87824220      1.65812229      0.18823729 md_running
   752    376.00000000    251.76254597      5.18196384  18915.98990128    300.00000000      0.99950781      3.14493097   -785.44735788     -4.56110948   -790.00846737      0.96053746      0.88019082      1.53284817      0.16008958 md_running
   753    376.50000000    252.00128576      5.13136978  19275.01293198    300.00000000      0.99950769      3.20462135   -785.46642319     -4.56717485   -790.03359804      0.85576267      0.89005122      1.46979719      0.14262711 md_running
   754    377.00000000    252.25398762      5.05328750  19718.66754452    300.00000000      0.99950753      3.27838239   -785.47392336     -4.57324025   -790.04716361      0.81322331      0.90500425      1.45851892      0.13553722 md_running
   755    377.50000000    252.52016740      4.96868664  20169.58961254    300.00000000      0.99950735      3.35335171   -785.47694014     -4.57930566   -790.05624580      0.79117615      0.92163417      1.46311357      0.13186269 md_running
   756    378.00000000    252.78091146      4.90157562  20467.53599927    300.00000000      0.99950720      3.40288762   -785.47046261     -4.58537104   -790.05583364      0.80508427      0.93549027      1.48714529      0.13418071 md_running
   757    378.50000000    253.03686294      4.87646239  20400.91452205    300.00000000      0.99950714      3.39181128   -785.44067776     -4.59143637   -790.03211413      0.88670948      0.94155170      1.54687778      0.14778491 md_running
   758    379.00000000    253.29694057      4.91188451  19856.81974555    300.00000000      0.99950725      3.30135128   -785.38574184     -4.59750164   -789.98324348      1.01233900      0.93599655      1.62960858      0.16872317 md_running
   759    379.50000000    253.55304110      5.01386511  18908.33265366    300.00000000      0.99950754      3.14365789   -785.32303246     -4.60356683   -789.92659929      1.11511984      0.91816849      1.68792106      0.18585331 md_running
   760    380.00000000    253.80859901      5.17529927  17736.18295833    300.00000000      0.99950800      2.94877886   -785.27444988     -4.60963193   -789.88408180      1.13975828      0.89070009      1.67665348      0.18995971 md_running
   761    380.50000000    254.06028039      5.38081671  16495.03157722    300.00000000      0.99950859      2.74242775   -785.24966886     -4.61569690   -789.86536576      1.07925880      0.85780784      1.58767338      0.17987647 md_running
   762    381.00000000    254.32248104      5.61219717  15210.84381429    300.00000000      0.99950928      2.52892151   -785.23399290     -4.62176173   -789.85575464      1.01953909      0.82352326      1.50387063      0.16992318 md_running
   763    381.50000000    254.57987698      5.84897711  13853.36933689    300.00000000      0.99951012      2.30323079   -785.20063629     -4.62782642   -789.82846271      0.99519037      0.79122276      1.46329057      0.16586506 md_running
   764    382.00000000    254.83087847      6.06898495  12493.27644499    300.00000000      0.99951120      2.07710473   -785.14544781     -4.63389101   -789.77933882      1.00656611      0.76354010      1.45880800      0.16776102 md_running
   765    382.50000000    255.09171801      6.25171331  11292.48432072    300.00000000      0.99951245      1.87746366   -785.08316231     -4.63995560   -789.72311791      1.04281593      0.74219381      1.47710477      0.17380266 md_running
   766    383.00000000    255.33530807      6.38095953  10415.90777915    300.00000000      0.99951369      1.73172597   -785.03267255     -4.64602032   -789.67869286      1.08672969      0.72811176      1.50486360      0.18112162 md_running
   767    383.50000000    255.57975896      6.44584734   9982.15649390    300.00000000      0.99951461      1.65961143   -785.00856327     -4.65208530   -789.66064857      1.11240629      0.72172339      1.52148611      0.18540105 md_running
   768    384.00000000    255.83058324      6.44112104  10044.11476528    300.00000000      0.99951489      1.66991248   -785.01713934     -4.65815064   -789.67528998      1.10340925      0.72319459      1.51440481      0.18390154 md_running
   769    384.50000000    256.08655869      6.36682038  10595.46534277    300.00000000      0.99951444      1.76157882   -785.05689759     -4.66421633   -789.72111392      1.05824049      0.73258655      1.48400505      0.17637342 md_running
   770    385.00000000    256.34032373      6.22791220  11592.11520587    300.00000000      0.99951340      1.92727964   -785.12231083     -4.67028227   -789.79259310      0.98470563      0.74989955      1.43749639      0.16411761 md_running
   771    385.50000000    256.59451478      6.03457254  12958.23442467    300.00000000      0.99951208      2.15440762   -785.20558828     -4.67634832   -789.88193660      0.89647986      0.77492970      1.38620235      0.14941331 md_running
   772    386.00000000    256.85867395      5.80314294  14572.41458733    300.00000000      0.99951074      2.42277767   -785.29549309     -4.68241435   -789.97790744      0.81034807      0.80687837      1.34316514      0.13505801 md_running
   773    386.50000000    257.11602873      5.55653922  16255.50986328    300.00000000      0.99950955      2.70260540   -785.37735805     -4.68848027   -790.06583831      0.74149482      0.84377921      1.31797700      0.12358247 md_running
   774    387.00000000    257.37048499      5.32294934  17781.90607196    300.00000000      0.99950861      2.95638068   -785.43549236     -4.69454602   -790.13003837      0.70164737      0.88194620      1.31678909      0.11694123 md_running
   775    387.50000000    257.62386283      5.13117943  18936.08423190    300.00000000      0.99950796      3.14827181   -785.46001687     -4.70061161   -790.16062848      0.70521105      0.91608930      1.34257129      0.11753517 md_running
   776    388.00000000    257.88631560      5.00328305  19610.94093231    300.00000000      0.99950758      3.26047200   -785.45589990     -4.70667708   -790.16257697      0.77096278      0.94071890      1.40020020      0.12849380 md_running
   777    388.50000000    258.14367882      4.94767877  19875.31137002    300.00000000      0.99950741      3.30442565   -785.44985741     -4.71274245   -790.16259986      0.91362479      0.95251694      1.49267780      0.15227080 md_running
   778    389.00000000    258.40187858      4.95866921  19821.33201821    300.00000000      0.99950736      3.29545116   -785.45471512     -4.71880774   -790.17352286      1.16190583      0.95162896      1.64119628      0.19365097 md_running
   779    389.50000000    258.65748190      5.01982249  19628.45486107    300.00000000      0.99950743      3.26338383   -785.47851987     -4.72487298   -790.20339285      1.50062464      0.94124423      1.87675143      0.25010411 md_running
   780    390.00000000    258.91574683      5.10942696  19636.27054385    300.00000000      0.99950749      3.26468325   -785.56623969     -4.73093817   -790.29717786      1.75299049      0.92592476      2.06016738      0.29216508 md_running
   781    390.50000000    259.17115007      5.21168597  19905.93320012    300.00000000      0.99950742      3.30951677   -785.71235040     -4.73700334   -790.44935374      1.74906735      0.90892104      2.03212635      0.29151123 md_running
   782    391.00000000    259.43091749      5.31575150  20131.36440055    300.00000000      0.99950730      3.34699647   -785.85122461     -4.74306848   -790.59429309      1.47337692      0.89226844      1.78057972      0.24556282 md_running
   783    391.50000000    259.68637169      5.40675569  20004.22684849    300.00000000      0.99950726      3.32585886   -785.91364220     -4.74913363   -790.66277583      1.10768208      0.87837214      1.48779186      0.18461368 md_running
   784    392.00000000    259.93064420      5.46496996  19569.15649161    300.00000000      0.99950739      3.25352501   -785.89095223     -4.75519882   -790.64615106      0.93158333      0.87012546      1.38128656      0.15526389 md_running
   785    392.50000000    260.18572268      5.47571123  19059.92086436    300.00000000      0.99950758      3.16886062   -785.82036497     -4.76126411   -790.58162908      1.06309497      0.86952631      1.49765921      0.17718250 md_running
   786    393.00000000    260.44356304      5.43670042  18522.79918157    300.00000000      0.99950779      3.07955994   -785.69740216     -4.76732949   -790.46473165      1.52147383      0.87688109      1.88136796      0.25357897 md_running
   787    393.50000000    260.69066289      5.35143552  18174.64300701    300.00000000      0.99950802      3.02167626   -785.56201699     -4.77339496   -790.33541195      1.92914360      0.89198574      2.25496871      0.32152393 md_running
   788    394.00000000    260.94652800      5.22792374  18372.00980136    300.00000000      0.99950808      3.05449003   -785.48621917     -4.77946047   -790.26567964      1.96998360      0.91421920      2.31134730      0.32833060 md_running
   789    394.50000000    261.20323219      5.07993188  19132.11944712    300.00000000      0.99950785      3.18086419   -785.48239279     -4.78552599   -790.26791877      1.67125683      0.94204655      2.07456394      0.27854281 md_running
   790    395.00000000    261.46640809      4.92437270  20166.39338749    300.00000000      0.99950746      3.35282031   -785.51093951     -4.79159148   -790.30253099      1.30336197      0.97303694      1.81035235      0.21722700 md_running
   791    395.50000000    261.72820142      4.77770282  21241.75343474    300.00000000      0.99950707      3.53160731   -785.54894155     -4.79765693   -790.34659848      1.06787304      1.00417736      1.68628578      0.17797884 md_running
   792    396.00000000    261.96983987      4.65550174  22244.76624892    300.00000000      0.99950672      3.69836602   -785.59591703     -4.80372233   -790.39963937      0.99266484      1.03183845      1.67501962      0.16544414 md_running
   793    396.50000000    262.21791132      4.57442206  23041.91423410    300.00000000      0.99950644      3.83089810   -785.65134143     -4.80978770   -790.46112913      0.97985397      1.05145319      1.68871724      0.16330900 md_running
   794    397.00000000    262.47703341      4.54758407  23416.10264604    300.00000000      0.99950625      3.89310984   -785.69325031     -4.81585303   -790.50910334      0.97023751      1.05899215      1.68789501      0.16170625 md_running
   795    397.50000000    262.74251778      4.57657332  23101.39799677    300.00000000      0.99950623      3.84078774   -785.67824457     -4.82191832   -790.50016289      0.96281288      1.05360953      1.68532833      0.16046881 md_running
   796    398.00000000    263.00594608      4.64382248  22076.93719487    300.00000000      0.99950642      3.67046313   -785.57312764     -4.82798358   -790.40111122      1.07042293      1.03965792      1.76155965      0.17840382 md_running
   797    398.50000000    263.27014847      4.72054548  21029.33696249    300.00000000      0.99950681      3.49629141   -785.47079536     -4.83404883   -790.30484419      1.20039567      1.02404531      1.83251979      0.20006594 md_running
   798    399.00000000    263.53633090      4.79599117  20478.27667951    300.00000000      0.99950707      3.40467334   -785.46758597     -4.84011408   -790.30770005      1.05476719      1.00920079      1.70380013      0.17579453 md_running
   799    399.50000000    263.79283054      4.86650232  20067.00433530    300.00000000      0.99950721      3.33629610   -785.47322539     -4.84617933   -790.31940472      0.94806212      0.99582481      1.62610075      0.15801035 md_running
   800    400.00000000    264.04085273      4.91964526  19656.94554283    300.00000000      0.99950737      3.26812063   -785.45809926     -4.85224458   -790.31034385      0.92576980      0.98630065      1.61786349      0.15429497 md_running
   801    400.50000000    264.29442976      4.94351309  19385.39938249    300.00000000      0.99950751      3.22297396   -785.43999206     -4.85830987   -790.29830192      0.91144964      0.98276563      1.62042621      0.15190827 md_running
   802    401.00000000    264.55106759      4.93339487  19241.58136637    300.00000000      0.99950759      3.19906309   -785.41034669     -4.86437519   -790.27472188      0.91251804      0.98601067      1.63792110      0.15208634 md_running
   803    401.50000000    264.80652574      4.89078718  19170.80408770    300.00000000      0.99950763      3.18729582   -785.35820344     -4.87044053   -790.22864398      0.96014192      0.99584073      1.68794827      0.16002365 md_running
   804    402.00000000    265.05548175      4.82013405  19275.34977900    300.00000000      0.99950764      3.20467735   -785.30563833     -4.87650590   -790.18214423      1.02206426      1.01169593      1.74642122      0.17034404 md_running
   805    402.50000000    265.30783737      4.72996786  19712.70404252    300.00000000      0.99950754      3.27739092   -785.28996394     -4.88257128   -790.17253522      1.01928196      1.03226387      1.76322932      0.16988033 md_running
   806    403.00000000    265.55887978      4.63533787  20446.19443542    300.00000000      0.99950730      3.39933942   -785.31926896     -4.88863665   -790.20790561      0.94539136      1.05464585      1.73975905      0.15756523 md_running
   807    403.50000000    265.79690332      4.55419550  21250.83957325    300.00000000      0.99950701      3.53311795   -785.37274382     -4.89470201   -790.26744583      0.86347654      1.07476828      1.71247385      0.14391276 md_running
   808    404.00000000    266.05463748      4.49951294  21916.59119728    300.00000000      0.99950676      3.64380436   -785.42920302     -4.90076735   -790.32997037      0.82066215      1.08917788      1.69938944      0.13677702 md_running
   809    404.50000000    266.30912487      4.47424163  22398.56563026    300.00000000      0.99950659      3.72393637   -785.48414993     -4.90683266   -790.39098259      0.82408468      1.09668534      1.70224000      0.13734745 md_running
   810    405.00000000    266.56922649      4.47336803  22787.28266780    300.00000000      0.99950646      3.78856361   -785.55206567     -4.91289797   -790.46496364      0.78912799      1.09825539      1.67427601      0.13152133 md_running
   811    405.50000000    266.81060212      4.49135637  23054.04936992    300.00000000      0.99950636      3.83291566   -785.62250788     -4.91896326   -790.54147114      0.71769807      1.09520723      1.62059905      0.11961634 md_running
   812    406.00000000    267.05899824      4.52420130  23023.44006972    300.00000000      0.99950631      3.82782662   -785.65850180     -4.92502854   -790.58353034      0.69834228      1.08859688      1.59538152      0.11639038 md_running
   813    406.50000000    267.31482222      4.56611742  22623.28974391    300.00000000      0.99950638      3.76129851   -785.63860692     -4.93109382   -790.56970074      0.81181370      1.07993213      1.64723632      0.13530228 md_running
   814    407.00000000    267.57675627      4.60855232  22092.14993500    300.00000000      0.99950653      3.67299237   -785.59466877     -4.93715909   -790.53182786      0.97438174      1.07130440      1.73962484      0.16239696 md_running
   815    407.50000000    267.83318379      4.64658205  21748.30522032    300.00000000      0.99950668      3.61582550   -785.58381016     -4.94322437   -790.52703453      0.99280733      1.06384173      1.74459594      0.16546789 md_running
   816    408.00000000    268.08343575      4.68605286  21436.02598925    300.00000000      0.99950675      3.56390664   -785.58354640     -4.94928964   -790.53283604      0.98066770      1.05617532      1.72138500      0.16344462 md_running
   817    408.50000000    268.33567685      4.73793898  20616.14414535    300.00000000      0.99950689      3.42759488   -785.51157506     -4.95535490   -790.46692996      1.18906476      1.04588914      1.82254249      0.19817746 md_running
   818    409.00000000    268.59762389      4.81054623  18915.88193581    300.00000000      0.99950732      3.14491302   -785.29988382     -4.96142014   -790.26130397      1.89121058      1.03136409      2.30479457      0.31520176 md_running
   819    409.50000000    268.86069938      4.90933926  17618.61065970    300.00000000      0.99950811      2.92923154   -785.16011452     -4.96748535   -790.12759986      2.40943585      1.01184504      2.72016667      0.40157264 md_running
   820    410.00000000    269.12069627      5.02955977  17846.27979875    300.00000000      0.99950825      2.96708332   -785.35362967     -4.97355050   -790.32718017      1.58565360      0.98886523      2.04277648      0.26427560 md_running
   821    410.50000000    269.37042839      5.13579575  17809.07110621    300.00000000      0.99950812      2.96089708   -785.44818185     -4.97961565   -790.42779750      1.27213134      0.96959133      1.82852312      0.21202189 md_running
   822    411.00000000    269.62875506      5.19385121  17581.92850436    300.00000000      0.99950829      2.92313285   -785.45295387     -4.98568086   -790.43863472      1.35891086      0.95992141      1.90595863      0.22648514 md_running
   823    411.50000000    269.89170192      5.18050493  18142.75260190    300.00000000      0.99950826      3.01637423   -785.54516994     -4.99174617   -790.53691611      1.13197846      0.96356520      1.73904054      0.18866308 md_running
   824    412.00000000    270.13865010      5.10878787  19093.29751591    300.00000000      0.99950783      3.17440975   -785.64438812     -4.99781157   -790.64219968      0.88812643      0.97827883      1.57474365      0.14802107 md_running
   825    412.50000000    270.39557395      5.00335556  19753.47168632    300.00000000      0.99950750      3.28416885   -785.64981796     -5.00387701   -790.65369497      1.02115660      1.00010552      1.67118327      0.17019277 md_running
   826    413.00000000    270.65930293      4.87711653  20217.38052302    300.00000000      0.99950731      3.36129732   -785.60016431     -5.00994246   -790.61010677      1.32420125      1.02723565      1.90751453      0.22070021 md_running
   827    413.50000000    270.91892620      4.73849848  20705.51018470    300.00000000      0.99950715      3.44245269   -785.53963794     -5.01600791   -790.55564585      1.68432357      1.05856580      2.21299684      0.28072059 md_running
   828    414.00000000    271.16940866      4.59855803  21358.26441103    300.00000000      0.99950696      3.55097817   -785.49989556     -5.02207334   -790.52196890      1.95253924      1.09209821      2.46073108      0.32542321 md_running
   829    414.50000000    271.42682550      4.47130139  22298.69102382    300.00000000      0.99950670      3.70733144   -785.52054759     -5.02813874   -790.54868634      1.94014544      1.12453652      2.47467729      0.32335757 md_running
   830    415.00000000    271.66718758      4.37339103  23407.24696827    300.00000000      0.99950638      3.89163751   -785.60308599     -5.03420411   -790.63729010      1.64351620      1.15109914      2.25493083      0.27391937 md_running
   831    415.50000000    271.91751232      4.32178627  24276.50424027    300.00000000      0.99950608      4.03615832   -785.69563807     -5.04026945   -790.73590752      1.26451473      1.16624734      1.99186134      0.21075246 md_running
   832    416.00000000    272.17775912      4.32594449  24582.15827440    300.00000000      0.99950593      4.08697569   -785.75506472     -5.04633476   -790.80139948      0.98198101      1.16652839      1.81941454      0.16366350 md_running
   833    416.50000000    272.43996116      4.38198456  24279.31960033    300.00000000      0.99950594      4.03662640   -785.77134717     -5.05240004   -790.82374721      0.84035403      1.15299413      1.73619905      0.14005900 md_running
   834    417.00000000    272.70058760      4.47426128  23517.94430255    300.00000000      0.99950608      3.91004181   -785.75064193     -5.05846530   -790.80910722      0.79732126      1.13057057      1.70002945      0.13288688 md_running
   835    417.50000000    272.95944658      4.58123726  22526.88047509    300.00000000      0.99950633      3.74526971   -785.70621516     -5.06453053   -790.77074569      0.79811175      1.10549477      1.68269341      0.13301862 md_running
   836    418.00000000    273.22512546      4.68140356  21524.85628846    300.00000000      0.99950664      3.57867537   -785.65051560     -5.07059576   -790.72111136      0.82054564      1.08313661      1.67609786      0.13675761 md_running
   837    418.50000000    273.48882126      4.75739518  20681.22794591    300.00000000      0.99950694      3.43841557   -785.59396970     -5.07666100   -790.67063070      0.86027154      1.06711027      1.67930770      0.14337859 md_running
   838    419.00000000    273.74728895      4.79838310  20093.95708210    300.00000000      0.99950719      3.34077721   -785.54343399     -5.08272627   -790.62616026      0.92396936      1.05925907      1.69810259      0.15399489 md_running
   839    419.50000000    274.00108297      4.80098896  19744.61510390    300.00000000      0.99950736      3.28269638   -785.49326119     -5.08879157   -790.58205275      1.05018041      1.05994749      1.76267223      0.17503007 md_running
   840    420.00000000    274.25342336      4.76763967  19516.45143311    300.00000000      0.99950745      3.24476239   -785.42472327     -5.09485690   -790.51958017      1.28424405      1.06863389      1.91721007      0.21404067 md_running
   841    420.50000000    274.51426493      4.70282209  19352.21172798    300.00000000      0.99950752      3.21745625   -785.32967883     -5.10092226   -790.43060109      1.58870917      1.08465220      2.15371530      0.26478486 md_running
   842    421.00000000    274.77725152      4.61055537  19458.72729395    300.00000000      0.99950756      3.23516530   -785.24401301     -5.10698764   -790.35100065      1.83833871      1.10767377      2.37561660      0.30638978 md_running
   843    421.50000000    275.01473325      4.49796095  20194.56644367    300.00000000      0.99950741      3.35750430   -785.24819609     -5.11305302   -790.36124911      1.88951501      1.13674977      2.44614261      0.31491917 md_running
   844    422.00000000    275.26945094      4.39113258  21155.12056915    300.00000000      0.99950702      3.51720392   -785.30437997     -5.11911839   -790.42349836      1.79505054      1.16578603      2.39563469      0.29917509 md_running
   845    422.50000000    275.52661498      4.33175181  21443.26637216    300.00000000      0.99950678      3.56511041   -785.28239363     -5.12518373   -790.40757736      1.77459315      1.18316708      2.41048989      0.29576553 md_running
   846    423.00000000    275.76914054      4.33561397  21161.75251933    300.00000000      0.99950682      3.51830653   -785.23485444     -5.13124903   -790.36610347      1.78796141      1.18351207      2.43728126      0.29799357 md_running
   847    423.50000000    276.02162335      4.39078883  20834.60249882    300.00000000      0.99950694      3.46391529   -785.25139008     -5.13731431   -790.38870439      1.64191980      1.17002141      2.31683917      0.27365330 md_running
   848    424.00000000    276.27604739      4.47391017  20484.53798887    300.00000000      0.99950705      3.40571433   -785.29047103     -5.14337956   -790.43385060      1.48771887      1.14963921      2.18566138      0.24795315 md_running
   849    424.50000000    276.53349483      4.55628376  20182.51375797    300.00000000      0.99950718      3.35550045   -785.33586969     -5.14944481   -790.48531450      1.32312880      1.13018602      2.05075486      0.22052147 md_running
   850    425.00000000    276.78914226      4.61495567  19997.41073118    300.00000000      0.99950727      3.32472562   -785.37469958     -5.15551008   -790.53020966      1.14313968      1.11713180      1.91504370      0.19052328 md_running
   851    425.50000000    277.04922278      4.63552664  19891.00341483    300.00000000      0.99950733      3.30703458   -785.38087874     -5.16157537   -790.54245411      1.03456200      1.11348279      1.84542055      0.17242700 md_running
   852    426.00000000    277.30763364      4.60745100  19996.31954751    300.00000000      0.99950735      3.32454421   -785.36696550     -5.16764070   -790.53460621      0.99097691      1.12158421      1.83385890      0.16516282 md_running
   853    426.50000000    277.56351360      4.52598588  20547.17308983    300.00000000      0.99950725      3.41612791   -785.36910480     -5.17370607   -790.54281087      0.94098065      1.14311210      1.83172294      0.15683011 md_running
   854    427.00000000    277.81954697      4.39845729  21591.81761990    300.00000000      0.99950696      3.58980821   -785.40148673     -5.17977146   -790.58125819      0.85767085      1.17763427      1.82382414      0.14294514 md_running
   855    427.50000000    278.08347085      4.24763117  22902.02805328    300.00000000      0.99950656      3.80764093   -785.44729273     -5.18583685   -790.63312958      0.78569190      1.22087786      1.83474904      0.13094865 md_running
   856    428.00000000    278.34917866      4.10936550  24070.89339651    300.00000000      0.99950618      4.00197391   -785.48084053     -5.19190222   -790.67274275      0.75468282      1.26343198      1.86607613      0.12578047 md_running
   857    428.50000000    278.60558085      4.02399269  24571.77290466    300.00000000      0.99950594      4.08524904   -785.46639580     -5.19796756   -790.66436335      0.79547262      1.29174413      1.91054387      0.13257877 md_running
   858    429.00000000    278.86320207      4.01707436  23999.45115553    300.00000000      0.99950593      3.99009608   -785.36414734     -5.20403286   -790.56818021      1.03010279      1.29547869      2.01985031      0.17168380 md_running
   859    429.50000000    279.12453956      4.07878481  22768.07353279    300.00000000      0.99950621      3.78536994   -785.22698729     -5.21009815   -790.43708544      1.34390472      1.27736566      2.16216312      0.22398412 md_running
   860    430.00000000    279.37779314      4.17543797  21897.52221800    300.00000000      0.99950655      3.64063399   -785.20944064     -5.21616342   -790.42560405      1.28475294      1.24924984      2.07311658      0.21412549 md_running
   861    430.50000000    279.63251151      4.28127091  21497.10045389    300.00000000      0.99950672      3.57406075   -785.27916982     -5.22222867   -790.50139849      1.11168902      1.21978518      1.94240609      0.18528150 md_running
   862    431.00000000    279.89390336      4.37412331  21319.32794132    300.00000000      0.99950682      3.54450468   -785.36251836     -5.22829393   -790.59081229      1.03036222      1.19527869      1.87317264      0.17172704 md_running
   863    431.50000000    280.12982315      4.43376087  21389.81827723    300.00000000      0.99950684      3.55622425   -785.45027749     -5.23435920   -790.68463670      0.87685340      1.18056929      1.75738706      0.14614223 md_running
   864    432.00000000    280.37544941      4.44918392  21586.10313181    300.00000000      0.99950679      3.58885814   -785.50439516     -5.24042450   -790.74481967      0.79447184      1.17784010      1.69579009      0.13241197 md_running
   865    432.50000000    280.63343024      4.41623994  21873.51092263    300.00000000      0.99950672      3.63664193   -785.51474091     -5.24648983   -790.76123074      0.83963616      1.18799986      1.72192432      0.13993936 md_running
   866    433.00000000    280.89675427      4.33655434  22390.95806453    300.00000000      0.99950660      3.72267155   -785.50851047     -5.25255519   -790.76106565      0.90993994      1.21122833      1.78115647      0.15165666 md_running
   867    433.50000000    281.15411280      4.22074555  23205.03452768    300.00000000      0.99950640      3.85801812   -785.50800364     -5.25862055   -790.76662419      0.97162121      1.24589894      1.84526772      0.16193687 md_running
   868    434.00000000    281.40700066      4.09320303  24145.65174220    300.00000000      0.99950614      4.01440307   -785.51274486     -5.26468591   -790.77743077      1.02625625      1.28620236      1.90685614      0.17104271 md_running
   869    434.50000000    281.65418072      3.99212591  24827.53089462    300.00000000      0.99950591      4.12777080   -785.50263564     -5.27075125   -790.77338689      1.10377698      1.32028714      1.98046750      0.18396283 md_running
   870    435.00000000    281.90885154      3.95369101  24961.56276751    300.00000000      0.99950581      4.15005465   -785.47772166     -5.27681657   -790.75453823      1.18050767      1.33465608      2.04343089      0.19675128 md_running
   871    435.50000000    282.16349713      3.99258283  24531.31123680    300.00000000      0.99950585      4.07852197   -785.46155928     -5.28288186   -790.74444114      1.18261335      1.32317433      2.03626176      0.19710222 md_running
   872    436.00000000    282.42326746      4.09778300  23606.05044137    300.00000000      0.99950602      3.92469014   -785.44627793     -5.28894713   -790.73522506      1.14587777      1.29068539      1.99288457      0.19097963 md_running
   873    436.50000000    282.68235851      4.23723515  22484.17149624    300.00000000      0.99950632      3.73816901   -785.43113734     -5.29501238   -790.72614972      1.14750061      1.24963900      1.97583894      0.19125010 md_running
   874    437.00000000    282.93359791      4.37123760  21752.84714730    300.00000000      0.99950662      3.61658063   -785.47627644     -5.30107761   -790.77735405      1.02381169      1.21271835      1.87090448      0.17063528 md_running
   875    437.50000000    283.19316140      4.47598963  21515.64047525    300.00000000      0.99950675      3.57714317   -785.57143355     -5.30714285   -790.87857640      0.77670980      1.18569215      1.70020237      0.12945163 md_running
   876    438.00000000    283.44919225      4.54653668  21386.15267595    300.00000000      0.99950679      3.55561481   -785.63723725     -5.31320810   -790.95044535      0.65474360      1.16862830      1.62447129      0.10912393 md_running
   877    438.50000000    283.70900622      4.58167400  21195.76263305    300.00000000      0.99950685      3.52396098   -785.64888556     -5.31927337   -790.96815894      0.68889478      1.16098983      1.64006215      0.11481580 md_running
   878    439.00000000    283.97426293      4.57892330  21049.38454901    300.00000000      0.99950692      3.49962448   -785.62171494     -5.32533867   -790.94705361      0.85830367      1.16301190      1.73552815      0.14305061 md_running
   879    439.50000000    284.21606090      4.53587803  21261.92572969    300.00000000      0.99950693      3.53496111   -785.60713297     -5.33140401   -790.93853698      1.03357960      1.17538598      1.85286597      0.17226327 md_running
   880    440.00000000    284.47041042      4.45654227  22037.34478106    300.00000000      0.99950676      3.66388058   -785.65331818     -5.33746936   -790.99078754      1.00807831      1.19767122      1.85740471      0.16801305 md_running
   881    440.50000000    284.72552536      4.36135439  22894.66775621    300.00000000      0.99950645      3.80641722   -785.69371461     -5.34353473   -791.03724934      1.01561878      1.22520137      1.88437161      0.16926980 md_running
   882    441.00000000    284.98263674      4.28172505  23357.24840924    300.00000000      0.99950626      3.88332486   -785.66889756     -5.34960008   -791.01849764      1.27218728      1.24940354      2.06220615      0.21203121 md_running
   883    441.50000000    285.23310612      4.24613782  23721.29558819    300.00000000      0.99950618      3.94385055   -785.69045918     -5.35566541   -791.04612459      1.30483080      1.26130329      2.07065077      0.21747180 md_running
   884    442.00000000    285.48276787      4.28398595  23815.90508392    300.00000000      0.99950608      3.95958012   -785.76684104     -5.36173070   -791.12857174      1.17459450      1.25157577      1.94583458      0.19576575 md_running
   885    442.50000000    285.74118871      4.41319494  22959.72220348    300.00000000      0.99950616      3.81723303   -785.78476713     -5.36779594   -791.15256306      1.16423302      1.21630673      1.89434896      0.19403884 md_running
   886    443.00000000    286.00141661      4.61676002  21187.47077667    300.00000000      0.99950657      3.52258240   -785.72689672     -5.37386110   -791.10075782      1.19041460      1.16399051      1.86834210      0.19840243 md_running
   887    443.50000000    286.26085927      4.85119908  19068.43584728    300.00000000      0.99950726      3.17027630   -785.63796694     -5.37992620   -791.01789314      1.15837630      1.10899003      1.80544729      0.19306272 md_running
   888    444.00000000    286.52117176      5.07071594  17088.75459715    300.00000000      0.99950812      2.84113884   -785.54644084     -5.38599124   -790.93243207      1.09142685      1.06217708      1.72889037      0.18190448 md_running
   889    444.50000000    286.78496108      5.23960017  15546.04150447    300.00000000      0.99950903      2.58465075   -785.46693434     -5.39205629   -790.85899063      1.09911902      1.02909857      1.71534866      0.18318650 md_running
   890    445.00000000    287.04962131      5.33624779  14583.27302760    300.00000000      0.99950980      2.42458297   -785.40908595     -5.39812143   -790.80720738      1.33372730      1.01159683      1.87126284      0.22228788 md_running
   891    445.50000000    287.31501077      5.35471435  14176.78138530    300.00000000      0.99951026      2.35700056   -785.36212595     -5.40418670   -790.76631265      1.82981609      1.00924093      2.26314817      0.30496935 md_running
   892    446.00000000    287.56995527      5.30063362  14395.12649424    300.00000000      0.99951035      2.39330214   -785.34287804     -5.41025210   -790.75313014      2.29443311      1.02068206      2.66770799      0.38240552 md_running
   893    446.50000000    287.83387699      5.18814515  15431.94367509    300.00000000      0.99950993      2.56568109   -785.40276496     -5.41631759   -790.81908255      2.35054899      1.04398118      2.72228507      0.39175816 md_running
   894    447.00000000    288.09299802      5.04019124  17176.09902803    300.00000000      0.99950903      2.85566053   -785.54589553     -5.42238310   -790.96827863      1.93454554      1.07583020      2.36705198      0.32242426 md_running
   895    447.50000000    288.35464551      4.88795134  19055.42094501    300.00000000      0.99950805      3.16811247   -785.70375182     -5.42844859   -791.13220041      1.34129646      1.11057862      1.90763362      0.22354941 md_running
   896    448.00000000    288.61530513      4.76592134  20333.27698528    300.00000000      0.99950735      3.38056601   -785.79020455     -5.43451401   -791.22471856      0.91500458      1.14028715      1.65445760      0.15250076 md_running
   897    448.50000000    288.88039334      4.70023687  20418.91321764    300.00000000      0.99950706      3.39480370   -785.73414933     -5.44057937   -791.17472870      1.02001489      1.15751270      1.77791703      0.17000248 md_running
   898    449.00000000    289.13780014      4.69146059  19624.41334555    300.00000000      0.99950725      3.26271190   -785.57185190     -5.44664468   -791.01849657      1.62087245      1.16097089      2.25677882      0.27014541 md_running
   899    449.50000000    289.39226905      4.71455666  19452.26513724    300.00000000      0.99950752      3.23409091   -785.58217412     -5.45270995   -791.03488407      1.44965538      1.15656998      2.12991544      0.24160923 md_running
   900    450.00000000    289.64813245      4.76010691  19599.28994887    300.00000000      0.99950742      3.25853494   -785.67208107     -5.45877521   -791.13085627      0.99167913      1.14677683      1.79261341      0.16527986 md_running
   901    450.50000000    289.90746036      4.82509012  19087.29518978    300.00000000      0.99950750      3.17341181   -785.65671777     -5.46484044   -791.12155821      0.91605636      1.13258943      1.73154606      0.15267606 md_running
   902    451.00000000    290.17499874      4.88885624  18234.38203529    300.00000000      0.99950783      3.03160834   -785.58178207     -5.47090567   -791.05268774      0.93296223      1.11905762      1.74023708      0.15549371 md_running
   903    451.50000000    290.43247196      4.92279047  17662.47080284    300.00000000      0.99950820      2.93652364   -785.52286801     -5.47697094   -790.99983895      0.92710225      1.11257576      1.74123071      0.15451704 md_running
   904    452.00000000    290.69255820      4.90523900  17727.68928618    300.00000000      0.99950833      2.94736672   -785.51828448     -5.48303627   -791.00132075      0.86877595      1.11779313      1.71487083      0.14479599 md_running
   905    452.50000000    290.94835990      4.83017416  18379.60791305    300.00000000      0.99950814      3.05575328   -785.54784688     -5.48910168   -791.03694856      0.80730182      1.13642014      1.69935250      0.13455030 md_running
   906    453.00000000    291.20492269      4.70404418  19423.69527009    300.00000000      0.99950776      3.22934095   -785.58060505     -5.49516713   -791.07577218      0.79437504      1.16818028      1.72402247      0.13239584 md_running
   907    453.50000000    291.45071825      4.54177539  20754.84585857    300.00000000      0.99950729      3.45065513   -785.61384908     -5.50123258   -791.11508166      0.79867553      1.21125233      1.76796264      0.13311259 md_running
   908    454.00000000    291.69796547      4.36692625  22260.60355067    300.00000000      0.99950679      3.70099910   -785.65560556     -5.50729802   -791.16290357      0.78068992      1.26113891      1.80451746      0.13011499 md_running
   909    454.50000000    291.95138660      4.21131148  23677.25785859    300.00000000      0.99950633      3.93652893   -785.70043524     -5.51336341   -791.21379865      0.75314502      1.30918015      1.83369404      0.12552417 md_running
   910    455.00000000    292.20419191      4.10717586  24656.05762242    300.00000000      0.99950599      4.09926203   -785.73313583     -5.51942877   -791.25256459      0.74903837      1.34385052      1.86110283      0.12483973 md_running
   911    455.50000000    292.46475342      4.07310413  24945.15282437    300.00000000      0.99950582      4.14732637   -785.73993849     -5.52549409   -791.26543258      0.80960394      1.35658099      1.89692746      0.13493399 md_running
   912    456.00000000    292.72144263      4.10210679  24576.20182352    300.00000000      0.99950584      4.08598538   -785.71852481     -5.53155938   -791.25008419      0.92050422      1.34846830      1.94236226      0.15341737 md_running
   913    456.50000000    292.97781300      4.16187739  23892.16505672    300.00000000      0.99950599      3.97225893   -785.68328238     -5.53762467   -791.22090704      1.03537193      1.33055972      1.98791490      0.17256199 md_running
   914    457.00000000    293.23379793      4.20963961  23452.76230273    300.00000000      0.99950616      3.89920479   -785.67097921     -5.54368995   -791.21466917      1.12271811      1.31690415      2.02141547      0.18711968 md_running
   915    457.50000000    293.48824056      4.21577482  23630.39525618    300.00000000      0.99950620      3.92873766   -785.71781603     -5.54975525   -791.26757128      1.01730030      1.31642638      1.94514035      0.16955005 md_running
   916    458.00000000    293.75140960      4.17892944  24118.99880721    300.00000000      0.99950609      4.00997181   -785.75584746     -5.55582058   -791.31166804      0.95785622      1.32948462      1.91900350      0.15964270 md_running
   917    458.50000000    294.00546845      4.10885373  24697.68226807    300.00000000      0.99950596      4.10618246   -785.75942064     -5.56188591   -791.32130655      0.99902277      1.35363484      1.96905356      0.16650380 md_running
   918    459.00000000    294.26367159      4.01648804  25450.32037318    300.00000000      0.99950580      4.23131442   -785.76621034     -5.56795125   -791.33416159      1.00098611      1.38627394      2.00084228      0.16683102 md_running
   919    459.50000000    294.51916961      3.92362159  26143.10119797    300.00000000      0.99950561      4.34649463   -785.76160093     -5.57401659   -791.33561751      1.03243663      1.42063083      2.05293063      0.17207277 md_running
   920    460.00000000    294.77296626      3.85790592  26418.43638328    300.00000000      0.99950549      4.39227126   -785.71842849     -5.58008191   -791.29851040      1.17992181      1.44640204      2.17545698      0.19665364 md_running
   921    460.50000000    295.03444275      3.83341724  26176.60602547    300.00000000      0.99950548      4.35206507   -785.65358064     -5.58614722   -791.23972786      1.28141610      1.45722418      2.26004970      0.21356935 md_running
   922    461.00000000    295.29516703      3.84168339  25320.55380757    300.00000000      0.99950558      4.20973971   -785.51585340     -5.59221253   -791.10806593      1.67122817      1.45566749      2.54399609      0.27853803 md_running
   923    461.50000000    295.55375085      3.85358363  25265.94300803    300.00000000      0.99950580      4.20066024   -785.51480436     -5.59827783   -791.11308219      1.85095557      1.45274619      2.65552983      0.30849259 md_running
   924    462.00000000    295.81498068      3.88176522  26249.45507177    300.00000000      0.99950559      4.36417680   -785.75238670     -5.60434313   -791.35672983      1.05655066      1.44376178      2.06814107      0.17609178 md_running
   925    462.50000000    296.07058051      3.94907342  26316.41784605    300.00000000      0.99950547      4.37530988   -785.85562375     -5.61040842   -791.46603217      0.76409018      1.42069014      1.88421403      0.12734836 md_running
   926    463.00000000    296.32930360      4.04226799  25504.13596696    300.00000000      0.99950557      4.24026168   -785.85014822     -5.61647370   -791.46662192      0.74042587      1.38943662      1.84775964      0.12340431 md_running
   927    463.50000000    296.57752405      4.13771964  24302.99081361    300.00000000      0.99950582      4.04056192   -785.78022295     -5.62253897   -791.40276192      0.89284317      1.35885008      1.90993321      0.14880719 md_running
   928    464.00000000    296.83368958      4.21335762  23178.81180582    300.00000000      0.99950614      3.85365839   -785.69367953     -5.62860424   -791.32228377      1.10258793      1.33589566      2.03239619      0.18376465 md_running
   929    464.50000000    297.09181782      4.25639943  22503.85446127    300.00000000      0.99950639      3.74144146   -785.64360878     -5.63466953   -791.27827830      1.21760572      1.32381175      2.11370257      0.20293429 md_running
   930    465.00000000    297.34810567      4.26991666  22206.68220757    300.00000000      0.99950652      3.69203425   -785.61970674     -5.64073483   -791.26044156      1.26957251      1.32104146      2.15442690      0.21159542 md_running
   931    465.50000000    297.60201234      4.26746898  22013.18938680    300.00000000      0.99950658      3.65986456   -785.58752093     -5.64680013   -791.23432106      1.31683078      1.32322046      2.19219961      0.21947180 md_running
   932    466.00000000    297.85526477      4.26190472  21881.23122082    300.00000000      0.99950663      3.63792548   -785.56121798     -5.65286544   -791.21408342      1.29812610      1.32637118      2.18353846      0.21635435 md_running
   933    466.50000000    298.11448989      4.26286345  21823.83462274    300.00000000      0.99950666      3.62838285   -785.55859041     -5.65893074   -791.21752114      1.19243796      1.32749571      2.11483709      0.19873966 md_running
   934    467.00000000    298.36958694      4.27597337  21709.29579138    300.00000000      0.99950667      3.60933988   -785.56249219     -5.66499603   -791.22748822      1.06914925      1.32484416      2.03898735      0.17819154 md_running
   935    467.50000000    298.62311052      4.29919278  21430.22018886    300.00000000      0.99950673      3.56294138   -785.54921723     -5.67106131   -791.22027854      1.00593907      1.31909967      2.00450733      0.16765651 md_running
   936    468.00000000    298.86907200      4.32183839  21085.32311643    300.00000000      0.99950684      3.50559955   -785.52339901     -5.67712660   -791.20052561      0.98613770      1.31359128      1.99674957      0.16435628 md_running
   937    468.50000000    299.11966432      4.33098311  20848.73237802    300.00000000      0.99950694      3.46626449   -785.49861696     -5.68319189   -791.18180885      0.99592110      1.31221814      2.00487141      0.16598685 md_running
   938    469.00000000    299.37230157      4.31839392  20833.00404667    300.00000000      0.99950699      3.46364954   -785.48349007     -5.68925720   -791.17274727      1.03487669      1.31744811      2.02988575      0.17247945 md_running
   939    469.50000000    299.62590731      4.28537324  20955.88748576    300.00000000      0.99950695      3.48407987   -785.46844400     -5.69532253   -791.16376653      1.11307494      1.32901495      2.07733608      0.18551249 md_running
   940    470.00000000    299.88135596      4.24391616  21108.02796273    300.00000000      0.99950691      3.50937441   -785.43201346     -5.70138786   -791.13340131      1.35217653      1.34342670      2.24387655      0.22536276 md_running
   941    470.50000000    300.14477762      4.20085319  21803.63761530    300.00000000      0.99950682      3.62502494   -785.49905988     -5.70745319   -791.20651307      1.22596966      1.35864197      2.19516307      0.20432828 md_running
   942    471.00000000    300.41732721      4.16854010  22568.92450372    300.00000000      0.99950649      3.75225986   -785.60075321     -5.71351851   -791.31427172      0.96061047      1.37062868      2.04754529      0.16010174 md_running
   943    471.50000000    300.67996592      4.17532049  22454.69886274    300.00000000      0.99950641      3.73326896   -785.58489425     -5.71958382   -791.30447807      0.97984195      1.36985555      2.06509786      0.16330699 md_running
   944    472.00000000    300.94200868      4.22530102  21783.49738183    300.00000000      0.99950656      3.62167647   -785.54014563     -5.72564910   -791.26579473      0.98533957      1.35508721      2.06089258      0.16422326 md_running
   945    472.50000000    301.20364944      4.30877601  20948.47811250    300.00000000      0.99950681      3.48284800   -785.51637112     -5.73171437   -791.24808548      0.97439436      1.33024249      2.02547156      0.16239906 md_running
   946    473.00000000    301.45986469      4.41222306  20038.71250295    300.00000000      0.99950711      3.33159237   -785.50257653     -5.73777961   -791.24035614      0.99529034      1.30042895      2.00061516      0.16588172 md_running
   947    473.50000000    301.71620744      4.51539914  19278.68632888    300.00000000      0.99950744      3.20523208   -785.50514371     -5.74384485   -791.24898856      1.07844832      1.27205771      2.00847072      0.17974139 md_running
   948    474.00000000    301.97715638      4.59606626  19049.94057036    300.00000000      0.99950766      3.16720131   -785.57484949     -5.74991010   -791.32475959      1.02846281      1.25105114      1.92634894      0.17141047 md_running
   949    474.50000000    302.23371360      4.64476778  19162.57059540    300.00000000      0.99950763      3.18592694   -785.66441922     -5.75597537   -791.42039458      0.88565084      1.23923945      1.79880929      0.14760847 md_running
   950    475.00000000    302.49235918      4.65542855  19150.56825126    300.00000000      0.99950759      3.18393145   -785.67740542     -5.76204067   -791.43944609      0.89571427      1.23770449      1.79062656      0.14928571 md_running
   951    475.50000000    302.75572428      4.60981411  19274.30252501    300.00000000      0.99950762      3.20450324   -785.63156032     -5.76810601   -791.39966634      1.15636085      1.25126735      1.96252706      0.19272681 md_running
   952    476.00000000    303.01598617      4.48925295  20440.19731231    300.00000000      0.99950742      3.39834235   -785.67959604     -5.77417142   -791.45376746      1.15451122      1.28622171      1.97904463      0.19241854 md_running
   953    476.50000000    303.25828313      4.30961090  22401.36562782    300.00000000      0.99950679      3.72440189   -785.79320712     -5.78023684   -791.57344396      0.92020538      1.34124388      1.85375474      0.15336756 md_running
   954    477.00000000    303.51558459      4.12095633  23849.99938690    300.00000000      0.99950622      3.96524856   -785.78292396     -5.78630224   -791.56922619      1.16588489      1.40411680      2.02829458      0.19431415 md_running
   955    477.50000000    303.77973154      3.97695121  24564.99079463    300.00000000      0.99950596      4.08412146   -785.69284368     -5.79236760   -791.48521128      1.59903105      1.45648480      2.34914031      0.26650517 md_running
   956    478.00000000    304.03058141      3.92925053  24757.67238547    300.00000000      0.99950582      4.11615628   -785.67819337     -5.79843292   -791.47662629      1.51993660      1.47570998      2.30419461      0.25332277 md_running
   957    478.50000000    304.28780606      4.00035793  23814.73846917    300.00000000      0.99950589      3.95938616   -785.60766979     -5.80449820   -791.41216799      1.52103982      1.45099508      2.32389669      0.25350664 md_running
   958    479.00000000    304.54437759      4.13886668  22642.11621872    300.00000000      0.99950627      3.76442855   -785.61218324     -5.81056345   -791.42274668      1.40290968      1.40390252      2.19943542      0.23381828 md_running
   959    479.50000000    304.77852733      4.30223742  21645.05373550    300.00000000      0.99950654      3.59865913   -785.67801674     -5.81662866   -791.49464540      1.11440515      1.35200144      1.97145909      0.18573419 md_running
   960    480.00000000    305.02301867      4.45994072  20473.36057313    300.00000000      0.99950691      3.40385600   -785.68746210     -5.82269386   -791.51015596      0.95397882      1.30555483      1.85214583      0.15899647 md_running
   961    480.50000000    305.25661726      4.57542070  19508.86509710    300.00000000      0.99950732      3.24350110   -785.67762856     -5.82875907   -791.50638763      0.84652455      1.27392942      1.76159040      0.14108742 md_running
   962    481.00000000    305.50529497      4.62447405  18921.20559194    300.00000000      0.99950762      3.14579812   -785.64529861     -5.83482432   -791.48012293      0.87132390      1.26172806      1.74913083      0.14522065 md_running
   963    481.50000000    305.76330003      4.59412397  18788.19631755    300.00000000      0.99950777      3.12368429   -785.58473539     -5.84088965   -791.42562504      1.07127359      1.27138360      1.86622403      0.17854560 md_running
   964    482.00000000    306.02842373      4.47936667  19398.18781421    300.00000000      0.99950770      3.22510014   -785.53977641     -5.84695505   -791.38673146      1.28838764      1.30530922      2.04069415      0.21473127 md_running
   965    482.50000000    306.29016744      4.29095007  20886.77218063    300.00000000      0.99950727      3.47258891   -785.54645067     -5.85302048   -791.39947116      1.41096908      1.36403898      2.18187683      0.23516151 md_running
   966    483.00000000    306.55125417      4.06438823  22813.64329791    300.00000000      0.99950665      3.79294627   -785.56266060     -5.85908591   -791.42174651      1.48523454      1.44156695      2.30646009      0.24753909 md_running
   967    483.50000000    306.81176104      3.85104087  24642.71807774    300.00000000      0.99950609      4.09704423   -785.55682037     -5.86515130   -791.42197167      1.53371104      1.52300449      2.43013845      0.25561851 md_running
   968    484.00000000    307.07159451      3.69846228  26280.49730325    300.00000000      0.99950566      4.36933781   -785.60260136     -5.87121666   -791.47381801      1.35310806      1.58747531      2.39318990      0.22551801 md_running
   969    484.50000000    307.32917429      3.64697142  27306.77111808    300.00000000      0.99950534      4.53996384   -785.70452071     -5.87728198   -791.58180269      1.06026945      1.61155164      2.24929662      0.17671157 md_running
   970    485.00000000    307.58619713      3.71701412  27118.27075102    300.00000000      0.99950526      4.50862418   -785.78401070     -5.88334727   -791.66735798      0.95310203      1.58281566      2.15505615      0.15885034 md_running
   971    485.50000000    307.84899967      3.88195101  25891.56957166    300.00000000      0.99950543      4.30467554   -785.83043252     -5.88941254   -791.71984506      0.88723117      1.51712726      2.04047103      0.14787186 md_running
   972    486.00000000    308.11305133      4.08321334  24212.81879321    300.00000000      0.99950578      4.02557012   -785.84366971     -5.89547778   -791.73914748      0.88731929      1.44383330      1.94905631      0.14788655 md_running
   973    486.50000000    308.37047509      4.26051472  22760.65926868    300.00000000      0.99950622      3.78413726   -785.84820920     -5.90154301   -791.74975221      0.93296462      1.38517187      1.91044059      0.15549410 md_running
   974    487.00000000    308.62214661      4.36830719  22041.99940373    300.00000000      0.99950654      3.66465445   -785.88418781     -5.90760826   -791.79179607      0.80998104      1.35237988      1.83251170      0.13499684 md_running
   975    487.50000000    308.86200941      4.38452565  21848.06878843    300.00000000      0.99950663      3.63241197   -785.88263314     -5.91367356   -791.79630670      0.83622221      1.34876075      1.86818142      0.13937037 md_running
   976    488.00000000    309.10977606      4.30231194  22264.09663271    300.00000000      0.99950664      3.70157985   -785.82404866     -5.91973891   -791.74378757      1.16808184      1.37594420      2.10266907      0.19468031 md_running
   977    488.50000000    309.36162264      4.12499053  24079.56607978    300.00000000      0.99950633      4.00341581   -785.90058991     -5.92580430   -791.82639420      0.88451065      1.43656233      1.98923900      0.14741844 md_running
   978    489.00000000    309.62196451      3.91294016  26277.18940049    300.00000000      0.99950572      4.36878785   -785.97417516     -5.93186968   -791.90604484      0.72459141      1.51596259      1.98068539      0.12076523 md_running
   979    489.50000000    309.87706521      3.76026667  27403.99655753    300.00000000      0.99950534      4.55612833   -785.93308605     -5.93793502   -791.87102108      0.89470109      1.57912629      2.13633462      0.14911685 md_running
   980    490.00000000    310.13342930      3.73578636  27169.80493580    300.00000000      0.99950525      4.51719215   -785.85567311     -5.94400033   -791.79967344      1.04018118      1.59109774      2.23661680      0.17336353 md_running
   981    490.50000000    310.38542563      3.85114367  25851.75113560    300.00000000      0.99950542      4.29805541   -785.81968394     -5.95006560   -791.76974954      1.01198076      1.54501293      2.16596674      0.16866346 md_running
   982    491.00000000    310.64697856      4.06384518  23595.53128907    300.00000000      0.99950581      3.92294125   -785.76657684     -5.95613083   -791.72270767      1.01754866      1.46563963      2.09454725      0.16959144 md_running
   983    491.50000000    310.90952721      4.29743791  20966.30900061    300.00000000      0.99950652      3.48581252   -785.64206894     -5.96219601   -791.60426496      1.36835032      1.38738446      2.26201690      0.22805839 md_running
   984    492.00000000    311.16221771      4.47576954  19297.83914219    300.00000000      0.99950730      3.20841639   -785.61732919     -5.96826120   -791.58559038      1.23866465      1.33346112      2.12957760      0.20644411 md_running
   985    492.50000000    311.41865652      4.57909251  18432.72738582    300.00000000      0.99950773      3.06458480   -785.61604173     -5.97432641   -791.59036814      1.09911717      1.30469748      2.01668414      0.18318619 md_running
   986    493.00000000    311.67234395      4.61194014  17870.47138529    300.00000000      0.99950806      2.97110536   -785.56252033     -5.98039169   -791.54291202      1.19676252      1.29672020      2.08595789      0.19946042 md_running
   987    493.50000000    311.92127789      4.57843028  17846.96238074    300.00000000      0.99950822      2.96719680   -785.51649210     -5.98645703   -791.50294913      1.29396851      1.30753571      2.17329362      0.21566142 md_running
   988    494.00000000    312.17817361      4.49381382  18454.06300409    300.00000000      0.99950808      3.06813202   -785.51326957     -5.99252241   -791.50579198      1.32001950      1.33350561      2.21702387      0.22000325 md_running
   989    494.50000000    312.43198319      4.38946793  19334.84898726    300.00000000      0.99950771      3.21456956   -785.53076567     -5.99858780   -791.52935347      1.31265744      1.36658722      2.23592754      0.21877624 md_running
   990    495.00000000    312.69193338      4.30315718  19881.84725779    300.00000000      0.99950737      3.30551229   -785.51151453     -6.00465316   -791.51616769      1.36919723      1.39540701      2.29769173      0.22819954 md_running
   991    495.50000000    312.93987932      4.25688899  19897.18741679    300.00000000      0.99950727      3.30806272   -785.44309186     -6.01071850   -791.45381036      1.49017353      1.41199850      2.41016161      0.24836225 md_running
   992    496.00000000    313.19542271      4.24182828  20098.59729243    300.00000000      0.99950731      3.34154868   -785.45073843     -6.01678381   -791.46752224      1.43395501      1.41844169      2.37503168      0.23899250 md_running
   993    496.50000000    313.45476937      4.24363982  20877.57185983    300.00000000      0.99950711      3.47105928   -785.59848291     -6.02284912   -791.62133203      1.14442872      1.41926546      2.15643111      0.19073812 md_running
   994    497.00000000    313.71570871      4.26443873  21515.85812870    300.00000000      0.99950682      3.57717936   -785.74274815     -6.02891442   -791.77166257      0.90639616      1.41376560      1.99313727      0.15106603 md_running
   995    497.50000000    313.96022009      4.30145028  21493.69918563    300.00000000      0.99950672      3.57349526   -785.79073456     -6.03497970   -791.82571426      0.83476699      1.40301104      1.94565006      0.13912783 md_running
   996    498.00000000    314.20969738      4.33271618  21103.52240573    300.00000000      0.99950682      3.50862532   -785.76292437     -6.04104498   -791.80396936      0.92688942      1.39428650      1.99163511      0.15448157 md_running
   997    498.50000000    314.46720127      4.32750609  21078.76583267    300.00000000      0.99950694      3.50450935   -785.75175660     -6.04711029   -791.79886689      0.94854926      1.39736672      2.00609290      0.15809154 md_running
   998    499.00000000    314.72321268      4.26972229  21743.92620111    300.00000000      0.99950683      3.61509745   -785.78840248     -6.05317563   -791.84157811      0.85603131      1.41769832      1.97558442      0.14267188 md_running
   999    499.50000000    314.97366908      4.16429210  22878.74714319    300.00000000      0.99950653      3.80377029   -785.83327470     -6.05924099   -791.89251569      0.81229113      1.45504757      1.98609779      0.13538186 md_running
  1000    500.00000000    315.22458369      4.02936479  24142.53124410    300.00000000      0.99950617      4.01388426   -785.85436129     -6.06530635   -791.91966764      0.82173690      1.50527649      2.02995789      0.13695615 max_step
