  step         time_fs     wall_time_s        rti_dist          temp_K     temp_bath_K   thermo_lambda          kin_Ha     pot_real_Ha     pot_rtip_Ha    pot_total_Ha          f_real          f_rtip         f_total      rms_f_real state_decision
     1      0.50000000     10.65049998     31.33756270      0.08581695    300.00000000      1.13973681      0.00001427     -7.60469621     -0.00012085     -7.60481706      0.06038691      0.00000427      0.06038694      0.01006449 md_running
     2      1.00000000     21.83594851     31.33757888      0.82236701    300.00000000      1.13973681      0.00013672     -7.60478812     -0.00024615     -7.60503428      0.05850108      0.00000871      0.05850114      0.00975018 md_running
     3      1.50000000     40.41802132     31.33761308      2.31564974    300.00000000      1.10672267      0.00038499     -7.60496747     -0.00037585     -7.60534333      0.05461190      0.00001329      0.05461199      0.00910198 md_running
     4      2.00000000     40.63222646     31.33766570      4.10073176    300.00000000      1.04766308      0.00068178     -7.60520577     -0.00050986     -7.60571563      0.04891005      0.00001803      0.04891019      0.00815168 md_running
     5      2.50000000     40.86137214     31.33773409      5.91722965    300.00000000      1.02965727      0.00098379     -7.60545384     -0.00064805     -7.60610189      0.04206602      0.00002292      0.04206623      0.00701100 md_running
     6      3.00000000     46.03453452     31.33781626      7.54295958    300.00000000      1.02176132      0.00125408     -7.60567252     -0.00079028     -7.60646280      0.03484143      0.00002795      0.03484174      0.00580691 md_running
     7      3.50000000     46.24252580     31.33791019      8.83209108    300.00000000      1.01774947      0.00146840     -7.60583630     -0.00093634     -7.60677264      0.02826293      0.00003312      0.02826339      0.00471049 md_running
     8      4.00000000     46.45357774     31.33801367      9.73504424    300.00000000      1.01559574      0.00161853     -7.60593640     -0.00108604     -7.60702243      0.02376373      0.00003841      0.02376435      0.00396062 md_running
     9      4.50000000     46.66050520     31.33812429     10.29264795    300.00000000      1.01444439      0.00171123     -7.60597939     -0.00123911     -7.60721850      0.02274413      0.00004383      0.02274485      0.00379069 md_running
    10      5.00000000     46.87082658     31.33823927     10.60633563    300.00000000      1.01385126      0.00176339     -7.60598232     -0.00139528     -7.60737760      0.02518759      0.00004935      0.02518828      0.00419793 md_running
    11      5.50000000     47.12617043     31.33835558     10.79490175    300.00000000      1.01354144      0.00179474     -7.60596486     -0.00155425     -7.60751911      0.02960694      0.00005497      0.02960754      0.00493449 md_running
    12      6.00000000     47.32480001     31.33846991     10.95185846    300.00000000      1.01333429      0.00182083     -7.60594286     -0.00171568     -7.60765854      0.03461694      0.00006068      0.03461742      0.00576949 md_running
    13      6.50000000     47.52981394     31.33857869     11.11712276    300.00000000      1.01313350      0.00184831     -7.60592282     -0.00187924     -7.60780206      0.03946033      0.00006646      0.03946071      0.00657672 md_running
    14      7.00000000     47.74538258     31.33867817     11.27177410    300.00000000      1.01292746      0.00187402     -7.60590153     -0.00204454     -7.60794607      0.04380059      0.00007230      0.04380085      0.00730010 md_running
    15      7.50000000     51.65765605     31.33876460     11.35633932    300.00000000      1.01276876      0.00188808     -7.60586883     -0.00221119     -7.60808001      0.04750280      0.00007819      0.04750295      0.00791713 md_running
    16      8.00000000     51.87296408     31.33883428     11.30445638    300.00000000      1.01273547      0.00187945     -7.60581348     -0.00237877     -7.60819226      0.05051725      0.00008410      0.05051727      0.00841954 md_running
    17      8.50000000     52.08047341     31.33888377     11.07881894    300.00000000      1.01289492      0.00184194     -7.60572902     -0.00254687     -7.60827589      0.05280800      0.00009004      0.05280791      0.00880133 md_running
    18      9.00000000     52.28750685     31.33891000     10.69621862    300.00000000      1.01327855      0.00177833     -7.60561811     -0.00271504     -7.60833315      0.05433584      0.00009597      0.05433562      0.00905597 md_running
    19      9.50000000     52.49662891     31.33891033     10.23290451    300.00000000      1.01386070      0.00170130     -7.60549342     -0.00288284     -7.60837626      0.05505458      0.00010189      0.05505424      0.00917576 md_running
    20     10.00000000     52.69770716     31.33888267      9.80841062    300.00000000      1.01453479      0.00163072     -7.60537493     -0.00304980     -7.60842473      0.05493647      0.00010778      0.05493602      0.00915608 md_running
    21     10.50000000     52.94534429     31.33882551      9.55289381    300.00000000      1.01510319      0.00158824     -7.60528441     -0.00321548     -7.60849989      0.05400596      0.00011363      0.05400540      0.00900099 md_running
    22     11.00000000     53.14036015     31.33873796      9.56787113    300.00000000      1.01532597      0.00159073     -7.60523872     -0.00337940     -7.60861812      0.05238294      0.00011941      0.05238229      0.00873049 md_running
    23     11.50000000     53.33975086     31.33861977      9.89220153    300.00000000      1.01504936      0.00164466     -7.60524464     -0.00354112     -7.60878576      0.05032403      0.00012512      0.05032331      0.00838734 md_running
    24     12.00000000     53.56926318     31.33847136     10.48430693    300.00000000      1.01432241      0.00174310     -7.60529523     -0.00370019     -7.60899542      0.04825850      0.00013073      0.04825775      0.00804308 md_running
    25     12.50000000     60.24230882     31.33829378     11.22792545    300.00000000      1.01336894      0.00186673     -7.60537161     -0.00385616     -7.60922777      0.04676497      0.00013624      0.04676424      0.00779416 md_running
    26     13.00000000     60.46219657     31.33808867     11.96186130    300.00000000      1.01244482      0.00198875     -7.60544654     -0.00400861     -7.60945514      0.04645428      0.00014162      0.04645364      0.00774238 md_running
    27     13.50000000     60.66930183     31.33785806     12.52662814    300.00000000      1.01172900      0.00208265     -7.60549339     -0.00415712     -7.60965051      0.04772245      0.00014687      0.04772197      0.00795374 md_running
    28     14.00000000     60.87374149     31.33760423     12.81533517    300.00000000      1.01130395      0.00213065     -7.60549401     -0.00430131     -7.60979532      0.05050902      0.00015196      0.05050873      0.00841817 md_running
    29     14.50000000     61.08297706     31.33732948     12.81293447    300.00000000      1.01117684      0.00213025     -7.60544568     -0.00444079     -7.60988647      0.05429464      0.00015689      0.05429454      0.00904911 md_running
    30     15.00000000     61.30358410     31.33703603     12.61009839    300.00000000      1.01129374      0.00209653     -7.60536329     -0.00457522     -7.60993851      0.05831627      0.00016164      0.05831633      0.00971938 md_running
    31     15.50000000     66.23786813     31.33672583     12.38556005    300.00000000      1.01153249      0.00205920     -7.60527684     -0.00470428     -7.60998112      0.06178055      0.00016620      0.06178075      0.01029676 md_running
    32     16.00000000     66.45947179     31.33640055     12.35882907    300.00000000      1.01169617      0.00205475     -7.60522294     -0.00482765     -7.61005059      0.06399846      0.00017055      0.06399878      0.01066641 md_running
    33     16.50000000     66.67350364     31.33606157     12.72445925    300.00000000      1.01156083      0.00211554     -7.60523440     -0.00494507     -7.61017948      0.06445675      0.00017469      0.06445716      0.01074279 md_running
    34     17.00000000     66.88343398     31.33571010     13.58684860    300.00000000      1.01100190      0.00225892     -7.60532909     -0.00505631     -7.61038540      0.06284617      0.00017861      0.06284664      0.01047436 md_running
    35     17.50000000     67.09656369     31.33534728     14.91680211    300.00000000      1.01009655      0.00248003     -7.60550247     -0.00516114     -7.61066361      0.05908933      0.00018230      0.05908983      0.00984822 md_running
    36     18.00000000     67.31384884     31.33497430     16.54605192    300.00000000      1.00906729      0.00275091     -7.60572680     -0.00525939     -7.61098620      0.05335821      0.00018576      0.05335872      0.00889304 md_running
    37     18.50000000     67.52909409     31.33459251     18.20325235    300.00000000      1.00813065      0.00302643     -7.60595676     -0.00535092     -7.61130768      0.04610100      0.00018897      0.04610147      0.00768350 md_running
    38     19.00000000     67.73847065     31.33420347     19.58068162    300.00000000      1.00741315      0.00325544     -7.60614050     -0.00543562     -7.61157612      0.03812735      0.00019195      0.03812772      0.00635456 md_running
    39     19.50000000     67.94548510     31.33380904     20.41119303    300.00000000      1.00696115      0.00339352     -7.60623325     -0.00551342     -7.61174667      0.03083534      0.00019467      0.03083550      0.00513922 md_running
    40     20.00000000     68.15379193     31.33341145     20.53266433    300.00000000      1.00678146      0.00341372     -7.60620747     -0.00558429     -7.61179176      0.02651566      0.00019715      0.02651548      0.00441928 md_running
    41     20.50000000     68.41295781     31.33301336     19.92329358    300.00000000      1.00687150      0.00331240     -7.60605946     -0.00564823     -7.61170769      0.02740956      0.00019939      0.02740904      0.00456826 md_running
    42     21.00000000     68.62446833     31.33261779     18.70038065    300.00000000      1.00723170      0.00310908     -7.60580901     -0.00570530     -7.61151430      0.03295787      0.00020139      0.03295717      0.00549298 md_running
    43     21.50000000     68.84224021     31.33222807     17.08530589    300.00000000      1.00786365      0.00284057     -7.60549310     -0.00575558     -7.61124868      0.04071126      0.00020315      0.04071052      0.00678521 md_running
    44     22.00000000     69.05838092     31.33184770     15.34746637    300.00000000      1.00875483      0.00255164     -7.60515719     -0.00579922     -7.61095641      0.04885945      0.00020468      0.04885874      0.00814324 md_running
    45     22.50000000     69.25882402     31.33148025     13.74353205    300.00000000      1.00984945      0.00228497     -7.60484382     -0.00583640     -7.61068021      0.05645251      0.00020598      0.05645185      0.00940875 md_running
    46     23.00000000     69.47544774     31.33112921     12.46713316    300.00000000      1.01101650      0.00207276     -7.60458566     -0.00586733     -7.61045299      0.06299952      0.00020707      0.06299893      0.01049992 md_running
    47     23.50000000     69.69167077     31.33079788     11.61999580    300.00000000      1.01204982      0.00193192     -7.60439888     -0.00589229     -7.61029118      0.06825647      0.00020795      0.06825596      0.01137608 md_running
    48     24.00000000     69.90675658     31.33048929     11.20962700    300.00000000      1.01274030      0.00186369     -7.60428467     -0.00591159     -7.61019627      0.07211080      0.00020863      0.07211039      0.01201847 md_running
    49     24.50000000     70.11352754     31.33020608     11.17221191    300.00000000      1.01298818      0.00185747     -7.60423207     -0.00592558     -7.61015765      0.07453484      0.00020913      0.07453455      0.01242247 md_running
    50     25.00000000     70.31859730     31.32995033     11.41298079    300.00000000      1.01284496      0.00189750     -7.60422509     -0.00593466     -7.61015975      0.07553978      0.00020946      0.07553960      0.01258996 md_running
    51     25.50000000     70.57815137     31.32972335     11.85082851    300.00000000      1.01244079      0.00197029     -7.60425002     -0.00593924     -7.61018927      0.07515171      0.00020964      0.07515165      0.01252528 md_running
    52     26.00000000     70.79388152     31.32952546     12.45154826    300.00000000      1.01188470      0.00207017     -7.60430120     -0.00593981     -7.61024101      0.07339144      0.00020967      0.07339151      0.01223191 md_running
    53     26.50000000     71.01362949     31.32935586     13.23696971    300.00000000      1.01122232      0.00220075     -7.60438254     -0.00593685     -7.61031939      0.07026948      0.00020958      0.07026967      0.01171158 md_running
    54     27.00000000     71.23216918     31.32921254     14.26516589    300.00000000      1.01045649      0.00237170     -7.60450393     -0.00593092     -7.61043485      0.06580082      0.00020938      0.06580112      0.01096680 md_running
    55     27.50000000     71.43908512     31.32909228     15.58776905    300.00000000      1.00959462      0.00259159     -7.60467474     -0.00592255     -7.61059729      0.06004294      0.00020909      0.06004334      0.01000716 md_running
    56     28.00000000     71.64521765     31.32899076     17.20031601    300.00000000      1.00868247      0.00285969     -7.60489471     -0.00591234     -7.61080705      0.05317007      0.00020874      0.05317055      0.00886168 md_running
    57     28.50000000     71.86186323     31.32890277     19.00607747    300.00000000      1.00779970      0.00315991     -7.60514820     -0.00590089     -7.61104909      0.04558157      0.00020833      0.04558209      0.00759693 md_running
    58     29.00000000     72.07943389     31.32882244     20.81037913    300.00000000      1.00702867      0.00345989     -7.60540267     -0.00588884     -7.61129151      0.03810940      0.00020791      0.03810990      0.00635157 md_running
    59     29.50000000     72.29241986     31.32874369     22.35216838    300.00000000      1.00642809      0.00371622     -7.60561434     -0.00587681     -7.61149115      0.03233829      0.00020748      0.03233866      0.00538971 md_running
    60     30.00000000     72.49702081     31.32866056     23.36539255    300.00000000      1.00602822      0.00388468     -7.60573842     -0.00586547     -7.61160389      0.03055232      0.00020707      0.03055240      0.00509205 md_running
    61     30.50000000     72.74858326     31.32856761     23.65211058    300.00000000      1.00584075      0.00393235     -7.60574102     -0.00585548     -7.61159650      0.03394395      0.00020671      0.03394371      0.00565733 md_running
    62     31.00000000     72.95235908     31.32846020     23.14434023    300.00000000      1.00587037      0.00384793     -7.60561063     -0.00584751     -7.61145814      0.04103630      0.00020642      0.04103582      0.00683938 md_running
    63     31.50000000     73.16791950     31.32833471     21.93367977    300.00000000      1.00612044      0.00364665     -7.60536245     -0.00584225     -7.61120470      0.04955299      0.00020623      0.04955236      0.00825883 md_running
    64     32.00000000     73.37571572     31.32818863     20.25962595    300.00000000      1.00658893      0.00336832     -7.60503635     -0.00584036     -7.61087671      0.05786214      0.00020616      0.05786141      0.00964369 md_running
    65     32.50000000     73.58095468     31.32802054     18.45998801    300.00000000      1.00724986      0.00306912     -7.60468916     -0.00584254     -7.61053169      0.06494913      0.00020623      0.06494834      0.01082486 md_running
    66     33.00000000     73.78638080     31.32783001     16.89589790    300.00000000      1.00801880      0.00280907     -7.60438127     -0.00584945     -7.61023072      0.07019604      0.00020647      0.07019520      0.01169934 md_running
    67     33.50000000     73.99655395     31.32761752     15.87049297    300.00000000      1.00872213      0.00263859     -7.60416344     -0.00586177     -7.61002521      0.07326882      0.00020691      0.07326794      0.01221147 md_running
    68     34.00000000     74.21519791     31.32738423     15.56128603    300.00000000      1.00912936      0.00258719     -7.60406530     -0.00588016     -7.60994546      0.07408215      0.00020756      0.07408123      0.01234702 md_running
    69     34.50000000     74.43384875     31.32713186     15.98265036    300.00000000      1.00908794      0.00265724     -7.60408924     -0.00590525     -7.60999449      0.07279080      0.00020846      0.07278987      0.01213180 md_running
    70     35.00000000     74.64778296     31.32686248     16.98849009    300.00000000      1.00864769      0.00282447     -7.60421100     -0.00593768     -7.61014868      0.06978543      0.00020962      0.06978449      0.01163091 md_running
    71     35.50000000     74.90768640     31.32657832     18.31568760    300.00000000      1.00801285      0.00304513     -7.60438666     -0.00597806     -7.61036472      0.06568779      0.00021106      0.06568685      0.01094796 md_running
    72     36.00000000     75.11186820     31.32628139     19.65709576    300.00000000      1.00738953      0.00326815     -7.60456462     -0.00602696     -7.61059158      0.06131603      0.00021281      0.06131514      0.01021934 md_running
    73     36.50000000     75.31851504     31.32597316     20.74386612    300.00000000      1.00689993      0.00344883     -7.60469981     -0.00608495     -7.61078476      0.05759115      0.00021488      0.05759034      0.00959852 md_running
    74     37.00000000     75.53498165     31.32565427     21.41453925    300.00000000      1.00658616      0.00356033     -7.60476484     -0.00615254     -7.61091739      0.05534185      0.00021729      0.05534118      0.00922364 md_running
    75     37.50000000     75.74343531     31.32532428     21.65193292    300.00000000      1.00644047      0.00359980     -7.60475695     -0.00623024     -7.61098719      0.05500099      0.00022006      0.05500049      0.00916683 md_running
    76     38.00000000     75.94435400     31.32498153     21.57652770    300.00000000      1.00642504      0.00358727     -7.60469634     -0.00631848     -7.61101482      0.05641228      0.00022320      0.05641195      0.00940205 md_running
    77     38.50000000     76.15064203     31.32462311     21.39980812    300.00000000      1.00647997      0.00355789     -7.60461873     -0.00641767     -7.61103641      0.05898400      0.00022672      0.05898383      0.00983067 md_running
    78     39.00000000     76.36116742     31.32424501     21.35394146    300.00000000      1.00653000      0.00355026     -7.60456306     -0.00652819     -7.61109125      0.06198892      0.00023064      0.06198886      0.01033149 md_running
    79     39.50000000     76.56875180     31.32384242     21.61931056    300.00000000      1.00650257      0.00359438     -7.60456005     -0.00665034     -7.61121039      0.06481234      0.00023497      0.06481235      0.01080206 md_running
    80     40.00000000     76.77614127     31.32341015     22.27269330    300.00000000      1.00635672      0.00370301     -7.60462237     -0.00678439     -7.61140677      0.06704649      0.00023971      0.06704653      0.01117442 md_running
    81     40.50000000     77.04542951     31.32294327     23.27171791    300.00000000      1.00610191      0.00386910     -7.60474312     -0.00693055     -7.61167367      0.06847843      0.00024488      0.06847847      0.01141307 md_running
    82     41.00000000     77.25737712     31.32243758     24.47833007    300.00000000      1.00578771      0.00406971     -7.60489873     -0.00708897     -7.61198769      0.06904333      0.00025047      0.06904334      0.01150722 md_running
    83     41.50000000     77.46826848     31.32189022     25.71075846    300.00000000      1.00547347      0.00427461     -7.60505878     -0.00725974     -7.61231852      0.06876169      0.00025650      0.06876166      0.01146028 md_running
    84     42.00000000     77.67501921     31.32129991     26.80451908    300.00000000      1.00520315      0.00445646     -7.60519532     -0.00744291     -7.61263823      0.06768907      0.00026297      0.06768898      0.01128151 md_running
    85     42.50000000     77.88588060     31.32066726     27.66116374    300.00000000      1.00499690      0.00459888     -7.60529191     -0.00763845     -7.61293036      0.06587865      0.00026987      0.06587852      0.01097977 md_running
    86     43.00000000     78.08637857     31.31999469     28.26978431    300.00000000      1.00485413      0.00470007     -7.60534685     -0.00784629     -7.61319314      0.06337406      0.00027720      0.06337390      0.01056234 md_running
    87     43.50000000     78.29197160     31.31928633     28.69613126    300.00000000      1.00476012      0.00477096     -7.60537115     -0.00806627     -7.61343742      0.06022928      0.00028497      0.06022916      0.01003821 md_running
    88     44.00000000     78.49688322     31.31854776     29.04485630    300.00000000      1.00469312      0.00482893     -7.60538279     -0.00829820     -7.61368099      0.05656210      0.00029316      0.05656208      0.00942702 md_running
    89     44.50000000     78.70167181     31.31778565     29.40885903    300.00000000      1.00463205      0.00488945     -7.60539767     -0.00854182     -7.61393950      0.05263157      0.00030177      0.05263176      0.00877193 md_running
    90     45.00000000     78.91825901     31.31700745     29.82291725    300.00000000      1.00456433      0.00495829     -7.60542185     -0.00879681     -7.61421867      0.04893928      0.00031079      0.04893984      0.00815655 md_running
    91     45.50000000     79.18018729     31.31622101     30.23719324    300.00000000      1.00449135      0.00502717     -7.60544712     -0.00906281     -7.61450992      0.04629382      0.00032020      0.04629492      0.00771564 md_running
    92     46.00000000     79.38745771     31.31543417     30.52026097    300.00000000      1.00442883      0.00507423     -7.60545119     -0.00933937     -7.61479057      0.04571158      0.00032999      0.04571335      0.00761860 md_running
    93     46.50000000     79.59910106     31.31465440     30.49312527    300.00000000      1.00440222      0.00506972     -7.60540398     -0.00962603     -7.61503001      0.04798857      0.00034015      0.04799101      0.00799810 md_running
    94     47.00000000     79.80952419     31.31388841     29.98632232    300.00000000      1.00444053      0.00498546     -7.60527655     -0.00992225     -7.61519879      0.05317693      0.00035065      0.05317991      0.00886282 md_running
    95     47.50000000     79.99775198     31.31314174     28.90577519    300.00000000      1.00457147      0.00480581     -7.60505271     -0.01022745     -7.61528016      0.06053949      0.00036147      0.06054284      0.01008991 md_running
    96     48.00000000     80.20157274     31.31241837     27.28708194    300.00000000      1.00481740      0.00453669     -7.60473808     -0.01054100     -7.61527908      0.06895383      0.00037259      0.06895746      0.01149231 md_running
    97     48.50000000     80.41852615     31.31172042     25.31779138    300.00000000      1.00518867      0.00420928     -7.60436372     -0.01086223     -7.61522595      0.07730333      0.00038399      0.07730717      0.01288389 md_running
    98     49.00000000     80.63140029     31.31104776     23.31762852    300.00000000      1.00566901      0.00387674     -7.60398330     -0.01119042     -7.61517372      0.08461240      0.00039563      0.08461644      0.01410207 md_running
    99     49.50000000     80.84718203     31.31039794     21.67766648    300.00000000      1.00619050      0.00360408     -7.60366223     -0.01152479     -7.61518702      0.09007986      0.00040748      0.09008408      0.01501331 md_running
   100     50.00000000     81.05935374     31.30976619     20.77075366    300.00000000      1.00661486      0.00345330     -7.60346330     -0.01186456     -7.61532785      0.09310035      0.00041952      0.09310476      0.01551672 md_running
   101     50.50000000     81.30499543     31.30914569     20.85582725    300.00000000      1.00676863      0.00346744     -7.60342994     -0.01220886     -7.61563879      0.09329305      0.00043171      0.09329767      0.01554884 md_running
   102     51.00000000     81.51475769     31.30852816     22.00334303    300.00000000      1.00655623      0.00365823     -7.60357457     -0.01255681     -7.61613138      0.09052243      0.00044402      0.09052729      0.01508707 md_running
   103     51.50000000     81.73262446     31.30790448     24.06564503    300.00000000      1.00604766      0.00400110     -7.60387272     -0.01290748     -7.61678020      0.08492232      0.00045642      0.08492746      0.01415372 md_running
   104     52.00000000     81.94507070     31.30726551     26.70371725    300.00000000      1.00542023      0.00443970     -7.60426800     -0.01325993     -7.61752793      0.07689342      0.00046886      0.07689887      0.01281557 md_running
   105     52.50000000     82.15503168     31.30660281     29.46332667    300.00000000      1.00483298      0.00489851     -7.60468414     -0.01361315     -7.61829729      0.06711619      0.00048133      0.06712202      0.01118603 md_running
   106     53.00000000     82.36186073     31.30590936     31.87812506    300.00000000      1.00437045      0.00529999     -7.60504304     -0.01396614     -7.61900918      0.05658558      0.00049378      0.05659185      0.00943093 md_running
   107     53.50000000     82.55155271     31.30518011     33.57038360    300.00000000      1.00405780      0.00558134     -7.60528090     -0.01431785     -7.61959875      0.04673293      0.00050619      0.04673957      0.00778882 md_running
   108     54.00000000     82.75546140     31.30441228     34.32320855    300.00000000      1.00389143      0.00570650     -7.60536144     -0.01466723     -7.62002868      0.03958715      0.00051850      0.03959379      0.00659786 md_running
   109     54.50000000     82.96834889     31.30360548     34.10921204    300.00000000      1.00385855      0.00567092     -7.60527998     -0.01501323     -7.62029320      0.03733219      0.00053070      0.03733792      0.00622203 md_running
   110     55.00000000     83.18161360     31.30276159     33.07178464    300.00000000      1.00394449      0.00549844     -7.60506082     -0.01535476     -7.62041558      0.04042838      0.00054274      0.04043254      0.00673806 md_running
   111     55.50000000     83.45332286     31.30188449     31.46871489    300.00000000      1.00413326      0.00523192     -7.60474734     -0.01569078     -7.62043812      0.04702003      0.00055460      0.04702273      0.00783667 md_running
   112     56.00000000     83.66811510     31.30097970     29.59941294    300.00000000      1.00440477      0.00492113     -7.60438989     -0.01602024     -7.62041013      0.05492131      0.00056624      0.05492302      0.00915355 md_running
   113     56.50000000     83.87658016     31.30005389     27.73558362    300.00000000      1.00473182      0.00461126     -7.60403404     -0.01634210     -7.62037614      0.06273795      0.00057761      0.06273907      0.01045633 md_running
   114     57.00000000     84.09270703     31.29911448     26.07152003    300.00000000      1.00508056      0.00433459     -7.60371205     -0.01665535     -7.62036741      0.06973555      0.00058870      0.06973638      0.01162259 md_running
   115     57.50000000     84.30594523     31.29816911     24.70416346    300.00000000      1.00541626      0.00410726     -7.60343998     -0.01695902     -7.62039900      0.07555814      0.00059946      0.07555887      0.01259302 md_running
   116     58.00000000     84.51251888     31.29722512     23.64419512    300.00000000      1.00571261      0.00393103     -7.60321914     -0.01725216     -7.62047129      0.08005310      0.00060986      0.08005391      0.01334218 md_running
   117     58.50000000     84.71849297     31.29628909     22.85104670    300.00000000      1.00595779      0.00379916     -7.60304239     -0.01753386     -7.62057625      0.08317712      0.00061986      0.08317812      0.01386285 md_running
   118     59.00000000     84.93338866     31.29536614     22.27825896    300.00000000      1.00615136      0.00370393     -7.60290165     -0.01780326     -7.62070490      0.08494441      0.00062943      0.08494570      0.01415740 md_running
   119     59.50000000     85.13578057     31.29445938     21.91306983    300.00000000      1.00629327      0.00364322     -7.60279471     -0.01805954     -7.62085425      0.08539241      0.00063855      0.08539407      0.01423207 md_running
   120     60.00000000     85.35230220     31.29356936     21.79596643    300.00000000      1.00637222      0.00362375     -7.60272805     -0.01830194     -7.62102999      0.08457673      0.00064717      0.08457882      0.01409612 md_running
   121     60.50000000     85.61884555     31.29269371     22.01259521    300.00000000      1.00636251      0.00365977     -7.60271636     -0.01852973     -7.62124609      0.08258141      0.00065527      0.08258398      0.01376357 md_running
   122     61.00000000     85.83309730     31.29182705     22.65979776    300.00000000      1.00623463      0.00376737     -7.60277621     -0.01874224     -7.62151846      0.07955203      0.00066282      0.07955510      0.01325867 md_running
   123     61.50000000     86.04807399     31.29096123     23.79738450    300.00000000      1.00597667      0.00395650     -7.60291804     -0.01893886     -7.62185690      0.07574480      0.00066979      0.07574838      0.01262413 md_running
   124     62.00000000     86.26100850     31.29008595     25.40341007    300.00000000      1.00561109      0.00422352     -7.60313877     -0.01911901     -7.62225778      0.07158057      0.00067617      0.07158464      0.01193010 md_running
   125     62.50000000     86.48060195     31.28918963     27.35118670    300.00000000      1.00519113      0.00454735     -7.60341736     -0.01928219     -7.62269955      0.06768533      0.00068194      0.06768981      0.01128089 md_running
   126     63.00000000     86.69447625     31.28826065     29.42009863    300.00000000      1.00477894      0.00489132     -7.60371700     -0.01942794     -7.62314494      0.06486229      0.00068707      0.06486702      0.01081038 md_running
   127     63.50000000     86.90208115     31.28728841     31.34102559    300.00000000      1.00442398      0.00521069     -7.60399227     -0.01955586     -7.62354812      0.06391803      0.00069155      0.06392277      0.01065300 md_running
   128     64.00000000     87.10825294     31.28626448     32.86620465    300.00000000      1.00415424      0.00546426     -7.60420133     -0.01966562     -7.62386695      0.06529667      0.00069539      0.06530117      0.01088278 md_running
   129     64.50000000     87.31432937     31.28518334     33.84131189    300.00000000      1.00397791      0.00562638     -7.60431799     -0.01975695     -7.62407493      0.06876760      0.00069856      0.06877170      0.01146127 md_running
   130     65.00000000     87.52362617     31.28404280     34.25467410    300.00000000      1.00388838      0.00569511     -7.60433997     -0.01982965     -7.62416962      0.07350220      0.00070107      0.07350585      0.01225037 md_running
   131     65.50000000     87.78667813     31.28284406     34.24762524    300.00000000      1.00386734      0.00569394     -7.60429100     -0.01988360     -7.62417460      0.07839395      0.00070292      0.07839720      0.01306566 md_running
   132     66.00000000     87.98968632     31.28159150     34.08065534    300.00000000      1.00388560      0.00566617     -7.60421490     -0.01991877     -7.62413366      0.08236392      0.00070411      0.08236689      0.01372732 md_running
   133     66.50000000     88.19588204     31.28029227     34.06275713    300.00000000      1.00390491      0.00566320     -7.60416391     -0.01993518     -7.62409909      0.08454227      0.00070465      0.08454511      0.01409038 md_running
   134     67.00000000     88.40742399     31.27895574     34.46316668    300.00000000      1.00388570      0.00572977     -7.60418336     -0.01993298     -7.62411635      0.08434107      0.00070454      0.08434393      0.01405685 md_running
   135     67.50000000     88.61983964     31.27759297     35.43062782    300.00000000      1.00380136      0.00589062     -7.60429875     -0.01991239     -7.62421114      0.08149646      0.00070379      0.08149952      0.01358274 md_running
   136     68.00000000     88.83110925     31.27621610     36.94310636    300.00000000      1.00365121      0.00614208     -7.60450666     -0.01987371     -7.62438037      0.07608381      0.00070241      0.07608728      0.01268063 md_running
   137     68.50000000     89.03768064     31.27483772     38.80200135    300.00000000      1.00346066      0.00645114     -7.60477377     -0.01981735     -7.62459112      0.06853632      0.00070043      0.06854051      0.01142272 md_running
   138     69.00000000     89.24342583     31.27347021     40.67273373    300.00000000      1.00326791      0.00676216     -7.60504397     -0.01974379     -7.62478777      0.05969593      0.00069785      0.05970121      0.00994932 md_running
   139     69.50000000     89.45448773     31.27212494     42.16105866    300.00000000      1.00310881      0.00700961     -7.60525092     -0.01965363     -7.62490455      0.05093232      0.00069469      0.05093915      0.00848872 md_running
   140     70.00000000     89.67258891     31.27081151     42.90558687    300.00000000      1.00300941      0.00713339     -7.60533358     -0.01954751     -7.62488109      0.04432220      0.00069097      0.04433084      0.00738703 md_running
   141     70.50000000     89.93044670     31.26953695     42.66301534    300.00000000      1.00298634      0.00709306     -7.60525079     -0.01942620     -7.62467698      0.04227468      0.00068672      0.04228457      0.00704578 md_running
   142     71.00000000     90.13839199     31.26830491     41.36647844    300.00000000      1.00305024      0.00687750     -7.60499123     -0.01929050     -7.62428173      0.04579831      0.00068196      0.04580813      0.00763305 md_running
   143     71.50000000     90.35125458     31.26711508     39.14231821    300.00000000      1.00320827      0.00650772     -7.60457589     -0.01914132     -7.62371721      0.05340233      0.00067671      0.05341124      0.00890039 md_running
   144     72.00000000     90.55872417     31.26596273     36.28195916    300.00000000      1.00346392      0.00603216     -7.60405365     -0.01897961     -7.62303326      0.06282851      0.00067101      0.06283635      0.01047142 md_running
   145     72.50000000     90.77519128     31.26483877     33.17980830    300.00000000      1.00381269      0.00551640     -7.60349072     -0.01880639     -7.62229711      0.07240736      0.00066489      0.07241426      0.01206789 md_running
   146     73.00000000     90.98753738     31.26373010     30.25206464    300.00000000      1.00423325      0.00502964     -7.60295693     -0.01862273     -7.62157965      0.08111400      0.00065839      0.08112008      0.01351900 md_running
   147     73.50000000     91.20653082     31.26262060     27.85551340    300.00000000      1.00467765      0.00463120     -7.60251207     -0.01842975     -7.62094182      0.08833842      0.00065155      0.08834379      0.01472307 md_running
   148     74.00000000     91.42088681     31.26149246     26.22579039    300.00000000      1.00507081      0.00436024     -7.60219533     -0.01822862     -7.62042395      0.09373218      0.00064440      0.09373690      0.01562203 md_running
   149     74.50000000     91.63246981     31.26032777     25.44942983    300.00000000      1.00533211      0.00423117     -7.60202109     -0.01802055     -7.62004164      0.09711914      0.00063699      0.09712326      0.01618652 md_running
   150     75.00000000     91.84041484     31.25911022     25.47417217    300.00000000      1.00541397      0.00423528     -7.60198018     -0.01780678     -7.61978697      0.09844881      0.00062937      0.09845236      0.01640813 md_running
   151     75.50000000     92.10680407     31.25782656     26.15084401    300.00000000      1.00532582      0.00434778     -7.60204764     -0.01758859     -7.61963623      0.09775823      0.00062159      0.09776123      0.01629304 md_running
   152     76.00000000     92.32037103     31.25646761     27.29106213    300.00000000      1.00511984      0.00453735     -7.60219158     -0.01736729     -7.61955887      0.09514103      0.00061370      0.09514349      0.01585684 md_running
   153     76.50000000     92.53395721     31.25502886     28.72051833    300.00000000      1.00485621      0.00477501     -7.60238323     -0.01714422     -7.61952745      0.09071772      0.00060575      0.09071965      0.01511962 md_running
   154     77.00000000     92.74146599     31.25351055     30.31102268    300.00000000      1.00457891      0.00503944     -7.60260117     -0.01692073     -7.61952191      0.08463464      0.00059779      0.08463606      0.01410577 md_running
   155     77.50000000     92.95440344     31.25191743     31.98400423    300.00000000      1.00431128      0.00531759     -7.60283289     -0.01669823     -7.61953112      0.07707131      0.00058988      0.07707224      0.01284522 md_running
   156     78.00000000     93.16284881     31.25025826     33.68868543    300.00000000      1.00406278      0.00560101     -7.60307034     -0.01647811     -7.61954845      0.06828511      0.00058206      0.06828557      0.01138085 md_running
   157     78.50000000     93.37418215     31.24854509     35.36730933    300.00000000      1.00383772      0.00588009     -7.60330420     -0.01626180     -7.61956600      0.05869456      0.00057439      0.05869458      0.00978243 md_running
   158     79.00000000     93.58015107     31.24679255     36.92406869    300.00000000      1.00364116      0.00613891     -7.60351882     -0.01605072     -7.61956954      0.04906219      0.00056691      0.04906179      0.00817703 md_running
   159     79.50000000     93.79145688     31.24501689     38.21169053    300.00000000      1.00348116      0.00635299     -7.60368976     -0.01584631     -7.61953607      0.04082573      0.00055969      0.04082499      0.00680429 md_running
   160     80.00000000     94.00418755     31.24323505     39.04254393    300.00000000      1.00336839      0.00649113     -7.60378530     -0.01564999     -7.61943529      0.03641361      0.00055277      0.03641274      0.00606894 md_running
   161     80.50000000     94.27069088     31.24146350     39.22371157    300.00000000      1.00331506      0.00652125     -7.60377290     -0.01546319     -7.61923609      0.03814691      0.00054619      0.03814624      0.00635782 md_running
   162     81.00000000     94.47689204     31.23971705     38.60818197    300.00000000      1.00333405      0.00641891     -7.60362754     -0.01528729     -7.61891483      0.04557492      0.00054000      0.04557462      0.00759582 md_running
   163     81.50000000     94.68810659     31.23800759     37.14891897    300.00000000      1.00343858      0.00617630     -7.60334073     -0.01512368     -7.61846441      0.05609271      0.00053426      0.05609274      0.00934879 md_running
   164     82.00000000     94.90520768     31.23634278     34.93709625    300.00000000      1.00364134      0.00580856     -7.60292757     -0.01497370     -7.61790127      0.06741620      0.00052899      0.06741645      0.01123603 md_running
   165     82.50000000     95.11336276     31.23472495     32.20975339    300.00000000      1.00395169      0.00535512     -7.60242736     -0.01483862     -7.61726599      0.07807576      0.00052426      0.07807615      0.01301263 md_running
   166     83.00000000     95.32482313     31.23315041     29.32239083    300.00000000      1.00436792      0.00487508     -7.60189975     -0.01471972     -7.61661947      0.08710087      0.00052009      0.08710133      0.01451681 md_running
   167     83.50000000     95.54337928     31.23160919     26.68888284    300.00000000      1.00486187      0.00443724     -7.60141412     -0.01461817     -7.61603230      0.09384432      0.00051652      0.09384478      0.01564072 md_running
   168     84.00000000     95.75135607     31.23008562     24.69996309    300.00000000      1.00535995      0.00410656     -7.60103589     -0.01453511     -7.61557100      0.09791155      0.00051360      0.09791193      0.01631859 md_running
   169     84.50000000     95.96674851     31.22855949     23.63839832    300.00000000      1.00574158      0.00393007     -7.60081263     -0.01447159     -7.61528422      0.09915739      0.00051136      0.09915763      0.01652623 md_running
   170     85.00000000     96.17048934     31.22700806     23.61237224    300.00000000      1.00588696      0.00392574     -7.60076264     -0.01442860     -7.61519124      0.09768900      0.00050983      0.09768900      0.01628150 md_running
   171     85.50000000     96.43021789     31.22540841     24.52702664    300.00000000      1.00575923      0.00407781     -7.60087004     -0.01440703     -7.61527707      0.09387016      0.00050905      0.09386982      0.01564503 md_running
   172     86.00000000     96.64002844     31.22373974     26.10573226    300.00000000      1.00543446      0.00434028     -7.60108874     -0.01440771     -7.61549645      0.08831533      0.00050906      0.08831453      0.01471922 md_running
   173     86.50000000     96.85610732     31.22198540     27.95835731    300.00000000      1.00504116      0.00464830     -7.60135329     -0.01443135     -7.61578464      0.08186845      0.00050986      0.08186707      0.01364474 md_running
   174     87.00000000     97.06938385     31.22013418     29.67850160    300.00000000      1.00468516      0.00493428     -7.60159556     -0.01447860     -7.61607416      0.07555490      0.00051150      0.07555281      0.01259248 md_running
   175     87.50000000     97.28084506     31.21818097     30.94286897    300.00000000      1.00442301      0.00514449     -7.60176083     -0.01455000     -7.61631083      0.07045449      0.00051399      0.07045160      0.01174241 md_running
   176     88.00000000     97.49175773     31.21612687     31.58252374    300.00000000      1.00427157      0.00525084     -7.60182102     -0.01464599     -7.61646702      0.06740995      0.00051736      0.06740633      0.01123499 md_running
   177     88.50000000     97.70615624     31.21397881     31.60714523    300.00000000      1.00422437      0.00525493     -7.60177765     -0.01476692     -7.61654457      0.06678204      0.00052161      0.06677785      0.01113034 md_running
   178     89.00000000     97.91964399     31.21174877     31.18348115    300.00000000      1.00426078      0.00518450     -7.60165899     -0.01491305     -7.61657204      0.06831269      0.00052676      0.06830820      0.01138545 md_running
   179     89.50000000     98.12929921     31.20945287     30.57840836    300.00000000      1.00434848      0.00508390     -7.60150992     -0.01508451     -7.61659444      0.07127581      0.00053282      0.07127125      0.01187930 md_running
   180     90.00000000     98.33673753     31.20711035     30.08343473    300.00000000      1.00444486      0.00500161     -7.60137952     -0.01528138     -7.61666090      0.07481276      0.00053979      0.07480834      0.01246879 md_running
   181     90.50000000     98.59102405     31.20474249     29.94143672    300.00000000      1.00450364      0.00497800     -7.60130859     -0.01550359     -7.61681218      0.07818655      0.00054767      0.07818239      0.01303109 md_running
   182     91.00000000     98.80360831     31.20237151     30.29350407    300.00000000      1.00448873      0.00503653     -7.60132073     -0.01575100     -7.61707172      0.08087158      0.00055646      0.08086778      0.01347860 md_running
   183     91.50000000     99.02298933     31.20001941     31.15633376    300.00000000      1.00438860      0.00517998     -7.60141886     -0.01602336     -7.61744222      0.08255431      0.00056615      0.08255096      0.01375905 md_running
   184     92.00000000     99.24217251     31.19770657     32.43236934    300.00000000      1.00421984      0.00539213     -7.60158654     -0.01632032     -7.61790686      0.08309443      0.00057672      0.08309160      0.01384907 md_running
   185     92.50000000     99.45577790     31.19545033     33.94679906    300.00000000      1.00401617      0.00564392     -7.60179430     -0.01664144     -7.61843574      0.08248132      0.00058815      0.08247911      0.01374689 md_running
   186     93.00000000     99.66161624     31.19326344     35.49972939    300.00000000      1.00381211      0.00590211     -7.60200847     -0.01698616     -7.61899463      0.08080943      0.00060043      0.08080794      0.01346824 md_running
   187     93.50000000     99.86892904     31.19115271     36.91872178    300.00000000      1.00363216      0.00613803     -7.60220011     -0.01735385     -7.61955397      0.07825591      0.00061353      0.07825525      0.01304265 md_running
   188     94.00000000    100.08636729     31.18911808     38.09762039    300.00000000      1.00348789      0.00633403     -7.60235137     -0.01774376     -7.62009512      0.07507532      0.00062741      0.07507558      0.01251255 md_running
   189     94.50000000    100.29275123     31.18715227     39.01101915    300.00000000      1.00338003      0.00648589     -7.60245813     -0.01815504     -7.62061317      0.07159770      0.00064205      0.07159899      0.01193295 md_running
   190     95.00000000    100.49738037     31.18524110     39.69972197    300.00000000      1.00330224      0.00660039     -7.60252745     -0.01858674     -7.62111419      0.06824912      0.00065741      0.06825152      0.01137485 md_running
   191     95.50000000    100.76372236     31.18336475     40.23219826    300.00000000      1.00324530      0.00668892     -7.60257121     -0.01903784     -7.62160905      0.06556464      0.00067344      0.06556815      0.01092744 md_running
   192     96.00000000    100.97472905     31.18149967     40.65592760    300.00000000      1.00320134      0.00675937     -7.60259756     -0.01950719     -7.62210475      0.06417933      0.00069011      0.06418385      0.01069655 md_running
   193     96.50000000    101.18824529     31.17962099     40.95792705    300.00000000      1.00316745      0.00680958     -7.60260456     -0.01999357     -7.62259813      0.06473903      0.00070738      0.06474432      0.01078984 md_running
   194     97.00000000    101.40423580     31.17770511     41.05335691    300.00000000      1.00314755      0.00682544     -7.60257780     -0.02049565     -7.62307345      0.06770034      0.00072519      0.06770602      0.01128339 md_running
   195     97.50000000    101.61917490     31.17573211     40.81217717    300.00000000      1.00315147      0.00678534     -7.60249510     -0.02101201     -7.62350711      0.07312188      0.00074349      0.07312761      0.01218698 md_running
   196     98.00000000    101.83177207     31.17368753     40.12010473    300.00000000      1.00319173      0.00667028     -7.60233627     -0.02154118     -7.62387744      0.08056633      0.00076225      0.08057185      0.01342772 md_running
   197     98.50000000    102.05107560     31.17156346     38.95345185    300.00000000      1.00327868      0.00647632     -7.60209707     -0.02208157     -7.62417864      0.08915691      0.00078140      0.08916210      0.01485948 md_running
   198     99.00000000    102.26554596     31.16935893     37.43358777    300.00000000      1.00341472      0.00622363     -7.60179741     -0.02263155     -7.62442896      0.09783334      0.00080090      0.09783821      0.01630556 md_running
   199     99.50000000    102.47764558     31.16707966     35.83739125    300.00000000      1.00358782      0.00595825     -7.60148338     -0.02318942     -7.62467279      0.10551394      0.00082068      0.10551853      0.01758566 md_running
   200    100.00000000    102.68500202     31.16473737     34.55680753    300.00000000      1.00376433      0.00574534     -7.60122098     -0.02375344     -7.62497441      0.11121998      0.00084070      0.11122441      0.01853666 md_running
   201    100.50000000    102.94945117     31.16234879     34.01412912    300.00000000      1.00388768      0.00565511     -7.60108140     -0.02432181     -7.62540321      0.11415887      0.00086088      0.11416325      0.01902648 md_running
   202    101.00000000    103.15565819     31.15993455     34.55616079    300.00000000      1.00389462      0.00574523     -7.60112312     -0.02489273     -7.62601585      0.11379564      0.00088119      0.11380012      0.01896594 md_running
   203    101.50000000    103.36647934     31.15751797     36.35792946    300.00000000      1.00375045      0.00604479     -7.60137631     -0.02546434     -7.62684066      0.10989400      0.00090154      0.10989874      0.01831567 md_running
   204    102.00000000    103.57880529     31.15512360     39.36352013    300.00000000      1.00347599      0.00654449     -7.60183197     -0.02603481     -7.62786678      0.10253398      0.00092188      0.10253921      0.01708900 md_running
   205    102.50000000    103.78641894     31.15277547     43.28048926    300.00000000      1.00313527      0.00719572     -7.60244158     -0.02660228     -7.62904386      0.09209877      0.00094214      0.09210480      0.01534979 md_running
   206    103.00000000    104.00271535     31.15049512     47.62869888    300.00000000      1.00279683      0.00791864     -7.60312476     -0.02716490     -7.63028965      0.07925531      0.00096225      0.07926263      0.01320922 md_running
   207    103.50000000    104.21715446     31.14829959     51.83048754    300.00000000      1.00250690      0.00861722     -7.60378467     -0.02772084     -7.63150551      0.06497248      0.00098215      0.06498185      0.01082875 md_running
   208    104.00000000    104.42960551     31.14619938     55.32058195    300.00000000      1.00228653      0.00919748     -7.60432616     -0.02826831     -7.63259447      0.05069639      0.00100177      0.05070900      0.00844940 md_running
   209    104.50000000    104.64121343     31.14419684     57.65275232    300.00000000      1.00214042      0.00958522     -7.60467408     -0.02880551     -7.63347959      0.03891537      0.00102103      0.03893263      0.00648589 md_running
   210    105.00000000    104.84766407     31.14228508     58.58221930    300.00000000      1.00206568      0.00973975     -7.60478711     -0.02933070     -7.63411781      0.03374232      0.00103987      0.03376313      0.00562372 md_running
   211    105.50000000    105.10976428     31.14044756     58.10403405    300.00000000      1.00205677      0.00966025     -7.60466415     -0.02984217     -7.63450632      0.03774223      0.00105823      0.03776152      0.00629037 md_running
   212    106.00000000    105.32531664     31.13865881     56.44105428    300.00000000      1.00210705      0.00938377     -7.60434265     -0.03033824     -7.63468089      0.04768478      0.00107603      0.04770043      0.00794746 md_running
   213    106.50000000    105.54009537     31.13688592     53.98684940    300.00000000      1.00220797      0.00897574     -7.60388861     -0.03081728     -7.63470589      0.05939648      0.00109322      0.05940917      0.00989941 md_running
   214    107.00000000    105.73771917     31.13509125     51.21353129    300.00000000      1.00234696      0.00851465     -7.60338145     -0.03127770     -7.63465915      0.07067091      0.00110973      0.07068149      0.01177848 md_running
   215    107.50000000    105.94277569     31.13323568     48.56547548    300.00000000      1.00250594      0.00807439     -7.60289564     -0.03171798     -7.63461362      0.08049033      0.00112551      0.08049938      0.01341506 md_running
   216    108.00000000    106.15916025     31.13128222     46.36749871    300.00000000      1.00266246      0.00770896     -7.60248578     -0.03213662     -7.63462239      0.08839585      0.00114050      0.08840372      0.01473264 md_running
   217    108.50000000    106.36793903     31.12919931     44.77422021    300.00000000      1.00279505      0.00744406     -7.60217748     -0.03253220     -7.63470968      0.09425019      0.00115466      0.09425710      0.01570836 md_running
   218    109.00000000    106.57941228     31.12696358     43.77422055    300.00000000      1.00289051      0.00727781     -7.60196827     -0.03290336     -7.63487162      0.09810464      0.00116793      0.09811075      0.01635077 md_running
   219    109.50000000    106.79740192     31.12456152     43.24268344    300.00000000      1.00294789      0.00718943     -7.60183670     -0.03324881     -7.63508552      0.10011901      0.00118029      0.10012445      0.01668650 md_running
   220    110.00000000    107.01118424     31.12199019     43.01877021    300.00000000      1.00297576      0.00715221     -7.60175551     -0.03356737     -7.63532287      0.10049478      0.00119170      0.10049967      0.01674913 md_running
   221    110.50000000    107.27704664     31.11925688     42.97687587    300.00000000      1.00298512      0.00714524     -7.60170334     -0.03385791     -7.63556125      0.09942989      0.00120211      0.09943439      0.01657165 md_running
   222    111.00000000    107.48448495     31.11637812     43.06706278    300.00000000      1.00298306      0.00716024     -7.60167208     -0.03411944     -7.63579151      0.09710169      0.00121151      0.09710597      0.01618361 md_running
   223    111.50000000    107.69032391     31.11337810     43.31471260    300.00000000      1.00297028      0.00720141     -7.60166636     -0.03435106     -7.63601742      0.09368294      0.00121986      0.09368725      0.01561382 md_running
   224    112.00000000    107.89623485     31.11028688     43.78544660    300.00000000      1.00294272      0.00727967     -7.60169774     -0.03455202     -7.63624976      0.08939088      0.00122715      0.08939552      0.01489848 md_running
   225    112.50000000    108.10858771     31.10713834     44.53355723    300.00000000      1.00289567      0.00740405     -7.60177595     -0.03472168     -7.63649763      0.08455896      0.00123335      0.08456429      0.01409316 md_running
   226    113.00000000    108.30675400     31.10396809     45.55459177    300.00000000      1.00282832      0.00757381     -7.60190051     -0.03485953     -7.63676004      0.07968908      0.00123844      0.07969550      0.01328151 md_running
   227    113.50000000    108.51792670     31.10081122     46.75855917    300.00000000      1.00274625      0.00777398     -7.60205662     -0.03496524     -7.63702186      0.07548377      0.00124241      0.07549170      0.01258063 md_running
   228    114.00000000    108.73128028     31.09770003     47.97356820    300.00000000      1.00266075      0.00797598     -7.60221536     -0.03503858     -7.63725395      0.07279027      0.00124526      0.07280000      0.01213171 md_running
   229    114.50000000    108.94995761     31.09466163     48.98008324    300.00000000      1.00258558      0.00814332     -7.60233991     -0.03507950     -7.63741941      0.07238567      0.00124696      0.07239722      0.01206428 md_running
   230    115.00000000    109.15689991     31.09171573     49.56842341    300.00000000      1.00253347      0.00824114     -7.60239462     -0.03508808     -7.63748270      0.07462562      0.00124752      0.07463872      0.01243760 md_running
   231    115.50000000    109.41548791     31.08887276     49.60708403    300.00000000      1.00251336      0.00824756     -7.60235687     -0.03506452     -7.63742140      0.07913113      0.00124693      0.07914534      0.01318852 md_running
   232    116.00000000    109.62698676     31.08613241     49.09821645    300.00000000      1.00252840      0.00816296     -7.60222676     -0.03500921     -7.63723597      0.08493991      0.00124520      0.08495486      0.01415665 md_running
   233    116.50000000    109.83395154     31.08348321     48.20141494    300.00000000      1.00257466      0.00801386     -7.60203056     -0.03492263     -7.63695319      0.09085615      0.00124234      0.09087163      0.01514269 md_running
   234    117.00000000    110.03413720     31.08090304     47.21693192    300.00000000      1.00263938      0.00785018     -7.60181885     -0.03480541     -7.63662426      0.09572969      0.00123836      0.09574561      0.01595495 md_running
   235    117.50000000    110.24404521     31.07836082     46.52397830    300.00000000      1.00270043      0.00773497     -7.60165534     -0.03465828     -7.63631362      0.09862542      0.00123328      0.09864183      0.01643757 md_running
   236    118.00000000    110.45052707     31.07581941     46.48394355    300.00000000      1.00272979      0.00772832     -7.60160111     -0.03448210     -7.63608321      0.09891802      0.00122713      0.09893503      0.01648634 md_running
   237    118.50000000    110.64558490     31.07323929     47.33305833    300.00000000      1.00270376      0.00786949     -7.60169643     -0.03427784     -7.63597428      0.09635421      0.00121995      0.09637201      0.01605904 md_running
   238    119.00000000    110.86230813     31.07058272     49.09720859    300.00000000      1.00261562      0.00816279     -7.60194619     -0.03404657     -7.63599276      0.09110305      0.00121176      0.09112186      0.01518384 md_running
   239    119.50000000    111.08070701     31.06781772     51.55973289    300.00000000      1.00248087      0.00857221     -7.60231408     -0.03378944     -7.63610352      0.08381203      0.00120262      0.08383210      0.01396867 md_running
   240    120.00000000    111.29522820     31.06492142     54.29904734    300.00000000      1.00232933      0.00902764     -7.60272923     -0.03350772     -7.63623695      0.07565986      0.00119257      0.07568132      0.01260998 md_running
   241    120.50000000    111.55755481     31.06188218     56.78927790    300.00000000      1.00219142      0.00944166     -7.60310309     -0.03320278     -7.63630586      0.06838167      0.00118167      0.06840427      0.01139695 md_running
   242    121.00000000    111.76239332     31.05870045     58.53433555    300.00000000      1.00208918      0.00973179     -7.60335183     -0.03287606     -7.63622789      0.06405877      0.00116998      0.06408144      0.01067646 md_running
   243    121.50000000    111.96810491     31.05538848     59.19457863    300.00000000      1.00203467      0.00984156     -7.60341801     -0.03252912     -7.63594713      0.06429448      0.00115756      0.06431551      0.01071575 md_running
   244    122.00000000    112.18157831     31.05196898     58.66995363    300.00000000      1.00203206      0.00975434     -7.60328482     -0.03216360     -7.63544842      0.06909668      0.00114448      0.06911479      0.01151611 md_running
   245    122.50000000    112.38809697     31.04847316     57.11712185    300.00000000      1.00207958      0.00949617     -7.60297856     -0.03178125     -7.63475981      0.07697355      0.00113081      0.07698857      0.01282893 md_running
   246    123.00000000    112.59550967     31.04493825     54.90367575    300.00000000      1.00216996      0.00912816     -7.60256109     -0.03138391     -7.63394500      0.08609001      0.00111662      0.08610242      0.01434834 md_running
   247    123.50000000    112.80430847     31.04140482     52.52017548    300.00000000      1.00228895      0.00873189     -7.60211501     -0.03097348     -7.63308849      0.09497374      0.00110197      0.09498419      0.01582896 md_running
   248    124.00000000    113.01502418     31.03791405     50.47505374    300.00000000      1.00241392      0.00839187     -7.60172575     -0.03055198     -7.63227773      0.10262183      0.00108695      0.10263089      0.01710364 md_running
   249    124.50000000    113.22841470     31.03450494     49.19581699    300.00000000      1.00251531      0.00817919     -7.60146516     -0.03012150     -7.63158665      0.10839395      0.00107162      0.10840206      0.01806566 md_running
   250    125.00000000    113.44717566     31.03121161     48.95498936    300.00000000      1.00256428      0.00813915     -7.60137883     -0.02968417     -7.63106300      0.11191849      0.00105607      0.11192601      0.01865308 md_running
   251    125.50000000    113.70403444     31.02806065     49.83335240    300.00000000      1.00254431      0.00828518     -7.60148056     -0.02924221     -7.63072277      0.11301728      0.00104036      0.11302449      0.01883621 md_running
   252    126.00000000    113.90901951     31.02506868     51.72350769    300.00000000      1.00245904      0.00859944     -7.60175205     -0.02879786     -7.63054991      0.11166059      0.00102458      0.11166771      0.01861010 md_running
   253    126.50000000    114.11928327     31.02224023     54.36987188    300.00000000      1.00232919      0.00903942     -7.60215057     -0.02835343     -7.63050400      0.10793393      0.00100880      0.10794117      0.01798899 md_running
   254    127.00000000    114.32626387     31.01956639     57.43403499    300.00000000      1.00218136      0.00954886     -7.60261936     -0.02791120     -7.63053056      0.10202972      0.00099310      0.10203725      0.01700495 md_running
   255    127.50000000    114.53247055     31.01702440     60.57012037    300.00000000      1.00203788      0.01007026     -7.60310021     -0.02747351     -7.63057372      0.09423242      0.00097755      0.09424043      0.01570540 md_running
   256    128.00000000    114.74903560     31.01457857     63.49168382    300.00000000      1.00191235      0.01055599     -7.60354508     -0.02704266     -7.63058774      0.08491953      0.00096224      0.08492823      0.01415326 md_running
   257    128.50000000    114.96629604     31.01218250     66.01172599    300.00000000      1.00181027      0.01097496     -7.60392271     -0.02662097     -7.63054367      0.07457557      0.00094724      0.07458516      0.01242926 md_running
   258    129.00000000    115.17338253     31.00978264     68.04385368    300.00000000      1.00173171      0.01131282     -7.60421919     -0.02621070     -7.63042989      0.06387336      0.00093263      0.06388405      0.01064556 md_running
   259    129.50000000    115.38491936     31.00732294     69.56588197    300.00000000      1.00167414      0.01156587     -7.60443099     -0.02581409     -7.63024508      0.05384498      0.00091850      0.05385690      0.00897416 md_running
   260    130.00000000    115.59317877     31.00474986     70.56164693    300.00000000      1.00163496      0.01173142     -7.60455626     -0.02543332     -7.62998958      0.04622144      0.00090492      0.04623423      0.00770357 md_running
   261    130.50000000    115.85601543     31.00201741     70.96949846    300.00000000      1.00161326      0.01179923     -7.60458459     -0.02507052     -7.62965511      0.04349697      0.00089196      0.04350918      0.00724950 md_running
   262    131.00000000    116.04701244     30.99909121     70.66602650    300.00000000      1.00161082      0.01174878     -7.60449497     -0.02472776     -7.62922273      0.04736637      0.00087971      0.04737616      0.00789439 md_running
   263    131.50000000    116.26255986     30.99595128     69.50041900    300.00000000      1.00163198      0.01155499     -7.60426151     -0.02440700     -7.62866852      0.05678105      0.00086824      0.05678794      0.00946351 md_running
   264    132.00000000    116.48256654     30.99259322     67.37069615    300.00000000      1.00168275      0.01120090     -7.60386611     -0.02411017     -7.62797628      0.06916974      0.00085762      0.06917431      0.01152829 md_running
   265    132.50000000    116.69764585     30.98902771     64.30608581    300.00000000      1.00176919      0.01069139     -7.60331305     -0.02383908     -7.62715214      0.08232569      0.00084793      0.08232861      0.01372095 md_running
   266    133.00000000    116.91297243     30.98527889     60.51874790    300.00000000      1.00189543      0.01006171     -7.60263750     -0.02359547     -7.62623296      0.09464633      0.00083921      0.09464809      0.01577439 md_running
   267    133.50000000    117.12762590     30.98138168     56.40071534    300.00000000      1.00206068      0.00937706     -7.60190511     -0.02338095     -7.62528606      0.10495683      0.00083155      0.10495776      0.01749281 md_running
   268    134.00000000    117.33747895     30.97737878     52.46114390    300.00000000      1.00225496      0.00872207     -7.60120158     -0.02319707     -7.62439865      0.11241930      0.00082499      0.11241959      0.01873655 md_running
   269    134.50000000    117.55175722     30.97331737     49.22222425    300.00000000      1.00245483      0.00818358     -7.60061483     -0.02304526     -7.62366009      0.11652919      0.00081959      0.11652900      0.01942153 md_running
   270    135.00000000    117.74057619     30.96924589     47.10491359    300.00000000      1.00262361      0.00783156     -7.60021591     -0.02292682     -7.62314274      0.11713277      0.00081540      0.11713217      0.01952213 md_running
   271    135.50000000    117.99920691     30.96521093     46.33667397    300.00000000      1.00272190      0.00770383     -7.60004315     -0.02284296     -7.62288610      0.11442530      0.00081245      0.11442436      0.01907088 md_running
   272    136.00000000    118.21273469     30.96125435     46.90340226    300.00000000      1.00272718      0.00779806     -7.60009432     -0.02279474     -7.62288906      0.10892900      0.00081080      0.10892776      0.01815483 md_running
   273    136.50000000    118.42542333     30.95741045     48.55429625    300.00000000      1.00264764      0.00807253     -7.60032765     -0.02278312     -7.62311078      0.10145306      0.00081046      0.10145154      0.01690884 md_running
   274    137.00000000    118.61418118     30.95370334     50.85584188    300.00000000      1.00251666      0.00845518     -7.60067040     -0.02280890     -7.62347930      0.09305010      0.00081146      0.09304837      0.01550835 md_running
   275    137.50000000    118.80953279     30.95014473     53.28177353    300.00000000      1.00237420      0.00885851     -7.60103438     -0.02287276     -7.62390714      0.08496462      0.00081384      0.08496275      0.01416077 md_running
   276    138.00000000    119.01764750     30.94673244     55.32167650    300.00000000      1.00225184      0.00919766     -7.60133355     -0.02297522     -7.62430877      0.07853293      0.00081759      0.07853104      0.01308882 md_running
   277    138.50000000    119.23059083     30.94344996     56.58734278    300.00000000      1.00216820      0.00940809     -7.60150262     -0.02311666     -7.62461928      0.07487355      0.00082274      0.07487180      0.01247892 md_running
   278    139.00000000    119.43911447     30.94026725     56.89273637    300.00000000      1.00213083      0.00945886     -7.60151007     -0.02329730     -7.62480738      0.07447547      0.00082928      0.07447401      0.01241258 md_running
   279    139.50000000    119.65169839     30.93714302     56.29214426    300.00000000      1.00213918      0.00935901     -7.60136477     -0.02351723     -7.62488200      0.07697513      0.00083722      0.07697405      0.01282919 md_running
   280    140.00000000    119.86901530     30.93402816     55.06515155    300.00000000      1.00218569      0.00915501     -7.60111360     -0.02377634     -7.62488994      0.08132569      0.00084654      0.08132498      0.01355428 md_running
   281    140.50000000    120.12839515     30.93087046     53.64299681    300.00000000      1.00225545      0.00891857     -7.60082942     -0.02407439     -7.62490380      0.08627333      0.00085725      0.08627294      0.01437889 md_running
   282    141.00000000    120.33245214     30.92761989     52.49023680    300.00000000      1.00232663      0.00872691     -7.60059052     -0.02441095     -7.62500147      0.09073936      0.00086932      0.09073922      0.01512323 md_running
   283    141.50000000    120.54430844     30.92423392     51.97379896    300.00000000      1.00237475      0.00864105     -7.60045892     -0.02478544     -7.62524436      0.09399578      0.00088272      0.09399581      0.01566596 md_running
   284    142.00000000    120.75703496     30.92068224     52.26262341    300.00000000      1.00238158      0.00868907     -7.60046324     -0.02519711     -7.62566035      0.09567265      0.00089744      0.09567280      0.01594544 md_running
   285    142.50000000    120.96774129     30.91695002     53.29213798    300.00000000      1.00234376      0.00886023     -7.60059230     -0.02564504     -7.62623734      0.09572678      0.00091345      0.09572700      0.01595446 md_running
   286    143.00000000    121.17446037     30.91303949     54.80382885    300.00000000      1.00227365      0.00911156     -7.60080244     -0.02612815     -7.62693059      0.09435287      0.00093070      0.09435313      0.01572548 md_running
   287    143.50000000    121.38517176     30.90896968     56.44062537    300.00000000      1.00219179      0.00938369     -7.60103315     -0.02664519     -7.62767835      0.09188947      0.00094916      0.09188979      0.01531491 md_running
   288    144.00000000    121.59957338     30.90477444     57.85901814    300.00000000      1.00211731      0.00961951     -7.60122661     -0.02719478     -7.62842139      0.08873414      0.00096879      0.08873456      0.01478902 md_running
   289    144.50000000    121.80710655     30.90049944     58.81828091    300.00000000      1.00206267      0.00977900     -7.60134246     -0.02777537     -7.62911784      0.08528422      0.00098952      0.08528482      0.01421404 md_running
   290    145.00000000    122.01741933     30.89619840     59.22205869    300.00000000      1.00203296      0.00984613     -7.60136461     -0.02838530     -7.62974991      0.08192240      0.00101131      0.08192332      0.01365373 md_running
   291    145.50000000    122.28536242     30.89192901     59.10939723    300.00000000      1.00202746      0.00982740     -7.60130024     -0.02902274     -7.63032298      0.07903973      0.00103410      0.07904115      0.01317329 md_running
   292    146.00000000    122.49770776     30.88774890     58.60861696    300.00000000      1.00204178      0.00974414     -7.60117118     -0.02968578     -7.63085696      0.07705032      0.00105782      0.07705245      0.01284172 md_running
   293    146.50000000    122.71330125     30.88371174     57.87534908    300.00000000      1.00206980      0.00962223     -7.60100405     -0.03037239     -7.63137644      0.07639530      0.00108240      0.07639835      0.01273255 md_running
   294    147.00000000    122.92085220     30.87986359     57.03549430    300.00000000      1.00210564      0.00948260     -7.60081991     -0.03108042     -7.63190033      0.07746648      0.00110777      0.07747060      0.01291108 md_running
   295    147.50000000    123.12195493     30.87623969     56.14791861    300.00000000      1.00214540      0.00933503     -7.60062888     -0.03180766     -7.63243654      0.08049026      0.00113384      0.08049551      0.01341504 md_running
   296    148.00000000    123.33541556     30.87286164     55.19526824    300.00000000      1.00218845      0.00917664     -7.60042770     -0.03255180     -7.63297950      0.08543649      0.00116053      0.08544282      0.01423941 md_running
   297    148.50000000    123.54929382     30.86973533     54.10506707    300.00000000      1.00223762      0.00899539     -7.60020399     -0.03331045     -7.63351444      0.09200561      0.00118777      0.09201292      0.01533427 md_running
   298    149.00000000    123.76245930     30.86684956     52.79981746    300.00000000      1.00229806      0.00877838     -7.59994400     -0.03408118     -7.63402519      0.09962630      0.00121545      0.09963445      0.01660438 md_running
   299    149.50000000    123.97416241     30.86417594     51.26244775    300.00000000      1.00237445      0.00852278     -7.59964429     -0.03486151     -7.63450580      0.10749671      0.00124348      0.10750559      0.01791612 md_running
   300    150.00000000    124.18510746     30.86166991     49.59255373    300.00000000      1.00246731      0.00824515     -7.59932097     -0.03564887     -7.63496984      0.11473583      0.00127177      0.11474536      0.01912264 md_running
   301    150.50000000    124.43923588     30.85927333     48.03499803    300.00000000      1.00256879      0.00798619     -7.59901452     -0.03644071     -7.63545523      0.12044774      0.00130021      0.12045787      0.02007462 md_running
   302    151.00000000    124.64597515     30.85691840     46.96295596    300.00000000      1.00265881      0.00780796     -7.59878774     -0.03723440     -7.63602214      0.12379909      0.00132873      0.12380983      0.02063318 md_running
   303    151.50000000    124.86437805     30.85453281     46.80471046    300.00000000      1.00270571      0.00778165     -7.59871272     -0.03802731     -7.63674002      0.12410235      0.00135720      0.12411373      0.02068372 md_running
   304    152.00000000    125.07845674     30.85204572     47.92506181    300.00000000      1.00267685      0.00796792     -7.59885147     -0.03881677     -7.63766824      0.12090308      0.00138554      0.12091519      0.02015051 md_running
   305    152.50000000    125.28131423     30.84939381     50.49375861    300.00000000      1.00255792      0.00839498     -7.59923350     -0.03960012     -7.63883362      0.11404671      0.00141365      0.11405970      0.01900778 md_running
   306    153.00000000    125.48361458     30.84652677     54.38754335    300.00000000      1.00236606      0.00904235     -7.59983881     -0.04037466     -7.64021347      0.10373683      0.00144143      0.10375093      0.01728947 md_running
   307    153.50000000    125.68528603     30.84341136     59.16898180    300.00000000      1.00214164      0.00983731     -7.60059449     -0.04113771     -7.64173220      0.09056967      0.00146879      0.09058522      0.01509494 md_running
   308    154.00000000    125.90061168     30.84003345     64.15990098    300.00000000      1.00192674      0.01066708     -7.60138628     -0.04188659     -7.64327287      0.07558580      0.00149565      0.07560334      0.01259763 md_running
   309    154.50000000    126.11064748     30.83639793     68.59096190    300.00000000      1.00175006      0.01140378     -7.60208477     -0.04261865     -7.64470342      0.06044771      0.00152190      0.06046788      0.01007462 md_running
   310    155.00000000    126.33084562     30.83252682     71.78088555    300.00000000      1.00162512      0.01193413     -7.60257478     -0.04333126     -7.64590604      0.04792693      0.00154746      0.04794983      0.00798782 md_running
   311    155.50000000    126.59139467     30.82845594     73.28909605    300.00000000      1.00155521      0.01218488     -7.60278230     -0.04402186     -7.64680415      0.04214253      0.00157226      0.04216554      0.00702376 md_running
   312    156.00000000    126.79187435     30.82423077     72.99661196    300.00000000      1.00153854      0.01213626     -7.60268728     -0.04468794     -7.64737522      0.04563157      0.00159620      0.04565009      0.00760526 md_running
   313    156.50000000    127.00558260     30.81990206     71.10536938    300.00000000      1.00157117      0.01182182     -7.60232387     -0.04532709     -7.64765096      0.05565546      0.00161921      0.05566860      0.00927591 md_running
   314    157.00000000    127.21520556     30.81552140     68.07091323    300.00000000      1.00164731      0.01131732     -7.60176876     -0.04593699     -7.64770575      0.06801938      0.00164121      0.06802873      0.01133656 md_running
   315    157.50000000    127.42822926     30.81113724     64.49047059    300.00000000      1.00175809      0.01072204     -7.60112226     -0.04651544     -7.64763770      0.08021657      0.00166213      0.08022360      0.01336943 md_running
   316    158.00000000    127.63099871     30.80679123     60.97595958    300.00000000      1.00188969      0.01013773     -7.60048755     -0.04706036     -7.64754791      0.09101459      0.00168189      0.09102029      0.01516910 md_running
   317    158.50000000    127.84266905     30.80251529     58.03913611    300.00000000      1.00202263      0.00964946     -7.59995031     -0.04756982     -7.64752013      0.09982102      0.00170043      0.09982609      0.01663684 md_running
   318    159.00000000    128.04984622     30.79832909     56.00982483    300.00000000      1.00213455      0.00931207     -7.59956582     -0.04804203     -7.64760785      0.10636279      0.00171768      0.10636772      0.01772713 md_running
   319    159.50000000    128.25965157     30.79423843     54.99958442    300.00000000      1.00220686      0.00914411     -7.59935246     -0.04847538     -7.64782784      0.11057433      0.00173358      0.11057950      0.01842905 md_running
   320    160.00000000    128.47800725     30.79023424     54.91539914    300.00000000      1.00223217      0.00913011     -7.59929462     -0.04886841     -7.64816302      0.11252983      0.00174807      0.11253560      0.01875497 md_running
   321    160.50000000    128.74269128     30.78629259     55.51934702    300.00000000      1.00221664      0.00923052     -7.59935167     -0.04921982     -7.64857148      0.11240907      0.00176109      0.11241575      0.01873484 md_running
   322    161.00000000    128.95327466     30.78237586     56.51933333    300.00000000      1.00217510      0.00939678     -7.59947414     -0.04952850     -7.64900264      0.11045860      0.00177261      0.11046650      0.01840977 md_running
   323    161.50000000    129.17052357     30.77843495     57.66612602    300.00000000      1.00212304      0.00958744     -7.59961986     -0.04979352     -7.64941338      0.10695698      0.00178256      0.10696641      0.01782616 md_running
   324    162.00000000    129.37819041     30.77441286     58.82625338    300.00000000      1.00207058      0.00978032     -7.59976623     -0.05001410     -7.64978034      0.10217742      0.00179092      0.10218870      0.01702957 md_running
   325    162.50000000    129.59591763     30.77024933     60.00437960    300.00000000      1.00202055      0.00997620     -7.59991430     -0.05018966     -7.65010396      0.09637951      0.00179766      0.09639297      0.01606325 md_running
   326    163.00000000    129.80130565     30.76588623     61.30397621    300.00000000      1.00197008      0.01019226     -7.60008230     -0.05031975     -7.65040205      0.08982772      0.00180275      0.08984371      0.01497129 md_running
   327    163.50000000    130.00875501     30.76127325     62.83738706    300.00000000      1.00191433      0.01044721     -7.60028958     -0.05040412     -7.65069370      0.08290161      0.00180617      0.08292048      0.01381694 md_running
   328    164.00000000    130.21471764     30.75637315     64.62184755    300.00000000      1.00185107      0.01074389     -7.60054008     -0.05044265     -7.65098273      0.07627033      0.00180793      0.07629234      0.01271172 md_running
   329    164.50000000    130.43096611     30.75116581     66.51101956    300.00000000      1.00178366      0.01105798     -7.60080924     -0.05043540     -7.65124464      0.07102962      0.00180802      0.07105462      0.01183827 md_running
   330    165.00000000    130.65031358     30.74565057     68.19864406    300.00000000      1.00172075      0.01133856     -7.60104563     -0.05038259     -7.65142822      0.06862892      0.00180644      0.06865596      0.01143815 md_running
   331    165.50000000    130.89465341     30.73984644     69.30005970    300.00000000      1.00167343      0.01152168     -7.60118360     -0.05028457     -7.65146817      0.07027151      0.00180322      0.07029885      0.01171192 md_running
   332    166.00000000    131.09772426     30.73379047     69.48419841    300.00000000      1.00165176      0.01155229     -7.60116698     -0.05014190     -7.65130888      0.07599172      0.00179838      0.07601769      0.01266529 md_running
   333    166.50000000    131.30473100     30.72753444     68.60254116    300.00000000      1.00166235      0.01140571     -7.60097020     -0.04995527     -7.65092547      0.08447594      0.00179195      0.08449980      0.01407932 md_running
   334    167.00000000    131.51094596     30.72114067     66.76076727    300.00000000      1.00170706      0.01109950     -7.60061095     -0.04972557     -7.65033652      0.09388158      0.00178396      0.09390342      0.01564693 md_running
   335    167.50000000    131.72250457     30.71467724     64.31078457    300.00000000      1.00178196      0.01069217     -7.60014842     -0.04945387     -7.64960228      0.10249421      0.00177445      0.10251452      0.01708237 md_running
   336    168.00000000    131.93009739     30.70821319     61.76895683    300.00000000      1.00187599      0.01026957     -7.59966997     -0.04914140     -7.64881137      0.10900133      0.00176349      0.10902068      0.01816689 md_running
   337    168.50000000    132.13857425     30.70181413     59.68539262    300.00000000      1.00197033      0.00992316     -7.59926850     -0.04878958     -7.64805809      0.11256336      0.00175111      0.11258234      0.01876056 md_running
   338    169.00000000    132.34041857     30.69553809     58.50332890    300.00000000      1.00204143      0.00972664     -7.59901910     -0.04840004     -7.64741914      0.11282282      0.00173739      0.11284200      0.01880380 md_running
   339    169.50000000    132.54351034     30.68943218     58.44576174    300.00000000      1.00206913      0.00971706     -7.59895951     -0.04797455     -7.64693406      0.10990271      0.00172237      0.10992266      0.01831712 md_running
   340    170.00000000    132.73869635     30.68352964     59.45593343    300.00000000      1.00204670      0.00988501     -7.59908057     -0.04751507     -7.64659563      0.10438929      0.00170614      0.10441057      0.01739821 md_running
   341    170.50000000    132.97051411     30.67784760     61.20371948    300.00000000      1.00198494      0.01017560     -7.59932711     -0.04702372     -7.64635083      0.09731395      0.00168877      0.09733711      0.01621899 md_running
   342    171.00000000    133.17384316     30.67238573     63.15575819    300.00000000      1.00190665      0.01050014     -7.59960933     -0.04650279     -7.64611212      0.09011221      0.00167033      0.09013756      0.01501870 md_running
   343    171.50000000    133.38625744     30.66712572     64.69506660    300.00000000      1.00183684      0.01075606     -7.59982315     -0.04595469     -7.64577785      0.08449174      0.00165090      0.08451913      0.01408196 md_running
   344    172.00000000    133.58856738     30.66203215     65.26803759    300.00000000      1.00179583      0.01085132     -7.59987497     -0.04538199     -7.64525696      0.08206444      0.00163058      0.08209296      0.01367741 md_running
   345    172.50000000    133.78635253     30.65705467     64.52698342    300.00000000      1.00179738      0.01072811     -7.59970576     -0.04478735     -7.64449311      0.08362029      0.00160945      0.08364850      0.01393672 md_running
   346    173.00000000    133.99277818     30.65213162     62.42989368    300.00000000      1.00184927      0.01037946     -7.59930787     -0.04417356     -7.64348143      0.08872423      0.00158761      0.08875089      0.01478737 md_running
   347    173.50000000    134.21019473     30.64719484     59.27173197    300.00000000      1.00195351      0.00985439     -7.59873038     -0.04354348     -7.64227386      0.09605115      0.00156516      0.09607567      0.01600853 md_running
   348    174.00000000    134.42299963     30.64217542     55.63181954    300.00000000      1.00210378      0.00924922     -7.59807053     -0.04290005     -7.64097058      0.10404049      0.00154220      0.10406282      0.01734008 md_running
   349    174.50000000    134.63030047     30.63700988     52.23943302    300.00000000      1.00228031      0.00868521     -7.59745154     -0.04224626     -7.63969780      0.11133883      0.00151883      0.11135922      0.01855647 md_running
   350    175.00000000    134.84609867     30.63164612     49.79047277    300.00000000      1.00244626      0.00827805     -7.59699033     -0.04158515     -7.63857548      0.11699570      0.00149518      0.11701442      0.01949928 md_running
   351    175.50000000    135.11334398     30.62604852     48.77226382    300.00000000      1.00255419      0.00810877     -7.59676932     -0.04091979     -7.63768911      0.12046650      0.00147135      0.12048382      0.02007775 md_running
   352    176.00000000    135.32042920     30.62020140     49.35580838    300.00000000      1.00256786      0.00820579     -7.59681693     -0.04025325     -7.63707018      0.12156364      0.00144745      0.12157978      0.02026061 md_running
   353    176.50000000    135.53448329     30.61411035     51.38840148    300.00000000      1.00248469      0.00854372     -7.59710756     -0.03958862     -7.63669618      0.12037735      0.00142360      0.12039246      0.02006289 md_running
   354    177.00000000    135.74808921     30.60780113     54.48013568    300.00000000      1.00233523      0.00905775     -7.59757495     -0.03892900     -7.63650396      0.11716870      0.00139992      0.11718291      0.01952812 md_running
   355    177.50000000    135.95694965     30.60131657     58.14280459    300.00000000      1.00216077      0.00966670     -7.59813727     -0.03827746     -7.63641473      0.11226869      0.00137652      0.11228210      0.01871145 md_running
   356    178.00000000    136.16323217     30.59471193     61.92681442    300.00000000      1.00199287      0.01029582     -7.59871890     -0.03763706     -7.63635596      0.10601155      0.00135352      0.10602427      0.01766859 md_running
   357    178.50000000    136.36932810     30.58804962     65.51275254    300.00000000      1.00184738      0.01089201     -7.59926685     -0.03701084     -7.63627769      0.09870943      0.00133104      0.09872159      0.01645157 md_running
   358    179.00000000    136.57788062     30.58139381     68.73971952    300.00000000      1.00172806      0.01142851     -7.59975465     -0.03640180     -7.63615645      0.09068949      0.00130918      0.09070123      0.01511491 md_running
   359    179.50000000    136.79396723     30.57480540     71.57705792    300.00000000      1.00163213      0.01190024     -7.60017797     -0.03581291     -7.63599088      0.08238222      0.00128807      0.08239373      0.01373037 md_running
   360    180.00000000    136.99949841     30.56833752     74.06017615    300.00000000      1.00155467      0.01231308     -7.60054354     -0.03524708     -7.63579062      0.07445160      0.00126780      0.07446306      0.01240860 md_running
   361    180.50000000    137.26332171     30.56203183     76.21809140    300.00000000      1.00149137      0.01267185     -7.60085661     -0.03470717     -7.63556379      0.06796177      0.00124848      0.06797324      0.01132696 md_running
   362    181.00000000    137.47079571     30.55591556     78.01617896    300.00000000      1.00144000      0.01297080     -7.60111180     -0.03419595     -7.63530775      0.06437270      0.00123021      0.06438404      0.01072878 md_running
   363    181.50000000    137.67466716     30.54999942     79.33000320    300.00000000      1.00140091      0.01318923     -7.60128822     -0.03371611     -7.63500433      0.06510427      0.00121308      0.06511505      0.01085071 md_running
   364    182.00000000    137.88694658     30.54427648     79.96058256    300.00000000      1.00137673      0.01329407     -7.60135203     -0.03327025     -7.63462228      0.07067395      0.00119719      0.07068377      0.01177899 md_running
   365    182.50000000    138.09517400     30.53872214     79.69347548    300.00000000      1.00137153      0.01324966     -7.60126632     -0.03286083     -7.63412716      0.08028772      0.00118262      0.08029646      0.01338129 md_running
   366    183.00000000    138.30875069     30.53329522     78.39208826    300.00000000      1.00138965      0.01303330     -7.60100726     -0.03249023     -7.63349749      0.09227913      0.00116945      0.09228695      0.01537985 md_running
   367    183.50000000    138.51322746     30.52794031     76.09217475    300.00000000      1.00143412      0.01265092     -7.60057979     -0.03216065     -7.63274044      0.10489406      0.00115776      0.10490120      0.01748234 md_running
   368    184.00000000    138.71534986     30.52259141     73.06507141    300.00000000      1.00150484      0.01214764     -7.60002860     -0.03187415     -7.63190275      0.11656329      0.00114763      0.11656996      0.01942722 md_running
   369    184.50000000    138.91746217     30.51717659     69.82235232    300.00000000      1.00159587      0.01160851     -7.59943923     -0.03163266     -7.63107189      0.12596124      0.00113911      0.12596760      0.02099354 md_running
   370    185.00000000    139.12613153     30.51162365     67.03992420    300.00000000      1.00169228      0.01114591     -7.59892530     -0.03143789     -7.63036319      0.13205345      0.00113226      0.13205962      0.02200891 md_running
   371    185.50000000    139.38368413     30.50586614     65.40794587    300.00000000      1.00176951      0.01087458     -7.59860347     -0.03129140     -7.62989487      0.13415622      0.00112714      0.13416229      0.02235937 md_running
   372    186.00000000    139.58742323     30.49984938     65.44360736    300.00000000      1.00179978      0.01088051     -7.59856152     -0.03119455     -7.62975606      0.13200648      0.00112379      0.13201253      0.02200108 md_running
   373    186.50000000    139.79316326     30.49353563     67.32717721    300.00000000      1.00176633      0.01119367     -7.59883042     -0.03114848     -7.62997890      0.12580818      0.00112226      0.12581426      0.02096803 md_running
   374    187.00000000    140.00366547     30.48690777     70.82330935    300.00000000      1.00167522      0.01177493     -7.59937119     -0.03115414     -7.63052533      0.11624065      0.00112257      0.11624679      0.01937344 md_running
   375    187.50000000    140.21085621     30.47997077     75.32300546    300.00000000      1.00155204      0.01252304     -7.60008105     -0.03121226     -7.63129331      0.10444238      0.00112476      0.10444861      0.01740706 md_running
   376    188.00000000    140.42594660     30.47275079     79.99571915    300.00000000      1.00142682      0.01329991     -7.60082026     -0.03132336     -7.63214361      0.09196122      0.00112885      0.09196749      0.01532687 md_running
   377    188.50000000    140.64510278     30.46529232     83.99939326    300.00000000      1.00132189      0.01396555     -7.60144696     -0.03148772     -7.63293469      0.08069798      0.00113485      0.08070416      0.01344966 md_running
   378    189.00000000    140.85924000     30.45765368     86.68316272    300.00000000      1.00124890      0.01441175     -7.60185107     -0.03170544     -7.63355650      0.07269931      0.00114277      0.07270509      0.01211655 md_running
   379    189.50000000    141.07802936     30.44990184     87.71963817    300.00000000      1.00121130      0.01458407     -7.60197804     -0.03197635     -7.63395439      0.06940973      0.00115260      0.06941474      0.01156829 md_running
   380    190.00000000    141.28582547     30.44210698     87.13984791    300.00000000      1.00120764      0.01448768     -7.60183313     -0.03230012     -7.63413325      0.07090342      0.00116433      0.07090745      0.01181724 md_running
   381    190.50000000    141.54298953     30.43433713     85.28487773    300.00000000      1.00123344      0.01417928     -7.60147421     -0.03267617     -7.63415039      0.07581650      0.00117796      0.07581964      0.01263608 md_running
   382    191.00000000    141.74874804     30.42665352     82.69618840    300.00000000      1.00128153      0.01374889     -7.60099242     -0.03310374     -7.63409616      0.08228674      0.00119345      0.08228926      0.01371446 md_running
   383    191.50000000    141.96545444     30.41910653     79.97489383    300.00000000      1.00134206      0.01329645     -7.60048921     -0.03358183     -7.63407104      0.08880164      0.00121077      0.08880386      0.01480027 md_running
   384    192.00000000    142.18075121     30.41173249     77.64261152    300.00000000      1.00140308      0.01290869     -7.60005228     -0.03410927     -7.63416156      0.09442095      0.00122988      0.09442316      0.01573682 md_running
   385    192.50000000    142.38884634     30.40455140     76.03322035    300.00000000      1.00145293      0.01264112     -7.59973782     -0.03468470     -7.63442252      0.09867067      0.00125074      0.09867314      0.01644511 md_running
   386    193.00000000    142.59244902     30.39756569     75.23592658    300.00000000      1.00148382      0.01250856     -7.59956067     -0.03530654     -7.63486721      0.10143414      0.00127329      0.10143712      0.01690569 md_running
   387    193.50000000    142.78821441     30.39075996     75.10005180    300.00000000      1.00149484      0.01248597     -7.59949541     -0.03597306     -7.63546847      0.10283834      0.00129746      0.10284208      0.01713972 md_running
   388    194.00000000    142.99031468     30.38410183     75.30059475    300.00000000      1.00149204      0.01251931     -7.59948673     -0.03668233     -7.63616906      0.10318572      0.00132318      0.10319043      0.01719762 md_running
   389    194.50000000    143.20041900     30.37754405     75.45028981    300.00000000      1.00148548      0.01254420     -7.59946889     -0.03743226     -7.63690116      0.10286799      0.00135038      0.10287389      0.01714466 md_running
   390    195.00000000    143.41069774     30.37102772     75.22944641    300.00000000      1.00148511      0.01250748     -7.59938764     -0.03822061     -7.63760825      0.10226842      0.00137898      0.10227567      0.01704474 md_running
   391    195.50000000    143.67226086     30.36448674     74.49404993    300.00000000      1.00149751      0.01238522     -7.59921813     -0.03904495     -7.63826308      0.10166174      0.00140887      0.10167046      0.01694362 md_running
   392    196.00000000    143.88114737     30.35785320     73.32427175    300.00000000      1.00152409      0.01219073     -7.59897388     -0.03990273     -7.63887661      0.10114388      0.00143997      0.10115412      0.01685731 md_running
   393    196.50000000    144.08432677     30.35106324     71.99061064    300.00000000      1.00156061      0.01196900     -7.59870080     -0.04079124     -7.63949204      0.10066005      0.00147218      0.10067180      0.01677667 md_running
   394    197.00000000    144.28505555     30.34406315     70.84367110    300.00000000      1.00159820      0.01177831     -7.59845863     -0.04170762     -7.64016625      0.10011721      0.00150538      0.10013040      0.01668620 md_running
   395    197.50000000    144.48583766     30.33681469     70.16655768    300.00000000      1.00162644      0.01166574     -7.59829558     -0.04264888     -7.64094446      0.09954923      0.00153947      0.09956375      0.01659154 md_running
   396    198.00000000    144.68247923     30.32929916     70.05233692    300.00000000      1.00163825      0.01164675     -7.59822776     -0.04361192     -7.64183968      0.09925236      0.00157433      0.09926799      0.01654206 md_running
   397    198.50000000    144.89571705     30.32151938     70.36132539    300.00000000      1.00163380      0.01169812     -7.59823132     -0.04459349     -7.64282481      0.09975358      0.00160984      0.09976997      0.01662560 md_running
   398    199.00000000    145.10378963     30.31349932     70.77749920    300.00000000      1.00162069      0.01176731     -7.59825258     -0.04559025     -7.64384284      0.10162823      0.00164590      0.10164491      0.01693804 md_running
   399    199.50000000    145.30677513     30.30528153     70.94083033    300.00000000      1.00161010      0.01179447     -7.59822996     -0.04659875     -7.64482871      0.10521893      0.00168237      0.10523540      0.01753649 md_running
   400    200.00000000    145.51408760     30.29692282     70.60310990    300.00000000      1.00161179      0.01173832     -7.59812096     -0.04761546     -7.64573643      0.11037046      0.00171914      0.11038629      0.01839508 md_running
   401    200.50000000    145.75231029     30.28848886     69.74887801    300.00000000      1.00163032      0.01159630     -7.59792276     -0.04863680     -7.64655955      0.11629728      0.00175607      0.11631226      0.01938288 md_running
   402    201.00000000    145.95686083     30.28004841     68.63123622    300.00000000      1.00166279      0.01141048     -7.59767814     -0.04965912     -7.64733726      0.12186963      0.00179306      0.12188373      0.02031160 md_running
   403    201.50000000    146.15843199     30.27166773     67.71361186    300.00000000      1.00169824      0.01125792     -7.59746531     -0.05067876     -7.64814407      0.12589030      0.00182996      0.12590365      0.02098172 md_running
   404    202.00000000    146.35908154     30.26340573     67.54307655    300.00000000      1.00171928      0.01122956     -7.59737712     -0.05169204     -7.64906917      0.12730698      0.00186667      0.12731980      0.02121783 md_running
   405    202.50000000    146.57093739     30.25530987     68.59200859    300.00000000      1.00170735      0.01140396     -7.59749385     -0.05269532     -7.65018917      0.12536647      0.00190305      0.12537903      0.02089441 md_running
   406    203.00000000    146.78565651     30.24741306     71.11164681    300.00000000      1.00165152      0.01182287     -7.59785863     -0.05368495     -7.65154357      0.11969839      0.00193898      0.11971103      0.01994973 md_running
   407    203.50000000    147.00079272     30.23973152     75.03572028    300.00000000      1.00155524      0.01247527     -7.59846109     -0.05465737     -7.65311845      0.11035394      0.00197433      0.11036710      0.01839232 md_running
   408    204.00000000    147.21395669     30.23226361     79.95793807    300.00000000      1.00143516      0.01329363     -7.59923348     -0.05560906     -7.65484254      0.09781223      0.00200898      0.09782650      0.01630204 md_running
   409    204.50000000    147.42458277     30.22498969     85.18990380    300.00000000      1.00131292      0.01416349     -7.60006033     -0.05653660     -7.65659693      0.08301962      0.00204282      0.08303584      0.01383660 md_running
   410    205.00000000    147.60975467     30.21787304     89.88887774    300.00000000      1.00120710      0.01494473     -7.60079961     -0.05743668     -7.65823628      0.06754956      0.00207572      0.06756893      0.01125826 md_running
   411    205.50000000    147.86187021     30.21086210     93.23081382    300.00000000      1.00112988      0.01550035     -7.60131230     -0.05830608     -7.65961838      0.05411785      0.00210756      0.05414154      0.00901964 md_running
   412    206.00000000    148.05299516     30.20389371     94.59274799    300.00000000      1.00108777      0.01572678     -7.60149307     -0.05914172     -7.66063479      0.04703366      0.00213823      0.04706065      0.00783894 md_running
   413    206.50000000    148.26237496     30.19689755     93.69581298    300.00000000      1.00108363      0.01557766     -7.60129414     -0.05994067     -7.66123481      0.04974316      0.00216762      0.04976863      0.00829053 md_running
   414    207.00000000    148.46919755     30.18980127     90.67338034    300.00000000      1.00111822      0.01507516     -7.60073736     -0.06070011     -7.66143747      0.06029170      0.00219561      0.06031279      0.01004862 md_running
   415    207.50000000    148.67180869     30.18253621     86.04655051    300.00000000      1.00119033      0.01430591     -7.59991010     -0.06141740     -7.66132750      0.07410403      0.00222211      0.07412127      0.01235067 md_running
   416    208.00000000    148.88291136     30.17504313     80.60127239    300.00000000      1.00129555      0.01340059     -7.59894474     -0.06209004     -7.66103478      0.08807623      0.00224701      0.08809077      0.01467937 md_running
   417    208.50000000    149.08681831     30.16727745     75.19702564    300.00000000      1.00142414      0.01250209     -7.59798590     -0.06271568     -7.66070158      0.10060983      0.00227023      0.10062249      0.01676830 md_running
   418    209.00000000    149.29930848     30.15921327     70.56622462    300.00000000      1.00155982      0.01173219     -7.59715674     -0.06329213     -7.66044887      0.11097115      0.00229168      0.11098248      0.01849519 md_running
   419    209.50000000    149.50383832     30.15084577     67.17152712    300.00000000      1.00168180      0.01116779     -7.59653454     -0.06381737     -7.66035192      0.11890571      0.00231127      0.11891603      0.01981762 md_running
   420    210.00000000    149.71672184     30.14219139     65.16390365    300.00000000      1.00177109      0.01083401     -7.59614404     -0.06428954     -7.66043358      0.12443151      0.00232895      0.12444103      0.02073859 md_running
   421    210.50000000    149.98200551     30.13328603     64.43985876    300.00000000      1.00181776      0.01071363     -7.59596687     -0.06470695     -7.66067382      0.12769200      0.00234465      0.12770088      0.02128200 md_running
   422    211.00000000    150.18845648     30.12418133     64.76044995    300.00000000      1.00182326      0.01076693     -7.59596258     -0.06506812     -7.66103070      0.12884259      0.00235831      0.12885098      0.02147377 md_running
   423    211.50000000    150.40324742     30.11493975     65.87780097    300.00000000      1.00179627      0.01095270     -7.59608917     -0.06537174     -7.66146091      0.12799379      0.00236990      0.12800186      0.02133230 md_running
   424    212.00000000    150.61536949     30.10562884     67.62331071    300.00000000      1.00174635      0.01124290     -7.59631887     -0.06561675     -7.66193561      0.12519711      0.00237937      0.12520507      0.02086619 md_running
   425    212.50000000    150.82855873     30.09631563     69.93626559    300.00000000      1.00168007      0.01162745     -7.59664226     -0.06580227     -7.66244453      0.12047384      0.00238671      0.12048198      0.02007897 md_running
   426    213.00000000    151.03048653     30.08706141     72.83480363    300.00000000      1.00160074      0.01210935     -7.59706332     -0.06592770     -7.66299102      0.11387355      0.00239189      0.11388226      0.01897893 md_running
   427    213.50000000    151.23648228     30.07791736     76.34958476    300.00000000      1.00151050      0.01269371     -7.59758839     -0.06599265     -7.66358104      0.10555273      0.00239491      0.10556255      0.01759212 md_running
   428    214.00000000    151.44326726     30.06892110     80.44682637    300.00000000      1.00141248      0.01337491     -7.59821276     -0.06599701     -7.66420977      0.09587404      0.00239576      0.09588573      0.01597901 md_running
   429    214.50000000    151.65788133     30.06009433     84.96639195    300.00000000      1.00131187      0.01412633     -7.59891016     -0.06594092     -7.66485108      0.08555993      0.00239444      0.08557450      0.01425999 md_running
   430    215.00000000    151.86488026     30.05144145     89.59513517    300.00000000      1.00121550      0.01489589     -7.59962867     -0.06582478     -7.66545345      0.07588045      0.00239098      0.07589907      0.01264674 md_running
   431    215.50000000    152.11715923     30.04294933     93.88641880    300.00000000      1.00113051      0.01560935     -7.60029335     -0.06564928     -7.66594263      0.06881080      0.00238539      0.06883431      0.01146847 md_running
   432    216.00000000    152.32483489     30.03458817     97.32727857    300.00000000      1.00106308      0.01618142     -7.60081769     -0.06541534     -7.66623303      0.06670592      0.00237770      0.06673375      0.01111765 md_running
   433    216.50000000    152.52714729     30.02631342     99.44592349    300.00000000      1.00101779      0.01653366     -7.60112153     -0.06512415     -7.66624568      0.07091645      0.00236795      0.07094639      0.01181941 md_running
   434    217.00000000    152.73382948     30.01806878     99.94334092    300.00000000      1.00099739      0.01661636     -7.60115349     -0.06477718     -7.66593067      0.08038674      0.00235618      0.08041666      0.01339779 md_running
   435    217.50000000    152.95111524     30.00979019     98.80615875    300.00000000      1.00100253      0.01642730     -7.60091027     -0.06437610     -7.66528637      0.09254434      0.00234245      0.09257341      0.01542406 md_running
   436    218.00000000    153.16014043     30.00141060     96.35375053    300.00000000      1.00103139      0.01601956     -7.60044504     -0.06392283     -7.66436788      0.10485937      0.00232680      0.10488764      0.01747656 md_running
   437    218.50000000    153.36596624     29.99286534     93.19549964    300.00000000      1.00107875      0.01549448     -7.59985993     -0.06341952     -7.66327944      0.11535692      0.00230932      0.11538478      0.01922615 md_running
   438    219.00000000    153.58353116     29.98409761     90.09331687    300.00000000      1.00113512      0.01497872     -7.59928364     -0.06286848     -7.66215212      0.12267543      0.00229006      0.12270335      0.02044591 md_running
   439    219.50000000    153.79236760     29.97506364     87.75921528    300.00000000      1.00118726      0.01459065     -7.59883658     -0.06227224     -7.66110882      0.12606189      0.00226912      0.12609035      0.02101032 md_running
   440    220.00000000    154.01015417     29.96573691     86.65146596    300.00000000      1.00122160      0.01440648     -7.59859637     -0.06163349     -7.66022986      0.12539605      0.00224658      0.12542551      0.02089934 md_running
   441    220.50000000    154.28097878     29.95611084     86.84263741    300.00000000      1.00123019      0.01443827     -7.59857540     -0.06095506     -7.65953045      0.12119356      0.00222255      0.12122444      0.02019893 md_running
   442    221.00000000    154.49355979     29.94619941     88.00941402    300.00000000      1.00121491      0.01463225     -7.59871902     -0.06023992     -7.65895894      0.11456615      0.00219713      0.11459874      0.01909436 md_running
   443    221.50000000    154.70405255     29.93603565     89.54610069    300.00000000      1.00118634      0.01488774     -7.59892484     -0.05949119     -7.65841603      0.10709784      0.00217043      0.10713214      0.01784964 md_running
   444    222.00000000    154.91098560     29.92566814     90.75646939    300.00000000      1.00115839      0.01508897     -7.59907503     -0.05871210     -7.65778714      0.10060428      0.00214258      0.10063978      0.01676738 md_running
   445    222.50000000    155.11767997     29.91515621     91.05768542    300.00000000      1.00114310      0.01513905     -7.59907138     -0.05790601     -7.65697739      0.09673703      0.00211371      0.09677254      0.01612284 md_running
   446    223.00000000    155.32996708     29.90456437     90.13405032    300.00000000      1.00114826      0.01498549     -7.59886069     -0.05707638     -7.65593707      0.09635596      0.00208394      0.09638999      0.01605933 md_running
   447    223.50000000    155.54780393     29.89395670     87.99800450    300.00000000      1.00117712      0.01463036     -7.59844561     -0.05622678     -7.65467239      0.09920131      0.00205343      0.09923266      0.01653355 md_running
   448    224.00000000    155.76230832     29.88339180     84.96344608    300.00000000      1.00122876      0.01412584     -7.59787906     -0.05536089     -7.65323995      0.10424386      0.00202231      0.10427203      0.01737398 md_running
   449    224.50000000    155.96932153     29.87291851     81.55854165    300.00000000      1.00129787      0.01355974     -7.59725006     -0.05448248     -7.65173254      0.11018259      0.00199072      0.11020772      0.01836377 md_running
   450    225.00000000    156.17530294     29.86257271     78.39973999    300.00000000      1.00137426      0.01303457     -7.59666260     -0.05359539     -7.65025799      0.11584950      0.00195881      0.11587203      0.01930825 md_running
   451    225.50000000    156.44180506     29.85237532     76.05546948    300.00000000      1.00144343      0.01264482     -7.59621243     -0.05270355     -7.64891597      0.12039693      0.00192674      0.12041741      0.02006615 md_running
   452    226.00000000    156.64870536     29.84233135     74.92892574    300.00000000      1.00148963      0.01245752     -7.59596750     -0.05181093     -7.64777843      0.12330039      0.00189465      0.12331937      0.02055007 md_running
   453    226.50000000    156.86016498     29.83242997     75.18228598    300.00000000      1.00150140      0.01249964     -7.59595507     -0.05092155     -7.64687662      0.12430938      0.00186269      0.12432736      0.02071823 md_running
   454    227.00000000    157.07329474     29.82264546     76.71558582    300.00000000      1.00147674      0.01275456     -7.59615842     -0.05003946     -7.64619788      0.12340026      0.00183101      0.12341767      0.02056671 md_running
   455    227.50000000    157.28049569     29.81293904     79.20650276    300.00000000      1.00142377      0.01316870     -7.59652308     -0.04916871     -7.64569179      0.12071756      0.00179975      0.12073479      0.02011959 md_running
   456    228.00000000    157.49514185     29.80326146     82.20237545    300.00000000      1.00135628      0.01366679     -7.59697258     -0.04831335     -7.64528592      0.11652905      0.00176905      0.11654645      0.01942151 md_running
   457    228.50000000    157.70437886     29.79355645     85.24044197    300.00000000      1.00128771      0.01417189     -7.59742881     -0.04747737     -7.64490618      0.11116080      0.00173907      0.11117868      0.01852680 md_running
   458    229.00000000    157.92204713     29.78376478     87.96200955    300.00000000      1.00122732      0.01462437     -7.59783127     -0.04666474     -7.64449601      0.10494115      0.00170993      0.10495980      0.01749019 md_running
   459    229.50000000    158.13574812     29.77382898     90.18403769    300.00000000      1.00117919      0.01499380     -7.59814925     -0.04587934     -7.64402859      0.09815060      0.00168177      0.09817027      0.01635843 md_running
   460    230.00000000    158.34902683     29.76369813     91.89981020    300.00000000      1.00114319      0.01527906     -7.59838227     -0.04512494     -7.64350721      0.09103594      0.00165472      0.09105686      0.01517266 md_running
   461    230.50000000    158.60820471     29.75333261     93.20777606    300.00000000      1.00111680      0.01549652     -7.59854763     -0.04440522     -7.64295285      0.08390742      0.00162891      0.08392974      0.01398457 md_running
   462    231.00000000    158.81256871     29.74270793     94.19990056    300.00000000      1.00109717      0.01566147     -7.59866179     -0.04372370     -7.64238549      0.07734780      0.00160447      0.07737151      0.01289130 md_running
   463    231.50000000    159.00723998     29.73181734     94.85994027    300.00000000      1.00108294      0.01577121     -7.59872236     -0.04308377     -7.64180613      0.07240929      0.00158152      0.07243395      0.01206821 md_running
   464    232.00000000    159.21118046     29.72067269     95.02195500    300.00000000      1.00107533      0.01579814     -7.59870119     -0.04248863     -7.64118982      0.07062108      0.00156017      0.07064554      0.01177018 md_running
   465    232.50000000    159.42102495     29.70930342     94.41110628    300.00000000      1.00107807      0.01569658     -7.59855145     -0.04194130     -7.64049276      0.07334518      0.00154053      0.07336780      0.01222420 md_running
   466    233.00000000    159.63911505     29.69775360     92.74870910    300.00000000      1.00109636      0.01542020     -7.59822545     -0.04144463     -7.63967008      0.08084136      0.00152272      0.08086094      0.01347356 md_running
   467    233.50000000    159.84797047     29.68607781     89.88265424    300.00000000      1.00113556      0.01494369     -7.59769662     -0.04100125     -7.63869787      0.09208660      0.00150683      0.09210291      0.01534777 md_running
   468    234.00000000    160.06044180     29.67433617     85.89803098    300.00000000      1.00119979      0.01428122     -7.59697817     -0.04061357     -7.63759174      0.10538507      0.00149296      0.10539853      0.01756418 md_running
   469    234.50000000    160.27329699     29.66258917     81.17029589    300.00000000      1.00129012      0.01349520     -7.59613299     -0.04028381     -7.63641681      0.11887275      0.00148120      0.11888398      0.01981212 md_running
   470    235.00000000    160.48024384     29.65089292     76.33380882    300.00000000      1.00140179      0.01269109     -7.59526741     -0.04001396     -7.63528137      0.13094732      0.00147161      0.13095690      0.02182455 md_running
   471    235.50000000    160.73633619     29.63929505     72.17451528    300.00000000      1.00152099      0.01199958     -7.59451383     -0.03980576     -7.63431959      0.14029784      0.00146429      0.14030624      0.02338297 md_running
   472    236.00000000    160.94079066     29.62783174     69.47774502    300.00000000      1.00162302      0.01155122     -7.59400438     -0.03966076     -7.63366514      0.14595017      0.00145928      0.14595778      0.02432503 md_running
   473    236.50000000    161.14722123     29.61652576     68.86382452    300.00000000      1.00167692      0.01144915     -7.59384390     -0.03958024     -7.63342415      0.14730726      0.00145665      0.14731440      0.02455121 md_running
   474    237.00000000    161.35655226     29.60538564     70.65059659    300.00000000      1.00165939      0.01174621     -7.59408631     -0.03956526     -7.63365158      0.14419167      0.00145644      0.14419864      0.02403195 md_running
   475    237.50000000    161.55747101     29.59440549     74.77545013    300.00000000      1.00156988      0.01243200     -7.59472165     -0.03961663     -7.63433827      0.13685316      0.00145867      0.13686026      0.02280886 md_running
   476    238.00000000    161.75172114     29.58356548     80.79532566    300.00000000      1.00143161      0.01343285     -7.59567597     -0.03973489     -7.63541086      0.12594825      0.00146338      0.12595583      0.02099138 md_running
   477    238.50000000    161.95784910     29.57283282     87.96659025    300.00000000      1.00127700      0.01462513     -7.59682469     -0.03992036     -7.63674505      0.11249829      0.00147058      0.11250677      0.01874971 md_running
   478    239.00000000    162.17520860     29.56216356     95.38959063    300.00000000      1.00113250      0.01585926     -7.59801641     -0.04017310     -7.63818952      0.09786912      0.00148027      0.09787905      0.01631152 md_running
   479    239.50000000    162.38826934     29.55150525    102.18756477    300.00000000      1.00101290      0.01698948     -7.59910341     -0.04049290     -7.63959631      0.08380206      0.00149244      0.08381407      0.01396701 md_running
   480    240.00000000    162.57609477     29.54080042    107.67793335    300.00000000      1.00092324      0.01790230     -7.59997089     -0.04087930     -7.64085019      0.07236310      0.00150707      0.07237774      0.01206052 md_running
   481    240.50000000    162.82535850     29.52999069    111.48713446    300.00000000      1.00086263      0.01853561     -7.60055595     -0.04133159     -7.64188754      0.06556909      0.00152413      0.06558626      0.01092818 md_running
   482    241.00000000    163.02746529     29.51902126    113.58476108    300.00000000      1.00082733      0.01888435     -7.60085351     -0.04184879     -7.64270230      0.06453194      0.00154359      0.06455058      0.01075532 md_running
   483    241.50000000    163.24401189     29.50784539    114.23666095    300.00000000      1.00081220      0.01899274     -7.60090861     -0.04242965     -7.64333827      0.06845563      0.00156539      0.06847442      0.01140927 md_running
   484    242.00000000    163.46376788     29.49642839    113.88628938    300.00000000      1.00081153      0.01893448     -7.60079621     -0.04307268     -7.64386890      0.07525471      0.00158948      0.07527294      0.01254245 md_running
   485    242.50000000    163.67241199     29.48475075    113.00242852    300.00000000      1.00081960      0.01878754     -7.60059552     -0.04377611     -7.64437163      0.08301940      0.00161577      0.08303693      0.01383657 md_running
   486    243.00000000    163.87950315     29.47280978    111.94777432    300.00000000      1.00083157      0.01861219     -7.60036723     -0.04453792     -7.64490515      0.09059590      0.00164421      0.09061280      0.01509932 md_running
   487    243.50000000    164.08986776     29.46061965    110.91133558    300.00000000      1.00084426      0.01843988     -7.60014271     -0.04535583     -7.64549854      0.09743628      0.00167470      0.09745266      0.01623938 md_running
   488    244.00000000    164.30215990     29.44820980    109.91463534    300.00000000      1.00085651      0.01827417     -7.59992480     -0.04622730     -7.64615210      0.10334232      0.00170715      0.10335830      0.01722372 md_running
   489    244.50000000    164.50272191     29.43562170    108.87394105    300.00000000      1.00086886      0.01810114     -7.59969882     -0.04714956     -7.64684838      0.10824352      0.00174146      0.10825920      0.01804059 md_running
   490    245.00000000    164.71370391     29.42290466    107.68422565    300.00000000      1.00088272      0.01790334     -7.59944658     -0.04811960     -7.64756618      0.11208976      0.00177753      0.11210525      0.01868163 md_running
   491    245.50000000    164.97671781     29.41011112    106.29183741    300.00000000      1.00089935      0.01767185     -7.59915877     -0.04913421     -7.64829298      0.11480942      0.00181523      0.11482484      0.01913490 md_running
   492    246.00000000    165.18519553     29.39729197    104.73529426    300.00000000      1.00091910      0.01741306     -7.59884176     -0.05018996     -7.64903171      0.11631801      0.00185447      0.11633353      0.01938633 md_running
   493    246.50000000    165.39090566     29.38449242    103.14720070    300.00000000      1.00094098      0.01714903     -7.59851812     -0.05128323     -7.64980135      0.11654798      0.00189510      0.11656381      0.01942466 md_running
   494    247.00000000    165.59810518     29.37174873    101.72222937    300.00000000      1.00096271      0.01691211     -7.59822089     -0.05241023     -7.65063112      0.11549068      0.00193701      0.11550711      0.01924845 md_running
   495    247.50000000    165.80622148     29.35908597    100.66180006    300.00000000      1.00098116      0.01673581     -7.59798423     -0.05356705     -7.65155128      0.11324834      0.00198006      0.11326569      0.01887472 md_running
   496    248.00000000    166.01378878     29.34651661    100.11033571    300.00000000      1.00099330      0.01664412     -7.59783319     -0.05474962     -7.65258281      0.11009532      0.00202410      0.11011395      0.01834922 md_running
   497    248.50000000    166.22779806     29.33404008    100.09932196    300.00000000      1.00099736      0.01664229     -7.59777300     -0.05595378     -7.65372678      0.10652416      0.00206901      0.10654442      0.01775403 md_running
   498    249.00000000    166.43929564     29.32164311    100.51706624    300.00000000      1.00099378      0.01671175     -7.59778531     -0.05717527     -7.65496058      0.10328704      0.00211462      0.10330920      0.01721451 md_running
   499    249.50000000    166.65772228     29.30930069    101.11846023    300.00000000      1.00098536      0.01681173     -7.59782899     -0.05840979     -7.65623878      0.10131546      0.00216078      0.10133956      0.01688591 md_running
   500    250.00000000    166.87416105     29.29697787    101.57919406    300.00000000      1.00097660      0.01688833     -7.59784883     -0.05965295     -7.65750177      0.10151972      0.00220733      0.10154545      0.01691995 md_running
   501    250.50000000    167.13505466     29.28463214    101.58805918    300.00000000      1.00097239      0.01688981     -7.59779208     -0.06090036     -7.65869244      0.10446553      0.00225412      0.10449230      0.01741092 md_running
   502    251.00000000    167.34157424     29.27221649    100.96058906    300.00000000      1.00097656      0.01678549     -7.59762647     -0.06214763     -7.65977409      0.11000043      0.00230098      0.11002757      0.01833340 md_running
   503    251.50000000    167.55431128     29.25968294     99.73694634    300.00000000      1.00099056      0.01658205     -7.59735812     -0.06339033     -7.66074845      0.11708029      0.00234773      0.11710737      0.01951338 md_running
   504    252.00000000    167.76409442     29.24698634     98.20998270    300.00000000      1.00101236      0.01632818     -7.59703607     -0.06462408     -7.66166015      0.12420400      0.00239421      0.12423090      0.02070067 md_running
   505    252.50000000    167.96648107     29.23408822     96.86430269    300.00000000      1.00103618      0.01610445     -7.59674213     -0.06584452     -7.66258665      0.12978361      0.00244025      0.12981044      0.02163060 md_running
   506    253.00000000    168.18025780     29.22096041     96.24017688    300.00000000      1.00105341      0.01600068     -7.59656781     -0.06704731     -7.66361513      0.13246849      0.00248568      0.13249555      0.02207808 md_running
   507    253.50000000    168.39194596     29.20758780     96.75804619    300.00000000      1.00105521      0.01608678     -7.59658485     -0.06822818     -7.66481303      0.13136327      0.00253032      0.13139095      0.02189388 md_running
   508    254.00000000    168.59588171     29.19397012     98.56479652    300.00000000      1.00103665      0.01638717     -7.59681866     -0.06938290     -7.66620156      0.12614837      0.00257401      0.12617720      0.02102473 md_running
   509    254.50000000    168.78788677     29.18012218    101.45823639    300.00000000      1.00099947      0.01686822     -7.59723542     -0.07050731     -7.66774273      0.11711639      0.00261658      0.11714698      0.01951940 md_running
   510    255.00000000    168.98971529     29.16607258    104.91473744    300.00000000      1.00095163      0.01744289     -7.59774732     -0.07159732     -7.66934464      0.10517284      0.00265789      0.10520587      0.01752881 md_running
   511    255.50000000    169.23539323     29.15186105    108.20762698    300.00000000      1.00090382      0.01799036     -7.59823190     -0.07264893     -7.67088084      0.09183788      0.00269778      0.09187406      0.01530631 md_running
   512    256.00000000    169.43443452     29.13753453    110.57531528    300.00000000      1.00086592      0.01838401     -7.59856077     -0.07365827     -7.67221904      0.07929715      0.00273610      0.07933674      0.01321619 md_running
   513    256.50000000    169.64159936     29.12314284    111.39065379    300.00000000      1.00084528      0.01851957     -7.59862842     -0.07462156     -7.67324998      0.07037824      0.00277273      0.07041990      0.01172971 md_running
   514    257.00000000    169.85109068     29.10873436    110.29454380    300.00000000      1.00084658      0.01833733     -7.59837438     -0.07553520     -7.67390959      0.06779043      0.00280753      0.06783047      0.01129840 md_running
   515    257.50000000    170.05436089     29.09435230    107.26217089    300.00000000      1.00087240      0.01783317     -7.59779455     -0.07639575     -7.67419030      0.07210687      0.00284039      0.07214154      0.01201781 md_running
   516    258.00000000    170.25716806     29.08003160    102.59699497    300.00000000      1.00092369      0.01705755     -7.59693986     -0.07719996     -7.67413982      0.08139994      0.00287120      0.08142821      0.01356666 md_running
   517    258.50000000    170.46858870     29.06579685     96.87178374    300.00000000      1.00099949      0.01610569     -7.59590637     -0.07794479     -7.67385117      0.09299655      0.00289985      0.09301944      0.01549943 md_running
   518    259.00000000    170.68327190     29.05166102     90.82478620    300.00000000      1.00109578      0.01510033     -7.59481834     -0.07862746     -7.67344581      0.10481140      0.00292625      0.10483035      0.01746857 md_running
   519    259.50000000    170.89640134     29.03762508     85.22694900    300.00000000      1.00120391      0.01416965     -7.59380522     -0.07924543     -7.67305065      0.11551526      0.00295032      0.11553160      0.01925254 md_running
   520    260.00000000    171.10567212     29.02367833     80.74777911    300.00000000      1.00130979      0.01342495     -7.59297946     -0.07979641     -7.67277587      0.12433523      0.00297196      0.12435000      0.02072254 md_running
   521    260.50000000    171.35638264     29.00979933     77.85042306    300.00000000      1.00139563      0.01294324     -7.59241867     -0.08027845     -7.67269713      0.13085502      0.00299112      0.13086907      0.02180917 md_running
   522    261.00000000    171.56183192     28.99595753     76.73804247    300.00000000      1.00144526      0.01275830     -7.59215683     -0.08068985     -7.67284668      0.13491050      0.00300773      0.13492450      0.02248508 md_running
   523    261.50000000    171.76515708     28.98211544     77.36160763    300.00000000      1.00145069      0.01286197     -7.59218504     -0.08102924     -7.67321428      0.13649927      0.00302172      0.13651381      0.02274988 md_running
   524    262.00000000    171.97170352     28.96823128     79.48417887    300.00000000      1.00141506      0.01321487     -7.59246324     -0.08129554     -7.67375878      0.13571660      0.00303305      0.13573221      0.02261943 md_running
   525    262.50000000    172.18075666     28.95426187     82.77777026    300.00000000      1.00134958      0.01376245     -7.59293599     -0.08148799     -7.67442399      0.13270504      0.00304167      0.13272228      0.02211751 md_running
   526    263.00000000    172.39539299     28.94016569     86.91824452    300.00000000      1.00126733      0.01445084     -7.59354886     -0.08160615     -7.67515501      0.12761755      0.00304756      0.12763701      0.02126959 md_running
   527    263.50000000    172.59863277     28.92590610     91.64686921    300.00000000      1.00117878      0.01523701     -7.59425869     -0.08164985     -7.67590854      0.12059842      0.00305068      0.12062075      0.02009974 md_running
   528    264.00000000    172.78727629     28.91145421     96.77999016    300.00000000      1.00109048      0.01609043     -7.59503566     -0.08161924     -7.67665490      0.11180657      0.00305102      0.11183257      0.01863443 md_running
   529    264.50000000    173.00100858     28.89679141    102.16922826    300.00000000      1.00100599      0.01698643     -7.59585569     -0.08151472     -7.67737041      0.10148434      0.00304858      0.10151503      0.01691406 md_running
   530    265.00000000    173.20875361     28.88191097    107.63585320    300.00000000      1.00092759      0.01789530     -7.59668984     -0.08133700     -7.67802684      0.09008783      0.00304336      0.09012457      0.01501464 md_running
   531    265.50000000    173.46341177     28.86681858    112.91349139    300.00000000      1.00085737      0.01877275     -7.59749390     -0.08108703     -7.67858092      0.07848766      0.00303541      0.07853203      0.01308128 md_running
   532    266.00000000    173.66266526     28.85153168    117.63009414    300.00000000      1.00079772      0.01955692     -7.59820596     -0.08076601     -7.67897197      0.06826409      0.00302473      0.06831725      0.01137735 md_running
   533    266.50000000    173.87275071     28.83607757    121.34165623    300.00000000      1.00075113      0.02017400     -7.59875125     -0.08037542     -7.67912666      0.06185805      0.00301140      0.06191862      0.01030968 md_running
   534    267.00000000    174.09051860     28.82049050    123.61044727    300.00000000      1.00071989      0.02055120     -7.59905599     -0.07991695     -7.67897294      0.06182726      0.00299548      0.06188933      0.01030454 md_running
   535    267.50000000    174.30194270     28.80480825    124.10910054    300.00000000      1.00070584      0.02063411     -7.59906448     -0.07939257     -7.67845706      0.06877972      0.00297704      0.06883648      0.01146329 md_running
   536    268.00000000    174.50902784     28.78906859    122.72479862    300.00000000      1.00071015      0.02040396     -7.59875694     -0.07880449     -7.67756143      0.08068840      0.00295617      0.08073734      0.01344807 md_running
   537    268.50000000    174.72568259     28.77330605    119.63334725    300.00000000      1.00073300      0.01988998     -7.59816248     -0.07815516     -7.67631764      0.09462908      0.00293298      0.09467110      0.01577151 md_running
   538    269.00000000    174.94424628     28.75754921    115.30750148    300.00000000      1.00077298      0.01917077     -7.59736017     -0.07744729     -7.67480746      0.10829528      0.00290758      0.10833210      0.01804921 md_running
   539    269.50000000    175.14502748     28.74181893    110.45131347    300.00000000      1.00082631      0.01836339     -7.59646842     -0.07668383     -7.67315225      0.12005531      0.00288010      0.12008853      0.02000922 md_running
   540    270.00000000    175.35584657     28.72612719    105.87436956    300.00000000      1.00088599      0.01760244     -7.59562355     -0.07586801     -7.67149155      0.12883586      0.00285067      0.12886677      0.02147264 md_running
   541    270.50000000    175.62235535     28.71047667    102.33096335    300.00000000      1.00094177      0.01701332     -7.59495265     -0.07500326     -7.66995591      0.13405556      0.00281942      0.13408519      0.02234259 md_running
   542    271.00000000    175.83701113     28.69486088    100.36384812    300.00000000      1.00098209      0.01668627     -7.59454730     -0.07409328     -7.66864058      0.13561304      0.00278649      0.13564223      0.02260217 md_running
   543    271.50000000    176.04426102     28.67926472    100.19412336    300.00000000      1.00099803      0.01665806     -7.59444497     -0.07314197     -7.66758695      0.13385286      0.00275205      0.13388233      0.02230881 md_running
   544    272.00000000    176.25976497     28.66366556    101.68743531    300.00000000      1.00098735      0.01690633     -7.59462287     -0.07215346     -7.66677633      0.12951240      0.00271622      0.12954274      0.02158540 md_running
   545    272.50000000    176.46749225     28.64803457    104.40591964    300.00000000      1.00095545      0.01735830     -7.59500723     -0.07113206     -7.66613929      0.12361120      0.00267919      0.12364287      0.02060187 md_running
   546    273.00000000    176.67810248     28.63233860    107.73203157    300.00000000      1.00091233      0.01791129     -7.59549390     -0.07008223     -7.66557614      0.11731742      0.00264109      0.11735066      0.01955290 md_running
   547    273.50000000    176.89522603     28.61654225    111.03495256    300.00000000      1.00086823      0.01846043     -7.59597599     -0.06900862     -7.66498460      0.11179727      0.00260210      0.11183198      0.01863288 md_running
   548    274.00000000    177.10786619     28.60061052    113.82951141    300.00000000      1.00083038      0.01892504     -7.59637186     -0.06791596     -7.66428782      0.10785453      0.00256238      0.10789026      0.01797576 md_running
   549    274.50000000    177.32134737     28.58451152    115.88305618    300.00000000      1.00080220      0.01926646     -7.59664217     -0.06680911     -7.66345127      0.10585402      0.00252209      0.10589006      0.01764234 md_running
   550    275.00000000    177.52814544     28.56821924    117.25275664    300.00000000      1.00078355      0.01949419     -7.59679665     -0.06569297     -7.66248962      0.10567258      0.00248140      0.10570814      0.01761210 md_running
   551    275.50000000    177.78565446     28.55171611    118.24276855    300.00000000      1.00077154      0.01965878     -7.59688676     -0.06457252     -7.66145928      0.10676642      0.00244050      0.10680088      0.01779440 md_running
   552    276.00000000    177.99098031     28.53499494    119.29096638    300.00000000      1.00076158      0.01983305     -7.59698694     -0.06345272     -7.66043966      0.10839339      0.00239955      0.10842635      0.01806556 md_running
   553    276.50000000    178.19697592     28.51806000    120.82069840    300.00000000      1.00074879      0.02008738     -7.59716898     -0.06233854     -7.65950752      0.10986924      0.00235874      0.10990053      0.01831154 md_running
   554    277.00000000    178.40745198     28.50092709    123.10593030    300.00000000      1.00072959      0.02046732     -7.59747926     -0.06123491     -7.65871416      0.11069852      0.00231825      0.11072810      0.01844975 md_running
   555    277.50000000    178.61438054     28.48362222    126.18912825    300.00000000      1.00070297      0.02097993     -7.59792544     -0.06014671     -7.65807215      0.11060976      0.00227826      0.11063763      0.01843496 md_running
   556    278.00000000    178.82956930     28.46617938    129.87031926    300.00000000      1.00067067      0.02159195     -7.59847370     -0.05907875     -7.65755245      0.10952905      0.00223896      0.10955526      0.01825484 md_running
   557    278.50000000    179.03997843     28.44863746    133.76522469    300.00000000      1.00063633      0.02223951     -7.59905932     -0.05803577     -7.65709510      0.10751846      0.00220053      0.10754304      0.01791974 md_running
   558    279.00000000    179.24746888     28.43103682    137.41256158    300.00000000      1.00060407      0.02284591     -7.59960444     -0.05702240     -7.65662684      0.10471934      0.00216316      0.10474233      0.01745322 md_running
   559    279.50000000    179.45842114     28.41341608    140.39421650    300.00000000      1.00057725      0.02334163     -7.60003845     -0.05604316     -7.65608161      0.10129872      0.00212704      0.10132021      0.01688312 md_running
   560    280.00000000    179.66597160     28.39580941    142.43492853    300.00000000      1.00055791      0.02368092     -7.60031516     -0.05510247     -7.65541762      0.09740509      0.00209233      0.09742523      0.01623418 md_running
   561    280.50000000    179.92990448     28.37824447    143.45333653    300.00000000      1.00054665      0.02385024     -7.60042100     -0.05420458     -7.65462558      0.09315871      0.00205923      0.09317774      0.01552645 md_running
   562    281.00000000    180.11764401     28.36074116    143.54822346    300.00000000      1.00054284      0.02386601     -7.60037298     -0.05335365     -7.65372662      0.08868820      0.00202789      0.08870642      0.01478137 md_running
   563    281.50000000    180.32453870     28.34331092    142.93017964    300.00000000      1.00054506      0.02376326     -7.60020715     -0.05255364     -7.65276078      0.08421938      0.00199848      0.08423724      0.01403656 md_running
   564    282.00000000    180.52971031     28.32595641    141.82213969    300.00000000      1.00055165      0.02357904     -7.59996144     -0.05180836     -7.65176980      0.08023559      0.00197115      0.08025347      0.01337260 md_running
   565    282.50000000    180.74160994     28.30867183    140.36180175    300.00000000      1.00056129      0.02333625     -7.59965936     -0.05112145     -7.65078080      0.07757888      0.00194604      0.07759702      0.01292981 md_running
   566    283.00000000    180.95598267     28.29144351    138.54128719    300.00000000      1.00057361      0.02303357     -7.59929934     -0.05049631     -7.64979566      0.07742249      0.00192329      0.07744082      0.01290375 md_running
   567    283.50000000    181.16360269     28.27425091    136.20762725    300.00000000      1.00058947      0.02264558     -7.59885518     -0.04993617     -7.64879135      0.08086293      0.00190301      0.08088108      0.01347716 md_running
   568    284.00000000    181.36917521     28.25706809    133.12832723    300.00000000      1.00061091      0.02213362     -7.59828686     -0.04944399     -7.64773085      0.08834131      0.00188533      0.08835880      0.01472355 md_running
   569    284.50000000    181.57983946     28.23986566    129.10823033    300.00000000      1.00064064      0.02146525     -7.59756014     -0.04902251     -7.64658265      0.09937866      0.00187034      0.09939525      0.01656311 md_running
   570    285.00000000    181.78613685     28.22261308    124.13297666    300.00000000      1.00068120      0.02063808     -7.59667077     -0.04867419     -7.64534496      0.11264049      0.00185813      0.11265618      0.01877342 md_running
   571    285.50000000    182.04666051     28.20528119    118.48183458    300.00000000      1.00073359      0.01969853     -7.59566481     -0.04840122     -7.64406604      0.12640243      0.00184878      0.12641739      0.02106707 md_running
   572    286.00000000    182.25584166     28.18784492    112.75483201    300.00000000      1.00079569      0.01874637     -7.59464249     -0.04820551     -7.64284801      0.13892805      0.00184236      0.13894255      0.02315467 md_running
   573    286.50000000    182.46246632     28.17028570    107.79718760    300.00000000      1.00086051      0.01792212     -7.59374587     -0.04808866     -7.64183453      0.14864419      0.00183892      0.14865850      0.02477403 md_running
   574    287.00000000    182.65003095     28.15259355    104.52748856    300.00000000      1.00091548      0.01737851     -7.59313019     -0.04805194     -7.64118213      0.15428756      0.00183852      0.15430195      0.02571459 md_running
   575    287.50000000    182.85340902     28.13476834    103.71089218    300.00000000      1.00094494      0.01724275     -7.59292516     -0.04809632     -7.64102148      0.15504219      0.00184117      0.15505696      0.02584036 md_running
   576    288.00000000    183.05693452     28.11682012    105.74540044    300.00000000      1.00093695      0.01758100     -7.59319846     -0.04822241     -7.64142087      0.15062416      0.00184691      0.15063962      0.02510403 md_running
   577    288.50000000    183.24396183     28.09876812    110.52913206    300.00000000      1.00089062      0.01837633     -7.59393416     -0.04843051     -7.64236467      0.14129386      0.00185574      0.14131040      0.02354898 md_running
   578    289.00000000    183.45328759     28.08063857    117.45052885    300.00000000      1.00081723      0.01952707     -7.59502967     -0.04872054     -7.64375022      0.12783539      0.00186768      0.12785352      0.02130590 md_running
   579    289.50000000    183.66063267     28.06246170    125.50564842    300.00000000      1.00073377      0.02086629     -7.59631624     -0.04909211     -7.64540835      0.11149985      0.00188270      0.11152025      0.01858331 md_running
   580    290.00000000    183.87766731     28.04426832    133.50901039    300.00000000      1.00065533      0.02219692     -7.59759462     -0.04954447     -7.64713909      0.09400363      0.00190080      0.09402719      0.01566727 md_running
   581    290.50000000    184.15201504     28.02608678    140.34041526    300.00000000      1.00059138      0.02333269     -7.59867600     -0.05007652     -7.64875253      0.07766323      0.00192194      0.07769088      0.01294387 md_running
   582    291.00000000    184.36040552     28.00794069    145.16920839    300.00000000      1.00054612      0.02413551     -7.59942056     -0.05068687     -7.65010743      0.06561913      0.00194609      0.06565088      0.01093652 md_running
   583    291.50000000    184.57856090     27.98984740    147.59731108    300.00000000      1.00052011      0.02453921     -7.59976156     -0.05137376     -7.65113532      0.06106436      0.00197319      0.06109762      0.01017739 md_running
   584    292.00000000    184.78801726     27.97181730    147.68933513    300.00000000      1.00051182      0.02455450     -7.59971018     -0.05213515     -7.65184533      0.06481796      0.00200318      0.06484879      0.01080299 md_running
   585    292.50000000    185.00675575     27.95385359    145.90307900    300.00000000      1.00051845      0.02425753     -7.59934343     -0.05296870     -7.65231214      0.07419644      0.00203599      0.07422330      0.01236607 md_running
   586    293.00000000    185.22504104     27.93595227    142.94516339    300.00000000      1.00053618      0.02376575     -7.59878061     -0.05387179     -7.65265240      0.08573777      0.00207153      0.08576132      0.01428963 md_running
   587    293.50000000    185.44337497     27.91810252    139.58665416    300.00000000      1.00056034      0.02320737     -7.59815144     -0.05484150     -7.65299294      0.09716120      0.00210970      0.09718261      0.01619353 md_running
   588    294.00000000    185.66083751     27.90028702    136.48735835    300.00000000      1.00058594      0.02269209     -7.59756690     -0.05587468     -7.65344157      0.10726849      0.00215039      0.10728879      0.01787808 md_running
   589    294.50000000    185.87342345     27.88248257    134.07185423    300.00000000      1.00060850      0.02229049     -7.59709804     -0.05696792     -7.65406596      0.11554310      0.00219348      0.11556312      0.01925718 md_running
   590    295.00000000    186.08022961     27.86466100    132.48257391    300.00000000      1.00062515      0.02202626     -7.59676801     -0.05811759     -7.65488560      0.12185386      0.00223883      0.12187424      0.02030898 md_running
   591    295.50000000    186.34673958     27.84679051    131.61661357    300.00000000      1.00063528      0.02188229     -7.59655883     -0.05931985     -7.65587867      0.12629156      0.00228629      0.12631283      0.02104859 md_running
   592    296.00000000    186.55454245     27.82883746    131.22978497    300.00000000      1.00064023      0.02181798     -7.59642818     -0.06057064     -7.65699882      0.12904741      0.00233571      0.12907002      0.02150790 md_running
   593    296.50000000    186.74172247     27.81076863    131.07270738    300.00000000      1.00064223      0.02179186     -7.59633321     -0.06186572     -7.65819893      0.13032414      0.00238692      0.13034846      0.02172069 md_running
   594    297.00000000    186.94940578     27.79255368    131.01362909    300.00000000      1.00064308      0.02178204     -7.59625123     -0.06320069     -7.65945192      0.13027351      0.00243974      0.13029989      0.02171225 md_running
   595    297.50000000    187.15656495     27.77416778    131.10537526    300.00000000      1.00064318      0.02179729     -7.59619106     -0.06457096     -7.66076202      0.12896565      0.00249399      0.12899439      0.02149428 md_running
   596    298.00000000    187.36257157     27.75559389    131.57198743    300.00000000      1.00064121      0.02187487     -7.59619071     -0.06597181     -7.66216252      0.12641984      0.00254946      0.12645125      0.02106997 md_running
   597    298.50000000    187.57929804     27.73682449    132.71810200    300.00000000      1.00063474      0.02206542     -7.59630235     -0.06739837     -7.66370072      0.12266799      0.00260596      0.12270236      0.02044466 md_running
   598    299.00000000    187.78700640     27.71786236    134.79244556    300.00000000      1.00062135      0.02241030     -7.59656872     -0.06884563     -7.66541436      0.11786942      0.00266328      0.11790705      0.01964490 md_running
   599    299.50000000    188.00132338     27.69872017    137.85583799    300.00000000      1.00060011      0.02291961     -7.59700102     -0.07030848     -7.66730950      0.11240494      0.00272122      0.11244605      0.01873416 md_running
   600    300.00000000    188.21432281     27.67941889    141.70425334    300.00000000      1.00057240      0.02355944     -7.59756547     -0.07178168     -7.66934715      0.10696765      0.00277957      0.10701219      0.01782794 md_running
   601    300.50000000    188.47991502     27.65998535    145.87852172    300.00000000      1.00054171      0.02425344     -7.59818487     -0.07325991     -7.67144478      0.10253845      0.00283813      0.10258592      0.01708974 md_running
   602    301.00000000    188.69439387     27.64044924    149.76366550    300.00000000      1.00051250      0.02489938     -7.59875505     -0.07473779     -7.67349285      0.10022352      0.00289668      0.10027268      0.01670392 md_running
   603    301.50000000    188.91303974     27.62084022    152.75273315    300.00000000      1.00048885      0.02539633     -7.59917377     -0.07620988     -7.67538365      0.10087217      0.00295503      0.10092124      0.01681203 md_running
   604    302.00000000    189.12763420     27.60118543    154.42987020    300.00000000      1.00047353      0.02567517     -7.59936966     -0.07767072     -7.67704038      0.10452786      0.00301297      0.10457514      0.01742131 md_running
   605    302.50000000    189.34146211     27.58150781    154.71065380    300.00000000      1.00046750      0.02572185     -7.59932836     -0.07911488     -7.67844324      0.11020375      0.00307032      0.11024832      0.01836729 md_running
   606    303.00000000    189.55484491     27.56182501    153.88059155    300.00000000      1.00046976      0.02558385     -7.59909812     -0.08053695     -7.67963507      0.11634225      0.00312687      0.11638408      0.01939038 md_running
   607    303.50000000    189.76215287     27.54214885    152.51918565    300.00000000      1.00047750      0.02535751     -7.59877685     -0.08193161     -7.68070846      0.12130308      0.00318243      0.12134275      0.02021718 md_running
   608    304.00000000    189.96699822     27.52248517    151.33395508    300.00000000      1.00048656      0.02516045     -7.59848453     -0.08329363     -7.68177817      0.12373387      0.00323682      0.12377234      0.02062231 md_running
   609    304.50000000    190.15678923     27.50283379    150.95140757    300.00000000      1.00049233      0.02509685     -7.59832748     -0.08461793     -7.68294540      0.12277683      0.00328984      0.12281522      0.02046280 md_running
   610    305.00000000    190.36553108     27.48318865    151.72667627    300.00000000      1.00049127      0.02522574     -7.59836630     -0.08589956     -7.68426586      0.11816065      0.00334132      0.11820024      0.01969344 md_running
   611    305.50000000    190.62509962     27.46353810    153.62748570    300.00000000      1.00048230      0.02554177     -7.59859583     -0.08713378     -7.68572961      0.11023359      0.00339106      0.11027584      0.01837227 md_running
   612    306.00000000    190.83878299     27.44386546    156.22468303    300.00000000      1.00046733      0.02597357     -7.59894370     -0.08831603     -7.68725973      0.09997604      0.00343889      0.10002259      0.01666267 md_running
   613    306.50000000    191.04626516     27.42414993    158.79178454    300.00000000      1.00045056      0.02640037     -7.59928742     -0.08944201     -7.68872942      0.08903211      0.00348464      0.08908454      0.01483868 md_running
   614    307.00000000    191.25309837     27.40436805    160.48700196    300.00000000      1.00043698      0.02668222     -7.59948444     -0.09050762     -7.68999206      0.07972555      0.00352812      0.07978452      0.01328759 md_running
   615    307.50000000    191.45882057     27.38449565    160.57315156    300.00000000      1.00043113      0.02669654     -7.59940985     -0.09150902     -7.69091887      0.07477394      0.00356917      0.07483750      0.01246232 md_running
   616    308.00000000    191.66465464     27.36451021    158.61688580    300.00000000      1.00043633      0.02637130     -7.59899007     -0.09244265     -7.69143272      0.07593796      0.00360763      0.07600143      0.01265633 md_running
   617    308.50000000    191.87048918     27.34439344    154.60890267    300.00000000      1.00045435      0.02570494     -7.59822273     -0.09330521     -7.69152794      0.08273527      0.00364336      0.08279441      0.01378921 md_running
   618    309.00000000    192.08175758     27.32413361    148.97987429    300.00000000      1.00048532      0.02476907     -7.59718025     -0.09409364     -7.69127388      0.09302320      0.00367619      0.09307656      0.01550387 md_running
   619    309.50000000    192.28920499     27.30372739    142.50921346    300.00000000      1.00052731      0.02369327     -7.59599370     -0.09480518     -7.69079888      0.10448652      0.00370601      0.10453461      0.01741442 md_running
   620    310.00000000    192.49432594     27.28318060    136.14606334    300.00000000      1.00057596      0.02263535     -7.59482313     -0.09543733     -7.69026047      0.11539498      0.00373269      0.11543887      0.01923250 md_running
   621    310.50000000    192.75048489     27.26250782    130.79081746    300.00000000      1.00062447      0.02174499     -7.59382039     -0.09598787     -7.68980827      0.12466561      0.00375613      0.12470635      0.02077760 md_running
   622    311.00000000    192.95504437     27.24173065    127.09963007    300.00000000      1.00066479      0.02113131     -7.59309626     -0.09645485     -7.68955111      0.13169355      0.00377625      0.13173200      0.02194893 md_running
   623    311.50000000    193.16610958     27.22087515    125.36538553    300.00000000      1.00069004      0.02084297     -7.59270002     -0.09683660     -7.68953661      0.13622048      0.00379297      0.13625731      0.02270341 md_running
   624    312.00000000    193.37615550     27.19996873    125.50271772    300.00000000      1.00069717      0.02086581     -7.59261691     -0.09713173     -7.68974864      0.13824216      0.00380625      0.13827794      0.02304036 md_running
   625    312.50000000    193.58725238     27.17903729    127.13589455    300.00000000      1.00068794      0.02113733     -7.59278348     -0.09733917     -7.69012265      0.13791215      0.00381605      0.13794737      0.02298536 md_running
   626    313.00000000    193.79457816     27.15810290    129.75484080    300.00000000      1.00066738      0.02157276     -7.59311353     -0.09745818     -7.69057170      0.13545873      0.00382236      0.13549387      0.02257645 md_running
   627    313.50000000    194.00637871     27.13718244    132.88309225    300.00000000      1.00064116      0.02209285     -7.59352671     -0.09748831     -7.69101502      0.13110319      0.00382519      0.13113881      0.02185053 md_running
   628    314.00000000    194.22431571     27.11628711    136.20117143    300.00000000      1.00061351      0.02264451     -7.59397014     -0.09742951     -7.69139965      0.12500107      0.00382454      0.12503781      0.02083351 md_running
   629    314.50000000    194.44330160     27.09542249    139.58892939    300.00000000      1.00058643      0.02320775     -7.59442421     -0.09728206     -7.69170627      0.11723461      0.00382045      0.11727336      0.01953910 md_running
   630    315.00000000    194.65109750     27.07458898    143.08074374    300.00000000      1.00056013      0.02378829     -7.59489617     -0.09704663     -7.69194280      0.10784960      0.00381296      0.10789156      0.01797493 md_running
   631    315.50000000    194.91465652     27.05378236    146.75902323    300.00000000      1.00053402      0.02439983     -7.59540112     -0.09672427     -7.69212539      0.09695829      0.00380213      0.09700518      0.01615972 md_running
   632    316.00000000    195.12524022     27.03299416    150.63002673    300.00000000      1.00050769      0.02504342     -7.59594130     -0.09631640     -7.69225769      0.08490945      0.00378802      0.08496369      0.01415157 md_running
   633    316.50000000    195.33292834     27.01221197    154.52631358    300.00000000      1.00048172      0.02569121     -7.59648925     -0.09582483     -7.69231409      0.07255838      0.00377069      0.07262320      0.01209306 md_running
   634    317.00000000    195.53912485     26.99141983    158.07141035    300.00000000      1.00045780      0.02628061     -7.59698201     -0.09525175     -7.69223375      0.06177368      0.00375023      0.06185198      0.01029561 md_running
   635    317.50000000    195.74648399     26.97059881    160.72456967    300.00000000      1.00043853      0.02672171     -7.59732831     -0.09459970     -7.69192801      0.05587015      0.00372673      0.05595964      0.00931169 md_running
   636    318.00000000    195.96030042     26.94972796    161.89974167    300.00000000      1.00042678      0.02691710     -7.59742873     -0.09387157     -7.69130030      0.05832852      0.00370028      0.05841744      0.00972142 md_running
   637    318.50000000    196.16936046     26.92878573    161.13248113    300.00000000      1.00042520      0.02678953     -7.59720371     -0.09307061     -7.69027432      0.06920101      0.00367100      0.06927884      0.01153350 md_running
   638    319.00000000    196.38109047     26.90775183    158.25709845    300.00000000      1.00043572      0.02631148     -7.59662385     -0.09220036     -7.68882421      0.08509835      0.00363900      0.08516395      0.01418306 md_running
   639    319.50000000    196.58760273     26.88660920    153.53046925    300.00000000      1.00045897      0.02552564     -7.59573135     -0.09126465     -7.68699601      0.10252734      0.00360440      0.10258353      0.01708789 md_running
   640    320.00000000    196.79809240     26.86534613    147.64605410    300.00000000      1.00049373      0.02454731     -7.59464223     -0.09026760     -7.68490983      0.11900604      0.00356734      0.11905566      0.01983434 md_running
   641    320.50000000    197.06643907     26.84395768    141.62654157    300.00000000      1.00053603      0.02354652     -7.59352854     -0.08921355     -7.68274209      0.13279241      0.00352798      0.13283758      0.02213207 md_running
   642    321.00000000    197.27271289     26.82244650    136.61167944    300.00000000      1.00057870      0.02271276     -7.59258289     -0.08810707     -7.68068996      0.14269544      0.00348646      0.14273770      0.02378257 md_running
   643    321.50000000    197.47905867     26.80082240    133.59221265    300.00000000      1.00061209      0.02221075     -7.59197251     -0.08695291     -7.67892542      0.14804573      0.00344297      0.14808622      0.02467429 md_running
   644    322.00000000    197.68446653     26.77910092    133.16757195    300.00000000      1.00062704      0.02214015     -7.59179923     -0.08575602     -7.67755525      0.14869525      0.00339769      0.14873484      0.02478254 md_running
   645    322.50000000    197.89040506     26.75730099    135.40139662    300.00000000      1.00061909      0.02251154     -7.59207422     -0.08452145     -7.67659567      0.14501330      0.00335082      0.14505268      0.02416888 md_running
   646    323.00000000    198.09921026     26.73544228    139.81907463    300.00000000      1.00059093      0.02324601     -7.59271749     -0.08325443     -7.67597192      0.13784462      0.00330256      0.13788430      0.02297410 md_running
   647    323.50000000    198.30599135     26.71354263    145.54872405    300.00000000      1.00055072      0.02419861     -7.59358236     -0.08196029     -7.67554265      0.12842426      0.00325315      0.12846459      0.02140404 md_running
   648    324.00000000    198.51171947     26.69161618    151.56166412    300.00000000      1.00050792      0.02519831     -7.59449490     -0.08064447     -7.67513937      0.11825834      0.00320279      0.11829938      0.01970972 md_running
   649    324.50000000    198.71624737     26.66967245    156.93803976    300.00000000      1.00046985      0.02609217     -7.59530015     -0.07931250     -7.67461265      0.10894572      0.00315174      0.10898708      0.01815762 md_running
   650    325.00000000    198.92729974     26.64771625    161.07770301    300.00000000      1.00044048      0.02678043     -7.59589753     -0.07797000     -7.67386753      0.10187637      0.00310023      0.10191705      0.01697939 md_running
   651    325.50000000    199.19265695     26.62574825    163.79794593    300.00000000      1.00042073      0.02723269     -7.59625644     -0.07662266     -7.67287910      0.09783757      0.00304850      0.09787631      0.01630626 md_running
   652    326.00000000    199.40488611     26.60376559    165.30801462    300.00000000      1.00040934      0.02748375     -7.59641308     -0.07527622     -7.67168930      0.09686184      0.00299679      0.09689755      0.01614364 md_running
   653    326.50000000    199.61689485     26.58176239    166.08872218    300.00000000      1.00040366      0.02761355     -7.59644877     -0.07393646     -7.67038523      0.09826507      0.00294534      0.09829724      0.01637751 md_running
   654    327.00000000    199.82953097     26.55973014    166.71821483    300.00000000      1.00040043      0.02771820     -7.59646168     -0.07260918     -7.66907086      0.10099554      0.00289439      0.10102416      0.01683259 md_running
   655    327.50000000    200.04768262     26.53765793    167.69354635    300.00000000      1.00039654      0.02788036     -7.59653576     -0.07130017     -7.66783593      0.10407102      0.00284417      0.10409653      0.01734517 md_running
   656    328.00000000    200.26195826     26.51553254    169.29468937    300.00000000      1.00038984      0.02814656     -7.59671811     -0.07001518     -7.66673329      0.10678594      0.00279490      0.10680890      0.01779766 md_running
   657    328.50000000    200.47934980     26.49333874    171.52188000    300.00000000      1.00037971      0.02851685     -7.59700872     -0.06875990     -7.66576862      0.10876624      0.00274682      0.10878724      0.01812771 md_running
   658    329.00000000    200.68678689     26.47105990    174.11827340    300.00000000      1.00036710      0.02894852     -7.59736379     -0.06753996     -7.66490375      0.10990691      0.00270014      0.10992650      0.01831782 md_running
   659    329.50000000    200.89810453     26.44867904    176.66778134    300.00000000      1.00035398      0.02937240     -7.59771252     -0.06636086     -7.66407339      0.11027132      0.00265506      0.11029000      0.01837855 md_running
   660    330.00000000    201.10559374     26.42618038    178.73788124    300.00000000      1.00034254      0.02971657     -7.59798136     -0.06522797     -7.66320933      0.10998691      0.00261179      0.11000511      0.01833115 md_running
   661    330.50000000    201.36204563     26.40355127    180.02402987    300.00000000      1.00033449      0.02993040     -7.59811838     -0.06414648     -7.66226486      0.10915405      0.00257054      0.10917206      0.01819234 md_running
   662    331.00000000    201.57066356     26.38078418    180.44837152    300.00000000      1.00033058      0.03000095     -7.59811010     -0.06312140     -7.66123150      0.10779438      0.00253147      0.10781241      0.01796573 md_running
   663    331.50000000    201.77649837     26.35787838    180.17985279    300.00000000      1.00033046      0.02995631     -7.59798518     -0.06215753     -7.66014271      0.10585729      0.00249479      0.10587549      0.01764288 md_running
   664    332.00000000    201.98594746     26.33484072    179.56679494    300.00000000      1.00033284      0.02985438     -7.59780272     -0.06125942     -7.65906214      0.10329515      0.00246067      0.10331359      0.01721586 md_running
   665    332.50000000    202.19684387     26.31168534    179.00230869    300.00000000      1.00033589      0.02976053     -7.59762987     -0.06043135     -7.65806121      0.10019665      0.00242927      0.10021535      0.01669944 md_running
   666    333.00000000    202.41456224     26.28843210    178.76941072    300.00000000      1.00033791      0.02972181     -7.59751480     -0.05967731     -7.65719212      0.09692036      0.00240076      0.09693926      0.01615339 md_running
   667    333.50000000    202.62872259     26.26510403    178.92174147    300.00000000      1.00033802      0.02974714     -7.59746704     -0.05900101     -7.65646805      0.09420475      0.00237529      0.09422376      0.01570079 md_running
   668    334.00000000    202.83605307     26.24172419    179.24615464    300.00000000      1.00033660      0.02980107     -7.59745051     -0.05840583     -7.65585633      0.09315620      0.00235300      0.09317484      0.01552603 md_running
   669    334.50000000    203.04862219     26.21831327    179.32893593    300.00000000      1.00033522      0.02981484     -7.59739461     -0.05789480     -7.65528941      0.09494005      0.00233404      0.09495772      0.01582334 md_running
   670    335.00000000    203.26094455     26.19488769    178.71011139    300.00000000      1.00033608      0.02971195     -7.59722076     -0.05747065     -7.65469142      0.10025217      0.00231852      0.10026842      0.01670869 md_running
   671    335.50000000    203.52068947     26.17145874    177.07583685    300.00000000      1.00034119      0.02944024     -7.59687491     -0.05713574     -7.65401065      0.10887073      0.00230656      0.10888537      0.01814512 md_running
   672    336.00000000    203.72594958     26.14803281    174.42537685    300.00000000      1.00035159      0.02899958     -7.59635578     -0.05689209     -7.65324788      0.11955122      0.00229826      0.11956432      0.01992520 md_running
   673    336.50000000    203.93186528     26.12461245    171.14159002    300.00000000      1.00036671      0.02845363     -7.59572738     -0.05674137     -7.65246874      0.13055610      0.00229371      0.13056792      0.02175935 md_running
   674    337.00000000    204.14447759     26.10119739    167.93341186    300.00000000      1.00038409      0.02792024     -7.59510940     -0.05668486     -7.65179426      0.14011661      0.00229299      0.14012752      0.02335277 md_running
   675    337.50000000    204.35695968     26.07778543    165.67126147    300.00000000      1.00039948      0.02754414     -7.59464891     -0.05672353     -7.65137244      0.14671101      0.00229614      0.14672144      0.02445183 md_running
   676    338.00000000    204.54466510     26.05437297    165.16105467    300.00000000      1.00040775      0.02745931     -7.59448231     -0.05685795     -7.65134026      0.14922405      0.00230321      0.14923447      0.02487068 md_running
   677    338.50000000    204.74789236     26.03095520    166.92080865    300.00000000      1.00040466      0.02775189     -7.59469771     -0.05708834     -7.65178604      0.14702607      0.00231423      0.14703694      0.02450434 md_running
   678    339.00000000    204.95856312     26.00752615    171.02267786    300.00000000      1.00038876      0.02843386     -7.59530798     -0.05741454     -7.65272252      0.14000040      0.00232920      0.14001227      0.02333340 md_running
   679    339.50000000    205.16604825     25.98407875    177.04322299    300.00000000      1.00036226      0.02943482     -7.59624226     -0.05783604     -7.65407830      0.12852339      0.00234810      0.12853700      0.02142057 md_running
   680    340.00000000    205.37236719     25.96060483    184.13315175    300.00000000      1.00033006      0.03061357     -7.59735770     -0.05835196     -7.65570966      0.11341485      0.00237091      0.11343123      0.01890247 md_running
   681    340.50000000    205.63091690     25.93709555    191.18729041    300.00000000      1.00029786      0.03178638     -7.59846811     -0.05896106     -7.65742917      0.09591000      0.00239759      0.09593074      0.01598500 md_running
   682    341.00000000    205.83568485     25.91354226    197.07274927    300.00000000      1.00027051      0.03276488     -7.59938256     -0.05966172     -7.65904429      0.07774771      0.00242806      0.07777532      0.01295795 md_running
   683    341.50000000    206.05142323     25.88993763    200.86427446    300.00000000      1.00025129      0.03339525     -7.59994481     -0.06045201     -7.66039682      0.06159611      0.00246225      0.06163389      0.01026602 md_running
   684    342.00000000    206.26076119     25.86627688    202.02531135    300.00000000      1.00024187      0.03358828     -7.60006427     -0.06132959     -7.66139386      0.05142782      0.00250005      0.05147697      0.00857130 md_running
   685    342.50000000    206.46767439     25.84255902    200.48951824    300.00000000      1.00024268      0.03333295     -7.59972949     -0.06229182     -7.66202131      0.05122839      0.00254137      0.05128197      0.00853807 md_running
   686    343.00000000    206.65619060     25.81878735    196.63842211    300.00000000      1.00025314      0.03269267     -7.59900472     -0.06333568     -7.66234040      0.06017166      0.00258606      0.06022103      0.01002861 md_running
   687    343.50000000    206.85922973     25.79496921    191.18277008    300.00000000      1.00027177      0.03178563     -7.59800956     -0.06445783     -7.66246739      0.07359298      0.00263399      0.07363642      0.01226550 md_running
   688    344.00000000    207.06596981     25.77111487    184.97651244    300.00000000      1.00029634      0.03075379     -7.59688798     -0.06565460     -7.66254259      0.08797134      0.00268500      0.08801017      0.01466189 md_running
   689    344.50000000    207.27604392     25.74723544    178.81757929    300.00000000      1.00032398      0.02972982     -7.59577418     -0.06692200     -7.66269618      0.10156165      0.00273893      0.10159734      0.01692694 md_running
   690    345.00000000    207.48290785     25.72334064    173.29258289    300.00000000      1.00035171      0.02881124     -7.59476620     -0.06825571     -7.66302191      0.11358676      0.00279561      0.11362039      0.01893113 md_running
   691    345.50000000    207.75428927     25.69943665    168.70614136    300.00000000      1.00037705      0.02804871     -7.59391477     -0.06965113     -7.66356590      0.12375247      0.00285485      0.12378480      0.02062541 md_running
   692    346.00000000    207.96738975     25.67552491    165.10869577    300.00000000      1.00039850      0.02745061     -7.59322685     -0.07110337     -7.66433022      0.13198666      0.00291647      0.13201826      0.02199778 md_running
   693    346.50000000    208.18565424     25.65160183    162.40109128    300.00000000      1.00041566      0.02700045     -7.59268490     -0.07260731     -7.66529221      0.13828122      0.00298027      0.13831256      0.02304687 md_running
   694    347.00000000    208.40368938     25.62765945    160.46643708    300.00000000      1.00042873      0.02667880     -7.59226827     -0.07415755     -7.66642581      0.14260557      0.00304604      0.14263709      0.02376760 md_running
   695    347.50000000    208.61235799     25.60368659    159.27486543    300.00000000      1.00043785      0.02648069     -7.59197176     -0.07574851     -7.66772026      0.14487254      0.00311359      0.14490473      0.02414542 md_running
   696    348.00000000    208.81798005     25.57967007    158.92337704    300.00000000      1.00044259      0.02642225     -7.59181191     -0.07737443     -7.66918633      0.14495369      0.00318267      0.14498711      0.02415895 md_running
   697    348.50000000    209.02428438     25.55559573    159.60161586    300.00000000      1.00044186      0.02653501     -7.59182146     -0.07902938     -7.67085084      0.14273423      0.00325309      0.14276955      0.02378904 md_running
   698    349.00000000    209.22926338     25.53144917    161.50218904    300.00000000      1.00043448      0.02685100     -7.59203346     -0.08070733     -7.67274080      0.13819608      0.00332460      0.13823416      0.02303268 md_running
   699    349.50000000    209.43475580     25.50721598    164.71151000    300.00000000      1.00041983      0.02738457     -7.59246373     -0.08240216     -7.67486588      0.13149662      0.00339696      0.13153850      0.02191610 md_running
   700    350.00000000    209.63944540     25.48288172    169.12034571    300.00000000      1.00039860      0.02811758     -7.59309470     -0.08410765     -7.67720235      0.12307471      0.00346993      0.12312165      0.02051245 md_running
   701    350.50000000    209.90330034     25.45843183    174.38467147    300.00000000      1.00037284      0.02899281     -7.59386876     -0.08581758     -7.67968633      0.11373805      0.00354325      0.11379147      0.01895634 md_running
   702    351.00000000    210.12044635     25.43385161    179.95348292    300.00000000      1.00034558      0.02991867     -7.59469352     -0.08752571     -7.68221923      0.10476170      0.00361667      0.10482280      0.01746028 md_running
   703    351.50000000    210.33889238     25.40912649    185.16222476    300.00000000      1.00032005      0.03078467     -7.59545684     -0.08922582     -7.68468266      0.09784081      0.00368991      0.09790980      0.01630680 md_running
   704    352.00000000    210.55633258     25.38424282    189.37266503    300.00000000      1.00029898      0.03148468     -7.59605095     -0.09091172     -7.68696267      0.09473047      0.00376272      0.09480566      0.01578841 md_running
   705    352.50000000    210.76899667     25.35918898    192.12728037    300.00000000      1.00028416      0.03194266     -7.59639781     -0.09257728     -7.68897509      0.09644901      0.00383482      0.09652686      0.01607484 md_running
   706    353.00000000    210.98740582     25.33395675    193.28359718    300.00000000      1.00027624      0.03213491     -7.59647259     -0.09421647     -7.69068906      0.10239866      0.00390593      0.10247589      0.01706644 md_running
   707    353.50000000    211.19556202     25.30854248    193.07722895    300.00000000      1.00027464      0.03210060     -7.59631462     -0.09582333     -7.69213795      0.11067183      0.00397578      0.11074677      0.01844530 md_running
   708    354.00000000    211.40713226     25.28294800    192.08143489    300.00000000      1.00027758      0.03193504     -7.59602036     -0.09739203     -7.69341238      0.11900517      0.00404411      0.11907788      0.01983420 md_running
   709    354.50000000    211.61426569     25.25718057    191.07062464    300.00000000      1.00028228      0.03176698     -7.59572069     -0.09891683     -7.69463752      0.12543075      0.00411065      0.12550225      0.02090512 md_running
   710    355.00000000    211.83063097     25.23125192    190.81741799    300.00000000      1.00028541      0.03172489     -7.59554642     -0.10039216     -7.69593859      0.12856691      0.00417515      0.12863869      0.02142782 md_running
   711    355.50000000    212.09583029     25.20517626    191.87875085    300.00000000      1.00028406      0.03190134     -7.59559211     -0.10181259     -7.69740470      0.12769266      0.00423737      0.12776649      0.02128211 md_running
   712    356.00000000    212.30112174     25.17896788    194.43215214    300.00000000      1.00027669      0.03232586     -7.59588841     -0.10317284     -7.69906125      0.12276651      0.00429707      0.12284446      0.02046109 md_running
   713    356.50000000    212.51223803     25.15263863    198.21575106    300.00000000      1.00026381      0.03295492     -7.59639125     -0.10446782     -7.70085908      0.11441176      0.00435404      0.11449613      0.01906863 md_running
   714    357.00000000    212.71878098     25.12619618    202.59488861    300.00000000      1.00024772      0.03368298     -7.59699379     -0.10569266     -7.70268645      0.10389905      0.00440808      0.10399228      0.01731651 md_running
   715    357.50000000    212.92808042     25.09964346    206.73548846    300.00000000      1.00023159      0.03437139     -7.59755486     -0.10684270     -7.70439756      0.09312461      0.00445902      0.09322856      0.01552077 md_running
   716    358.00000000    213.14049021     25.07297912    209.83028261    300.00000000      1.00021845      0.03488592     -7.59793817     -0.10791354     -7.70585172      0.08448456      0.00450667      0.08459873      0.01408076 md_running
   717    358.50000000    213.35316268     25.04619898    211.31057446    300.00000000      1.00021042      0.03513203     -7.59804759     -0.10890108     -7.70694867      0.08034572      0.00455090      0.08046498      0.01339095 md_running
   718    359.00000000    213.57177735     25.01929780    210.97677658    300.00000000      1.00020851      0.03507654     -7.59784970     -0.10980153     -7.70765122      0.08174708      0.00459156      0.08186337      0.01362451 md_running
   719    359.50000000    213.76599684     24.99227084    209.01893104    300.00000000      1.00021262      0.03475103     -7.59737672     -0.11061142     -7.70798813      0.08787529      0.00462854      0.08798248      0.01464588 md_running
   720    360.00000000    213.97732900     24.96511488    205.94911243    300.00000000      1.00022166      0.03424065     -7.59671498     -0.11132766     -7.70804265      0.09677085      0.00466172      0.09686733      0.01612848 md_running
   721    360.50000000    214.24283806     24.93782878    202.47095678    300.00000000      1.00023373      0.03366238     -7.59598308     -0.11194756     -7.70793064      0.10645670      0.00469099      0.10654376      0.01774278 md_running
   722    361.00000000    214.44977097     24.91041342    199.31955172    300.00000000      1.00024633      0.03313843     -7.59530519     -0.11246880     -7.70777399      0.11547933      0.00471628      0.11555956      0.01924656 md_running
   723    361.50000000    214.65478260     24.88287120    197.10987605    300.00000000      1.00025680      0.03277106     -7.59478481     -0.11288950     -7.70767432      0.12292185      0.00473749      0.12299769      0.02048697 md_running
   724    362.00000000    214.86158854     24.85520576    196.22656972    300.00000000      1.00026294      0.03262420     -7.59448680     -0.11320820     -7.70769500      0.12827019      0.00475456      0.12834372      0.02137837 md_running
   725    362.50000000    215.07740929     24.82742187    196.77716878    300.00000000      1.00026356      0.03271574     -7.59442901     -0.11342385     -7.70785285      0.13128987      0.00476744      0.13136289      0.02188164 md_running
   726    363.00000000    215.28647629     24.79952550    198.61248331    300.00000000      1.00025877      0.03302088     -7.59458635     -0.11353586     -7.70812221      0.13192777      0.00477606      0.13200177      0.02198796 md_running
   727    363.50000000    215.49880681     24.77152443    201.40178374    300.00000000      1.00024972      0.03348462     -7.59490282     -0.11354405     -7.70844688      0.13025074      0.00478041      0.13032704      0.02170846 md_running
   728    364.00000000    215.71727904     24.74342891    204.73969168    300.00000000      1.00023813      0.03403957     -7.59531018     -0.11344868     -7.70875887      0.12639280      0.00478046      0.12647270      0.02106547 md_running
   729    364.50000000    215.93057398     24.71525230    208.25221496    300.00000000      1.00022567      0.03462356     -7.59574580     -0.11325042     -7.70899622      0.12052148      0.00477621      0.12060624      0.02008691 md_running
   730    365.00000000    216.14168100     24.68701132    211.67314178    300.00000000      1.00021356      0.03519231     -7.59616532     -0.11295033     -7.70911565      0.11280884      0.00476768      0.11290012      0.01880147 md_running
   731    365.50000000    216.40421557     24.65872566    214.86751747    300.00000000      1.00020246      0.03572340     -7.59654664     -0.11254989     -7.70909653      0.10344408      0.00475488      0.10354389      0.01724068 md_running
   732    366.00000000    216.61652808     24.63041700    217.79629345    300.00000000      1.00019251      0.03621033     -7.59688435     -0.11205095     -7.70893530      0.09267761      0.00473789      0.09278902      0.01544627 md_running
   733    366.50000000    216.83421972     24.60210702    220.43688690    300.00000000      1.00018369      0.03664935     -7.59717615     -0.11145574     -7.70863188      0.08095821      0.00471677      0.08108530      0.01349303 md_running
   734    367.00000000    217.05414329     24.57381510    222.69115018    300.00000000      1.00017605      0.03702414     -7.59740620     -0.11076683     -7.70817304      0.06921966      0.00469161      0.06936730      0.01153661 md_running
   735    367.50000000    217.26788603     24.54555613    224.32486112    300.00000000      1.00016999      0.03729576     -7.59753587     -0.10998718     -7.70752304      0.05938459      0.00466253      0.05955492      0.00989743 md_running
   736    368.00000000    217.47793746     24.51733891    224.97228476    300.00000000      1.00016635      0.03740340     -7.59750338     -0.10912004     -7.70662342      0.05475939      0.00462967      0.05494125      0.00912656 md_running
   737    368.50000000    217.69607009     24.48916583    224.21832058    300.00000000      1.00016627      0.03727805     -7.59723827     -0.10816904     -7.70540731      0.05843462      0.00459318      0.05860173      0.00973910 md_running
   738    369.00000000    217.91533222     24.46103320    221.73626365    300.00000000      1.00017095      0.03686538     -7.59668443     -0.10713813     -7.70382256      0.06999712      0.00455325      0.07013318      0.01166619 md_running
   739    369.50000000    218.10631402     24.43293267    217.43629528    300.00000000      1.00018131      0.03615048     -7.59582552     -0.10603157     -7.70185709      0.08629041      0.00451005      0.08639756      0.01438173 md_running
   740    370.00000000    218.31844994     24.40485279    211.57653346    300.00000000      1.00019768      0.03517625     -7.59470376     -0.10485394     -7.69955770      0.10413328      0.00446381      0.10421914      0.01735555 md_running
   741    370.50000000    218.58572293     24.37678049    204.78439739    300.00000000      1.00021934      0.03404700     -7.59342450     -0.10361014     -7.69703464      0.12114818      0.00441474      0.12121937      0.02019136 md_running
   742    371.00000000    218.79323970     24.34870211    197.96589425    300.00000000      1.00024431      0.03291338     -7.59214006     -0.10230535     -7.69444541      0.13565400      0.00436305      0.13571534      0.02260900 md_running
   743    371.50000000    219.00344390     24.32060383    192.13125532    300.00000000      1.00026918      0.03194332     -7.59102086     -0.10094502     -7.69196588      0.14644503      0.00430900      0.14649994      0.02440751 md_running
   744    372.00000000    219.21640859     24.29247203    188.18375298    300.00000000      1.00028959      0.03128702     -7.59021942     -0.09953488     -7.68975430      0.15276859      0.00425282      0.15281953      0.02546143 md_running
   745    372.50000000    219.43501243     24.26429337    186.72598773    300.00000000      1.00030132      0.03104465     -7.58983738     -0.09808088     -7.68791826      0.15433867      0.00419476      0.15438752      0.02572311 md_running
   746    373.00000000    219.64768084     24.23605501    187.93224427    300.00000000      1.00030181      0.03124520     -7.58990476     -0.09658918     -7.68649394      0.15133862      0.00413507      0.15138692      0.02522310 md_running
   747    373.50000000    219.85393525     24.20774461    191.51770775    300.00000000      1.00029128      0.03184131     -7.59037373     -0.09506613     -7.68543986      0.14439990      0.00407401      0.14444902      0.02406665 md_running
   748    374.00000000    220.07101924     24.17935050    196.80908137    300.00000000      1.00027255      0.03272105     -7.59113110     -0.09351825     -7.68464936      0.13453584      0.00401183      0.13458706      0.02242264 md_running
   749    374.50000000    220.28046044     24.15086209    202.89541015    300.00000000      1.00024987      0.03373295     -7.59202350     -0.09195217     -7.68397567      0.12307532      0.00394882      0.12312976      0.02051255 md_running
   750    375.00000000    220.49499250     24.12227044    208.82406464    300.00000000      1.00022740      0.03471863     -7.59289049     -0.09037461     -7.68326511      0.11159963      0.00388522      0.11165803      0.01859994 md_running
   751    375.50000000    220.74648108     24.09356888    213.79622766    300.00000000      1.00020825      0.03554529     -7.59359777     -0.08879238     -7.68239015      0.10176048      0.00382132      0.10182280      0.01696008 md_running
   752    376.00000000    220.95976093     24.06475340    217.31030211    300.00000000      1.00019414      0.03612953     -7.59406078     -0.08721228     -7.68127306      0.09496039      0.00375739      0.09502533      0.01582673 md_running
   753    376.50000000    221.16876164     24.03582271    219.22876451    300.00000000      1.00018555      0.03644849     -7.59425676     -0.08564115     -7.67989791      0.09204069      0.00369371      0.09210577      0.01534012 md_running
   754    377.00000000    221.38272089     24.00677755    219.76352640    300.00000000      1.00018194      0.03653740     -7.59422154     -0.08408577     -7.67830730      0.09284616      0.00363055      0.09290873      0.01547436 md_running
   755    377.50000000    221.58977981     23.97761942    219.37588167    300.00000000      1.00018204      0.03647295     -7.59403322     -0.08255286     -7.67658608      0.09629096      0.00356821      0.09634934      0.01604849 md_running
   756    378.00000000    221.80684004     23.94834885    218.61718151    300.00000000      1.00018415      0.03634681     -7.59378532     -0.08104907     -7.67483439      0.10096147      0.00350696      0.10101521      0.01682691 md_running
   757    378.50000000    222.01940761     23.91896362    217.96102769    300.00000000      1.00018660      0.03623772     -7.59355778     -0.07958090     -7.67313868      0.10565191      0.00344709      0.10570134      0.01760865 md_running
   758    379.00000000    222.22741962     23.88945749    217.68086254    300.00000000      1.00018817      0.03619114     -7.59339653     -0.07815474     -7.67155127      0.10959225      0.00338889      0.10963800      0.01826537 md_running
   759    379.50000000    222.43331034     23.85981996    217.81031924    300.00000000      1.00018837      0.03621267     -7.59330658     -0.07677678     -7.67008336      0.11243879      0.00333264      0.11248154      0.01873980 md_running
   760    380.00000000    222.64664658     23.83003705    218.19328768    300.00000000      1.00018743      0.03627634     -7.59326070     -0.07545307     -7.66871377      0.11413541      0.00327863      0.11417575      0.01902257 md_running
   761    380.50000000    222.90439453     23.80009296    218.59522727    300.00000000      1.00018607      0.03634316     -7.59321847     -0.07418942     -7.66740789      0.11476791      0.00322711      0.11480643      0.01912798 md_running
   762    381.00000000    223.11532880     23.76997212    218.82552984    300.00000000      1.00018500      0.03638145     -7.59314726     -0.07299143     -7.66613869      0.11445108      0.00317837      0.11448833      0.01907518 md_running
   763    381.50000000    223.32914314     23.73966114    218.82346666    300.00000000      1.00018466      0.03638111     -7.59303669     -0.07186446     -7.66490114      0.11327174      0.00313265      0.11330820      0.01887862 md_running
   764    382.00000000    223.53710549     23.70915050    218.68161835    300.00000000      1.00018499      0.03635753     -7.59290239     -0.07081360     -7.66371599      0.11128599      0.00309020      0.11132215      0.01854766 md_running
   765    382.50000000    223.75418111     23.67843545    218.60561359    300.00000000      1.00018548      0.03634489     -7.59277944     -0.06984368     -7.66262312      0.10856463      0.00305124      0.10860100      0.01809411 md_running
   766    383.00000000    223.96796036     23.64751644    218.82983069    300.00000000      1.00018537      0.03638217     -7.59270769     -0.06895923     -7.66166691      0.10528455      0.00301599      0.10532157      0.01754742 md_running
   767    383.50000000    224.18537270     23.61639904    219.52168592    300.00000000      1.00018400      0.03649719     -7.59271587     -0.06816444     -7.66088031      0.10181554      0.00298465      0.10185351      0.01696926 md_running
   768    384.00000000    224.37920686     23.58509362    220.70672586    300.00000000      1.00018105      0.03669422     -7.59280851     -0.06746321     -7.66027172      0.09878197      0.00295739      0.09882111      0.01646366 md_running
   769    384.50000000    224.58459014     23.55361457    222.23725563    300.00000000      1.00017674      0.03694868     -7.59296090     -0.06685906     -7.65981996      0.09703734      0.00293438      0.09707738      0.01617289 md_running
   770    385.00000000    224.79193197     23.52197981    223.81767069    300.00000000      1.00017181      0.03721143     -7.59312276     -0.06635515     -7.65947791      0.09749349      0.00291577      0.09753364      0.01624892 md_running
   771    385.50000000    225.05009963     23.49021019    225.08394523    300.00000000      1.00016734      0.03742196     -7.59323247     -0.06595426     -7.65918673      0.10077171      0.00290169      0.10081100      0.01679529 md_running
   772    386.00000000    225.26488815     23.45832891    225.71721482    300.00000000      1.00016438      0.03752725     -7.59323542     -0.06565879     -7.65889420      0.10691386      0.00289224      0.10695150      0.01781898 md_running
   773    386.50000000    225.47366108     23.42636069    225.56579704    300.00000000      1.00016364      0.03750207     -7.59310519     -0.06547069     -7.65857589      0.11529770      0.00288752      0.11533333      0.01921628 md_running
   774    387.00000000    225.67937950     23.39433121    224.74550565    300.00000000      1.00016521      0.03736569     -7.59286012     -0.06539155     -7.65825166      0.12466082      0.00288760      0.12469456      0.02077680 md_running
   775    387.50000000    225.88504396     23.36226618    223.67035501    300.00000000      1.00016832      0.03718694     -7.59256984     -0.06542247     -7.65799231      0.13346851      0.00289254      0.13350080      0.02224475 md_running
   776    388.00000000    226.09610039     23.33019028    222.98474660    300.00000000      1.00017136      0.03707295     -7.59234289     -0.06556415     -7.65790704      0.14024462      0.00290237      0.14027615      0.02337410 md_running
   777    388.50000000    226.30238458     23.29812573    223.40910814    300.00000000      1.00017215      0.03714351     -7.59230118     -0.06581685     -7.65811803      0.14373001      0.00291712      0.14376153      0.02395500 md_running
   778    389.00000000    226.51517822     23.26609089    225.53448030    300.00000000      1.00016859      0.03749687     -7.59254546     -0.06618034     -7.65872580      0.14303264      0.00293679      0.14306506      0.02383877 md_running
   779    389.50000000    226.72271458     23.23409892    229.62609459    300.00000000      1.00015948      0.03817713     -7.59312116     -0.06665399     -7.65977516      0.13772857      0.00296136      0.13776303      0.02295476 md_running
   780    390.00000000    226.91813302     23.20215701    235.50378293    300.00000000      1.00014512      0.03915434     -7.59399877     -0.06723670     -7.66123547      0.12789880      0.00299081      0.12793677      0.02131647 md_running
   781    390.50000000    227.16974902     23.17026655    242.54548230    300.00000000      1.00012727      0.04032508     -7.59507338     -0.06792690     -7.66300028      0.11413454      0.00302508      0.11417812      0.01902242 md_running
   782    391.00000000    227.37526559     23.13842420    249.81655387    300.00000000      1.00010856      0.04153395     -7.59618725     -0.06872261     -7.66490987      0.09750632      0.00306411      0.09755856      0.01625105 md_running
   783    391.50000000    227.58822432     23.10662365    256.28304855    300.00000000      1.00009161      0.04260906     -7.59716592     -0.06962142     -7.66678734      0.07962110      0.00310783      0.07968673      0.01327018 md_running
   784    392.00000000    227.79460563     23.07485756    261.04527193    300.00000000      1.00007847      0.04340081     -7.59785738     -0.07062048     -7.66847786      0.06299936      0.00315612      0.06308464      0.01049989 md_running
   785    392.50000000    228.00856609     23.04311929    263.52011053    300.00000000      1.00007035      0.04381228     -7.59816337     -0.07171654     -7.66987991      0.05148130      0.00320889      0.05158875      0.00858022 md_running
   786    393.00000000    228.22140005     23.01140419    263.52597021    300.00000000      1.00006769      0.04381325     -7.59805337     -0.07290596     -7.67095933      0.04956759      0.00326598      0.04968272      0.00826127 md_running
   787    393.50000000    228.42802028     22.97971004    261.27316962    300.00000000      1.00007027      0.04343870     -7.59756268     -0.07418472     -7.67174740      0.05761565      0.00332724      0.05771779      0.00960261 md_running
   788    394.00000000    228.63389844     22.94803723    257.28013926    300.00000000      1.00007740      0.04277483     -7.59677839     -0.07554843     -7.67232683      0.07109136      0.00339251      0.07117690      0.01184856 md_running
   789    394.50000000    228.85038316     22.91638812    252.24029202    300.00000000      1.00008794      0.04193692     -7.59581733     -0.07699240     -7.67280973      0.08602550      0.00346159      0.08609889      0.01433758 md_running
   790    395.00000000    229.06830429     22.88476618    246.87224721    300.00000000      1.00010050      0.04104444     -7.59479982     -0.07851157     -7.67331139      0.10036404      0.00353428      0.10042989      0.01672734 md_running
   791    395.50000000    229.33016753     22.85317488    241.78964762    300.00000000      1.00011359      0.04019942     -7.59382882     -0.08010062     -7.67392944      0.11312157      0.00361034      0.11318299      0.01885360 md_running
   792    396.00000000    229.54061234     22.82161713    237.41869010    300.00000000      1.00012584      0.03947271     -7.59297546     -0.08175393     -7.67472939      0.12382193      0.00368953      0.12388109      0.02063699 md_running
   793    396.50000000    229.74782274     22.79009472    233.97582172    300.00000000      1.00013628      0.03890031     -7.59227530     -0.08346564     -7.67574094      0.13224860      0.00377159      0.13230708      0.02204143 md_running
   794    397.00000000    229.95969834     22.75860790    231.50192499    300.00000000      1.00014435      0.03848900     -7.59173428     -0.08522964     -7.67696392      0.13832619      0.00385626      0.13838521      0.02305436 md_running
   795    397.50000000    230.17885659     22.72715512    229.93863863    300.00000000      1.00014994      0.03822909     -7.59134193     -0.08703964     -7.67838157      0.14204173      0.00394323      0.14210235      0.02367362 md_running
   796    398.00000000    230.39271075     22.69573287    229.21961808    300.00000000      1.00015315      0.03810955     -7.59108635     -0.08888912     -7.67997547      0.14340650      0.00403222      0.14346978      0.02390108 md_running
   797    398.50000000    230.60655572     22.66433543    229.34486622    300.00000000      1.00015402      0.03813037     -7.59096718     -0.09077142     -7.68173860      0.14242242      0.00412290      0.14248948      0.02373707 md_running
   798    399.00000000    230.81793025     22.63295464    230.40814225    300.00000000      1.00015240      0.03830715     -7.59100064     -0.09267974     -7.68368038      0.13906746      0.00421497      0.13913956      0.02317791 md_running
   799    399.50000000    231.02562317     22.60157959    232.56028825    300.00000000      1.00014794      0.03866496     -7.59121267     -0.09460714     -7.68581980      0.13330694      0.00430810      0.13338565      0.02221782 md_running
   800    400.00000000    231.23742740     22.57019608    235.91523573    300.00000000      1.00014035      0.03922275     -7.59162359     -0.09654658     -7.68817016      0.12514377      0.00440196      0.12523126      0.02085730 md_running
   801    400.50000000    231.50660550     22.53878592    240.43019604    300.00000000      1.00012969      0.03997340     -7.59222757     -0.09849095     -7.69071852      0.11473326      0.00449622      0.11483257      0.01912221 md_running
   802    401.00000000    231.71930459     22.50732647    245.81205004    300.00000000      1.00011666      0.04086817     -7.59297613     -0.10043309     -7.69340922      0.10254229      0.00459055      0.10265755      0.01709038 md_running
   803    401.50000000    231.92671777     22.47579089    251.49914623    300.00000000      1.00010263      0.04181370     -7.59377505     -0.10236580     -7.69614084      0.08956712      0.00468464      0.08970365      0.01492785 md_running
   804    402.00000000    232.13553927     22.44414895    256.74256224    300.00000000      1.00008932      0.04268545     -7.59449790     -0.10428189     -7.69877979      0.07767114      0.00477816      0.07783380      0.01294519 md_running
   805    402.50000000    232.34217227     22.41236855    260.77060434    300.00000000      1.00007847      0.04335515     -7.59501378     -0.10617419     -7.70118798      0.06975986      0.00487079      0.06994703      0.01162664 md_running
   806    403.00000000    232.54707803     22.38041758    262.98298115    300.00000000      1.00007139      0.04372297     -7.59522097     -0.10803562     -7.70325658      0.06890480      0.00496222      0.06910108      0.01148413 md_running
   807    403.50000000    232.75635114     22.34826580    263.11277875    300.00000000      1.00006882      0.04374455     -7.59507379     -0.10985915     -7.70493294      0.07586583      0.00505215      0.07605059      0.01264431 md_running
   808    404.00000000    232.96290736     22.31588678    261.31555093    300.00000000      1.00007078      0.04344575     -7.59459736     -0.11163791     -7.70623528      0.08814239      0.00514028      0.08830726      0.01469040 md_running
   809    404.50000000    233.16763651     22.28325926    258.15720582    300.00000000      1.00007652      0.04292065     -7.59388704     -0.11336519     -7.70725223      0.10217904      0.00522630      0.10232594      0.01702984 md_running
   810    405.00000000    233.38470162     22.25036829    254.49070983    300.00000000      1.00008459      0.04231107     -7.59308655     -0.11503446     -7.70812101      0.11523237      0.00530994      0.11536646      0.01920539 md_running
   811    405.50000000    233.65121112     22.21720553    251.25817306    300.00000000      1.00009297      0.04177363     -7.59235489     -0.11663941     -7.70899430      0.12545762      0.00539091      0.12558413      0.02090960 md_running
   812    406.00000000    233.86548384     22.18376912    249.27146901    300.00000000      1.00009946      0.04144333     -7.59182912     -0.11817400     -7.71000312      0.13173928      0.00546892      0.13186304      0.02195655 md_running
   813    406.50000000    234.08195324     22.15006311    249.02470664    300.00000000      1.00010229      0.04140230     -7.59159299     -0.11963245     -7.71122543      0.13361390      0.00554370      0.13373956      0.02226898 md_running
   814    407.00000000    234.29245294     22.11609666    250.58623024    300.00000000      1.00010063      0.04166192     -7.59165839     -0.12100929     -7.71266769      0.13124010      0.00561499      0.13137212      0.02187335 md_running
   815    407.50000000    234.49859684     22.08188329    253.59833347    300.00000000      1.00009494      0.04216270     -7.59196502     -0.12229939     -7.71426441      0.12537683      0.00568253      0.12551969      0.02089614 md_running
   816    408.00000000    234.70743577     22.04744005    257.38406451    300.00000000      1.00008669      0.04279211     -7.59239878     -0.12349793     -7.71589672      0.11733972      0.00574606      0.11749768      0.01955662 md_running
   817    408.50000000    234.92456601     22.01278675    261.13180072    300.00000000      1.00007782      0.04341520     -7.59282275     -0.12460049     -7.71742324      0.10890020      0.00580536      0.10907623      0.01815003 md_running
   818    409.00000000    235.13530440     21.97794507    264.10843586    300.00000000      1.00007018      0.04391009     -7.59311314     -0.12560299     -7.71871614      0.10207907      0.00586019      0.10227243      0.01701318 md_running
   819    409.50000000    235.34911171     21.94293788    265.85337557    300.00000000      1.00006500      0.04420020     -7.59319185     -0.12650177     -7.71969363      0.09866620      0.00591036      0.09887148      0.01644437 md_running
   820    410.00000000    235.53796183     21.90778787    266.29346875    300.00000000      1.00006274      0.04427337     -7.59304714     -0.12729355     -7.72034069      0.09937488      0.00595567      0.09958419      0.01656248 md_running
   821    410.50000000    235.79234202     21.87251595    265.74193971    300.00000000      1.00006305      0.04418167     -7.59273224     -0.12797545     -7.72070769      0.10365214      0.00599595      0.10385857      0.01727536 md_running
   822    411.00000000    235.99854865     21.83713982    264.79563542    300.00000000      1.00006492      0.04402434     -7.59234829     -0.12854504     -7.72089333      0.11007507      0.00603105      0.11027479      0.01834585 md_running
   823    411.50000000    236.21060356     21.80167285    264.16003252    300.00000000      1.00006689      0.04391867     -7.59201493     -0.12900027     -7.72101520      0.11704916      0.00606086      0.11724130      0.01950819 md_running
   824    412.00000000    236.40739513     21.76612346    264.45563683    300.00000000      1.00006747      0.04396781     -7.59183739     -0.12933955     -7.72117694      0.12330902      0.00608527      0.12349490      0.02055150 md_running
   825    412.50000000    236.62437770     21.73049468    266.06620195    300.00000000      1.00006553      0.04423558     -7.59188057     -0.12956171     -7.72144228      0.12803867      0.00610420      0.12822027      0.02133978 md_running
   826    413.00000000    236.84342978     21.69478476    269.07934487    300.00000000      1.00006062      0.04473654     -7.59215880     -0.12966603     -7.72182483      0.13083448      0.00611762      0.13101409      0.02180575 md_running
   827    413.50000000    237.05191710     21.65898823    273.32982599    300.00000000      1.00005301      0.04544322     -7.59264396     -0.12965225     -7.72229621      0.13156292      0.00612551      0.13174317      0.02192715 md_running
   828    414.00000000    237.26347691     21.62309744    278.50705916    300.00000000      1.00004343      0.04630397     -7.59328338     -0.12952055     -7.72280392      0.13024710      0.00612786      0.13043019      0.02170785 md_running
   829    414.50000000    237.47065525     21.58710488    284.27855370    300.00000000      1.00003275      0.04726353     -7.59402110     -0.12927157     -7.72329267      0.12695366      0.00612470      0.12714154      0.02115894 md_running
   830    415.00000000    237.67736765     21.55100537    290.38419368    300.00000000      1.00002167      0.04827864     -7.59481379     -0.12890645     -7.72372024      0.12174535      0.00611609      0.12194031      0.02029089 md_running
   831    415.50000000    237.93497171     21.51479744    296.67581425    300.00000000      1.00001063      0.04932467     -7.59563725     -0.12842676     -7.72406401      0.11467697      0.00610209      0.11488251      0.01911283 md_running
   832    416.00000000    238.15117343     21.47848367    303.09721440    300.00000000      0.99999980      0.05039228     -7.59648312     -0.12783457     -7.72431768      0.10581114      0.00608279      0.10603273      0.01763519 md_running
   833    416.50000000    238.36549531     21.44207050    309.61599437    300.00000000      0.99998923      0.05147608     -7.59734734     -0.12713239     -7.72447972      0.09527922      0.00605829      0.09552469      0.01587987 md_running
   834    417.00000000    238.57636036     21.40556788    316.14011448    300.00000000      0.99997899      0.05256076     -7.59821555     -0.12632320     -7.72453875      0.08340723      0.00602871      0.08368754      0.01390121 md_running
   835    417.50000000    238.79323128     21.36898871    322.45016680    300.00000000      0.99996929      0.05360986     -7.59905179     -0.12541044     -7.72446223      0.07094344      0.00599420      0.07127307      0.01182391 md_running
   836    418.00000000    239.01341091     21.33234824    328.17237980    300.00000000      0.99996049      0.05456122     -7.59979384     -0.12439797     -7.72419181      0.05948283      0.00595490      0.05987584      0.00991380 md_running
   837    418.50000000    239.22578197     21.29566323    332.80867189    300.00000000      0.99995314      0.05533204     -7.60035802     -0.12329007     -7.72364809      0.05207954      0.00591099      0.05252753      0.00867992 md_running
   838    419.00000000    239.43268293     21.25895115    335.82380625    300.00000000      0.99994782      0.05583333     -7.60065411     -0.12209142     -7.72274553      0.05260119      0.00586266      0.05304412      0.00876687 md_running
   839    419.50000000    239.64695655     21.22222901    336.77080067    300.00000000      0.99994509      0.05599077     -7.60060622     -0.12080709     -7.72141331      0.06197356      0.00581011      0.06234909      0.01032893 md_running
   840    420.00000000    239.86500238     21.18551235    335.42535476    300.00000000      0.99994533      0.05576708     -7.60017571     -0.11944250     -7.71961821      0.07721354      0.00575356      0.07751438      0.01286892 md_running
   841    420.50000000    240.11334472     21.14881427    331.89871454    300.00000000      0.99994865      0.05518075     -7.59938026     -0.11800341     -7.71738366      0.09496162      0.00569325      0.09520537      0.01582694 md_running
   842    421.00000000    240.32148179     21.11214444    326.69435836    300.00000000      0.99995477      0.05431549     -7.59830347     -0.11649587     -7.71479934      0.11277938      0.00562944      0.11298332      0.01879656 md_running
   843    421.50000000    240.53187686     21.07550830    320.67577270    300.00000000      0.99996291      0.05331485     -7.59709053     -0.11492623     -7.71201676      0.12882283      0.00556241      0.12899975      0.02147047 md_running
   844    422.00000000    240.74378965     21.03890602    314.92259782    300.00000000      0.99997179      0.05235834     -7.59592332     -0.11330109     -7.70922441      0.14174927      0.00549245      0.14190829      0.02362488 md_running
   845    422.50000000    240.95547190     21.00233157    310.50137973    300.00000000      0.99997975      0.05162328     -7.59498234     -0.11162725     -7.70660959      0.15058527      0.00541987      0.15073274      0.02509755 md_running
   846    423.00000000    241.16890083     20.96577226    308.21849053    300.00000000      0.99998513      0.05124373     -7.59440364     -0.10991173     -7.70431537      0.15475791      0.00534499      0.15489880      0.02579299 md_running
   847    423.50000000    241.38678310     20.92920859    308.42943776    300.00000000      0.99998679      0.05127880     -7.59424781     -0.10816171     -7.70240952      0.15414308      0.00526817      0.15428148      0.02569051 md_running
   848    424.00000000    241.59552360     20.89261489    310.96808185    300.00000000      0.99998451      0.05170087     -7.59448667     -0.10638451     -7.70087118      0.14907550      0.00518975      0.14921505      0.02484592 md_running
   849    424.50000000    241.80124723     20.85596070    315.22108242    300.00000000      0.99997902      0.05240797     -7.59501633     -0.10458758     -7.69960391      0.14030672      0.00511011      0.14045125      0.02338445 md_running
   850    425.00000000    242.00704363     20.81921270    320.31344787    300.00000000      0.99997172      0.05325461     -7.59568910     -0.10277842     -7.69846752      0.12893640      0.00502963      0.12908942      0.02148940 md_running
   851    425.50000000    242.26334417     20.78233722    325.33961229    300.00000000      0.99996410      0.05409025     -7.59635182     -0.10096464     -7.69731645      0.11633533      0.00494868      0.11649970      0.01938922 md_running
   852    426.00000000    242.46700369     20.74530310    329.57591520    300.00000000      0.99995739      0.05479457     -7.59688293     -0.09915384     -7.69603677      0.10405180      0.00486766      0.10422947      0.01734197 md_running
   853    426.50000000    242.68396128     20.70808371    332.60956932    300.00000000      0.99995232      0.05529894     -7.59721322     -0.09735367     -7.69456689      0.09355715      0.00478694      0.09374776      0.01559286 md_running
   854    427.00000000    242.89169150     20.67065872    334.36283490    300.00000000      0.99994910      0.05559043     -7.59733020     -0.09557174     -7.69290193      0.08616039      0.00470693      0.08635963      0.01436006 md_running
   855    427.50000000    243.10781191     20.63301539    335.03747833    300.00000000      0.99994755      0.05570260     -7.59726801     -0.09381561     -7.69108362      0.08266125      0.00462800      0.08286132      0.01377687 md_running
   856    428.00000000    243.31601567     20.59514887    335.00328493    300.00000000      0.99994723      0.05569691     -7.59708981     -0.09209276     -7.68918258      0.08296681      0.00455053      0.08315921      0.01382780 md_running
   857    428.50000000    243.52346765     20.55706208    334.66480406    300.00000000      0.99994758      0.05564064     -7.59686380     -0.09041060     -7.68727439      0.08616616      0.00447490      0.08634568      0.01436103 md_running
   858    429.00000000    243.73979216     20.51876507    334.34073371    300.00000000      0.99994809      0.05558676     -7.59664382     -0.08877635     -7.68542018      0.09106248      0.00440145      0.09122728      0.01517708 md_running
   859    429.50000000    243.95337580     20.48027436    334.19102968    300.00000000      0.99994843      0.05556187     -7.59645662     -0.08719711     -7.68365373      0.09664328      0.00433056      0.09679462      0.01610721 md_running
   860    430.00000000    244.16082666     20.44161141    334.20651267    300.00000000      0.99994850      0.05556444     -7.59630030     -0.08567976     -7.68198005      0.10223161      0.00426256      0.10237186      0.01703860 md_running
   861    430.50000000    244.39973950     20.40280115    334.25136880    300.00000000      0.99994842      0.05557190     -7.59615128     -0.08423096     -7.68038224      0.10743102      0.00419779      0.10756210      0.01790517 md_running
   862    431.00000000    244.59287229     20.36387051    334.14714203    300.00000000      0.99994841      0.05555457     -7.59597896     -0.08285712     -7.67883607      0.11202165      0.00413658      0.11214452      0.01867028 md_running
   863    431.50000000    244.79809060     20.32484723    333.77568919    300.00000000      0.99994872      0.05549281     -7.59576242     -0.08156436     -7.67732679      0.11584085      0.00407923      0.11595604      0.01930681 md_running
   864    432.00000000    245.01457955     20.28575841    333.16915843    300.00000000      0.99994940      0.05539197     -7.59550656     -0.08035852     -7.67586508      0.11869638      0.00402605      0.11880515      0.01978273 md_running
   865    432.50000000    245.23370208     20.24662855    332.54423885    300.00000000      0.99995031      0.05528808     -7.59524779     -0.07924507     -7.67449286      0.12033399      0.00397732      0.12043826      0.02005567 md_running
   866    433.00000000    245.42620515     20.20747774    332.25411015    300.00000000      0.99995103      0.05523984     -7.59504601     -0.07822915     -7.67327516      0.12048448      0.00393332      0.12058621      0.02008075 md_running
   867    433.50000000    245.63013714     20.16832013    332.67036219    300.00000000      0.99995103      0.05530904     -7.59496476     -0.07731551     -7.67228026      0.11892237      0.00389431      0.11902354      0.01982039 md_running
   868    434.00000000    245.84759378     20.12916287    334.03099948    300.00000000      0.99994986      0.05553526     -7.59504483     -0.07650850     -7.67155333      0.11560368      0.00386052      0.11570594      0.01926728 md_running
   869    434.50000000    246.06605530     20.09000590    336.31251871    300.00000000      0.99994737      0.05591458     -7.59528299     -0.07581205     -7.67109503      0.11079750      0.00383219      0.11090192      0.01846625 md_running
   870    435.00000000    246.28476768     20.05084252    339.18920798    300.00000000      0.99994384      0.05639285     -7.59562392     -0.07522967     -7.67085358      0.10521615      0.00380952      0.10532363      0.01753602 md_running
   871    435.50000000    246.54949894     20.01166007    342.10238696    300.00000000      0.99993991      0.05687719     -7.59597313     -0.07476440     -7.67073754      0.10006310      0.00379271      0.10017405      0.01667718 md_running
   872    436.00000000    246.75630928     19.97244122    344.41263700    300.00000000      0.99993641      0.05726129     -7.59622163     -0.07441885     -7.67064049      0.09688345      0.00378193      0.09699648      0.01614724 md_running
   873    436.50000000    246.97402416     19.93316613    345.58866252    300.00000000      0.99993411      0.05745681     -7.59627915     -0.07419513     -7.67047429      0.09709990      0.00377733      0.09721159      0.01618332 md_running
   874    437.00000000    247.19232714     19.89381502    345.37397545    300.00000000      0.99993348      0.05742112     -7.59610127     -0.07409488     -7.67019615      0.10135813      0.00377903      0.10146426      0.01689302 md_running
   875    437.50000000    247.41093793     19.85437059    343.88478136    300.00000000      0.99993462      0.05717353     -7.59570668     -0.07411927     -7.66982595      0.10916013      0.00378714      0.10925833      0.01819335 md_running
   876    438.00000000    247.62576337     19.81481954    341.62087524    300.00000000      0.99993716      0.05679714     -7.59517889     -0.07426895     -7.66944783      0.11892437      0.00380173      0.11901449      0.01982073 md_running
   877    438.50000000    247.83316262     19.77515397    339.37146299    300.00000000      0.99994027      0.05642315     -7.59465086     -0.07454410     -7.66919496      0.12867802      0.00382286      0.12876164      0.02144634 md_running
   878    439.00000000    248.03813060     19.73537201    338.03369270    300.00000000      0.99994282      0.05620074     -7.59427378     -0.07494441     -7.66921818      0.13659795      0.00385056      0.13667719      0.02276632 md_running
   879    439.50000000    248.24770982     19.69547799    338.39790824    300.00000000      0.99994362      0.05626129     -7.59418117     -0.07546905     -7.66965022      0.14120440      0.00388481      0.14128175      0.02353407 md_running
   880    440.00000000    248.46515936     19.65548192    340.95081082    300.00000000      0.99994178      0.05668573     -7.59445546     -0.07611673     -7.67057219      0.14149389      0.00392559      0.14157215      0.02358231 md_running
   881    440.50000000    248.72401858     19.61539832    345.74426957    300.00000000      0.99993701      0.05748268     -7.59510600     -0.07688566     -7.67199167      0.13700631      0.00397285      0.13708875      0.02283439 md_running
   882    441.00000000    248.92932295     19.57524483    352.36503643    300.00000000      0.99992971      0.05858344     -7.59606319     -0.07777357     -7.67383676      0.12786720      0.00402650      0.12795775      0.02131120 md_running
   883    441.50000000    249.13944936     19.53504062    360.01650139    300.00000000      0.99992088      0.05985555     -7.59719279     -0.07877771     -7.67597050      0.11479865      0.00408643      0.11490241      0.01913311 md_running
   884    442.00000000    249.34789813     19.49480495    367.69424940    300.00000000      0.99991180      0.06113204     -7.59832527     -0.07989488     -7.67822015      0.09914692      0.00415251      0.09927087      0.01652449 md_running
   885    442.50000000    249.55874307     19.45455539    374.41159929    300.00000000      0.99990362      0.06224885     -7.59929393     -0.08112142     -7.68041535      0.08300889      0.00422456      0.08316215      0.01383481 md_running
   886    443.00000000    249.77122762     19.41430616    379.41443678    300.00000000      0.99989724      0.06308061     -7.59997141     -0.08245324     -7.68242464      0.06949223      0.00430241      0.06968237      0.01158204 md_running
   887    443.50000000    249.98382542     19.37406653    382.33161710    300.00000000      0.99989309      0.06356562     -7.60029479     -0.08388581     -7.68418059      0.06262551      0.00438584      0.06284492      0.01043759 md_running
   888    444.00000000    250.19325421     19.33383954    383.21848998    300.00000000      0.99989119      0.06371307     -7.60027380     -0.08541420     -7.68568801      0.06480752      0.00447463      0.06502820      0.01080125 md_running
   889    444.50000000    250.39921215     19.29362093    382.48103886    300.00000000      0.99989121      0.06359046     -7.59997692     -0.08703311     -7.68701003      0.07422691      0.00456852      0.07442785      0.01237115 md_running
   890    445.00000000    250.60763476     19.25339804    380.72091442    300.00000000      0.99989262      0.06329782     -7.59950580     -0.08873682     -7.68824262      0.08709492      0.00466723      0.08727379      0.01451582 md_running
   891    445.50000000    250.86747129     19.21314945    378.55767710    300.00000000      0.99989476      0.06293817     -7.59896447     -0.09051930     -7.68948376      0.10054598      0.00477049      0.10070762      0.01675766 md_running
   892    446.00000000    251.07745116     19.17284543    376.48533166    300.00000000      0.99989706      0.06259363     -7.59843562     -0.09237417     -7.69080979      0.11299643      0.00487798      0.11314633      0.01883274 md_running
   893    446.50000000    251.28501561     19.13244933    374.80734177    300.00000000      0.99989908      0.06231465     -7.59796883     -0.09429474     -7.69226357      0.12365182      0.00498939      0.12379471      0.02060864 md_running
   894    447.00000000    251.50261136     19.09191943    373.65588486    300.00000000      0.99990060      0.06212321     -7.59758517     -0.09627406     -7.69385923      0.13212001      0.00510439      0.13225961      0.02202000 md_running
   895    447.50000000    251.71531123     19.05121174    373.06674611    300.00000000      0.99990154      0.06202526     -7.59728930     -0.09830490     -7.69559420      0.13820976      0.00522263      0.13834870      0.02303496 md_running
   896    448.00000000    251.92381384     19.01028327    373.07029509    300.00000000      0.99990187      0.06202585     -7.59708512     -0.10037983     -7.69746495      0.14180570      0.00534375      0.14194649      0.02363428 md_running
   897    448.50000000    252.13057790     18.96909493    373.75548253    300.00000000      0.99990152      0.06213977     -7.59698709     -0.10249121     -7.69947830      0.14281511      0.00546738      0.14296030      0.02380252 md_running
   898    449.00000000    252.34773036     18.92761410    375.28130661    300.00000000      0.99990038      0.06239345     -7.59702204     -0.10463123     -7.70165327      0.14117471      0.00559315      0.14132750      0.02352912 md_running
   899    449.50000000    252.55637446     18.88581629    377.83343414    300.00000000      0.99989824      0.06281776     -7.59722137     -0.10679197     -7.70401334      0.13684339      0.00572066      0.13700727      0.02280723 md_running
   900    450.00000000    252.75326857     18.84368663    381.54703952    300.00000000      0.99989498      0.06343517     -7.59760855     -0.10896540     -7.70657396      0.12985663      0.00584950      0.13003697      0.02164277 md_running
   901    450.50000000    253.01174621     18.80121983    386.42036467    300.00000000      0.99989054      0.06424540     -7.59818419     -0.11114342     -7.70932761      0.12034722      0.00597927      0.12055059      0.02005787 md_running
   902    451.00000000    253.22946843     18.75842030    392.24708092    300.00000000      0.99988511      0.06521414     -7.59891408     -0.11331791     -7.71223199      0.10863598      0.00610953      0.10887110      0.01810600 md_running
   903    451.50000000    253.44438645     18.71530154    398.60038956    300.00000000      0.99987908      0.06627043     -7.59972704     -0.11548072     -7.71520777      0.09534553      0.00623986      0.09562501      0.01589092 md_running
   904    452.00000000    253.65205063     18.67188475    404.87270995    300.00000000      0.99987301      0.06731325     -7.60052119     -0.11762379     -7.71814498      0.08160436      0.00636982      0.08194458      0.01360073 md_running
   905    452.50000000    253.86457094     18.62819727    410.36748101    300.00000000      0.99986750      0.06822680     -7.60117925     -0.11973906     -7.72091831      0.06938679      0.00649896      0.06980214      0.01156447 md_running
   906    453.00000000    254.07329750     18.58427093    414.43253947    300.00000000      0.99986315      0.06890264     -7.60159126     -0.12181863     -7.72340989      0.06179152      0.00662684      0.06227467      0.01029859 md_running
   907    453.50000000    254.29036724     18.54013989    416.60301055    300.00000000      0.99986037      0.06926350     -7.60167866     -0.12385468     -7.72553335      0.06194887      0.00675301      0.06244686      0.01032481 md_running
   908    454.00000000    254.50677960     18.49583860    416.71701813    300.00000000      0.99985938      0.06928246     -7.60141377     -0.12583958     -7.72725335      0.07009888      0.00687702      0.07055208      0.01168315 md_running
   909    454.50000000    254.71589380     18.45139966    414.97932835    300.00000000      0.99986015      0.06899355     -7.60083061     -0.12776588     -7.72859648      0.08331014      0.00699844      0.08370133      0.01388502 md_running
   910    455.00000000    254.90440240     18.40685175    411.95146862    300.00000000      0.99986234      0.06849015     -7.60002338     -0.12962633     -7.72964971      0.09812448      0.00711682      0.09846373      0.01635408 md_running
   911    455.50000000    255.16749160     18.36221755    408.44980744    300.00000000      0.99986537      0.06790797     -7.59913013     -0.13141394     -7.73054407      0.11199573      0.00723176      0.11229880      0.01866595 md_running
   912    456.00000000    255.37457603     18.31751158    405.35939005    300.00000000      0.99986847      0.06739416     -7.59830066     -0.13312199     -7.73142265      0.12329185      0.00734283      0.12357201      0.02054864 md_running
   913    456.50000000    255.58486078     18.27273903    403.41875069    300.00000000      0.99987087      0.06707152     -7.59765993     -0.13474404     -7.73240397      0.13102534      0.00744967      0.13129234      0.02183756 md_running
   914    457.00000000    255.79774217     18.22789587    403.04800444    300.00000000      0.99987197      0.06700988     -7.59727912     -0.13627399     -7.73355311      0.13474800      0.00755189      0.13500923      0.02245800 md_running
   915    457.50000000    256.01622603     18.18296981    404.27068832    300.00000000      0.99987155      0.06721316     -7.59716198     -0.13770605     -7.73486803      0.13451950      0.00764916      0.13478126      0.02241992 md_running
   916    458.00000000    256.22584055     18.13794205    406.74729095    300.00000000      0.99986977      0.06762491     -7.59725107     -0.13903482     -7.73628589      0.13087143      0.00774114      0.13113956      0.02181191 md_running
   917    458.50000000    256.43691772     18.09278974    409.89941185    300.00000000      0.99986711      0.06814898     -7.59744864     -0.14025529     -7.73770393      0.12474852      0.00782755      0.12502728      0.02079142 md_running
   918    459.00000000    256.65519286     18.04748944    413.08366370    300.00000000      0.99986418      0.06867838     -7.59764590     -0.14136285     -7.73900875      0.11741098      0.00790809      0.11770328      0.01956850 md_running
   919    459.50000000    256.86707343     18.00202027    415.76114677    300.00000000      0.99986154      0.06912354     -7.59775213     -0.14235333     -7.74010546      0.11029122      0.00798252      0.11059720      0.01838187 md_running
   920    460.00000000    257.08526423     17.95636662    417.61549863    300.00000000      0.99985955      0.06943184     -7.59771405     -0.14322301     -7.74093705      0.10479857      0.00805061      0.10511374      0.01746643 md_running
   921    460.50000000    257.32898859     17.91052037    418.59484991    300.00000000      0.99985834      0.06959466     -7.59752398     -0.14396862     -7.74149260      0.10183693      0.00811213      0.10215323      0.01697282 md_running
   922    461.00000000    257.54375130     17.86448201    418.87550274    300.00000000      0.99985785      0.06964132     -7.59721204     -0.14458742     -7.74179946      0.10167329      0.00816690      0.10198189      0.01694555 md_running
   923    461.50000000    257.75701273     17.81826066    418.77775348    300.00000000      0.99985783      0.06962507     -7.59683292     -0.14507714     -7.74191006      0.10394930      0.00821475      0.10424297      0.01732488 md_running
   924    462.00000000    257.96358427     17.77187368    418.66610077    300.00000000      0.99985798      0.06960651     -7.59644866     -0.14543602     -7.74188468      0.10786874      0.00825552      0.10814342      0.01797812 md_running
   925    462.50000000    258.16477902     17.72534564    418.85974250    300.00000000      0.99985799      0.06963870     -7.59611351     -0.14566283     -7.74177635      0.11249997      0.00828909      0.11275484      0.01874999 md_running
   926    463.00000000    258.37783495     17.67870689    419.57010351    300.00000000      0.99985763      0.06975680     -7.59586356     -0.14575688     -7.74162043      0.11703290      0.00831534      0.11726909      0.01950548 md_running
   927    463.50000000    258.59662522     17.63199173    420.87735258    300.00000000      0.99985677      0.06997415     -7.59571262     -0.14571797     -7.74143059      0.12086723      0.00833420      0.12108635      0.02014454 md_running
   928    464.00000000    258.80568584     17.58523639    422.75047148    300.00000000      0.99985541      0.07028557     -7.59565567     -0.14554649     -7.74120216      0.12361686      0.00834561      0.12382108      0.02060281 md_running
   929    464.50000000    259.02362346     17.53847649    425.09971198    300.00000000      0.99985363      0.07067615     -7.59567783     -0.14524332     -7.74092115      0.12504413      0.00834955      0.12523580      0.02084069 md_running
   930    465.00000000    259.24305368     17.49174446    427.83867394    300.00000000      0.99985151      0.07113152     -7.59576484     -0.14480987     -7.74057471      0.12500863      0.00834600      0.12518967      0.02083477 md_running
   931    465.50000000    259.51415296     17.44506703    430.93342163    300.00000000      0.99984912      0.07164605     -7.59591164     -0.14424809     -7.74015973      0.12342038      0.00833502      0.12359196      0.02057006 md_running
   932    466.00000000    259.72760326     17.39846303    434.42027956    300.00000000      0.99984647      0.07222576     -7.59612487     -0.14356043     -7.73968530      0.12021730      0.00831666      0.12038018      0.02003622 md_running
   933    466.50000000    259.93596223     17.35194145    438.38036823    300.00000000      0.99984352      0.07288416     -7.59641931     -0.14274985     -7.73916917      0.11537666      0.00829103      0.11553186      0.01922944 md_running
   934    467.00000000    260.14438681     17.30549956    442.87053769    300.00000000      0.99984023      0.07363068     -7.59680577     -0.14181980     -7.73862557      0.10896477      0.00825826      0.10911307      0.01816079 md_running
   935    467.50000000    260.36206833     17.25912205    447.83652100    300.00000000      0.99983660      0.07445632     -7.59727626     -0.14077419     -7.73805045      0.10124172      0.00821854      0.10138344      0.01687362 md_running
   936    468.00000000    260.57638862     17.21278106    453.04810183    300.00000000      0.99983275      0.07532278     -7.59779273     -0.13961741     -7.73741014      0.09280766      0.00817207      0.09294185      0.01546794 md_running
   937    468.50000000    260.78489862     17.16643737    458.08934999    300.00000000      0.99982894      0.07616093     -7.59828539     -0.13835428     -7.73663968      0.08477310      0.00811911      0.08489654      0.01412885 md_running
   938    469.00000000    260.99215534     17.12004285    462.41904433    300.00000000      0.99982551      0.07688078     -7.59866274     -0.13699006     -7.73565280      0.07885812      0.00805992      0.07896430      0.01314302 md_running
   939    469.50000000    261.20934539     17.07354404    465.48892648    300.00000000      0.99982285      0.07739117     -7.59883191     -0.13553040     -7.73436230      0.07709176      0.00799484      0.07717203      0.01284863 md_running
   940    470.00000000    261.41934980     17.02688613    466.88578253    300.00000000      0.99982126      0.07762341     -7.59872226     -0.13398134     -7.73270360      0.08081131      0.00792419      0.08086007      0.01346855 md_running
   941    470.50000000    261.68619655     16.98001706    466.45300278    300.00000000      0.99982093      0.07755145     -7.59830682     -0.13234930     -7.73065612      0.08968813      0.00784834      0.08970612      0.01494802 md_running
   942    471.00000000    261.89536969     16.93289134    464.35634626    300.00000000      0.99982184      0.07720287     -7.59761264     -0.13064101     -7.72825365      0.10206898      0.00776766      0.10206115      0.01701150 md_running
   943    471.50000000    262.10181908     16.88547302    461.08234979    300.00000000      0.99982379      0.07665854     -7.59672111     -0.12886354     -7.72558465      0.11594714      0.00768258      0.11591926      0.01932452 md_running
   944    472.00000000    262.31407514     16.83773766    457.37246297    300.00000000      0.99982636      0.07604174     -7.59575675     -0.12702425     -7.72278100      0.12938320      0.00759349      0.12933992      0.02156387 md_running
   945    472.50000000    262.52288544     16.78967320    454.09210486    300.00000000      0.99982898      0.07549636     -7.59486557     -0.12513076     -7.71999633      0.14080684      0.00750082      0.14075109      0.02346781 md_running
   946    473.00000000    262.72973892     16.74128008    452.06177583    300.00000000      0.99983101      0.07515880     -7.59418606     -0.12319091     -7.71737697      0.14900804      0.00740503      0.14894090      0.02483467 md_running
   947    473.50000000    262.93736108     16.69257085    451.89455411    300.00000000      0.99983188      0.07513100     -7.59382208     -0.12121276     -7.71503484      0.15312869      0.00730655      0.15304926      0.02552145 md_running
   948    474.00000000    263.15656906     16.64356946    453.87258960    300.00000000      0.99983123      0.07545986     -7.59382173     -0.11920454     -7.71302627      0.15270051      0.00720584      0.15260551      0.02545008 md_running
   949    474.50000000    263.37047529     16.59431054    457.89751049    300.00000000      0.99982901      0.07612904     -7.59416917     -0.11717462     -7.71134379      0.14764042      0.00710338      0.14752604      0.02460674 md_running
   950    475.00000000    263.58770949     16.54483682    463.51755807    300.00000000      0.99982548      0.07706341     -7.59478912     -0.11513147     -7.70992059      0.13829203      0.00699964      0.13815218      0.02304867 md_running
   951    475.50000000    263.84925170     16.49519715    470.01980659    300.00000000      0.99982115      0.07814446     -7.59556203     -0.11308365     -7.70864569      0.12538360      0.00689510      0.12520834      0.02089727 md_running
   952    476.00000000    264.05509667     16.44544470    476.58218479    300.00000000      0.99981661      0.07923551     -7.59634976     -0.11103974     -7.70738950      0.10995396      0.00679025      0.10973066      0.01832566 md_running
   953    476.50000000    264.27604303     16.39563335    482.43746872    300.00000000      0.99981243      0.08020899     -7.59702379     -0.10900832     -7.70603211      0.09338561      0.00668559      0.09309724      0.01556427 md_running
   954    477.00000000    264.49060581     16.34581422    487.00129693    300.00000000      0.99980902      0.08096777     -7.59748620     -0.10699797     -7.70448417      0.07751501      0.00658162      0.07713987      0.01291917 md_running
   955    477.50000000    264.70227903     16.29603260    489.93763065    300.00000000      0.99980663      0.08145596     -7.59768150     -0.10501717     -7.70269867      0.06461762      0.00647884      0.06413604      0.01076960 md_running
   956    478.00000000    264.91362309     16.24632588    491.14725076    300.00000000      0.99980534      0.08165706     -7.59759373     -0.10307431     -7.70066804      0.05734916      0.00637778      0.05676983      0.00955819 md_running
   957    478.50000000    265.12029288     16.19672242    490.71337543    300.00000000      0.99980511      0.08158493     -7.59723729     -0.10117765     -7.69841494      0.05749294      0.00627894      0.05687794      0.00958216 md_running
   958    479.00000000    265.32674458     16.14724031    488.82741296    300.00000000      0.99980586      0.08127137     -7.59664430     -0.09933528     -7.69597957      0.06397851      0.00618285      0.06339054      0.01066308 md_running
   959    479.50000000    265.53801865     16.09788783    485.71680162    300.00000000      0.99980746      0.08075421     -7.59585290     -0.09755508     -7.69340798      0.07393004      0.00609002      0.07338947      0.01232167 md_running
   960    480.00000000    265.75112268     16.04866434    481.60037266    300.00000000      0.99980978      0.08006982     -7.59489915     -0.09584472     -7.69074388      0.08495132      0.00600096      0.08445244      0.01415855 md_running
   961    480.50000000    265.99969676     15.99956267    476.67562003    300.00000000      0.99981273      0.07925104     -7.59381529     -0.09421159     -7.68802688      0.09562467      0.00591618      0.09515567      0.01593744 md_running
   962    481.00000000    266.19714732     15.95057249    471.13476667    300.00000000      0.99981621      0.07832983     -7.59263261     -0.09266279     -7.68529540      0.10518567      0.00583617      0.10473538      0.01753095 md_running
   963    481.50000000    266.41281363     15.90168416    465.19276659    300.00000000      0.99982011      0.07734193     -7.59138615     -0.09120510     -7.68259125      0.11322726      0.00576141      0.11278670      0.01887121 md_running
   964    482.00000000    266.62660659     15.85289213    459.10779425    300.00000000      0.99982432      0.07633025     -7.59011858     -0.08984496     -7.67996354      0.11954167      0.00569236      0.11910364      0.01992361 md_running
   965    482.50000000    266.84386021     15.80419755    453.17814987    300.00000000      0.99982863      0.07534440     -7.58887938     -0.08858844     -7.67746782      0.12403586      0.00562947      0.12359382      0.02067264 md_running
   966    483.00000000    267.05166149     15.75560999    447.72102407    300.00000000      0.99983283      0.07443711     -7.58772143     -0.08744120     -7.67516263      0.12668894      0.00557315      0.12623753      0.02111482 md_running
   967    483.50000000    267.26047668     15.70714778    443.03804723    300.00000000      0.99983666      0.07365853     -7.58669531     -0.08640848     -7.67310379      0.12753518      0.00552379      0.12707038      0.02125586 md_running
   968    484.00000000    267.47096037     15.65883716    439.36515275    300.00000000      0.99983988      0.07304789     -7.58584071     -0.08549510     -7.67133581      0.12666800      0.00548176      0.12618592      0.02111133 md_running
   969    484.50000000    267.68831541     15.61071109    436.82257064    300.00000000      0.99984230      0.07262516     -7.58517807     -0.08470541     -7.66988348      0.12427206      0.00544739      0.12376863      0.02071201 md_running
   970    485.00000000    267.89608973     15.56280780    435.38141367    300.00000000      0.99984385      0.07238556     -7.58470273     -0.08404326     -7.66874600      0.12063109      0.00542099      0.12010213      0.02010518 md_running
   971    485.50000000    268.15697601     15.51516926    434.84785618    300.00000000      0.99984458      0.07229685     -7.58438237     -0.08351204     -7.66789441      0.11617344      0.00540284      0.11561338      0.01936224 md_running
   972    486.00000000    268.36193163     15.46784070    434.88584483    300.00000000      0.99984472      0.07230317     -7.58416017     -0.08311461     -7.66727478      0.11153022      0.00539318      0.11093454      0.01858837 md_running
   973    486.50000000    268.56781476     15.42086899    435.08872210    300.00000000      0.99984456      0.07233690     -7.58396739     -0.08285330     -7.66682069      0.10751104      0.00539222      0.10688019      0.01791851 md_running
   974    487.00000000    268.77527260     15.37429957    435.06581552    300.00000000      0.99984443      0.07233309     -7.58373808     -0.08272992     -7.66646800      0.10500258      0.00540014      0.10434326      0.01750043 md_running
   975    487.50000000    268.98076819     15.32817383    434.53086048    300.00000000      0.99984462      0.07224415     -7.58342344     -0.08274574     -7.66616919      0.10472196      0.00541708      0.10404828      0.01745366 md_running
   976    488.00000000    269.18995665     15.28252593    433.37122587    300.00000000      0.99984529      0.07205135     -7.58300442     -0.08290148     -7.66590590      0.10698195      0.00544316      0.10631038      0.01783033 md_running
   977    488.50000000    269.40728063     15.23738028    431.67825087    300.00000000      0.99984645      0.07176988     -7.58249570     -0.08319730     -7.66569300      0.11151503      0.00547845      0.11085950      0.01858584 md_running
   978    489.00000000    269.61478064     15.19274896    429.73948122    300.00000000      0.99984797      0.07144754     -7.58194524     -0.08363280     -7.66557804      0.11747026      0.00552300      0.11683767      0.01957838 md_running
   979    489.50000000    269.82076384     15.14862962    427.98054100    300.00000000      0.99984954      0.07115511     -7.58142456     -0.08420705     -7.66563162      0.12353641      0.00557681      0.12292502      0.02058940 md_running
   980    490.00000000    270.02581499     15.10500446    426.85677910    300.00000000      0.99985078      0.07096827     -7.58101049     -0.08491856     -7.66592904      0.12841192      0.00563988      0.12781397      0.02140199 md_running
   981    490.50000000    270.28772280     15.06184034    426.72742864    300.00000000      0.99985134      0.07094677     -7.58076347     -0.08576526     -7.66652873      0.13099080      0.00571214      0.13039456      0.02183180 md_running
   982    491.00000000    270.50478673     15.01909053    427.75281270    300.00000000      0.99985098      0.07111724     -7.58071028     -0.08674459     -7.66745487      0.13052246      0.00579351      0.12991345      0.02175374 md_running
   983    491.50000000    270.71772004     14.97669781    429.84064366    300.00000000      0.99984967      0.07146436     -7.58083508     -0.08785343     -7.66868850      0.12670315      0.00588387      0.12606428      0.02111719 md_running
   984    492.00000000    270.93647563     14.93459867    432.65593010    300.00000000      0.99984761      0.07193243     -7.58108075     -0.08908813     -7.67016888      0.11974618      0.00598308      0.11905767      0.01995770 md_running
   985    492.50000000    271.14505316     14.89272785    435.69051871    300.00000000      0.99984519      0.07243695     -7.58136102     -0.09044457     -7.67180559      0.11041420      0.00609094      0.10965383      0.01840237 md_running
   986    493.00000000    271.35607000     14.85102284    438.36761318    300.00000000      0.99984285      0.07288204     -7.58157824     -0.09191809     -7.67349634      0.10004859      0.00620725      0.09919343      0.01667477 md_running
   987    493.50000000    271.57389440     14.80942786    440.15932995    300.00000000      0.99984104      0.07317992     -7.58164258     -0.09350360     -7.67514618      0.09057022      0.00633175      0.08960730      0.01509504 md_running
   988    494.00000000    271.78742799     14.76789652    440.68991770    300.00000000      0.99984010      0.07326814     -7.58149022     -0.09519554     -7.67668576      0.08430722      0.00646415      0.08325265      0.01405120 md_running
   989    494.50000000    271.99375348     14.72639330    439.80556480    300.00000000      0.99984023      0.07312111     -7.58109422     -0.09698790     -7.67808212      0.08320886      0.00660411      0.08212091      0.01386814 md_running
   990    495.00000000    272.20965345     14.68489397    437.59551086    300.00000000      0.99984146      0.07275367     -7.58046952     -0.09887428     -7.67934380      0.08756433      0.00675129      0.08651406      0.01459405 md_running
   991    495.50000000    272.47117996     14.64338537    434.35721748    300.00000000      0.99984365      0.07221528     -7.57966544     -0.10084790     -7.68051334      0.09605508      0.00690527      0.09508404      0.01600918 md_running
   992    496.00000000    272.67921399     14.60186481    430.53614143    300.00000000      0.99984653      0.07157999     -7.57875656     -0.10290160     -7.68165817      0.10670895      0.00706564      0.10582426      0.01778482 md_running
   993    496.50000000    272.89068083     14.56033889    426.65014277    300.00000000      0.99984973      0.07093392     -7.57782954     -0.10502791     -7.68285746      0.11774832      0.00723193      0.11693745      0.01962472 md_running
   994    497.00000000    273.09951836     14.51882259    423.20937364    300.00000000      0.99985282      0.07036186     -7.57696977     -0.10721905     -7.68418882      0.12787160      0.00740364      0.12711695      0.02131193 md_running
   995    497.50000000    273.31616242     14.47733783    420.65255674    300.00000000      0.99985540      0.06993677     -7.57625081     -0.10946697     -7.68571778      0.13622038      0.00758025      0.13550458      0.02270340 md_running
   996    498.00000000    273.52451881     14.43591202    419.30926173    300.00000000      0.99985709      0.06971344     -7.57572756     -0.11176337     -7.68749093      0.14228359      0.00776122      0.14159108      0.02371393 md_running
   997    498.50000000    273.74112924     14.39457599    419.39107965    300.00000000      0.99985765      0.06972704     -7.57543539     -0.11409977     -7.68953516      0.14579118      0.00794595      0.14510807      0.02429853 md_running
   998    499.00000000    273.95412668     14.35336178    421.00390637    300.00000000      0.99985694      0.06999519     -7.57539206     -0.11646748     -7.69185954      0.14663418      0.00813387      0.14594766      0.02443903 md_running
   999    499.50000000    274.16183726     14.31229989    424.16825248    300.00000000      0.99985492      0.07052128     -7.57560144     -0.11885770     -7.69445915      0.14483555      0.00832435      0.14413309      0.02413926 md_running
  1000    500.00000000    274.36817063     14.27141646    428.83628047    300.00000000      0.99985164      0.07129738     -7.57605577     -0.12126151     -7.69731729      0.14051456      0.00851676      0.13978300      0.02341909 md_running
  1001    500.50000000    274.62680001     14.23073050    434.89800526    300.00000000      0.99984725      0.07230519     -7.57673718     -0.12366992     -7.70040711      0.13385157      0.00871046      0.13307648      0.02230859 md_running
  1002    501.00000000    274.83504087     14.19025146    442.17006282    300.00000000      0.99984194      0.07351422     -7.57761583     -0.12607391     -7.70368974      0.12508244      0.00890482      0.12424639      0.02084707 md_running
  1003    501.50000000    275.04048100     14.14997800    450.37482481    300.00000000      0.99983596      0.07487833     -7.57864611     -0.12846443     -7.70711054      0.11452536      0.00909919      0.11360627      0.01908756 md_running
  1004    502.00000000    275.25243261     14.10989825    459.12638269    300.00000000      0.99982963      0.07633334     -7.57976378     -0.13083251     -7.71059629      0.10263752      0.00929292      0.10160642      0.01710625 md_running
  1005    502.50000000    275.45945152     14.06999171    467.93592983    300.00000000      0.99982332      0.07779800     -7.58088721     -0.13316920     -7.71405642      0.09013469      0.00948539      0.08895523      0.01502245 md_running
  1006    503.00000000    275.66524731     14.03023233    476.24637739    300.00000000      0.99981738      0.07917968     -7.58192306     -0.13546570     -7.71738876      0.07821696      0.00967596      0.07685299      0.01303616 md_running
  1007    503.50000000    275.88011299     13.99059213    483.49375792    300.00000000      0.99981217      0.08038461     -7.58277614     -0.13771332     -7.72048946      0.06884994      0.00986400      0.06729756      0.01147499 md_running
  1008    504.00000000    276.08784394     13.95104477    489.18846136    300.00000000      0.99980797      0.08133140     -7.58336408     -0.13990355     -7.72326763      0.06472443      0.01004891      0.06307774      0.01078741 md_running
  1009    504.50000000    276.30437246     13.91156845    493.00023769    300.00000000      0.99980496      0.08196514     -7.58363080     -0.14202810     -7.72565890      0.06784370      0.01023008      0.06628775      0.01130728 md_running
  1010    505.00000000    276.50594677     13.87214839    494.82857859    300.00000000      0.99980322      0.08226911     -7.58355873     -0.14407889     -7.72763762      0.07766920      0.01040689      0.07633108      0.01294487 md_running
  1011    505.50000000    276.76059346     13.83277848    494.84586127    300.00000000      0.99980269      0.08227199     -7.58317639     -0.14604817     -7.72922456      0.09174559      0.01057876      0.09063421      0.01529093 md_running
  1012    506.00000000    276.96854219     13.79346205    493.50447249    300.00000000      0.99980316      0.08204897     -7.58255931     -0.14792844     -7.73048775      0.10734954      0.01074511      0.10641919      0.01789159 md_running
  1013    506.50000000    277.17982321     13.75421228    491.48861084    300.00000000      0.99980428      0.08171382     -7.58182274     -0.14971258     -7.73153531      0.12229528      0.01090534      0.12149733      0.02038255 md_running
  1014    507.00000000    277.38832018     13.71505156    489.60036504    300.00000000      0.99980559      0.08139988     -7.58110220     -0.15139381     -7.73249600      0.13500202      0.01105891      0.13429789      0.02250034 md_running
  1015    507.50000000    277.59409057     13.67601051    488.60844566    300.00000000      0.99980657      0.08123497     -7.58052781     -0.15296575     -7.73349357      0.14434133      0.01120527      0.14370133      0.02405689 md_running
  1016    508.00000000    277.79386340     13.63712695    489.10132819    300.00000000      0.99980678      0.08131691     -7.58019967     -0.15442247     -7.73462214      0.14962431      0.01134387      0.14902617      0.02493738 md_running
  1017    508.50000000    277.98171289     13.59844443    491.37892318    300.00000000      0.99980593      0.08169558     -7.58016912     -0.15575844     -7.73592756      0.15062434      0.01147421      0.15005105      0.02510406 md_running
  1018    509.00000000    278.19583653     13.56001029    495.40955108    300.00000000      0.99980395      0.08236570     -7.58043179     -0.15696863     -7.73740042      0.14757305      0.01159579      0.14701090      0.02459551 md_running
  1019    509.50000000    278.41453040     13.52187346    500.86434322    300.00000000      0.99980100      0.08327261     -7.58093319     -0.15804849     -7.73898168      0.14114106      0.01170817      0.14057816      0.02352351 md_running
  1020    510.00000000    278.63492122     13.48408191    507.21702911    300.00000000      0.99979741      0.08432879     -7.58158546     -0.15899397     -7.74057944      0.13236390      0.01181090      0.13179004      0.02206065 md_running
  1021    510.50000000    278.89923288     13.44667936    513.87991424    300.00000000      0.99979356      0.08543655     -7.58229051     -0.15980157     -7.74209207      0.12253673      0.01190360      0.12194462      0.02042279 md_running
  1022    511.00000000    279.11110597     13.40970180    520.34061660    300.00000000      0.99978979      0.08651069     -7.58296271     -0.16046829     -7.74343100      0.11311222      0.01198592      0.11249946      0.01885204 md_running
  1023    511.50000000    279.32474881     13.37317387    526.26414884    300.00000000      0.99978634      0.08749552     -7.58354690     -0.16099172     -7.74453862      0.10541901      0.01205756      0.10479075      0.01756984 md_running
  1024    512.00000000    279.53040715     13.33710552    531.52591685    300.00000000      0.99978331      0.08837033     -7.58402323     -0.16136998     -7.74539321      0.10032124      0.01211828      0.09969061      0.01672021 md_running
  1025    512.50000000    279.73510793     13.30148965    536.18358715    300.00000000      0.99978069      0.08914471     -7.58440215     -0.16160179     -7.74600394      0.09815932      0.01216788      0.09754463      0.01635989 md_running
  1026    513.00000000    279.94185263     13.26630110    540.41641896    300.00000000      0.99977840      0.08984845     -7.58471422     -0.16168641     -7.74640063      0.09863051      0.01220625      0.09804740      0.01643842 md_running
  1027    513.50000000    280.13545127     13.23149786    544.44808220    300.00000000      0.99977630      0.09051874     -7.58499769     -0.16162372     -7.74662141      0.10091941      0.01223331      0.10037510      0.01681990 md_running
  1028    514.00000000    280.34753722     13.19702407    548.47283242    300.00000000      0.99977428      0.09118789     -7.58528460     -0.16141416     -7.74669876      0.10404574      0.01224906      0.10353888      0.01734096 md_running
  1029    514.50000000    280.55460154     13.16281451    552.60663117    300.00000000      0.99977225      0.09187517     -7.58559436     -0.16105874     -7.74665310      0.10716492      0.01225355      0.10669035      0.01786082 md_running
  1030    515.00000000    280.76045216     13.12879902    556.86904202    300.00000000      0.99977019      0.09258382     -7.58592946     -0.16055907     -7.74648854      0.10970137      0.01224689      0.10925207      0.01828356 md_running
  1031    515.50000000    281.01776988     13.09490734    561.19484303    300.00000000      0.99976810      0.09330302     -7.58627844     -0.15991732     -7.74619576      0.11134432      0.01222921      0.11091346      0.01855739 md_running
  1032    516.00000000    281.21286540     13.06107320    565.46856846    300.00000000      0.99976605      0.09401356     -7.58662098     -0.15913623     -7.74575721      0.11199057      0.01220071      0.11157053      0.01866510 md_running
  1033    516.50000000    281.41909875     13.02723822    569.57368010    300.00000000      0.99976407      0.09469607     -7.58693676     -0.15821910     -7.74515586      0.11166371      0.01216161      0.11124765      0.01861062 md_running
  1034    517.00000000    281.62501747     12.99335431    573.43785998    300.00000000      0.99976223      0.09533852     -7.58721340     -0.15716976     -7.74438315      0.11043976      0.01211217      0.11002227      0.01840663 md_running
  1035    517.50000000    281.83186874     12.95938499    577.04923946    300.00000000      0.99976053      0.09593894     -7.58744895     -0.15599258     -7.74344153      0.10839610      0.01205269      0.10797130      0.01806602 md_running
  1036    518.00000000    282.03145365     12.92530648    580.43983135    300.00000000      0.99975895      0.09650265     -7.58764924     -0.15469246     -7.74234170      0.10561007      0.01198349      0.10517160      0.01760168 md_running
  1037    518.50000000    282.24147795     12.89110794    583.64647916    300.00000000      0.99975749      0.09703578     -7.58782092     -0.15327477     -7.74109569      0.10220747      0.01190492      0.10174897      0.01703458 md_running
  1038    519.00000000    282.44896114     12.85679113    586.66311230    300.00000000      0.99975611      0.09753732     -7.58796401     -0.15174538     -7.73970938      0.09842641      0.01181735      0.09794087      0.01640440 md_running
  1039    519.50000000    282.65648085     12.82236959    589.39945772    300.00000000      0.99975485      0.09799226     -7.58806391     -0.15011059     -7.73817450      0.09469914      0.01172119      0.09418027      0.01578319 md_running
  1040    520.00000000    282.87236734     12.78786747    591.66850002    300.00000000      0.99975375      0.09836951     -7.58808987     -0.14837716     -7.73646702      0.09173577      0.01161688      0.09118138      0.01528929 md_running
  1041    520.50000000    283.13064345     12.75331720    593.21174725    300.00000000      0.99975291      0.09862608     -7.58799880     -0.14655222     -7.73455103      0.09046338      0.01150487      0.08987771      0.01507723 md_running
  1042    521.00000000    283.34658962     12.71875679    593.76242240    300.00000000      0.99975245      0.09871764     -7.58774578     -0.14464331     -7.73238909      0.09178332      0.01138567      0.09117840      0.01529722 md_running
  1043    521.50000000    283.54901514     12.68422650    593.13325256    300.00000000      0.99975245      0.09861303     -7.58729960     -0.14265830     -7.72995790      0.09618641      0.01125979      0.09558008      0.01603107 md_running
  1044    522.00000000    283.76409157     12.64976483    591.30096866    300.00000000      0.99975298      0.09830840     -7.58665589     -0.14060536     -7.72726126      0.10349077      0.01112779      0.10289894      0.01724846 md_running
  1045    522.50000000    283.97177045     12.61540432    588.46132124    300.00000000      0.99975401      0.09783629     -7.58584766     -0.13849298     -7.72434064      0.11290044      0.01099028      0.11233186      0.01881674 md_running
  1046    523.00000000    284.17887076     12.58116777    585.04164589    300.00000000      0.99975540      0.09726774     -7.58494640     -0.13632987     -7.72127627      0.12319043      0.01084787      0.12264446      0.02053174 md_running
  1047    523.50000000    284.38481758     12.54706580    581.65641352    300.00000000      0.99975695      0.09670492     -7.58405600     -0.13412498     -7.71818097      0.13283396      0.01070125      0.13230300      0.02213899 md_running
  1048    524.00000000    284.60196835     12.51309554    578.99486395    300.00000000      0.99975835      0.09626242     -7.58329254     -0.13188742     -7.71517996      0.14041568      0.01055110      0.13988758      0.02340261 md_running
  1049    524.50000000    284.81028695     12.47924111    577.66855521    300.00000000      0.99975928      0.09604191     -7.58275964     -0.12962646     -7.71238611      0.14474528      0.01039816      0.14420561      0.02412421 md_running
  1050    525.00000000    285.02774052     12.44547535    578.05878200    300.00000000      0.99975951      0.09610678     -7.58252193     -0.12735148     -7.70987341      0.14495930      0.01024319      0.14439074      0.02415988 md_running
  1051    525.50000000    285.29739231     12.41176303    580.20183061    300.00000000      0.99975893      0.09646308     -7.58258584     -0.12507192     -7.70765776      0.14060986      0.01008697      0.13999080      0.02343498 md_running
  1052    526.00000000    285.50275127     12.37806497    583.74584170    300.00000000      0.99975761      0.09705230     -7.58289235     -0.12279728     -7.70568963      0.13173031      0.00993028      0.13103172      0.02195505 md_running
  1053    526.50000000    285.71028055     12.34434267    587.99937595    300.00000000      0.99975583      0.09775949     -7.58332473     -0.12053702     -7.70386175      0.11885793      0.00977394      0.11803814      0.01980965 md_running
  1054    527.00000000    285.92751688     12.31056289    592.06634922    300.00000000      0.99975395      0.09843565     -7.58373164     -0.11830060     -7.70203225      0.10304825      0.00961872      0.10204452      0.01717471 md_running
  1055    527.50000000    286.13760088     12.27670173    595.03406339    300.00000000      0.99975237      0.09892906     -7.58395885     -0.11609738     -7.70005623      0.08591606      0.00946543      0.08463573      0.01431934 md_running
  1056    528.00000000    286.35021118     12.24274755    596.16262471    300.00000000      0.99975146      0.09911669     -7.58388152     -0.11393661     -7.69781813      0.06993306      0.00931484      0.06825817      0.01165551 md_running
  1057    528.50000000    286.56092115     12.20870280    595.01651885    300.00000000      0.99975144      0.09892614     -7.58342637     -0.11182740     -7.69525377      0.05855108      0.00916771      0.05642045      0.00975851 md_running
  1058    529.00000000    286.77924948     12.17458516    591.49933728    300.00000000      0.99975244      0.09834138     -7.58257777     -0.10977866     -7.69235643      0.05546181      0.00902480      0.05307608      0.00924364 md_running
  1059    529.50000000    286.99307494     12.14042790    585.80560561    300.00000000      0.99975444      0.09739475     -7.58136882     -0.10779909     -7.68916791      0.06133745      0.00888683      0.05906521      0.01022291 md_running
  1060    530.00000000    287.21155024     12.10627966    578.32444897    300.00000000      0.99975735      0.09615095     -7.57986548     -0.10589712     -7.68576260      0.07278525      0.00875450      0.07077268      0.01213087 md_running
  1061    530.50000000    287.45648910     12.07220337    569.52463780    300.00000000      0.99976104      0.09468792     -7.57814676     -0.10408091     -7.68222767      0.08616704      0.00862849      0.08437917      0.01436117 md_running
  1062    531.00000000    287.66538109     12.03827442    559.85324906    300.00000000      0.99976535      0.09307997     -7.57628803     -0.10235828     -7.67864631      0.09933601      0.00850946      0.09770546      0.01655600 md_running
  1063    531.50000000    287.87266375     12.00457789    549.67373414    300.00000000      0.99977012      0.09138755     -7.57435011     -0.10073669     -7.67508680      0.11122865      0.00839803      0.10970112      0.01853811 md_running
  1064    532.00000000    288.07887879     11.97120485    539.24595489    300.00000000      0.99977525      0.08965385     -7.57237647     -0.09922323     -7.67159970      0.12138113      0.00829479      0.11991667      0.02023019 md_running
  1065    532.50000000    288.29654297     11.93824815    528.74133717    300.00000000      0.99978066      0.08790737     -7.57039546     -0.09782458     -7.66822004      0.12962948      0.00820032      0.12819674      0.02160491 md_running
  1066    533.00000000    288.50538159     11.90579824    518.29621310    300.00000000      0.99978629      0.08617079     -7.56842936     -0.09654695     -7.66497631      0.13592292      0.00811517      0.13449832      0.02265382 md_running
  1067    533.50000000    288.71174284     11.87393810    508.06664552    300.00000000      0.99979208      0.08447005     -7.56650453     -0.09539612     -7.66190065      0.14026684      0.00803985      0.13883004      0.02337781 md_running
  1068    534.00000000    288.91819879     11.84273857    498.25419675    300.00000000      0.99979792      0.08283865     -7.56465426     -0.09437735     -7.65903160      0.14267231      0.00797484      0.14120397      0.02377872 md_running
  1069    534.50000000    289.12771374     11.81225434    489.10044384    300.00000000      0.99980367      0.08131677     -7.56291950     -0.09349540     -7.65641489      0.14315007      0.00792061      0.14162997      0.02385834 md_running
  1070    535.00000000    289.33738691     11.78252106    480.84253775    300.00000000      0.99980915      0.07994383     -7.56134053     -0.09275449     -7.65409501      0.14172097      0.00787757      0.14012629      0.02362016 md_running
  1071    535.50000000    289.59290444     11.75355404    473.64249921    300.00000000      0.99981417      0.07874676     -7.55994488     -0.09215830     -7.65210318      0.13845693      0.00784614      0.13676095      0.02307616 md_running
  1072    536.00000000    289.80702505     11.72534882    467.51593581    300.00000000      0.99981861      0.07772817     -7.55873542     -0.09170994     -7.65044536      0.13353436      0.00782666      0.13170636      0.02225573 md_running
  1073    536.50000000    290.02555258     11.69788332    462.28056346    300.00000000      0.99982247      0.07685775     -7.55768168     -0.09141194     -7.64909362      0.12733621      0.00781946      0.12534217      0.02122270 md_running
  1074    537.00000000    290.23396033     11.67112166    457.54920848    300.00000000      0.99982590      0.07607113     -7.55671811     -0.09126624     -7.64798435      0.12052956      0.00782481      0.11833770      0.02008826 md_running
  1075    537.50000000    290.44824117     11.64501864    452.78486752    300.00000000      0.99982922      0.07527902     -7.55575354     -0.09127418     -7.64702772      0.11411147      0.00784295      0.11170290      0.01901858 md_running
  1076    538.00000000    290.65737558     11.61952495    447.41322127    300.00000000      0.99983284      0.07438594     -7.55469016     -0.09143649     -7.64612666      0.10933074      0.00787405      0.10671797      0.01822179 md_running
  1077    538.50000000    290.86443570     11.59459192    440.96390863    300.00000000      0.99983722      0.07331369     -7.55344763     -0.09175331     -7.64520093      0.10739101      0.00791825      0.10463088      0.01789850 md_running
  1078    539.00000000    291.07549131     11.57017593    433.19351629    300.00000000      0.99984268      0.07202180     -7.55198391     -0.09222414     -7.64420805      0.10895656      0.00797560      0.10613846      0.01815943 md_running
  1079    539.50000000    291.28714430     11.54624236    424.15459871    300.00000000      0.99984942      0.07051901     -7.55030709     -0.09284788     -7.64315497      0.11379319      0.00804611      0.11100212      0.01896553 md_running
  1080    540.00000000    291.49509232     11.52276839    414.19187813    300.00000000      0.99985741      0.06886263     -7.54847457     -0.09362285     -7.64209742      0.12083054      0.00812973      0.11811424      0.02013842 md_running
  1081    540.50000000    291.75978220     11.49974470    403.86789834    300.00000000      0.99986638      0.06714619     -7.54658094     -0.09454672     -7.64112766      0.12844290      0.00822633      0.12580384      0.02140715 md_running
  1082    541.00000000    291.96980740     11.47717606    393.82368416    300.00000000      0.99987584      0.06547626     -7.54473441     -0.09561662     -7.64035103      0.13505348      0.00833572      0.13246247      0.02250891 md_running
  1083    541.50000000    292.15714752     11.45508082    384.61287693    300.00000000      0.99988523      0.06394489     -7.54302872     -0.09682905     -7.63985777      0.13945499      0.00845764      0.13686529      0.02324250 md_running
  1084    542.00000000    292.36175309     11.43348998    376.56593788    300.00000000      0.99989400      0.06260703     -7.54151972     -0.09817996     -7.63969968      0.14092384      0.00859178      0.13827928      0.02348731 md_running
  1085    542.50000000    292.57326925     11.41244525    369.71610674    300.00000000      0.99990184      0.06146819     -7.54021350     -0.09966476     -7.63987826      0.13928298      0.00873775      0.13652208      0.02321383 md_running
  1086    543.00000000    292.77995366     11.39199654    363.80555376    300.00000000      0.99990875      0.06048551     -7.53906660     -0.10127829     -7.64034489      0.13491745      0.00889510      0.13197709      0.02248624 md_running
  1087    543.50000000    292.98553997     11.37219838    358.36965560    300.00000000      0.99991506      0.05958175     -7.53800104     -0.10301490     -7.64101594      0.12873100      0.00906334      0.12555398      0.02145517 md_running
  1088    544.00000000    293.19117984     11.35310552    352.86967337    300.00000000      0.99992132      0.05866734     -7.53692607     -0.10486844     -7.64179451      0.12207280      0.00924189      0.11862199      0.02034547 md_running
  1089    544.50000000    293.39625769     11.33476826    346.84014525    300.00000000      0.99992818      0.05766488     -7.53576354     -0.10683225     -7.64259579      0.11652180      0.00943016      0.11280381      0.01942030 md_running
  1090    545.00000000    293.60760343     11.31722772    340.01250096    300.00000000      0.99993615      0.05652973     -7.53446838     -0.10889928     -7.64336766      0.11358246      0.00962748      0.10966658      0.01893041 md_running
  1091    545.50000000    293.86714237     11.30051170    332.38183940    300.00000000      0.99994556      0.05526108     -7.53304020     -0.11106201     -7.64410221      0.11401640      0.00983318      0.11001850      0.01900273 md_running
  1092    546.00000000    294.07820813     11.28463169    324.20753746    300.00000000      0.99995638      0.05390203     -7.53152301     -0.11331255     -7.64483556      0.11765532      0.01004652      0.11369109      0.01960922 md_running
  1093    546.50000000    294.28827361     11.26958084    315.95343756    300.00000000      0.99996823      0.05252973     -7.52999504     -0.11564265     -7.64563769      0.12359086      0.01026677      0.11973342      0.02059848 md_running
  1094    547.00000000    294.49782530     11.25533372    308.18395436    300.00000000      0.99998042      0.05123799     -7.52855150     -0.11804372     -7.64659523      0.13058098      0.01049317      0.12685088      0.02176350 md_running
  1095    547.50000000    294.70514891     11.24184779    301.44199559    300.00000000      0.99999201      0.05011708     -7.52728382     -0.12050688     -7.64779070      0.13743862      0.01072495      0.13381816      0.02290644 md_running
  1096    548.00000000    294.92181016     11.22906657    296.13969063    300.00000000      1.00000204      0.04923554     -7.52626109     -0.12302298     -7.64928407      0.14326927      0.01096130      0.13972122      0.02387821 md_running
  1097    548.50000000    295.13978517     11.21692415    292.49500819    300.00000000      1.00000971      0.04862958     -7.52551945     -0.12558266     -7.65110211      0.14754740      0.01120144      0.14402775      0.02459123 md_running
  1098    549.00000000    295.35857828     11.20535069    290.53470192    300.00000000      1.00001460      0.04830366     -7.52506221     -0.12817635     -7.65323857      0.15006571      0.01144456      0.14653000      0.02501095 md_running
  1099    549.50000000    295.57747771     11.19427814    290.15494333    300.00000000      1.00001663      0.04824052     -7.52487097     -0.13079434     -7.65566531      0.15083274      0.01168982      0.14723801      0.02513879 md_running
  1100    550.00000000    295.79354317     11.18364594    291.20628451    300.00000000      1.00001598      0.04841532     -7.52491998     -0.13342681     -7.65834678      0.14996389      0.01193639      0.14626821      0.02499398 md_running
  1101    550.50000000    296.05975979     11.17340597    293.56257609    300.00000000      1.00001294      0.04880707     -7.52518776     -0.13606384     -7.66125160      0.14758962      0.01218342      0.14375009      0.02459827 md_running
  1102    551.00000000    296.24840848     11.16352634    297.14746913    300.00000000      1.00000776      0.04940309     -7.52566184     -0.13869551     -7.66435735      0.14380960      0.01243001      0.13977943      0.02396827 md_running
  1103    551.50000000    296.45276115     11.15399403    301.91396364    300.00000000      1.00000067      0.05019555     -7.52633526     -0.14131188     -7.66764714      0.13869701      0.01267528      0.13442216      0.02311617 md_running
  1104    552.00000000    296.66008409     11.14481618    307.79127275    300.00000000      0.99999189      0.05117270     -7.52719745     -0.14390305     -7.67110050      0.13233609      0.01291829      0.12775204      0.02205601 md_running
  1105    552.50000000    296.86777057     11.13602001    314.62434198    300.00000000      0.99998178      0.05230875     -7.52822375     -0.14645921     -7.67468296      0.12488744      0.01315811      0.11991749      0.02081457 md_running
  1106    553.00000000    297.07938302     11.12765145    322.12968358    300.00000000      0.99997083      0.05355657     -7.52936813     -0.14897068     -7.67833881      0.11667177      0.01339378      0.11122986      0.01944530 md_running
  1107    553.50000000    297.29753664     11.11977251    329.88655217    300.00000000      0.99995968      0.05484621     -7.53056142     -0.15142792     -7.68198933      0.10826946      0.01362432      0.10227403      0.01804491 md_running
  1108    554.00000000    297.50664394     11.11245754    337.37256796    300.00000000      0.99994904      0.05609082     -7.53171740     -0.15382159     -7.68553899      0.10059202      0.01384878      0.09400255      0.01676534 md_running
  1109    554.50000000    297.71942355     11.10578847    344.03708724    300.00000000      0.99993958      0.05719885     -7.53274455     -0.15614261     -7.68888716      0.09490872      0.01406616      0.08779662      0.01581812 md_running
  1110    555.00000000    297.92713277     11.09984922    349.39518590    300.00000000      0.99993187      0.05808968     -7.53356289     -0.15838213     -7.69194502      0.09264605      0.01427553      0.08526537      0.01544101 md_running
  1111    555.50000000    298.18638563     11.09471972    353.12179038    300.00000000      0.99992623      0.05870925     -7.53411861     -0.16053165     -7.69465026      0.09484681      0.01447596      0.08759626      0.01580780 md_running
  1112    556.00000000    298.39539037     11.09046976    355.12872258    300.00000000      0.99992279      0.05904292     -7.53439773     -0.16258299     -7.69698072      0.10159064      0.01466655      0.09482906      0.01693177 md_running
  1113    556.50000000    298.60097718     11.08715325    355.60722965    300.00000000      0.99992139      0.05912248     -7.53443299     -0.16452832     -7.69896132      0.11196016      0.01484648      0.10586003      0.01866003 md_running
  1114    557.00000000    298.81159633     11.08480317    355.02415228    300.00000000      0.99992158      0.05902554     -7.53430310     -0.16636027     -7.70066337      0.12450475      0.01501497      0.11906643      0.02075079 md_running
  1115    557.50000000    299.02861413     11.08342811    354.07758161    300.00000000      0.99992266      0.05886816     -7.53412528     -0.16807185     -7.70219713      0.13751970      0.01517134      0.13264883      0.02291995 md_running
  1116    558.00000000    299.24183187     11.08301046    353.59906899    300.00000000      0.99992370      0.05878861     -7.53403971     -0.16965657     -7.70369628      0.14939574      0.01531497      0.14496896      0.02489929 md_running
  1117    558.50000000    299.44861258     11.08350667    354.40227731    300.00000000      0.99992368      0.05892214     -7.53418303     -0.17110841     -7.70529144      0.15880679      0.01544534      0.15470339      0.02646780 md_running
  1118    559.00000000    299.65483551     11.08484952    357.12329789    300.00000000      0.99992169      0.05937454     -7.53466198     -0.17242189     -7.70708386      0.16479453      0.01556202      0.16090570      0.02746575 md_running
  1119    559.50000000    299.87203288     11.08695277    362.09667777    300.00000000      0.99991721      0.06020140     -7.53553191     -0.17359203     -7.70912393      0.16683830      0.01566467      0.16306736      0.02780638 md_running
  1120    560.00000000    300.09109520     11.08971751    369.29937334    300.00000000      0.99991022      0.06139890     -7.53678760     -0.17461443     -7.71140203      0.16490580      0.01575301      0.16116655      0.02748430 md_running
  1121    560.50000000    300.35889741     11.09303953    378.38339194    300.00000000      0.99990118      0.06290919     -7.53836897     -0.17548527     -7.71385424      0.15946161      0.01582684      0.15567721      0.02657693 md_running
  1122    561.00000000    300.57569074     11.09681705    388.78338332    300.00000000      0.99989086      0.06463827     -7.54017901     -0.17620132     -7.71638033      0.15141870      0.01588602      0.14752355      0.02523645 md_running
  1123    561.50000000    300.78493535     11.10095771    399.86206367    300.00000000      0.99988010      0.06648019     -7.54210877     -0.17675994     -7.71886871      0.14202423      0.01593046      0.13797083      0.02367070 md_running
  1124    562.00000000    300.99266887     11.10538423    411.05005305    300.00000000      0.99986958      0.06834028     -7.54406157     -0.17715912     -7.72122069      0.13268996      0.01596008      0.12846277      0.02211499 md_running
  1125    562.50000000    301.20452533     11.11003806    421.94321659    300.00000000      0.99985974      0.07015135     -7.54596872     -0.17739749     -7.72336621      0.12475726      0.01597488      0.12038828      0.02079288 bias_reducing_pot_drop
  1126    563.00000000    301.41795028     11.11488096    432.39914322    300.00000000      0.99985076      0.07188973     -7.54779661     -0.13621698     -7.68401359      0.11921128      0.01226119      0.11563135      0.01986855 bias_reducing
  1127    563.50000000    301.62466851     11.11999453    442.41301840    300.00000000      0.99984254      0.07355462     -7.54954604     -0.13597435     -7.68552039      0.11637714      0.01223375      0.11283713      0.01939619 bias_reducing
  1128    564.00000000    301.83178007     11.12537997    452.03514186    300.00000000      0.99983505      0.07515437     -7.55123487     -0.13573171     -7.68696658      0.11599983      0.01220603      0.11258040      0.01933330 bias_reducing
  1129    564.50000000    302.03876986     11.13105494    461.39497955    300.00000000      0.99982810      0.07671052     -7.55288555     -0.13548907     -7.68837462      0.11741009      0.01217803      0.11416551      0.01956835 bias_reducing
  1130    565.00000000    302.25618863     11.13705036    470.57701339    300.00000000      0.99982159      0.07823710     -7.55451290     -0.13524641     -7.68975932      0.11977297      0.01214971      0.11672573      0.01996216 bias_reducing
  1131    565.50000000    302.51631582     11.14340634    479.58751297    300.00000000      0.99981543      0.07973517     -7.55611821     -0.13500375     -7.69112196      0.12231190      0.01212103      0.11945981      0.02038532 bias_reducing
  1132    566.00000000    302.72538350     11.15016748    488.35932939    300.00000000      0.99980962      0.08119355     -7.55769051     -0.13476108     -7.69245159      0.12443623      0.01209195      0.12176303      0.02073937 bias_reducing
  1133    566.50000000    302.94466108     11.15737772    496.78969743    300.00000000      0.99980421      0.08259516     -7.55921227     -0.13451841     -7.69373068      0.12575752      0.01206242      0.12324053      0.02095959 bias_reducing
  1134    567.00000000    303.15255476     11.16507526    504.79280283    300.00000000      0.99979921      0.08392574     -7.56066958     -0.13427573     -7.69494532      0.12606051      0.01203241      0.12367567      0.02101009 bias_reducing
  1135    567.50000000    303.36031645     11.17328755    512.34589599    300.00000000      0.99979464      0.08518150     -7.56205821     -0.13403305     -7.69609126      0.12524184      0.01200188      0.12296590      0.02087364 bias_reducing
  1136    568.00000000    303.57263166     11.18202661    519.51889802    300.00000000      0.99979045      0.08637407     -7.56338998     -0.13379037     -7.69718035      0.12325754      0.01197084      0.12106808      0.02054292 bias_reducing
  1137    568.50000000    303.79194832     11.19128550    526.47229786    300.00000000      0.99978655      0.08753013     -7.56469180     -0.13354769     -7.69823949      0.12007462      0.01193929      0.11794998      0.02001244 bias_reducing
  1138    569.00000000    304.00698909     11.20103595    533.41018138    300.00000000      0.99978281      0.08868361     -7.56599807     -0.13330502     -7.69930308      0.11566507      0.01190727      0.11358266      0.01927751 bias_reducing
  1139    569.50000000    304.22019939     11.21122778    540.49730934    300.00000000      0.99977913      0.08986190     -7.56733662     -0.13306234     -7.70039896      0.11005756      0.01187483      0.10799297      0.01834293 bias_reducing
  1140    570.00000000    304.42736011     11.22179061    547.76506512    300.00000000      0.99977545      0.09107022     -7.56871262     -0.13281967     -7.70153229      0.10346204      0.01184206      0.10139114      0.01724367 bias_reducing
  1141    570.50000000    304.68592953     11.23263727    555.04570007    300.00000000      0.99977179      0.09228068     -7.57009718     -0.13257701     -7.70267419      0.09645076      0.01180905      0.09435702      0.01607513 bias_reducing
  1142    571.00000000    304.89149318     11.24366889    561.97687318    300.00000000      0.99976829      0.09343304     -7.57142795     -0.13233436     -7.70376231      0.09010496      0.01177591      0.08799380      0.01501749 bias_reducing
  1143    571.50000000    305.10848014     11.25478174    568.08588231    300.00000000      0.99976515      0.09444871     -7.57262337     -0.13209171     -7.70471508      0.08599200      0.01174274      0.08391073      0.01433200 bias_reducing
  1144    572.00000000    305.32196812     11.26587430    572.93071454    300.00000000      0.99976258      0.09525420     -7.57360702     -0.13184907     -7.70545609      0.08570660      0.01170966      0.08374531      0.01428443 bias_reducing
  1145    572.50000000    305.53555245     11.27685458    576.25077348    300.00000000      0.99976070      0.09580619     -7.57433292     -0.13160643     -7.70593935      0.09001371      0.01167675      0.08826305      0.01500228 bias_reducing
  1146    573.00000000    305.74905482     11.28764617    578.08250091    300.00000000      0.99975956      0.09611073     -7.57480552     -0.13136380     -7.70616932      0.09832298      0.01164410      0.09682060      0.01638716 bias_reducing
  1147    573.50000000    305.96704774     11.29819349    578.79543728    300.00000000      0.99975903      0.09622926     -7.57508632     -0.13112118     -7.70620750      0.10895769      0.01161177      0.10768556      0.01815962 bias_reducing
  1148    574.00000000    306.18658625     11.30846486    579.01862622    300.00000000      0.99975888      0.09626637     -7.57528122     -0.13087856     -7.70615978      0.11989154      0.01157977      0.11880711      0.01998192 bias_reducing
  1149    574.50000000    306.40624101     11.31845304    579.48725001    300.00000000      0.99975879      0.09634428     -7.57551401     -0.13063594     -7.70614994      0.12933426      0.01154812      0.12839311      0.02155571 bias_reducing
  1150    575.00000000    306.61537040     11.32817403    580.87600702    300.00000000      0.99975842      0.09657517     -7.57589859     -0.13039332     -7.70629190      0.13587297      0.01151680      0.13503565      0.02264550 bias_reducing
  1151    575.50000000    306.87042945     11.33766490    583.65511617    300.00000000      0.99975752      0.09703722     -7.57651569     -0.13015069     -7.70666639      0.13853745      0.01148576      0.13776981      0.02308957 bias_reducing
  1152    576.00000000    307.07568838     11.34698062    587.96303229    300.00000000      0.99975596      0.09775344     -7.57738924     -0.12990807     -7.70729732      0.13684307      0.01145496      0.13611870      0.02280718 bias_reducing
  1153    576.50000000    307.28719674     11.35618832    593.55968881    300.00000000      0.99975378      0.09868393     -7.57847982     -0.12966545     -7.70814527      0.13080066      0.01142431      0.13009567      0.02180011 bias_reducing
  1154    577.00000000    307.49440603     11.36536202    599.88027842    300.00000000      0.99975118      0.09973478     -7.57969352     -0.12942282     -7.70911634      0.12094783      0.01139375      0.12023914      0.02015797 bias_reducing
  1155    577.50000000    307.70065193     11.37457707    606.14581602    300.00000000      0.99974850      0.10077647     -7.58089968     -0.12918020     -7.71007988      0.10836555      0.01136319      0.10763140      0.01806092 bias_reducing
  1156    578.00000000    307.90674888     11.38390441    611.52463784    300.00000000      0.99974606      0.10167074     -7.58195917     -0.12893757     -7.71089674      0.09472471      0.01133258      0.09394557      0.01578745 bias_reducing
  1157    578.50000000    308.11355041     11.39340535    615.30340052    300.00000000      0.99974418      0.10229899     -7.58275228     -0.12869494     -7.71144722      0.08236948      0.01130184      0.08153902      0.01372825 bias_reducing
  1158    579.00000000    308.31512229     11.40312674    617.02716621    300.00000000      0.99974306      0.10258558     -7.58320240     -0.12845231     -7.71165471      0.07421130      0.01127094      0.07335922      0.01236855 bias_reducing
  1159    579.50000000    308.52621742     11.41309680    616.58361529    300.00000000      0.99974282      0.10251184     -7.58329126     -0.12820968     -7.71150094      0.07259605      0.01123984      0.07179369      0.01209934 bias_reducing
  1160    580.00000000    308.72513204     11.42332246    614.19226226    300.00000000      0.99974340      0.10211426     -7.58305594     -0.12796706     -7.71102300      0.07749833      0.01120855      0.07680862      0.01291639 bias_reducing
  1161    580.50000000    308.98258056     11.43378814    610.30345282    300.00000000      0.99974469      0.10146771     -7.58257269     -0.12772443     -7.71029712      0.08671202      0.01117708      0.08614882      0.01445200 bias_reducing
  1162    581.00000000    309.19756450     11.44445612    605.45231445    300.00000000      0.99974649      0.10066117     -7.58193106     -0.12748181     -7.70941287      0.09769444      0.01114547      0.09723994      0.01628241 bias_reducing
  1163    581.50000000    309.41592903     11.45526900    600.11533292    300.00000000      0.99974861      0.09977386     -7.58121099     -0.12723919     -7.70845018      0.10867695      0.01111377      0.10830804      0.01811283 bias_reducing
  1164    582.00000000    309.62485591     11.46615412    594.61981759    300.00000000      0.99975088      0.09886019     -7.58046578     -0.12699658     -7.70746236      0.11872199      0.01108206      0.11841930      0.01978700 bias_reducing
  1165    582.50000000    309.83748316     11.47702960    589.13690374    300.00000000      0.99975321      0.09794861     -7.57972232     -0.12675397     -7.70647629      0.12743294      0.01105042      0.12718182      0.02123882 bias_reducing
  1166    583.00000000    310.04591607     11.48781170    583.74960318    300.00000000      0.99975556      0.09705293     -7.57899237     -0.12651136     -7.70550373      0.13467558      0.01101893      0.13446643      0.02244593 bias_reducing
  1167    583.50000000    310.25174442     11.49842167    578.54906412    300.00000000      0.99975790      0.09618830     -7.57828944     -0.12626875     -7.70455819      0.14037552      0.01098766      0.14020167      0.02339592 bias_reducing
  1168    584.00000000    310.45816260     11.50879227    573.70662636    300.00000000      0.99976017      0.09538320     -7.57764104     -0.12602614     -7.70366718      0.14444303      0.01095667      0.14430046      0.02407384 bias_reducing
  1169    584.50000000    310.66458121     11.51887289    569.49118120    300.00000000      0.99976226      0.09468235     -7.57709221     -0.12578353     -7.70287574      0.14673845      0.01092602      0.14662411      0.02445641 bias_reducing
  1170    585.00000000    310.87715868     11.52863332    566.22483599    300.00000000      0.99976401      0.09413930     -7.57669701     -0.12554092     -7.70223793      0.14711508      0.01089573      0.14702666      0.02451918 bias_reducing
  1171    585.50000000    311.14968149     11.53806549    564.19597217    300.00000000      0.99976527      0.09380198     -7.57650459     -0.12529830     -7.70180289      0.14547333      0.01086580      0.14540919      0.02424555 bias_reducing
  1172    586.00000000    311.36036236     11.54718317    563.57044649    300.00000000      0.99976590      0.09369799     -7.57654364     -0.12505568     -7.70159932      0.14181662      0.01083621      0.14177536      0.02363610 bias_reducing
  1173    586.50000000    311.57903998     11.55602013    564.32897319    300.00000000      0.99976586      0.09382410     -7.57681181     -0.12481305     -7.70162486      0.13630251      0.01080694      0.13628351      0.02271708 bias_reducing
  1174    587.00000000    311.79903901     11.56462667    566.23454416    300.00000000      0.99976520      0.09414091     -7.57727041     -0.12457042     -7.70184083      0.12929062      0.01077793      0.12929385      0.02154844 bias_reducing
  1175    587.50000000    312.01742974     11.57306546    568.84090344    300.00000000      0.99976410      0.09457424     -7.57784556     -0.12432777     -7.70217333      0.12139557      0.01074912      0.12142166      0.02023260 bias_reducing
  1176    588.00000000    312.22569724     11.58140679    571.55487695    300.00000000      0.99976281      0.09502546     -7.57843819     -0.12408512     -7.70252332      0.11355050      0.01072044      0.11360027      0.01892508 bias_reducing
  1177    588.50000000    312.44318841     11.58972360    573.73119453    300.00000000      0.99976164      0.09538729     -7.57894085     -0.12384247     -7.70278331      0.10701728      0.01069184      0.10709101      0.01783621 bias_reducing
  1178    589.00000000    312.65077776     11.59808629    574.78893372    300.00000000      0.99976086      0.09556315     -7.57925589     -0.12359980     -7.70285569      0.10322045      0.01066324      0.10331654      0.01720341 bias_reducing
  1179    589.50000000    312.86773305     11.60655778    574.33669044    300.00000000      0.99976070      0.09548796     -7.57931788     -0.12335713     -7.70267501      0.10328775      0.01063458      0.10340110      0.01721462 bias_reducing
  1180    590.00000000    313.08156443     11.61518924    572.27503447    300.00000000      0.99976127      0.09514519     -7.57910970     -0.12311446     -7.70222416      0.10744882      0.01060581      0.10757207      0.01790814 bias_reducing
  1181    590.50000000    313.33590661     11.62401616    568.85543688    300.00000000      0.99976256      0.09457666     -7.57867349     -0.12287179     -7.70154528      0.11467445      0.01057692      0.11480131      0.01911241 bias_reducing
  1182    591.00000000    313.54155109     11.63305513    564.64713637    300.00000000      0.99976439      0.09387699     -7.57810547     -0.12262911     -7.70073458      0.12310723      0.01054787      0.12323417      0.02051787 bias_reducing
  1183    591.50000000    313.74724326     11.64230169    560.39375501    300.00000000      0.99976645      0.09316984     -7.57753137     -0.12238644     -7.69991781      0.13076093      0.01051868      0.13088653      0.02179349 bias_reducing
  1184    592.00000000    313.95338070     11.65172998    556.80380469    300.00000000      0.99976838      0.09257298     -7.57707137     -0.12214377     -7.69921514      0.13596004      0.01048938      0.13608434      0.02266001 bias_reducing
  1185    592.50000000    314.16959514     11.66129407    554.34058043    300.00000000      0.99976987      0.09216345     -7.57680337     -0.12190111     -7.69870448      0.13758671      0.01045999      0.13771088      0.02293112 bias_reducing
  1186    593.00000000    314.37765492     11.67093137    553.08821943    300.00000000      0.99977077      0.09195523     -7.57674117     -0.12165845     -7.69839961      0.13516997      0.01043059      0.13529645      0.02252833 bias_reducing
  1187    593.50000000    314.59373964     11.68056766    552.74729676    300.00000000      0.99977111      0.09189855     -7.57683292     -0.12141579     -7.69824871      0.12889796      0.01040123      0.12903059      0.02148299 bias_reducing
  1188    594.00000000    314.80191783     11.69012347    552.75324702    300.00000000      0.99977114      0.09189954     -7.57698207     -0.12117314     -7.69815521      0.11957635      0.01037200      0.11971907      0.01992939 bias_reducing
  1189    594.50000000    315.00763742     11.69952153    552.46274512    300.00000000      0.99977115      0.09185124     -7.57707871     -0.12093049     -7.69800920      0.10854170      0.01034294      0.10869889      0.01809028 bias_reducing
  1190    595.00000000    315.21471968     11.70869412    551.33764146    300.00000000      0.99977146      0.09166419     -7.57703131     -0.12068785     -7.69771916      0.09757453      0.01031413      0.09774978      0.01626242 bias_reducing
  1191    595.50000000    315.46566259     11.71758927    549.06800046    300.00000000      0.99977228      0.09128684     -7.57678730     -0.12044521     -7.69723250      0.08873566      0.01028561      0.08892793      0.01478928 bias_reducing
  1192    596.00000000    315.67059511     11.72617576    545.61261778    300.00000000      0.99977372      0.09071236     -7.57633965     -0.12020257     -7.69654222      0.08393931      0.01025740      0.08414037      0.01398988 bias_reducing
  1193    596.50000000    315.87748818     11.73444546    541.17061407    300.00000000      0.99977574      0.08997384     -7.57572213     -0.11995993     -7.69568206      0.08413514      0.01022951      0.08433216      0.01402252 bias_reducing
  1194    597.00000000    316.09374516     11.74241322    536.10433760    300.00000000      0.99977821      0.08913153     -7.57499602     -0.11971728     -7.69471331      0.08869632      0.01020192      0.08887838      0.01478272 bias_reducing
  1195    597.50000000    316.30723860     11.75011471    530.84181678    300.00000000      0.99978095      0.08825660     -7.57423367     -0.11947464     -7.69370831      0.09599964      0.01017461      0.09616242      0.01599994 bias_reducing
  1196    598.00000000    316.51600160     11.75760258    525.78894327    300.00000000      0.99978373      0.08741652     -7.57350402     -0.11923199     -7.69273601      0.10431887      0.01014751      0.10446389      0.01738648 bias_reducing
  1197    598.50000000    316.72333641     11.76494134    521.26130490    300.00000000      0.99978636      0.08666376     -7.57286069     -0.11898933     -7.69185002      0.11229941      0.01012058      0.11242986      0.01871657 bias_reducing
  1198    599.00000000    316.93394604     11.77220217    517.44388346    300.00000000      0.99978867      0.08602908     -7.57233533     -0.11874667     -7.69108200      0.11904139      0.01009375      0.11916032      0.01984023 bias_reducing
  1199    599.50000000    317.14307432     11.77945758    514.38162989    300.00000000      0.99979060      0.08551996     -7.57193607     -0.11850401     -7.69044007      0.12403571      0.01006696      0.12414636      0.02067262 bias_reducing
  1200    600.00000000    317.34898303     11.78677598    512.00638484    300.00000000      0.99979212      0.08512506     -7.57165150     -0.11826133     -7.68991283      0.12705163      0.01004015      0.12715696      0.02117527 bias_reducing
  1201    600.50000000    317.58744306     11.79421670    510.19860760    300.00000000      0.99979331      0.08482450     -7.57146194     -0.11801866     -7.68948059      0.12804134      0.01001328      0.12814360      0.02134022 bias_reducing
  1202    601.00000000    317.77890175     11.80182560    508.85700790    300.00000000      0.99979420      0.08460145     -7.57135031     -0.11777597     -7.68912628      0.12704777      0.00998630      0.12714878      0.02117463 bias_reducing
  1203    601.50000000    317.99430883     11.80963123    507.94528679    300.00000000      0.99979485      0.08444987     -7.57131105     -0.11753329     -7.68884434      0.12413441      0.00995919      0.12423548      0.02068907 bias_reducing
  1204    602.00000000    318.20795991     11.81764203    507.49334313    300.00000000      0.99979525      0.08437473     -7.57134968     -0.11729060     -7.68864029      0.11933649      0.00993194      0.11943840      0.01988942 bias_reducing
  1205    602.50000000    318.42647276     11.82584479    507.54064669    300.00000000      0.99979537      0.08438259     -7.57147414     -0.11704792     -7.68852206      0.11268000      0.00990457      0.11278372      0.01878000 bias_reducing
  1206    603.00000000    318.64202674     11.83420440    508.03320470    300.00000000      0.99979520      0.08446449     -7.57167589     -0.11680523     -7.68848112      0.10429013      0.00987710      0.10439753      0.01738169 bias_reducing
  1207    603.50000000    318.85815603     11.84266546    508.72915913    300.00000000      0.99979481      0.08458019     -7.57191491     -0.11656254     -7.68847746      0.09457779      0.00984959      0.09469039      0.01576296 bias_reducing
  1208    604.00000000    319.07664037     11.85115625    509.16696334    300.00000000      0.99979442      0.08465298     -7.57211293     -0.11631986     -7.68843279      0.08449279      0.00982210      0.08461006      0.01408213 bias_reducing
  1209    604.50000000    319.29229544     11.85959504    508.72940993    300.00000000      0.99979435      0.08458024     -7.57216481     -0.11607718     -7.68824199      0.07575769      0.00979468      0.07587702      0.01262628 bias_reducing
  1210    605.00000000    319.50061296     11.86789720    506.78993281    300.00000000      0.99979497      0.08425778     -7.57196334     -0.11583450     -7.68779784      0.07085913      0.00976742      0.07097361      0.01180986 bias_reducing
  1211    605.50000000    319.77364111     11.87598302    502.87969347    300.00000000      0.99979664      0.08360767     -7.57142844     -0.11559182     -7.68702026      0.07208368      0.00974037      0.07218178      0.01201395 bias_reducing
  1212    606.00000000    319.98882885     11.88378559    496.81808988    300.00000000      0.99979959      0.08259989     -7.57052819     -0.11534915     -7.68587734      0.07980136      0.00971359      0.07987514      0.01330023 bias_reducing
  1213    606.50000000    320.19676672     11.89125703    488.77340935    300.00000000      0.99980391      0.08126239     -7.56928993     -0.11510647     -7.68439640      0.09224952      0.00968711      0.09229967      0.01537492 bias_reducing
  1214    607.00000000    320.40365819     11.89837221    479.24956573    300.00000000      0.99980950      0.07967898     -7.56779794     -0.11486379     -7.68266173      0.10696950      0.00966096      0.10700047      0.01782825 bias_reducing
  1215    607.50000000    320.62059048     11.90513013    469.00227319    300.00000000      0.99981605      0.07797529     -7.56617903     -0.11462111     -7.68080013      0.12185726      0.00963513      0.12187297      0.02030954 bias_reducing
  1216    608.00000000    320.83200612     11.91155308    458.90994754    300.00000000      0.99982309      0.07629736     -7.56458105     -0.11437842     -7.67895948      0.13531622      0.00960960      0.13531976      0.02255270 bias_reducing
  1217    608.50000000    321.04576327     11.91768345    449.82888094    300.00000000      0.99983002      0.07478756     -7.56314829     -0.11413573     -7.67728402      0.14616712      0.00958433      0.14616039      0.02436119 bias_reducing
  1218    609.00000000    321.24790294     11.92357938    442.44483101    300.00000000      0.99983619      0.07355991     -7.56199707     -0.11389303     -7.67589010      0.15360312      0.00955929      0.15358704      0.02560052 bias_reducing
  1219    609.50000000    321.46455951     11.92930992    437.15480234    300.00000000      0.99984107      0.07268040     -7.56119507     -0.11365032     -7.67484539      0.15719505      0.00953440      0.15716970      0.02619918 bias_reducing
  1220    610.00000000    321.68458510     11.93494978    434.00726509    300.00000000      0.99984436      0.07215710     -7.56075111     -0.11340760     -7.67415870      0.15691834      0.00950961      0.15688346      0.02615306 bias_reducing
  1221    610.50000000    321.94508513     11.94057375    432.71119110    300.00000000      0.99984606      0.07194161     -7.56061724     -0.11316487     -7.67378211      0.15317666      0.00948487      0.15313182      0.02552944 bias_reducing
  1222    611.00000000    322.15886736     11.94625156    432.71625407    300.00000000      0.99984647      0.07194245     -7.56070132     -0.11292213     -7.67362345      0.14679190      0.00946011      0.14673627      0.02446532 bias_reducing
  1223    611.50000000    322.36614851     11.95204362    433.35212885    300.00000000      0.99984611      0.07204817     -7.56089063     -0.11267938     -7.67357001      0.13892476      0.00943529      0.13885686      0.02315413 bias_reducing
  1224    612.00000000    322.57153060     11.95799767    434.00001714    300.00000000      0.99984552      0.07215589     -7.56108127     -0.11243663     -7.67351790      0.13090556      0.00941036      0.13082406      0.02181759 bias_reducing
  1225    612.50000000    322.78934106     11.96414566    434.24422572    300.00000000      0.99984512      0.07219649     -7.56120338     -0.11219387     -7.67339725      0.12398405      0.00938531      0.12388834      0.02066401 bias_reducing
  1226    613.00000000    322.99817943     11.97050121    433.94670720    300.00000000      0.99984515      0.07214703     -7.56123447     -0.11195111     -7.67318558      0.11903160      0.00936013      0.11892225      0.01983860 bias_reducing
  1227    613.50000000    323.20367324     11.97705773    433.21842567    300.00000000      0.99984559      0.07202594     -7.56119398     -0.11170835     -7.67290232      0.11631020      0.00933482      0.11618852      0.01938503 bias_reducing
  1228    614.00000000    323.41311242     11.98378843    432.30192973    300.00000000      0.99984629      0.07187357     -7.56112389     -0.11146559     -7.67258948      0.11547788      0.00930939      0.11534471      0.01924631 bias_reducing
  1229    614.50000000    323.62968803     11.99064801    431.41523836    300.00000000      0.99984704      0.07172615     -7.56106129     -0.11122283     -7.67228412      0.11588445      0.00928390      0.11573976      0.01931408 bias_reducing
  1230    615.00000000    323.83759333     11.99757631    430.63194971    300.00000000      0.99984771      0.07159592     -7.56101825     -0.11098008     -7.67199833      0.11689146      0.00925838      0.11673524      0.01948191 bias_reducing
  1231    615.50000000    324.09876317     12.00450315    429.84940359    300.00000000      0.99984832      0.07146582     -7.56097626     -0.11073733     -7.67171359      0.11805866      0.00923289      0.11789121      0.01967644 bias_reducing
  1232    616.00000000    324.31099787     12.01135443    428.84740417    300.00000000      0.99984900      0.07129923     -7.56089700     -0.11049459     -7.67139159      0.11915077      0.00920748      0.11897323      0.01985846 bias_reducing
  1233    616.50000000    324.51863886     12.01805846    427.39871846    300.00000000      0.99984997      0.07105837     -7.56074037     -0.11025186     -7.67099223      0.12002174      0.00918221      0.11983457      0.02000362 bias_reducing
  1234    617.00000000    324.72630759     12.02455288    425.37615399    300.00000000      0.99985139      0.07072211     -7.56048435     -0.11000913     -7.67049348      0.12052925      0.00915712      0.12033293      0.02008821 bias_reducing
  1235    617.50000000    324.93379375     12.03079013    422.81051084    300.00000000      0.99985331      0.07029555     -7.56013338     -0.10976641     -7.66989980      0.12050726      0.00913225      0.12030122      0.02008454 bias_reducing
  1236    618.00000000    325.14171251     12.03674160    419.89002190    300.00000000      0.99985565      0.06980999     -7.55971921     -0.10952370     -7.66924291      0.11975666      0.00910763      0.11953993      0.01995944 bias_reducing
  1237    618.50000000    325.34829912     12.04239935    416.90377586    300.00000000      0.99985821      0.06931351     -7.55929051     -0.10928099     -7.66857150      0.11809239      0.00908324      0.11786362      0.01968207 bias_reducing
  1238    619.00000000    325.55425935     12.04777598    414.15118567    300.00000000      0.99986073      0.06885587     -7.55889844     -0.10903828     -7.66793673      0.11538909      0.00905909      0.11514629      0.01923151 bias_reducing
  1239    619.50000000    325.76801354     12.05290276    411.85337175    300.00000000      0.99986297      0.06847384     -7.55858072     -0.10879558     -7.66737629      0.11162270      0.00903515      0.11136308      0.01860378 bias_reducing
  1240    620.00000000    325.97490156     12.05782662    410.08369813    300.00000000      0.99986476      0.06817962     -7.55835032     -0.10855287     -7.66690320      0.10692436      0.00901138      0.10664487      0.01782073 bias_reducing
  1241    620.50000000    326.22303218     12.06260616    408.73456871    300.00000000      0.99986612      0.06795531     -7.55819018     -0.10831017     -7.66650035      0.10165521      0.00898774      0.10135281      0.01694253 bias_reducing
  1242    621.00000000    326.41576798     12.06730736    407.52609181    300.00000000      0.99986721      0.06775439     -7.55805363     -0.10806746     -7.66612109      0.09645182      0.00896417      0.09612453      0.01607530 bias_reducing
  1243    621.50000000    326.63183594     12.07199910    406.05954440    300.00000000      0.99986834      0.06751057     -7.55787413     -0.10782475     -7.66569888      0.09226454      0.00894064      0.09191360      0.01537742 bias_reducing
  1244    622.00000000    326.85096961     12.07674876    403.90908572    300.00000000      0.99986992      0.06715304     -7.55758022     -0.10758205     -7.66516226      0.09028389      0.00891707      0.08991637      0.01504731 bias_reducing
  1245    622.50000000    327.06081289     12.08161806    400.73804766    300.00000000      0.99987232      0.06662583     -7.55711487     -0.10733934     -7.66445420      0.09159635      0.00889344      0.09122543      0.01526606 bias_reducing
  1246    623.00000000    327.26795230     12.08665909    396.42092623    300.00000000      0.99987582      0.06590807     -7.55645662     -0.10709663     -7.66355326      0.09664783      0.00886970      0.09628829      0.01610797 bias_reducing
  1247    623.50000000    327.47514827     12.09191070    391.13412718    300.00000000      0.99988046      0.06502910     -7.55563449     -0.10685393     -7.66248842      0.10489333      0.00884582      0.10455475      0.01748222 bias_reducing
  1248    624.00000000    327.67550525     12.09739560    385.37363740    300.00000000      0.99988599      0.06407138     -7.55473198     -0.10661123     -7.66134321      0.11499604      0.00882179      0.11468058      0.01916601 bias_reducing
  1249    624.50000000    327.88196004     12.10311827    379.87670460    300.00000000      0.99989182      0.06315747     -7.55387351     -0.10636854     -7.66024205      0.12531048      0.00879761      0.12501484      0.02088508 bias_reducing
  1250    625.00000000    328.08658632     12.10906409    375.45713543    300.00000000      0.99989712      0.06242268     -7.55319655     -0.10612586     -7.65932241      0.13426242      0.00877328      0.13398064      0.02237707 bias_reducing
  1251    625.50000000    328.35042914     12.11519996    372.79668313    300.00000000      0.99990099      0.06198036     -7.55281638     -0.10588319     -7.65869957      0.14057317      0.00874884      0.14029833      0.02342886 bias_reducing
  1252    626.00000000    328.56292888     12.12147667    372.26120945    300.00000000      0.99990274      0.06189133     -7.55279475     -0.10564054     -7.65843528      0.14338165      0.00872431      0.14310658      0.02389694 bias_reducing
  1253    626.50000000    328.78241304     12.12783296    373.80583802    300.00000000      0.99990215      0.06214814     -7.55312396     -0.10539789     -7.65852186      0.14230130      0.00869975      0.14201851      0.02371688 bias_reducing
  1254    627.00000000    328.99185257     12.13420084    376.99856081    300.00000000      0.99989948      0.06267895     -7.55373024     -0.10515526     -7.65888551      0.13744766      0.00867520      0.13714907      0.02290794 bias_reducing
  1255    627.50000000    329.20907227     12.14051183    381.14524214    300.00000000      0.99989546      0.06336837     -7.55449612     -0.10491265     -7.65940877      0.12942113      0.00865070      0.12909770      0.02157019 bias_reducing
  1256    628.00000000    329.42222428     12.14670312    385.46484283    300.00000000      0.99989094      0.06408654     -7.55528932     -0.10467005     -7.65995937      0.11928273      0.00862631      0.11892466      0.01988045 bias_reducing
  1257    628.50000000    329.62935732     12.15272331    389.25704539    300.00000000      0.99988673      0.06471702     -7.55599173     -0.10442746     -7.66041919      0.10850750      0.00860207      0.10810580      0.01808458 bias_reducing
  1258    629.00000000    329.83596116     12.15853682    392.01854837    300.00000000      0.99988342      0.06517614     -7.55651868     -0.10418488     -7.66070356      0.09889287      0.00857799      0.09844312      0.01648215 bias_reducing
  1259    629.50000000    330.04301898     12.16412690    393.49342949    300.00000000      0.99988133      0.06542135     -7.55682752     -0.10394231     -7.66076983      0.09230314      0.00855408      0.09181180      0.01538386 bias_reducing
  1260    630.00000000    330.24995344     12.16949687    393.65969432    300.00000000      0.99988055      0.06544900     -7.55691503     -0.10369974     -7.66061476      0.09010321      0.00853035      0.08959054      0.01501720 bias_reducing
  1261    630.50000000    330.50589598     12.17466979    392.67044501    300.00000000      0.99988098      0.06528453     -7.55680749     -0.10345717     -7.66026466      0.09250814      0.00850678      0.09199999      0.01541802 bias_reducing
  1262    631.00000000    330.71075265     12.17968668    390.77795480    300.00000000      0.99988244      0.06496989     -7.55654770     -0.10321461     -7.65976231      0.09852655      0.00848333      0.09804190      0.01642109 bias_reducing
  1263    631.50000000    330.92309526     12.18460361    388.26162491    300.00000000      0.99988465      0.06455153     -7.55618320     -0.10297204     -7.65915524      0.10662243      0.00845998      0.10616828      0.01777040 bias_reducing
  1264    632.00000000    331.14011444     12.18948788    385.37265845    300.00000000      0.99988738      0.06407121     -7.55575661     -0.10272947     -7.65848608      0.11541090      0.00843667      0.11498628      0.01923515 bias_reducing
  1265    632.50000000    331.34909490     12.19441388    382.30584331    300.00000000      0.99989041      0.06356133     -7.55530074     -0.10248690     -7.65778763      0.12391104      0.00841335      0.12351167      0.02065184 bias_reducing
  1266    633.00000000    331.56140992     12.19945866    379.20516480    300.00000000      0.99989360      0.06304582     -7.55483982     -0.10224432     -7.65708414      0.13152539      0.00838996      0.13114643      0.02192090 bias_reducing
  1267    633.50000000    331.78097828     12.20469739    376.20117421    300.00000000      0.99989680      0.06254638     -7.55439559     -0.10200173     -7.65639732      0.13791975      0.00836647      0.13755679      0.02298663 bias_reducing
  1268    634.00000000    331.99309272     12.21019892    373.46535547    300.00000000      0.99989988      0.06209153     -7.55399657     -0.10175914     -7.65575571      0.14291476      0.00834282      0.14256401      0.02381913 bias_reducing
  1269    634.50000000    332.20066751     12.21602162    371.25317032    300.00000000      0.99990260      0.06172374     -7.55368574     -0.10151655     -7.65520229      0.14639033      0.00831898      0.14604860      0.02439839 bias_reducing
  1270    635.00000000    332.41247706     12.22220946    369.91395006    300.00000000      0.99990460      0.06150108     -7.55352203     -0.10127395     -7.65479598      0.14821810      0.00829491      0.14788251      0.02470302 bias_reducing
  1271    635.50000000    332.67262265     12.22878883    369.84735730    300.00000000      0.99990545      0.06149001     -7.55357321     -0.10103136     -7.65460457      0.14824294      0.00827060      0.14791066      0.02470716 bias_reducing
  1272    636.00000000    332.88964900     12.23576638    371.40444803    300.00000000      0.99990470      0.06174889     -7.55389942     -0.10078877     -7.65468818      0.14631390      0.00824604      0.14598179      0.02438565 bias_reducing
  1273    636.50000000    333.09979938     12.24312810    374.76202017    300.00000000      0.99990204      0.06230711     -7.55453146     -0.10054618     -7.65507763      0.14236741      0.00822126      0.14203202      0.02372790 bias_reducing
  1274    637.00000000    333.31562061     12.25084033    379.82045828    300.00000000      0.99989751      0.06314812     -7.55545292     -0.10030359     -7.65575651      0.13653099      0.00819627      0.13618869      0.02275517 bias_reducing
  1275    637.50000000    333.53356789     12.25885204    386.17620347    300.00000000      0.99989147      0.06420481     -7.55659583     -0.10006101     -7.65665684      0.12920173      0.00817110      0.12884911      0.02153362 bias_reducing
  1276    638.00000000    333.72269022     12.26709875    393.18899076    300.00000000      0.99988462      0.06537074     -7.55785205     -0.09981844     -7.65767049      0.12108724      0.00814581      0.12072191      0.02018121 bias_reducing
  1277    638.50000000    333.92708754     12.27550758    400.12813257    300.00000000      0.99987773      0.06652443     -7.55909719     -0.09957588     -7.65867307      0.11321260      0.00812045      0.11283484      0.01886877 bias_reducing
  1278    639.00000000    334.12964200     12.28400312    406.34532690    300.00000000      0.99987148      0.06755808     -7.56022168     -0.09933333     -7.65955501      0.10678902      0.00809506      0.10640368      0.01779817 bias_reducing
  1279    639.50000000    334.33752117     12.29251349    411.41054648    300.00000000      0.99986631      0.06840021     -7.56115230     -0.09909078     -7.66024309      0.10298274      0.00806969      0.10260007      0.01716379 bias_reducing
  1280    640.00000000    334.54496713     12.30097576    415.18377925    300.00000000      0.99986239      0.06902754     -7.56186524     -0.09884824     -7.66071348      0.10250439      0.00804438      0.10213681      0.01708406 bias_reducing
  1281    640.50000000    334.79971434     12.30934103    417.81265697    300.00000000      0.99985965      0.06946462     -7.56238493     -0.09860571     -7.66099064      0.10525042      0.00801917      0.10490971      0.01754174 bias_reducing
  1282    641.00000000    335.00577013     12.31757733    419.66887722    300.00000000      0.99985780      0.06977323     -7.56277393     -0.09836318     -7.66113711      0.11029514      0.00799407      0.10998693      0.01838252 bias_reducing
  1283    641.50000000    335.22140238     12.32567144    421.24395796    300.00000000      0.99985643      0.07003510     -7.56311529     -0.09812065     -7.66123594      0.11625096      0.00796910      0.11597493      0.01937516 bias_reducing
  1284    642.00000000    335.44053314     12.33362888    423.03273385    300.00000000      0.99985508      0.07033249     -7.56349191     -0.09787812     -7.66137004      0.12167851      0.00794425      0.12143000      0.02027975 bias_reducing
  1285    642.50000000    335.64308379     12.34147274    425.42604829    300.00000000      0.99985338      0.07073040     -7.56397055     -0.09763559     -7.66160614      0.12534263      0.00791951      0.12511558      0.02089044 bias_reducing
  1286    643.00000000    335.85062972     12.34924077    428.62084764    300.00000000      0.99985108      0.07126156     -7.56458467     -0.09739306     -7.66197773      0.12636775      0.00789485      0.12615586      0.02106129 bias_reducing
  1287    643.50000000    336.06321704     12.35698176    432.57341822    300.00000000      0.99984815      0.07191871     -7.56532729     -0.09715053     -7.66247781      0.12432622      0.00787023      0.12412389      0.02072104 bias_reducing
  1288    644.00000000    336.27830818     12.36475100    437.00952686    300.00000000      0.99984473      0.07265624     -7.56615315     -0.09690799     -7.66306113      0.11930169      0.00784564      0.11910427      0.01988362 bias_reducing
  1289    644.50000000    336.49677983     12.37260535    441.48573223    300.00000000      0.99984116      0.07340045     -7.56698740     -0.09666544     -7.66365283      0.11192397      0.00782102      0.11172843      0.01865399 bias_reducing
  1290    645.00000000    336.71072256     12.38059811    445.50062464    300.00000000      0.99983783      0.07406796     -7.56774588     -0.09642289     -7.66416877      0.10334455      0.00779635      0.10315003      0.01722409 bias_reducing
  1291    645.50000000    336.97884969     12.38877414    448.62991401    300.00000000      0.99983508      0.07458822     -7.56835677     -0.09618033     -7.66453711      0.09515467      0.00777159      0.09496224      0.01585911 bias_reducing
  1292    646.00000000    337.19000984     12.39716630    450.63474193    300.00000000      0.99983316      0.07492154     -7.56878002     -0.09593777     -7.66471779      0.08911699      0.00774674      0.08893116      0.01485283 bias_reducing
  1293    646.50000000    337.40060087     12.40579221    451.51101760    300.00000000      0.99983211      0.07506723     -7.56901499     -0.09569521     -7.66471020      0.08663009      0.00772177      0.08645733      0.01443835 bias_reducing
  1294    647.00000000    337.61350503     12.41465228    451.45979851    300.00000000      0.99983185      0.07505872     -7.56909644     -0.09545265     -7.66454909      0.08808302      0.00769670      0.08792994      0.01468050 bias_reducing
  1295    647.50000000    337.82095998     12.42372820    450.79337009    300.00000000      0.99983217      0.07494792     -7.56907686     -0.09521009     -7.66428695      0.09272328      0.00767153      0.09259392      0.01545388 bias_reducing
  1296    648.00000000    338.03822029     12.43298237    449.82772005    300.00000000      0.99983281      0.07478737     -7.56900936     -0.09496753     -7.66397689      0.09921095      0.00764628      0.09910482      0.01653516 bias_reducing
  1297    648.50000000    338.24668797     12.44235966    448.80261345    300.00000000      0.99983358      0.07461694     -7.56893368     -0.09472497     -7.66365865      0.10628732      0.00762099      0.10620117      0.01771455 bias_reducing
  1298    649.00000000    338.46345747     12.45179063    447.85417962    300.00000000      0.99983433      0.07445925     -7.56887169     -0.09448242     -7.66335411      0.11305096      0.00759571      0.11298081      0.01884183 bias_reducing
  1299    649.50000000    338.68279180     12.46119609    447.04757351    300.00000000      0.99983499      0.07432515     -7.56883270     -0.09423987     -7.66307257      0.11892388      0.00757048      0.11886595      0.01982065 bias_reducing
  1300    650.00000000    338.90344297     12.47049243    446.44109757    300.00000000      0.99983553      0.07422432     -7.56882547     -0.09399733     -7.66282280      0.12352674      0.00754535      0.12347806      0.02058779 bias_reducing
  1301    650.50000000    339.17012498     12.47959741    446.13744577    300.00000000      0.99983589      0.07417383     -7.56886608     -0.09375479     -7.66262087      0.12659524      0.00752037      0.12655397      0.02109921 bias_reducing
  1302    651.00000000    339.37735076     12.48843560    446.30103550    300.00000000      0.99983597      0.07420103     -7.56898186     -0.09351225     -7.66249411      0.12793338      0.00749559      0.12789829      0.02132223 bias_reducing
  1303    651.50000000    339.58498612     12.49694366    447.13897694    300.00000000      0.99983563      0.07434035     -7.56920715     -0.09326972     -7.66247687      0.12740357      0.00747104      0.12737415      0.02123393 bias_reducing
  1304    652.00000000    339.79223089     12.50507441    448.84847450    300.00000000      0.99983469      0.07462456     -7.56957552     -0.09302719     -7.66260271      0.12493896      0.00744675      0.12491571      0.02082316 bias_reducing
  1305    652.50000000    340.00580142     12.51279926    451.55485690    300.00000000      0.99983306      0.07507452     -7.57010804     -0.09278466     -7.66289269      0.12054540      0.00742273      0.12052900      0.02009090 bias_reducing
  1306    653.00000000    340.21482708     12.52010948    455.26228089    300.00000000      0.99983069      0.07569091     -7.57080599     -0.09254212     -7.66334811      0.11432307      0.00739898      0.11431421      0.01905384 bias_reducing
  1307    653.50000000    340.42384806     12.52701615    459.81949835    300.00000000      0.99982767      0.07644858     -7.57164457     -0.09229958     -7.66394414      0.10649877      0.00737551      0.10649788      0.01774980 bias_reducing
  1308    654.00000000    340.64031292     12.53354842    464.91457461    300.00000000      0.99982419      0.07729568     -7.57257181     -0.09205703     -7.66462883      0.09748272      0.00735228      0.09749130      0.01624712 bias_reducing
  1309    654.50000000    340.84915067     12.53975026    470.10174168    300.00000000      0.99982056      0.07815808     -7.57351355     -0.09181447     -7.66532802      0.08796985      0.00732927      0.08799005      0.01466164 bias_reducing
  1310    655.00000000    341.06661277     12.54567685    474.85063429    300.00000000      0.99981712      0.07894762     -7.57438131     -0.09157191     -7.66595322      0.07912138      0.00730645      0.07915594      0.01318690 bias_reducing
  1311    655.50000000    341.30662756     12.55139049    478.62115465    300.00000000      0.99981422      0.07957450     -7.57508458     -0.09132933     -7.66641391      0.07273093      0.00728378      0.07278169      0.01212182 bias_reducing
  1312    656.00000000    341.51250283     12.55695623    480.95568408    300.00000000      0.99981217      0.07996264     -7.57554643     -0.09108675     -7.66663317      0.07099115      0.00726122      0.07105641      0.01183186 bias_reducing
  1313    656.50000000    341.70791730     12.56243744    481.57717565    300.00000000      0.99981119      0.08006596     -7.57572025     -0.09084415     -7.66656440      0.07534351      0.00723873      0.07541747      0.01255725 bias_reducing
  1314    657.00000000    341.91442504     12.56789138    480.47192319    300.00000000      0.99981136      0.07988221     -7.57560327     -0.09060155     -7.66620482      0.08530952      0.00721628      0.08538587      0.01421825 bias_reducing
  1315    657.50000000    342.12323337     12.57336499    477.92805667    300.00000000      0.99981260      0.07945927     -7.57524382     -0.09035894     -7.66560277      0.09890390      0.00719384      0.09897901      0.01648398 bias_reducing
  1316    658.00000000    342.33521653     12.57889139    474.50160465    300.00000000      0.99981464      0.07888960     -7.57473553     -0.09011633     -7.66485186      0.11387903      0.00717139      0.11395206      0.01897984 bias_reducing
  1317    658.50000000    342.54724040     12.58448694    470.91532165    300.00000000      0.99981706      0.07829335     -7.57420005     -0.08987371     -7.66407377      0.12831153      0.00714892      0.12838308      0.02138526 bias_reducing
  1318    659.00000000    342.75930719     12.59014953    467.91274652    300.00000000      0.99981938      0.07779415     -7.57376297     -0.08963110     -7.66339407      0.14069528      0.00712644      0.14076634      0.02344921 bias_reducing
  1319    659.50000000    342.96770680     12.59585829    466.09813542    300.00000000      0.99982109      0.07749245     -7.57352591     -0.08938848     -7.66291439      0.14993572      0.00710395      0.15000738      0.02498929 bias_reducing
  1320    660.00000000    343.17542465     12.60157490    465.82084932    300.00000000      0.99982184      0.07744635     -7.57354742     -0.08914586     -7.66269328      0.15536055      0.00708148      0.15543391      0.02589343 bias_reducing
  1321    660.50000000    343.43274989     12.60724660    467.13440854    300.00000000      0.99982147      0.07766474     -7.57383589     -0.08890325     -7.66273913      0.15674057      0.00705905      0.15681695      0.02612343 bias_reducing
  1322    661.00000000    343.63943228     12.61281037    469.83349011    300.00000000      0.99982005      0.07811349     -7.57435610     -0.08866063     -7.66301673      0.15429445      0.00703670      0.15437533      0.02571574 bias_reducing
  1323    661.50000000    343.85634351     12.61819848    473.54538288    300.00000000      0.99981782      0.07873062     -7.57504429     -0.08841803     -7.66346232      0.14866287      0.00701446      0.14874987      0.02477715 bias_reducing
  1324    662.00000000    344.06484449     12.62334443    477.83549845    300.00000000      0.99981509      0.07944388     -7.57582737     -0.08817542     -7.66400280      0.14083644      0.00699238      0.14093121      0.02347274 bias_reducing
  1325    662.50000000    344.27179096     12.62818892    482.29909800    300.00000000      0.99981218      0.08018599     -7.57663674     -0.08793282     -7.66456956      0.13205273      0.00697048      0.13215667      0.02200879 bias_reducing
  1326    663.00000000    344.48659042     12.63268488    486.62502229    300.00000000      0.99980931      0.08090521     -7.57742011     -0.08769022     -7.66511033      0.12364177      0.00694879      0.12375563      0.02060696 bias_reducing
  1327    663.50000000    344.69489743     12.63680138    490.62413685    300.00000000      0.99980666      0.08157009     -7.57814580     -0.08744762     -7.66559342      0.11682011      0.00692732      0.11694379      0.01947002 bias_reducing
  1328    664.00000000    344.90378721     12.64052556    494.22318828    300.00000000      0.99980430      0.08216846     -7.57880175     -0.08720502     -7.66600677      0.11244370      0.00690608      0.11257520      0.01874062 bias_reducing
  1329    664.50000000    345.12121252     12.64386332    497.44365700    300.00000000      0.99980221      0.08270389     -7.57939190     -0.08696242     -7.66635432      0.11078450      0.00688506      0.11092098      0.01846408 bias_reducing
  1330    665.00000000    345.32913971     12.64683805    500.36835051    300.00000000      0.99980036      0.08319014     -7.57993064     -0.08671981     -7.66665045      0.11148523      0.00686426      0.11162403      0.01858087 bias_reducing
  1331    665.50000000    345.59058135     12.64948792    503.09620353    300.00000000      0.99979868      0.08364367     -7.58043516     -0.08647720     -7.66691236      0.11379692      0.00684364      0.11393580      0.01896615 bias_reducing
  1332    666.00000000    345.79537684     12.65186287    505.70588255    300.00000000      0.99979711      0.08407755     -7.58091894     -0.08623458     -7.66715352      0.11687610      0.00682318      0.11701353      0.01947935 bias_reducing
  1333    666.50000000    346.01244413     12.65402089    508.23685659    300.00000000      0.99979561      0.08449834     -7.58138888     -0.08599195     -7.66738084      0.11999297      0.00680285      0.12012831      0.01999883 bias_reducing
  1334    667.00000000    346.22465832     12.65602407    510.69493295    300.00000000      0.99979416      0.08490702     -7.58184609     -0.08574932     -7.66759542      0.12260394      0.00678261      0.12273746      0.02043399 bias_reducing
  1335    667.50000000    346.44264830     12.65793438    513.07843952    300.00000000      0.99979277      0.08530330     -7.58229042     -0.08550668     -7.66779710      0.12435765      0.00676243      0.12449014      0.02072628 bias_reducing
  1336    668.00000000    346.63325172     12.65980961    515.41033981    300.00000000      0.99979144      0.08569099     -7.58272569     -0.08526404     -7.66798973      0.12504249      0.00674228      0.12517497      0.02084041 bias_reducing
  1337    668.50000000    346.83656705     12.66169977    517.76357672    300.00000000      0.99979013      0.08608224     -7.58316440     -0.08502139     -7.66818579      0.12453555      0.00672213      0.12466946      0.02075593 bias_reducing
  1338    669.00000000    347.05281373     12.66364368    520.26218663    300.00000000      0.99978879      0.08649765     -7.58362766     -0.08477874     -7.66840641      0.12275689      0.00670195      0.12289359      0.02045948 bias_reducing
  1339    669.50000000    347.26275363     12.66566631    523.04711113    300.00000000      0.99978734      0.08696066     -7.58414000     -0.08453609     -7.66867609      0.11966158      0.00668174      0.11980277      0.01994360 bias_reducing
  1340    670.00000000    347.47087481     12.66777684    526.21117686    300.00000000      0.99978572      0.08748672     -7.58471760     -0.08429345     -7.66901104      0.11527429      0.00666149      0.11542197      0.01921238 bias_reducing
  1341    670.50000000    347.73203997     12.66996782    529.72886789    300.00000000      0.99978390      0.08807156     -7.58535689     -0.08405080     -7.66940770      0.10976043      0.00664120      0.10991679      0.01829341 bias_reducing
  1342    671.00000000    347.94373728     12.67221560    533.41878134    300.00000000      0.99978195      0.08868504     -7.58602716     -0.08380817     -7.66983533      0.10350848      0.00662089      0.10367570      0.01725141 bias_reducing
  1343    671.50000000    348.15648749     12.67448231    536.96117606    300.00000000      0.99978001      0.08927399     -7.58667449     -0.08356554     -7.67024003      0.09718049      0.00660057      0.09736018      0.01619675 bias_reducing
  1344    672.00000000    348.37514060     12.67671900    539.96691513    300.00000000      0.99977827      0.08977371     -7.58723251     -0.08332291     -7.67055543      0.09170202      0.00658027      0.09189416      0.01528367 bias_reducing
  1345    672.50000000    348.58269983     12.67886992    542.07638794    300.00000000      0.99977693      0.09012443     -7.58764002     -0.08308030     -7.67072032      0.08815202      0.00656002      0.08835305      0.01469200 bias_reducing
  1346    673.00000000    348.78874789     12.68087776    543.05141097    300.00000000      0.99977613      0.09028654     -7.58785621     -0.08283770     -7.67069390      0.08748376      0.00653984      0.08768651      0.01458063 bias_reducing
  1347    673.50000000    349.00725890     12.68268885    542.83782295    300.00000000      0.99977594      0.09025103     -7.58787131     -0.08259510     -7.67046641      0.09012503      0.00651977      0.09032107      0.01502084 bias_reducing
  1348    674.00000000    349.22441308     12.68425791    541.58544211    300.00000000      0.99977634      0.09004281     -7.58771009     -0.08235252     -7.67006261      0.09574976      0.00649983      0.09593323      0.01595829 bias_reducing
  1349    674.50000000    349.43937892     12.68555174    539.61871264    300.00000000      0.99977720      0.08971582     -7.58742681     -0.08210994     -7.66953675      0.10339398      0.00648002      0.10356291      0.01723233 bias_reducing
  1350    675.00000000    349.65332365     12.68655157    537.38659473    300.00000000      0.99977833      0.08934472     -7.58709645     -0.08186736     -7.66896381      0.11174420      0.00646037      0.11189946      0.01862403 bias_reducing
  1351    675.50000000    349.91168051     12.68725433    535.39423159    300.00000000      0.99977947      0.08901347     -7.58680410     -0.08162479     -7.66842889      0.11946417      0.00644088      0.11960834      0.01991070 bias_reducing
  1352    676.00000000    350.12612062     12.68767282    534.10786299    300.00000000      0.99978037      0.08879960     -7.58662850     -0.08138222     -7.66801071      0.12535726      0.00642152      0.12549348      0.02089288 bias_reducing
  1353    676.50000000    350.34231598     12.68783445    533.85559712    300.00000000      0.99978080      0.08875766     -7.58662528     -0.08113964     -7.66776492      0.12848109      0.00640230      0.12861271      0.02141351 bias_reducing
  1354    677.00000000    350.55055405     12.68777919    534.74973616    300.00000000      0.99978063      0.08890632     -7.58681424     -0.08089707     -7.66771131      0.12822246      0.00638319      0.12835291      0.02137041 bias_reducing
  1355    677.50000000    350.75802087     12.68755713    536.64490158    300.00000000      0.99977987      0.08922140     -7.58717161     -0.08065449     -7.66782610      0.12438241      0.00636417      0.12451535      0.02073040 bias_reducing
  1356    678.00000000    350.96471742     12.68722523    539.14809252    300.00000000      0.99977867      0.08963758     -7.58763170     -0.08041191     -7.66804360      0.11723254      0.00634520      0.11737183      0.01953876 bias_reducing
  1357    678.50000000    351.17040132     12.68684426    541.68973155    300.00000000      0.99977731      0.09006015     -7.58809889     -0.08016932     -7.66826821      0.10755338      0.00632625      0.10770326      0.01792556 bias_reducing
  1358    679.00000000    351.37650388     12.68647521    543.64134715    300.00000000      0.99977610      0.09038462     -7.58846773     -0.07992673     -7.66839446      0.09665359      0.00630731      0.09681816      0.01610893 bias_reducing
  1359    679.50000000    351.59396494     12.68617549    544.44707943    300.00000000      0.99977535      0.09051858     -7.58864470     -0.07968414     -7.66832884      0.08638180      0.00628832      0.08656332      0.01439697 bias_reducing
  1360    680.00000000    351.80442667     12.68599502    543.73505322    300.00000000      0.99977530      0.09040020     -7.58856733     -0.07944155     -7.66800887      0.07895092      0.00626928      0.07914647      0.01315849 bias_reducing
  1361    680.50000000    352.06333629     12.68597243    541.37320438    300.00000000      0.99977608      0.09000752     -7.58821396     -0.07919895     -7.66741291      0.07630026      0.00625016      0.07649923      0.01271671 bias_reducing
  1362    681.00000000    352.27310806     12.68613141    537.45102958    300.00000000      0.99977770      0.08935543     -7.58760021     -0.07895636     -7.66655656      0.07896895      0.00623095      0.07915754      0.01316149 bias_reducing
  1363    681.50000000    352.46172749     12.68647768    532.20000077    300.00000000      0.99978011      0.08848240     -7.58676533     -0.07871377     -7.66547910      0.08588564      0.00621164      0.08605476      0.01431427 bias_reducing
  1364    682.00000000    352.66604130     12.68699745    525.89860869    300.00000000      0.99978320      0.08743475     -7.58575620     -0.07847118     -7.66422738      0.09531587      0.00619225      0.09546358      0.01588598 bias_reducing
  1365    682.50000000    352.87834371     12.68765707    518.80419668    300.00000000      0.99978685      0.08625525     -7.58461556     -0.07822860     -7.66284416      0.10575712      0.00617280      0.10588581      0.01762619 bias_reducing
  1366    683.00000000    353.08601255     12.68840458    511.13341880    300.00000000      0.99979098      0.08497992     -7.58337852     -0.07798602     -7.66136454      0.11619072      0.00615330      0.11630360      0.01936512 bias_reducing
  1367    683.50000000    353.29321875     12.68917333    503.09278688    300.00000000      0.99979551      0.08364310     -7.58207829     -0.07774345     -7.65982174      0.12596674      0.00613379      0.12606693      0.02099446 bias_reducing
  1368    684.00000000    353.50355276     12.68988719    494.92689677    300.00000000      0.99980034      0.08228546     -7.58075469     -0.07750089     -7.65825558      0.13463236      0.00611430      0.13472269      0.02243873 bias_reducing
  1369    684.50000000    353.71070517     12.69046658    486.95682562    300.00000000      0.99980531      0.08096037     -7.57946069     -0.07725834     -7.65671903      0.14185420      0.00609488      0.14193653      0.02364237 bias_reducing
  1370    685.00000000    353.91801484     12.69083545    479.57766160    300.00000000      0.99981021      0.07973353     -7.57826189     -0.07701579     -7.65527768      0.14737221      0.00607556      0.14744790      0.02456204 bias_reducing
  1371    685.50000000    354.17579855     12.69092763    473.21524090    300.00000000      0.99981474      0.07867573     -7.57722970     -0.07677325     -7.65400295      0.15098902      0.00605637      0.15105870      0.02516484 bias_reducing
  1372    686.00000000    354.38604394     12.69069234    468.26742386    300.00000000      0.99981857      0.07785311     -7.57643077     -0.07653071     -7.65296148      0.15257573      0.00603733      0.15263966      0.02542929 bias_reducing
  1373    686.50000000    354.57466990     12.69009791    465.03675896    300.00000000      0.99982139      0.07731599     -7.57591613     -0.07628817     -7.65220430      0.15208219      0.00601846      0.15214109      0.02534703 bias_reducing
  1374    687.00000000    354.77149014     12.68913308    463.67561670    300.00000000      0.99982299      0.07708969     -7.57571156     -0.07604563     -7.65175719      0.14953357      0.00599977      0.14958792      0.02492226 bias_reducing
  1375    687.50000000    354.98175720     12.68780716    464.15431516    300.00000000      0.99982328      0.07716928     -7.57581276     -0.07580309     -7.65161585      0.14504403      0.00598124      0.14509446      0.02417401 bias_reducing
  1376    688.00000000    355.19159790     12.68614853    466.24815224    300.00000000      0.99982234      0.07751739     -7.57618276     -0.07556055     -7.65174331      0.13883474      0.00596287      0.13888174      0.02313912 bias_reducing
  1377    688.50000000    355.39963177     12.68420241    469.54833319    300.00000000      0.99982042      0.07806608     -7.57675362     -0.07531800     -7.65207162      0.13130175      0.00594463      0.13134620      0.02188363 bias_reducing
  1378    689.00000000    355.59555719     12.68202729    473.50756453    300.00000000      0.99981788      0.07872433     -7.57743408     -0.07507545     -7.65250954      0.12306784      0.00592649      0.12311038      0.02051131 bias_reducing
  1379    689.50000000    355.79502980     12.67969131    477.51681148    300.00000000      0.99981514      0.07939090     -7.57812227     -0.07483290     -7.65295517      0.11503186      0.00590843      0.11507274      0.01917198 bias_reducing
  1380    690.00000000    356.00184174     12.67726817    481.01148839    300.00000000      0.99981261      0.07997191     -7.57872329     -0.07459034     -7.65331363      0.10835888      0.00589040      0.10839826      0.01805981 bias_reducing
  1381    690.50000000    356.24177055     12.67483246    483.58534229    300.00000000      0.99981061      0.08039984     -7.57916909     -0.07434778     -7.65351686      0.10426279      0.00587236      0.10429983      0.01737713 bias_reducing
  1382    691.00000000    356.44638681     12.67245500    485.07498093    300.00000000      0.99980930      0.08064750     -7.57943248     -0.07410521     -7.65353770      0.10360259      0.00585430      0.10363605      0.01726710 bias_reducing
  1383    691.50000000    356.65863848     12.67019798    485.59706146    300.00000000      0.99980869      0.08073430     -7.57953291     -0.07386265     -7.65339556      0.10639362      0.00583617      0.10642257      0.01773227 bias_reducing
  1384    692.00000000    356.87172909     12.66811001    485.51713790    300.00000000      0.99980861      0.08072101     -7.57953288     -0.07362009     -7.65315297      0.11160336      0.00581796      0.11162742      0.01860056 bias_reducing
  1385    692.50000000    357.08981147     12.66622203    485.33654377    300.00000000      0.99980876      0.08069099     -7.57951734     -0.07337753     -7.65289486      0.11761601      0.00579965      0.11763535      0.01960267 bias_reducing
  1386    693.00000000    357.29748678     12.66454402    485.53760104    300.00000000      0.99980880      0.08072442     -7.57956837     -0.07313497     -7.65270334      0.12281124      0.00578124      0.12282613      0.02046854 bias_reducing
  1387    693.50000000    357.50854910     12.66306397    486.44338411    300.00000000      0.99980848      0.08087501     -7.57974050     -0.07289242     -7.65263292      0.12589178      0.00576273      0.12590233      0.02098196 bias_reducing
  1388    694.00000000    357.72044107     12.66174864    488.13024834    300.00000000      0.99980765      0.08115546     -7.58004637     -0.07264987     -7.65269625      0.12605556      0.00574414      0.12606168      0.02100926 bias_reducing
  1389    694.50000000    357.92836833     12.66054642    490.41997025    300.00000000      0.99980637      0.08153615     -7.58045565     -0.07240734     -7.65286298      0.12303812      0.00572549      0.12303958      0.02050635 bias_reducing
  1390    695.00000000    358.13676432     12.65939220    492.94545471    300.00000000      0.99980482      0.08195603     -7.58090561     -0.07216481     -7.65307042      0.11713076      0.00570681      0.11712695      0.01952179 bias_reducing
  1391    695.50000000    358.39800716     12.65821357    495.25854865    300.00000000      0.99980328      0.08234060     -7.58132014     -0.07192229     -7.65324243      0.10915359      0.00568814      0.10914339      0.01819226 bias_reducing
  1392    696.00000000    358.60911384     12.65693773    496.94513057    300.00000000      0.99980201      0.08262101     -7.58162890     -0.07167977     -7.65330867      0.10042355      0.00566950      0.10040550      0.01673726 bias_reducing
  1393    696.50000000    358.81651706     12.65549827    497.71911169    300.00000000      0.99980125      0.08274969     -7.58178325     -0.07143726     -7.65322051      0.09264916      0.00565093      0.09262170      0.01544153 bias_reducing
  1394    697.00000000    359.02377860     12.65384108    497.47214609    300.00000000      0.99980109      0.08270863     -7.58176474     -0.07119476     -7.65295950      0.08764403      0.00563246      0.08760635      0.01460734 bias_reducing
  1395    697.50000000    359.23856931     12.65192892    496.28002762    300.00000000      0.99980154      0.08251043     -7.58158584     -0.07095225     -7.65253810      0.08671059      0.00561409      0.08666345      0.01445176 bias_reducing
  1396    698.00000000    359.45214138     12.64974421    494.37689796    300.00000000      0.99980252      0.08219402     -7.58128585     -0.07070975     -7.65199560      0.08994985      0.00559583      0.08989532      0.01499164 bias_reducing
  1397    698.50000000    359.66594005     12.64729036    492.09571108    300.00000000      0.99980385      0.08181475     -7.58092102     -0.07046725     -7.65138826      0.09623641      0.00557769      0.09617654      0.01603940 bias_reducing
  1398    699.00000000    359.88493305     12.64459160    489.79303351    300.00000000      0.99980531      0.08143191     -7.58055132     -0.07022474     -7.65077606      0.10400615      0.00555964      0.10394226      0.01733436 bias_reducing
  1399    699.50000000    360.10080060     12.64169155    487.78032496    300.00000000      0.99980669      0.08109729     -7.58022963     -0.06998223     -7.65021187      0.11186213      0.00554169      0.11179481      0.01864369 bias_reducing
  1400    700.00000000    360.30907477     12.63865059    486.27545713    300.00000000      0.99980782      0.08084709     -7.57999244     -0.06973972     -7.64973216      0.11879394      0.00552378      0.11872316      0.01979899 bias_reducing
  1401    700.50000000    360.57080372     12.63554259    485.38578993    300.00000000      0.99980858      0.08069918     -7.57985821     -0.06949720     -7.64935540      0.12418168      0.00550590      0.12410706      0.02069695 bias_reducing
  1402    701.00000000    360.77567708     12.63245086    485.12740426    300.00000000      0.99980895      0.08065622     -7.57982946     -0.06925467     -7.64908414      0.12770694      0.00548800      0.12762791      0.02128449 bias_reducing
  1403    701.50000000    360.98898292     12.62946334    485.47665425    300.00000000      0.99980891      0.08071428     -7.57990210     -0.06901214     -7.64891424      0.12923395      0.00547006      0.12914974      0.02153899 bias_reducing
  1404    702.00000000    361.20270629     12.62666729    486.42773643    300.00000000      0.99980850      0.08087241     -7.58007562     -0.06876961     -7.64884522      0.12872871      0.00545202      0.12863835      0.02145478 bias_reducing
  1405    702.50000000    361.41049231     12.62414349    488.02281329    300.00000000      0.99980770      0.08113760     -7.58035751     -0.06852707     -7.64888458      0.12620407      0.00543386      0.12610635      0.02103401 bias_reducing
  1406    703.00000000    361.62123563     12.62196036    490.33667139    300.00000000      0.99980648      0.08152230     -7.58076142     -0.06828453     -7.64904595      0.12166461      0.00541555      0.12155790      0.02027744 bias_reducing
  1407    703.50000000    361.82823500     12.62016841    493.41332491    300.00000000      0.99980480      0.08203382     -7.58129597     -0.06804199     -7.64933795      0.11513370      0.00539706      0.11501583      0.01918895 bias_reducing
  1408    704.00000000    362.04507986     12.61879568    497.17454483    300.00000000      0.99980268      0.08265915     -7.58194940     -0.06779944     -7.64974884      0.10672869      0.00537840      0.10659555      0.01778812 bias_reducing
  1409    704.50000000    362.25878153     12.61784543    501.35071716    300.00000000      0.99980023      0.08335347     -7.58267714     -0.06755690     -7.65023404      0.09678858      0.00535954      0.09663530      0.01613143 bias_reducing
  1410    705.00000000    362.47644341     12.61729510    505.46908253    300.00000000      0.99979769      0.08403818     -7.58339950     -0.06731436     -7.65071386      0.08602790      0.00534052      0.08584838      0.01433798 bias_reducing
  1411    705.50000000    362.74200392     12.61709797    508.91350039    300.00000000      0.99979540      0.08461084     -7.58401281     -0.06707181     -7.65108462      0.07572966      0.00532134      0.07551799      0.01262161 bias_reducing
  1412    706.00000000    362.95825140     12.61718725    511.04818545    300.00000000      0.99979371      0.08496575     -7.58440884     -0.06682927     -7.65123811      0.06794990      0.00530205      0.06770574      0.01132498 bias_reducing
  1413    706.50000000    363.16958027     12.61748212    511.36300249    300.00000000      0.99979297      0.08501809     -7.58450092     -0.06658674     -7.65108766      0.06521097      0.00528266      0.06494838      0.01086850 bias_reducing
  1414    707.00000000    363.37674994     12.61789493    509.59110970    300.00000000      0.99979337      0.08472350     -7.58424339     -0.06634420     -7.65058759      0.06906250      0.00526323      0.06880715      0.01151042 bias_reducing
  1415    707.50000000    363.58890227     12.61833886    505.77070563    300.00000000      0.99979500      0.08408833     -7.58364151     -0.06610166     -7.64974317      0.07875993      0.00524378      0.07852954      0.01312666 bias_reducing
  1416    708.00000000    363.79698258     12.61873515    500.24448179    300.00000000      0.99979779      0.08316955     -7.58275251     -0.06585913     -7.64861164      0.09209912      0.00522436      0.09189633      0.01534985 bias_reducing
  1417    708.50000000    364.00835040     12.61901905    493.60785156    300.00000000      0.99980151      0.08206616     -7.58167526     -0.06561659     -7.64729185      0.10682038      0.00520499      0.10664038      0.01780340 bias_reducing
  1418    709.00000000    364.21591634     12.61914394    486.62030149    300.00000000      0.99980580      0.08090442     -7.58053718     -0.06537405     -7.64591123      0.12113400      0.00518568      0.12097052      0.02018900 bias_reducing
  1419    709.50000000    364.43339005     12.61908365    480.08835404    300.00000000      0.99981017      0.07981844     -7.57947352     -0.06513151     -7.64460502      0.13369289      0.00516645      0.13354034      0.02228215 bias_reducing
  1420    710.00000000    364.64846897     12.61883310    474.73580655    300.00000000      0.99981411      0.07892853     -7.57860633     -0.06488896     -7.64349528      0.14349370      0.00514730      0.14334743      0.02391562 bias_reducing
  1421    710.50000000    364.91677272     12.61840742    471.08324645    300.00000000      0.99981715      0.07832127     -7.57802298     -0.06464641     -7.64266938      0.14987224      0.00512822      0.14972825      0.02497871 bias_reducing
  1422    711.00000000    365.13472210     12.61784012    469.36098994    300.00000000      0.99981897      0.07803493     -7.57776301     -0.06440385     -7.64216686      0.15254003      0.00510920      0.15239499      0.02542334 bias_reducing
  1423    711.50000000    365.34326181     12.61717996    469.48273973    300.00000000      0.99981948      0.07805517     -7.57781196     -0.06416128     -7.64197324      0.15161460      0.00509022      0.15146540      0.02526910 bias_reducing
  1424    712.00000000    365.55994307     12.61648735    471.09043873    300.00000000      0.99981884      0.07832246     -7.57810977     -0.06391871     -7.64202847      0.14762779      0.00507125      0.14747146      0.02460463 bias_reducing
  1425    712.50000000    365.77361364     12.61582992    473.66634006    300.00000000      0.99981735      0.07875073     -7.57856915     -0.06367613     -7.64224528      0.14146900      0.00505227      0.14130315      0.02357817 bias_reducing
  1426    713.00000000    365.97484194     12.61527737    476.68534921    300.00000000      0.99981542      0.07925266     -7.57910176     -0.06343354     -7.64253531      0.13425952      0.00503325      0.13408227      0.02237659 bias_reducing
  1427    713.50000000    366.18078701     12.61489598    479.74853088    300.00000000      0.99981338      0.07976194     -7.57964099     -0.06319095     -7.64283194      0.12716176      0.00501416      0.12697233      0.02119363 bias_reducing
  1428    714.00000000    366.39190691     12.61474311    482.65483201    300.00000000      0.99981143      0.08024513     -7.58015360     -0.06294836     -7.64310196      0.12115198      0.00499498      0.12095128      0.02019200 bias_reducing
  1429    714.50000000    366.60030221     12.61486163    485.40076517    300.00000000      0.99980962      0.08070167     -7.58063985     -0.06270577     -7.64334562      0.11680898      0.00497569      0.11659961      0.01946816 bias_reducing
  1430    715.00000000    366.80660959     12.61527539    488.10235438    300.00000000      0.99980791      0.08115083     -7.58112068     -0.06246317     -7.64358385      0.11417661      0.00495629      0.11396184      0.01902944 bias_reducing
  1431    715.50000000    367.06762953     12.61598610    490.87334907    300.00000000      0.99980620      0.08161153     -7.58161628     -0.06222057     -7.64383685      0.11296537      0.00493677      0.11274839      0.01882756 bias_reducing
  1432    716.00000000    367.27581826     12.61697226    493.73158337    300.00000000      0.99980444      0.08208673     -7.58212943     -0.06197798     -7.64410741      0.11275141      0.00491715      0.11253463      0.01879190 bias_reducing
  1433    716.50000000    367.48157060     12.61819061    496.57119499    300.00000000      0.99980267      0.08255884     -7.58264214     -0.06173539     -7.64437753      0.11311686      0.00489744      0.11290177      0.01885281 bias_reducing
  1434    717.00000000    367.69637717     12.61957982    499.19867095    300.00000000      0.99980099      0.08299568     -7.58312095     -0.06149280     -7.64461375      0.11370368      0.00487766      0.11349115      0.01895061 bias_reducing
  1435    717.50000000    367.90530080     12.62106602    501.40713581    300.00000000      0.99979951      0.08336285     -7.58353024     -0.06125021     -7.64478045      0.11422094      0.00485785      0.11401112      0.01903682 bias_reducing
  1436    718.00000000    368.10582088     12.62256963    503.05488525    300.00000000      0.99979836      0.08363680     -7.58384541     -0.06100763     -7.64485304      0.11441499      0.00483804      0.11420729      0.01906916 bias_reducing
  1437    718.50000000    368.31642523     12.62401260    504.11488413    300.00000000      0.99979756      0.08381303     -7.58406142     -0.06076504     -7.64482647      0.11406533      0.00481826      0.11385846      0.01901089 bias_reducing
  1438    719.00000000    368.52959287     12.62532528    504.68180245    300.00000000      0.99979710      0.08390729     -7.58419396     -0.06052246     -7.64471642      0.11301620      0.00479853      0.11280812      0.01883603 bias_reducing
  1439    719.50000000    368.72488686     12.62645212    504.94980373    300.00000000      0.99979688      0.08395185     -7.58427538     -0.06027988     -7.64455526      0.11117444      0.00477887      0.11096321      0.01852907 bias_reducing
  1440    720.00000000    368.94309834     12.62735533    505.16336055    300.00000000      0.99979676      0.08398735     -7.58434668     -0.06003730     -7.64438398      0.10849806      0.00475930      0.10828149      0.01808301 bias_reducing
  1441    720.50000000    369.21338308     12.62801721    505.54665187    300.00000000      0.99979661      0.08405108     -7.58444622     -0.05979472     -7.64424094      0.10499723      0.00473983      0.10477372      0.01749954 bias_reducing
  1442    721.00000000    369.42649141     12.62844018    506.22893635    300.00000000      0.99979631      0.08416451     -7.58459621     -0.05955213     -7.64414835      0.10079081      0.00472045      0.10055841      0.01679847 bias_reducing
  1443    721.50000000    369.63434604     12.62864627    507.18465163    300.00000000      0.99979582      0.08432341     -7.58479258     -0.05930954     -7.64410212      0.09617160      0.00470115      0.09592868      0.01602860 bias_reducing
  1444    722.00000000    369.84715088     12.62867555    508.21735186    300.00000000      0.99979521      0.08449510     -7.58500241     -0.05906695     -7.64406936      0.09167809      0.00468192      0.09142434      0.01527968 bias_reducing
  1445    722.50000000    370.06551554     12.62858337    508.99424497    300.00000000      0.99979464      0.08462427     -7.58517017     -0.05882435     -7.64399452      0.08815234      0.00466273      0.08788968      0.01469206 bias_reducing
  1446    723.00000000    370.27374006     12.62843707    509.12032152    300.00000000      0.99979434      0.08464523     -7.58522904     -0.05858175     -7.64381079      0.08666444      0.00464357      0.08639840      0.01444407 bias_reducing
  1447    723.50000000    370.47937778     12.62831181    508.24827364    300.00000000      0.99979452      0.08450024     -7.58512026     -0.05833914     -7.64345940      0.08818774      0.00462441      0.08792689      0.01469796 bias_reducing
  1448    724.00000000    370.69775711     12.62828602    506.20107501    300.00000000      0.99979536      0.08415988     -7.58481359     -0.05809652     -7.64291012      0.09310296      0.00460520      0.09285692      0.01551716 bias_reducing
  1449    724.50000000    370.91300605     12.62843508    503.05967057    300.00000000      0.99979690      0.08363760     -7.58432228     -0.05785391     -7.64217618      0.10098529      0.00458594      0.10075990      0.01683088 bias_reducing
  1450    725.00000000    371.12639480     12.62882550    499.19220801    300.00000000      0.99979904      0.08299460     -7.58370807     -0.05761129     -7.64131935      0.11076459      0.00456659      0.11056068      0.01846076 bias_reducing
  1451    725.50000000    371.39063788     12.62950933    495.20809575    300.00000000      0.99980147      0.08233221     -7.58307384     -0.05736866     -7.64044250      0.12098686      0.00454714      0.12080175      0.02016448 bias_reducing
  1452    726.00000000    371.60060841     12.63051958    491.82443366    300.00000000      0.99980381      0.08176965     -7.58254117     -0.05712604     -7.63966721      0.13019729      0.00452757      0.13002665      0.02169955 bias_reducing
  1453    726.50000000    371.81336857     12.63186714    489.68610959    300.00000000      0.99980558      0.08141414     -7.58221925     -0.05688342     -7.63910267      0.13713135      0.00450788      0.13697059      0.02285522 bias_reducing
  1454    727.00000000    372.02630416     12.63353988    489.19996871    300.00000000      0.99980643      0.08133331     -7.58217683     -0.05664080     -7.63881762      0.14083273      0.00448809      0.14067718      0.02347212 bias_reducing
  1455    727.50000000    372.23390272     12.63550411    490.43388080    300.00000000      0.99980618      0.08153846     -7.58242564     -0.05639818     -7.63882382      0.14068391      0.00446819      0.14052902      0.02344732 bias_reducing
  1456    728.00000000    372.44101432     12.63770831    493.10860436    300.00000000      0.99980491      0.08198315     -7.58291820     -0.05615556     -7.63907376      0.13648056      0.00444821      0.13632162      0.02274676 bias_reducing
  1457    728.50000000    372.64748464     12.64008835    496.67712378    300.00000000      0.99980291      0.08257645     -7.58356204     -0.05591295     -7.63947499      0.12843627      0.00442818      0.12826796      0.02140605 bias_reducing
  1458    729.00000000    372.85386295     12.64257391    500.45712284    300.00000000      0.99980060      0.08320490     -7.58424216     -0.05567034     -7.63991250      0.11720820      0.00440812      0.11702405      0.01953470 bias_reducing
  1459    729.50000000    373.06842517     12.64509531    503.77173780    300.00000000      0.99979840      0.08375598     -7.58484406     -0.05542774     -7.64027179      0.10392852      0.00438805      0.10372077      0.01732142 bias_reducing
  1460    730.00000000    373.28130140     12.64758984    506.07081966    300.00000000      0.99979669      0.08413822     -7.58527534     -0.05518513     -7.64046047      0.09026324      0.00436800      0.09002352      0.01504387 bias_reducing
  1461    730.50000000    373.54117926     12.65000669    507.00516283    300.00000000      0.99979571      0.08429357     -7.58547707     -0.05494253     -7.64041960      0.07849552      0.00434798      0.07821881      0.01308259 bias_reducing
  1462    731.00000000    373.75009916     12.65231057    506.44589497    300.00000000      0.99979560      0.08420058     -7.58542784     -0.05469992     -7.64012776      0.07132374      0.00432801      0.07101763      0.01188729 bias_reducing
  1463    731.50000000    373.95772993     12.65448382    504.46083380    300.00000000      0.99979636      0.08387055     -7.58513923     -0.05445732     -7.63959655      0.07072595      0.00430809      0.07041559      0.01178766 bias_reducing
  1464    732.00000000    374.16476754     12.65652689    501.25123555    300.00000000      0.99979792      0.08333693     -7.58464542     -0.05421471     -7.63886013      0.07632180      0.00428822      0.07603280      0.01272030 bias_reducing
  1465    732.50000000    374.37668938     12.65845757    497.06866602    300.00000000      0.99980015      0.08264155     -7.58398892     -0.05397210     -7.63796103      0.08587682      0.00426840      0.08561895      0.01431280 bias_reducing
  1466    733.00000000    374.59032955     12.66030895    492.14420225    300.00000000      0.99980294      0.08182282     -7.58320856     -0.05372948     -7.63693804      0.09706940      0.00424862      0.09684063      0.01617823 bias_reducing
  1467    733.50000000    374.79881332     12.66212654    486.65346461    300.00000000      0.99980618      0.08090994     -7.58233360     -0.05348686     -7.63582046      0.10830173      0.00422885      0.10809655      0.01805029 bias_reducing
  1468    734.00000000    375.00532620     12.66396471    480.72410205    300.00000000      0.99980980      0.07992413     -7.58138480     -0.05324424     -7.63462903      0.11864042      0.00420908      0.11845330      0.01977340 bias_reducing
  1469    734.50000000    375.21243231     12.66588263    474.47959100    300.00000000      0.99981377      0.07888594     -7.58038240     -0.05300160     -7.63338400      0.12757671      0.00418930      0.12740331      0.02126279 bias_reducing
  1470    735.00000000    375.41959409     12.66793981    468.09945342    300.00000000      0.99981800      0.07782519     -7.57935578     -0.05275897     -7.63211474      0.13482665      0.00416948      0.13466354      0.02247111 bias_reducing
  1471    735.50000000    375.68113508     12.67019153    461.86422160    300.00000000      0.99982235      0.07678853     -7.57835175     -0.05251632     -7.63086808      0.14020482      0.00414960      0.14004930      0.02336747 bias_reducing
  1472    736.00000000    375.88873300     12.67268436    456.16058544    300.00000000      0.99982660      0.07584026     -7.57743545     -0.05227368     -7.62970913      0.14356395      0.00412965      0.14341380      0.02392733 bias_reducing
  1473    736.50000000    376.10087565     12.67545211    451.42959537    300.00000000      0.99983042      0.07505369     -7.57668142     -0.05203103     -7.62871245      0.14479276      0.00410963      0.14464604      0.02413213 bias_reducing
  1474    737.00000000    376.31967385     12.67851243    448.06223421    300.00000000      0.99983344      0.07449384     -7.57615658     -0.05178838     -7.62794496      0.14383889      0.00408951      0.14369376      0.02397315 bias_reducing
  1475    737.50000000    376.52869957     12.68186472    446.27483073    300.00000000      0.99983538      0.07419667     -7.57589807     -0.05154573     -7.62744380      0.14077879      0.00406932      0.14063340      0.02346313 bias_reducing
  1476    738.00000000    376.74310009     12.68548938    446.01315009    300.00000000      0.99983612      0.07415317     -7.57589729     -0.05130308     -7.62720038      0.13588722      0.00404904      0.13574000      0.02264787 bias_reducing
  1477    738.50000000    376.95015766     12.68934864    446.92913235    300.00000000      0.99983581      0.07430546     -7.57609578     -0.05106044     -7.62715622      0.12968418      0.00402871      0.12953372      0.02161403 bias_reducing
  1478    739.00000000    377.15748914     12.69338931    448.44769827    300.00000000      0.99983480      0.07455793     -7.57639636     -0.05081780     -7.62721416      0.12293615      0.00400832      0.12278123      0.02048936 bias_reducing
  1479    739.50000000    377.36832290     12.69754716    449.90346535    300.00000000      0.99983360      0.07479996     -7.57668627     -0.05057516     -7.62726143      0.11660434      0.00398791      0.11644474      0.01943406 bias_reducing
  1480    740.00000000    377.57566813     12.70175179    450.70052240    300.00000000      0.99983269      0.07493248     -7.57686479     -0.05033253     -7.62719732      0.11169469      0.00396750      0.11153173      0.01861578 bias_reducing
  1481    740.50000000    377.83531557     12.70593190    450.44383252    300.00000000      0.99983246      0.07488980     -7.57686514     -0.05008990     -7.62695504      0.10902500      0.00394711      0.10886140      0.01817083 bias_reducing
  1482    741.00000000    378.04573604     12.71002050    449.01050353    300.00000000      0.99983309      0.07465150     -7.57666622     -0.04984728     -7.62651350      0.10895765      0.00392675      0.10879703      0.01815961 bias_reducing
  1483    741.50000000    378.25305719     12.71395927    446.55261870    300.00000000      0.99983457      0.07424286     -7.57629373     -0.04960466     -7.62589838      0.11123879      0.00390645      0.11108430      0.01853980 bias_reducing
  1484    742.00000000    378.46910613     12.71770200    443.43896187    300.00000000      0.99983673      0.07372519     -7.57580957     -0.04936204     -7.62517161      0.11504819      0.00388623      0.11490128      0.01917470 bias_reducing
  1485    742.50000000    378.68886698     12.72121714    440.15527984    300.00000000      0.99983924      0.07317925     -7.57529562     -0.04911943     -7.62441505      0.11920794      0.00386608      0.11906857      0.01986799 bias_reducing
  1486    743.00000000    378.90247218     12.72448869    437.17900375    300.00000000      0.99984172      0.07268442     -7.57483271     -0.04887682     -7.62370953      0.12255318      0.00384602      0.12241986      0.02042553 bias_reducing
  1487    743.50000000    379.11580132     12.72751675    434.85641356    300.00000000      0.99984384      0.07229827     -7.57447926     -0.04863421     -7.62311347      0.12412568      0.00382604      0.12399615      0.02068761 bias_reducing
  1488    744.00000000    379.31079050     12.73031684    433.31575357    300.00000000      0.99984537      0.07204213     -7.57425746     -0.04839160     -7.62264906      0.12330985      0.00380614      0.12318163      0.02055164 bias_reducing
  1489    744.50000000    379.52687253     12.73291819    432.43434274    300.00000000      0.99984630      0.07189558     -7.57414650     -0.04814899     -7.62229549      0.11990236      0.00378631      0.11977279      0.01998373 bias_reducing
  1490    745.00000000    379.73567963     12.73536140    431.87631626    300.00000000      0.99984681      0.07180281     -7.57408975     -0.04790637     -7.62199612      0.11415834      0.00376653      0.11402481      0.01902639 bias_reducing
  1491    745.50000000    379.97413167     12.73769524    431.19001679    300.00000000      0.99984724      0.07168871     -7.57401112     -0.04766376     -7.62167488      0.10679724      0.00374680      0.10665734      0.01779954 bias_reducing
  1492    746.00000000    380.18252936     12.73997316    429.93183194    300.00000000      0.99984797      0.07147952     -7.57383548     -0.04742114     -7.62125663      0.09896643      0.00372708      0.09881863      0.01649440 bias_reducing
  1493    746.50000000    380.40058108     12.74224920    427.78864772    300.00000000      0.99984931      0.07112320     -7.57350994     -0.04717853     -7.62068847      0.09210707      0.00370738      0.09195163      0.01535118 bias_reducing
  1494    747.00000000    380.61343406     12.74457406    424.66528185    300.00000000      0.99985148      0.07060392     -7.57301836     -0.04693591     -7.61995427      0.08765933      0.00368767      0.08749937      0.01460989 bias_reducing
  1495    747.50000000    380.83178628     12.74699113    420.70172022    300.00000000      0.99985447      0.06994494     -7.57238507     -0.04669330     -7.61907837      0.08653899      0.00366794      0.08638032      0.01442316 bias_reducing
  1496    748.00000000    381.03341272     12.74953295    416.21050182    300.00000000      0.99985811      0.06919824     -7.57166302     -0.04645069     -7.61811371      0.08870365      0.00364817      0.08855195      0.01478394 bias_reducing
  1497    748.50000000    381.23828951     12.75221845    411.56848042    300.00000000      0.99986212      0.06842647     -7.57091611     -0.04620808     -7.61712419      0.09334713      0.00362838      0.09320568      0.01555786 bias_reducing
  1498    749.00000000    381.45454064     12.75505146    407.10809038    300.00000000      0.99986620      0.06768490     -7.57020050     -0.04596548     -7.61616598      0.09939578      0.00360855      0.09926528      0.01656596 bias_reducing
  1499    749.50000000    381.65695962     12.75802033    403.04455760    300.00000000      0.99987008      0.06700930     -7.56955199     -0.04572288     -7.61527487      0.10589580      0.00358868      0.10577536      0.01764930 bias_reducing
  1500    750.00000000    381.86981074     12.76109922    399.46458402    300.00000000      0.99987362      0.06641411     -7.56898455     -0.04548029     -7.61446484      0.11214433      0.00356879      0.11203229      0.01869072 bias_reducing
  1501    750.50000000    382.11573262     12.76425068    396.37380000    300.00000000      0.99987675      0.06590024     -7.56849822     -0.04523771     -7.61373593      0.11765004      0.00354889      0.11754464      0.01960834 bias_reducing
  1502    751.00000000    382.32883662     12.76742924    393.76862555    300.00000000      0.99987946      0.06546711     -7.56809169     -0.04499513     -7.61308683      0.12205738      0.00352899      0.12195689      0.02034290 bias_reducing
  1503    751.50000000    382.54358902     12.77058576    391.69317270    300.00000000      0.99988174      0.06512205     -7.56777195     -0.04475257     -7.61252451      0.12509516      0.00350910      0.12499784      0.02084919 bias_reducing
  1504    752.00000000    382.75374938     12.77367229    390.25895257    300.00000000      0.99988348      0.06488360     -7.56755797     -0.04451001     -7.61206797      0.12657372      0.00348924      0.12647787      0.02109562 bias_reducing
  1505    752.50000000    382.96108505     12.77664656    389.62244685    300.00000000      0.99988452      0.06477777     -7.56747592     -0.04426745     -7.61174337      0.12637366      0.00346941      0.12627755      0.02106228 bias_reducing
  1506    753.00000000    383.16731715     12.77947594    389.93426057    300.00000000      0.99988471      0.06482961     -7.56755179     -0.04402490     -7.61157669      0.12444708      0.00344963      0.12434903      0.02074118 bias_reducing
  1507    753.50000000    383.37435765     12.78214033    391.27980538    300.00000000      0.99988389      0.06505332     -7.56780030     -0.04378235     -7.61158265      0.12082400      0.00342991      0.12072221      0.02013733 bias_reducing
  1508    754.00000000    383.58126411     12.78463388    393.62726986    300.00000000      0.99988206      0.06544361     -7.56821667     -0.04353981     -7.61175648      0.11561292      0.00341023      0.11550544      0.01926882 bias_reducing
  1509    754.50000000    383.78952505     12.78696557    396.79538085    300.00000000      0.99987934      0.06597033     -7.56877101     -0.04329726     -7.61206827      0.10902334      0.00339061      0.10890806      0.01817056 bias_reducing
  1510    755.00000000    383.99667745     12.78915853    400.44724834    300.00000000      0.99987602      0.06657748     -7.56940721     -0.04305471     -7.61246193      0.10140701      0.00337103      0.10128160      0.01690117 bias_reducing
  1511    755.50000000    384.25709558     12.79124855    404.11208214    300.00000000      0.99987251      0.06718679     -7.57004681     -0.04281217     -7.61285898      0.09335091      0.00335148      0.09321306      0.01555849 bias_reducing
  1512    756.00000000    384.46323936     12.79328166    407.24047916    300.00000000      0.99986929      0.06770691     -7.57059748     -0.04256962     -7.61316710      0.08579086      0.00333196      0.08563896      0.01429848 bias_reducing
  1513    756.50000000    384.67761246     12.79531124    409.29532153    300.00000000      0.99986686      0.06804854     -7.57096865     -0.04232707     -7.61329571      0.08003614      0.00331245      0.07987150      0.01333936 bias_reducing
  1514    757.00000000    384.88559016     12.79739426    409.85379700    300.00000000      0.99986563      0.06814139     -7.57108932     -0.04208452     -7.61317383      0.07760153      0.00329292      0.07743002      0.01293359 bias_reducing
  1515    757.50000000    385.09514670     12.79958749    408.69576291    300.00000000      0.99986588      0.06794886     -7.57092196     -0.04184196     -7.61276392      0.07960946      0.00327338      0.07944102      0.01326824 bias_reducing
  1516    758.00000000    385.31241737     12.80194362    405.86200677    300.00000000      0.99986769      0.06747773     -7.57047347     -0.04159940     -7.61207287      0.08608486      0.00325380      0.08592842      0.01434748 bias_reducing
  1517    758.50000000    385.52061078     12.80450761    401.65765280    300.00000000      0.99987097      0.06677872     -7.56979461     -0.04135684     -7.61115146      0.09596749      0.00323418      0.09582702      0.01599458 bias_reducing
  1518    759.00000000    385.72927457     12.80731349    396.59881559    300.00000000      0.99987537      0.06593765     -7.56897234     -0.04111429     -7.61008662      0.10768286      0.00321451      0.10755797      0.01794714 bias_reducing
  1519    759.50000000    385.93675084     12.81038177    391.31032927    300.00000000      0.99988041      0.06505840     -7.56811201     -0.04087173     -7.60898374      0.11969241      0.00319477      0.11958063      0.01994873 bias_reducing
  1520    760.00000000    386.14289775     12.81371786    386.39812278    300.00000000      0.99988551      0.06424170     -7.56731546     -0.04062917     -7.60794463      0.13073782      0.00317498      0.13063619      0.02178964 bias_reducing
  1521    760.50000000    386.40187178     12.81731172    382.34004826    300.00000000      0.99989008      0.06356702     -7.56666301     -0.04038662     -7.60704964      0.13986357      0.00315514      0.13976926      0.02331060 bias_reducing
  1522    761.00000000    386.61644008     12.82113864    379.42522342    300.00000000      0.99989369      0.06308241     -7.56620272     -0.04014407     -7.60634679      0.14640338      0.00313525      0.14631388      0.02440056 bias_reducing
  1523    761.50000000    386.83034633     12.82516126    377.74613409    300.00000000      0.99989609      0.06280324     -7.56594985     -0.03990152     -7.60585138      0.14998579      0.00311532      0.14989892      0.02499763 bias_reducing
  1524    762.00000000    387.04208602     12.82933248    377.23352251    300.00000000      0.99989721      0.06271802     -7.56589220     -0.03965898     -7.60555118      0.15054365      0.00309537      0.15045737      0.02509061 bias_reducing
  1525    762.50000000    387.24964913     12.83359941    377.71332732    300.00000000      0.99989719      0.06279779     -7.56600026     -0.03941644     -7.60541670      0.14831054      0.00307541      0.14822299      0.02471842 bias_reducing
  1526    763.00000000    387.45668671     12.83790753    378.96396869    300.00000000      0.99989624      0.06300572     -7.56623685     -0.03917390     -7.60541075      0.14380187      0.00305544      0.14371148      0.02396698 bias_reducing
  1527    763.50000000    387.66267510     12.84220491    380.76202902    300.00000000      0.99989461      0.06330466     -7.56656423     -0.03893137     -7.60549560      0.13775453      0.00303550      0.13766023      0.02295909 bias_reducing
  1528    764.00000000    387.86967775     12.84644576    382.91558798    300.00000000      0.99989253      0.06366271     -7.56695024     -0.03868884     -7.60563907      0.13103506      0.00301558      0.13093598      0.02183918 bias_reducing
  1529    764.50000000    388.07638930     12.85059391    385.28228335    300.00000000      0.99989020      0.06405619     -7.56737117     -0.03844630     -7.60581748      0.12450993      0.00299569      0.12440601      0.02075166 bias_reducing
  1530    765.00000000    388.28309477     12.85462464    387.76784920    300.00000000      0.99988774      0.06446943     -7.56781141     -0.03820377     -7.60601518      0.11890116      0.00297584      0.11879338      0.01981686 bias_reducing
  1531    765.50000000    388.54448650     12.85852552    390.31521987    300.00000000      0.99988522      0.06489295     -7.56826171     -0.03796123     -7.60622294      0.11466001      0.00295604      0.11454933      0.01911000 bias_reducing
  1532    766.00000000    388.75582433     12.86229686    392.88222409    300.00000000      0.99988270      0.06531974     -7.56871537     -0.03771870     -7.60643406      0.11189091      0.00293628      0.11177846      0.01864849 bias_reducing
  1533    766.50000000    388.96910784     12.86595101    395.41202280    300.00000000      0.99988022      0.06574034     -7.56916317     -0.03747616     -7.60663933      0.11045500      0.00291656      0.11034242      0.01840917 bias_reducing
  1534    767.00000000    389.18177965     12.86951045    397.82094040    300.00000000      0.99987784      0.06614084     -7.56959114     -0.03723361     -7.60682475      0.11007338      0.00289687      0.10996225      0.01834556 bias_reducing
  1535    767.50000000    389.39048712     12.87300543    400.01158980    300.00000000      0.99987564      0.06650505     -7.56998281     -0.03699107     -7.60697388      0.11041845      0.00287721      0.11030990      0.01840307 bias_reducing
  1536    768.00000000    389.59688370     12.87647117    401.90611941    300.00000000      0.99987372      0.06682003     -7.57032473     -0.03674851     -7.60707325      0.11118978      0.00285757      0.11108454      0.01853163 bias_reducing
  1537    768.50000000    389.81304869     12.87994475    403.48718580    300.00000000      0.99987212      0.06708289     -7.57061373     -0.03650596     -7.60711969      0.11212309      0.00283794      0.11202153      0.01868718 bias_reducing
  1538    769.00000000    390.02208178     12.88346179    404.82654434    300.00000000      0.99987079      0.06730557     -7.57086196     -0.03626340     -7.60712536      0.11297069      0.00281831      0.11287288      0.01882845 bias_reducing
  1539    769.50000000    390.22978589     12.88705318    406.08373854    300.00000000      0.99986964      0.06751459     -7.57109622     -0.03602084     -7.60711706      0.11350654      0.00279868      0.11341230      0.01891776 bias_reducing
  1540    770.00000000    390.44671368     12.89074199    407.47032377    300.00000000      0.99986848      0.06774512     -7.57135257     -0.03577828     -7.60713085      0.11353491      0.00277903      0.11344385      0.01892248 bias_reducing
  1541    770.50000000    390.71100658     12.89454091    409.18831522    300.00000000      0.99986711      0.06803075     -7.57166511     -0.03553571     -7.60720082      0.11291306      0.00275938      0.11282469      0.01881884 bias_reducing
  1542    771.00000000    390.92237307     12.89845045    411.36204954    300.00000000      0.99986539      0.06839215     -7.57205546     -0.03529315     -7.60734861      0.11159304      0.00273972      0.11150678      0.01859884 bias_reducing
  1543    771.50000000    391.13074600     12.90245815    413.98824092    300.00000000      0.99986325      0.06882878     -7.57252329     -0.03505058     -7.60757387      0.10964064      0.00272004      0.10955592      0.01827344 bias_reducing
  1544    772.00000000    391.34807334     12.90653912    416.92425531    300.00000000      0.99986079      0.06931691     -7.57304440     -0.03480802     -7.60785242      0.10723360      0.00270036      0.10714996      0.01787227 bias_reducing
  1545    772.50000000    391.55659475     12.91065771    419.91998162    300.00000000      0.99985819      0.06981497     -7.57357633     -0.03456545     -7.60814178      0.10465917      0.00268069      0.10457626      0.01744320 bias_reducing
  1546    773.00000000    391.76731678     12.91477035    422.68050068    300.00000000      0.99985570      0.07027393     -7.57406934     -0.03432289     -7.60839223      0.10227299      0.00266103      0.10219074      0.01704550 bias_reducing
  1547    773.50000000    391.97752319     12.91882914    424.93421650    300.00000000      0.99985356      0.07064863     -7.57447752     -0.03408033     -7.60855785      0.10046775      0.00264139      0.10038637      0.01674463 bias_reducing
  1548    774.00000000    392.19579356     12.92278608    426.49497013    300.00000000      0.99985195      0.07090812     -7.57476906     -0.03383778     -7.60860684      0.09964023      0.00262178      0.09956027      0.01660670 bias_reducing
  1549    774.50000000    392.41569519     12.92659722    427.31016807    300.00000000      0.99985098      0.07104365     -7.57493478     -0.03359522     -7.60853000      0.10011538      0.00260222      0.10003768      0.01668590 bias_reducing
  1550    775.00000000    392.62974536     12.93022650    427.47699960    300.00000000      0.99985060      0.07107139     -7.57499085     -0.03335266     -7.60834351      0.10204395      0.00258270      0.10196940      0.01700733 bias_reducing
  1551    775.50000000    392.89354353     12.93364875    427.22644849    300.00000000      0.99985067      0.07102973     -7.57497589     -0.03311011     -7.60808600      0.10533709      0.00256324      0.10526638      0.01755618 bias_reducing
  1552    776.00000000    393.09993761     12.93685172    426.88139226    300.00000000      0.99985097      0.07097236     -7.57494421     -0.03286755     -7.60781176      0.10963701      0.00254382      0.10957057      0.01827284 bias_reducing
  1553    776.50000000    393.31286998     12.93983679    426.80087582    300.00000000      0.99985120      0.07095898     -7.57495611     -0.03262500     -7.60758111      0.11430948      0.00252446      0.11424730      0.01905158 bias_reducing
  1554    777.00000000    393.52541501     12.94261879    427.31657825    300.00000000      0.99985106      0.07104472     -7.57506763     -0.03238244     -7.60745006      0.11859023      0.00250515      0.11853184      0.01976504 bias_reducing
  1555    777.50000000    393.73288403     12.94522496    428.66576999    300.00000000      0.99985032      0.07126903     -7.57531879     -0.03213988     -7.60745867      0.12170960      0.00248589      0.12165426      0.02028493 bias_reducing
  1556    778.00000000    393.94018561     12.94769303    430.94185284    300.00000000      0.99984885      0.07164745     -7.57572583     -0.03189731     -7.60762314      0.12301625      0.00246665      0.12296309      0.02050271 bias_reducing
  1557    778.50000000    394.14526967     12.95006862    434.07632884    300.00000000      0.99984664      0.07216858     -7.57627734     -0.03165474     -7.60793208      0.12207086      0.00244745      0.12201890      0.02034514 bias_reducing
  1558    779.00000000    394.35562107     12.95240229    437.85297358    300.00000000      0.99984385      0.07279647     -7.57693710     -0.03141217     -7.60834927      0.11872763      0.00242826      0.11867584      0.01978794 bias_reducing
  1559    779.50000000    394.57422493     12.95474624    441.95417408    300.00000000      0.99984072      0.07347833     -7.57765194     -0.03116960     -7.60882154      0.11318231      0.00240907      0.11312964      0.01886372 bias_reducing
  1560    780.00000000    394.78622405     12.95715070    446.02578622    300.00000000      0.99983753      0.07415527     -7.57836223     -0.03092702     -7.60928925      0.10599562      0.00238989      0.10594107      0.01766594 bias_reducing
  1561    780.50000000    395.05726490     12.95966044    449.74131558    300.00000000      0.99983456      0.07477300     -7.57901338     -0.03068445     -7.60969782      0.09808889      0.00237069      0.09803169      0.01634815 bias_reducing
  1562    781.00000000    395.26553802     12.96231132    452.84848882    300.00000000      0.99983200      0.07528960     -7.57956318     -0.03044186     -7.61000505      0.09070252      0.00235148      0.09064261      0.01511709 bias_reducing
  1563    781.50000000    395.48196618     12.96512738    455.18773706    300.00000000      0.99982999      0.07567851     -7.57998518     -0.03019928     -7.61018446      0.08525486      0.00233224      0.08519319      0.01420914 bias_reducing
  1564    782.00000000    395.70070564     12.96811881    456.68411152    300.00000000      0.99982860      0.07592730     -7.58026707     -0.02995670     -7.61022377      0.08300099      0.00231298      0.08293978      0.01383350 bias_reducing
  1565    782.50000000    395.91610296     12.97128118    457.32351772    300.00000000      0.99982784      0.07603360     -7.58040651     -0.02971412     -7.61012063      0.08450867      0.00229370      0.08445066      0.01408478 bias_reducing
  1566    783.00000000    396.12624688     12.97459589    457.12510479    300.00000000      0.99982768      0.07600062     -7.58040692     -0.02947154     -7.60987845      0.08938161      0.00227440      0.08932873      0.01489693 bias_reducing
  1567    783.50000000    396.33192108     12.97803210    456.12529553    300.00000000      0.99982812      0.07583439     -7.58027397     -0.02922896     -7.60950293      0.09660756      0.00225509      0.09656034      0.01610126 bias_reducing
  1568    784.00000000    396.54542697     12.98154966    454.38247659    300.00000000      0.99982912      0.07554463     -7.58001703     -0.02898638     -7.60900340      0.10505033      0.00223578      0.10500834      0.01750839 bias_reducing
  1569    784.50000000    396.75492686     12.98510294    451.99640149    300.00000000      0.99983063      0.07514793     -7.57965201     -0.02874380     -7.60839582      0.11374531      0.00221647      0.11370779      0.01895755 bias_reducing
  1570    785.00000000    396.97249871     12.98864493    449.13308739    300.00000000      0.99983259      0.07467188     -7.57920623     -0.02850123     -7.60770746      0.12197503      0.00219717      0.12194123      0.02032917 bias_reducing
  1571    785.50000000    397.23302731     12.99213123    446.04363069    300.00000000      0.99983484      0.07415824     -7.57872137     -0.02825865     -7.60698002      0.12923374      0.00217789      0.12920300      0.02153896 bias_reducing
  1572    786.00000000    397.43858440     12.99552386    443.06280693    300.00000000      0.99983717      0.07366265     -7.57825310     -0.02801608     -7.60626919      0.13517008      0.00215863      0.13514185      0.02252835 bias_reducing
  1573    786.50000000    397.65017525     12.99879427    440.58142230    300.00000000      0.99983932      0.07325010     -7.57786706     -0.02777351     -7.60564057      0.13953230      0.00213941      0.13950618      0.02325538 bias_reducing
  1574    787.00000000    397.85823922     13.00192543    438.99655153    300.00000000      0.99984094      0.07298660     -7.57762990     -0.02753094     -7.60516084      0.14214400      0.00212021      0.14211966      0.02369067 bias_reducing
  1575    787.50000000    398.06416789     13.00491295    438.64637263    300.00000000      0.99984173      0.07292838     -7.57759887     -0.02728837     -7.60488724      0.14288484      0.00210105      0.14286207      0.02381414 bias_reducing
  1576    788.00000000    398.27121041     13.00776530    439.74409594    300.00000000      0.99984146      0.07311089     -7.57781009     -0.02704580     -7.60485588      0.14168876      0.00208193      0.14166734      0.02361479 bias_reducing
  1577    788.50000000    398.48368978     13.01050314    442.32756806    300.00000000      0.99984003      0.07354041     -7.57827055     -0.02680322     -7.60507378      0.13855684      0.00206282      0.13853652      0.02309281 bias_reducing
  1578    789.00000000    398.69160213     13.01315793    446.23487883    300.00000000      0.99983750      0.07419003     -7.57895332     -0.02656065     -7.60551397      0.13359464      0.00204374      0.13357515      0.02226577 bias_reducing
  1579    789.50000000    398.89965088     13.01576994    451.11792922    300.00000000      0.99983414      0.07500188     -7.57980044     -0.02631807     -7.60611852      0.12703324      0.00202468      0.12701430      0.02117221 bias_reducing
  1580    790.00000000    399.11365352     13.01838555    456.49475703    300.00000000      0.99983029      0.07589582     -7.58073101     -0.02607550     -7.60680651      0.11924818      0.00200562      0.11922962      0.01987470 bias_reducing
  1581    790.50000000    399.37183069     13.02105384    461.82830225    300.00000000      0.99982636      0.07678256     -7.58165511     -0.02583292     -7.60748802      0.11078996      0.00198656      0.11077172      0.01846499 bias_reducing
  1582    791.00000000    399.57914596     13.02382307    466.62103024    300.00000000      0.99982275      0.07757939     -7.58248874     -0.02559034     -7.60807907      0.10241416      0.00196750      0.10239633      0.01706903 bias_reducing
  1583    791.50000000    399.78655030     13.02673695    470.50075840    300.00000000      0.99981973      0.07822442     -7.58316969     -0.02534775     -7.60851744      0.09506629      0.00194842      0.09504919      0.01584438 bias_reducing
  1584    792.00000000    399.99236786     13.02983092    473.27476750    300.00000000      0.99981746      0.07868562     -7.58366558     -0.02510517     -7.60877075      0.08977557      0.00192933      0.08975983      0.01496260 bias_reducing
  1585    792.50000000    400.19271603     13.03312915    474.94508695    300.00000000      0.99981599      0.07896333     -7.58397678     -0.02486259     -7.60883937      0.08739819      0.00191021      0.08738456      0.01456637 bias_reducing
  1586    793.00000000    400.39899750     13.03664239    475.68613490    300.00000000      0.99981522      0.07908653     -7.58413272     -0.02462000     -7.60875272      0.08825384      0.00189107      0.08824294      0.01470897 bias_reducing
  1587    793.50000000    400.60485272     13.04036698    475.79298379    300.00000000      0.99981498      0.07910430     -7.58418302     -0.02437742     -7.60856044      0.09188164      0.00187191      0.09187361      0.01531361 bias_reducing
  1588    794.00000000    400.81647732     13.04428554    475.60892337    300.00000000      0.99981505      0.07907370     -7.58418557     -0.02413484     -7.60832041      0.09715898      0.00185274      0.09715351      0.01619316 bias_reducing
  1589    794.50000000    401.03059657     13.04836890    475.44717229    300.00000000      0.99981520      0.07904680     -7.58419298     -0.02389226     -7.60808525      0.10278757      0.00183355      0.10278396      0.01713126 bias_reducing
  1590    795.00000000    401.23783886     13.05257954    475.52650443    300.00000000      0.99981525      0.07905999     -7.58424205     -0.02364969     -7.60789173      0.10763206      0.00181436      0.10762965      0.01793868 bias_reducing
  1591    795.50000000    401.49525151     13.05687532    475.93952363    300.00000000      0.99981509      0.07912866     -7.58434793     -0.02340711     -7.60775505      0.11088950      0.00179516      0.11088790      0.01848158 bias_reducing
  1592    796.00000000    401.70082665     13.06121330    476.65930651    300.00000000      0.99981471      0.07924833     -7.58450580     -0.02316454     -7.60767034      0.11215808      0.00177598      0.11215724      0.01869301 bias_reducing
  1593    796.50000000    401.90846368     13.06555322    477.57930466    300.00000000      0.99981415      0.07940129     -7.58469735     -0.02292197     -7.60761932      0.11143082      0.00175680      0.11143074      0.01857180 bias_reducing
  1594    797.00000000    402.11521136     13.06986102    478.57160150    300.00000000      0.99981351      0.07956626     -7.58490060     -0.02267940     -7.60758000      0.10905162      0.00173764      0.10905226      0.01817527 bias_reducing
  1595    797.50000000    402.32777658     13.07411190    479.53657489    300.00000000      0.99981286      0.07972670     -7.58509860     -0.02243684     -7.60753543      0.10564263      0.00171850      0.10564381      0.01760710 bias_reducing
  1596    798.00000000    402.54354029     13.07829243    480.42950711    300.00000000      0.99981225      0.07987516     -7.58528405     -0.02219427     -7.60747832      0.10200237      0.00169938      0.10200395      0.01700039 bias_reducing
  1597    798.50000000    402.75458857     13.08240127    481.26335926    300.00000000      0.99981170      0.08001379     -7.58545923     -0.02195171     -7.60741094      0.09894000      0.00168028      0.09894169      0.01649000 bias_reducing
  1598    799.00000000    402.97109939     13.08644897    482.08677582    300.00000000      0.99981117      0.08015069     -7.58563259     -0.02170914     -7.60734173      0.09710286      0.00166120      0.09710450      0.01618381 bias_reducing
  1599    799.50000000    403.18462091     13.09045646    482.94861355    300.00000000      0.99981063      0.08029398     -7.58581267     -0.02146657     -7.60727925      0.09677373      0.00164214      0.09677531      0.01612896 bias_reducing
  1600    800.00000000    403.39775422     13.09445324    483.86471355    300.00000000      0.99981006      0.08044629     -7.58600242     -0.02122400     -7.60722643      0.09784341      0.00162309      0.09784484      0.01630724 bias_reducing
  1601    800.50000000    403.66062435     13.09847502    484.79707699    300.00000000      0.99980946      0.08060130     -7.58619557     -0.02098143     -7.60717700      0.09995649      0.00160405      0.09995784      0.01665942 bias_reducing
  1602    801.00000000    403.86708559     13.10256083    485.65484982    300.00000000      0.99980887      0.08074391     -7.58637688     -0.02073886     -7.60711574      0.10267040      0.00158502      0.10267172      0.01711173 bias_reducing
  1603    801.50000000    404.07180635     13.10674989    486.31820579    300.00000000      0.99980838      0.08085420     -7.58652610     -0.02049629     -7.60702239      0.10554935      0.00156599      0.10555075      0.01759156 bias_reducing
  1604    802.00000000    404.28917259     13.11107826    486.67700665    300.00000000      0.99980804      0.08091385     -7.58662415     -0.02025372     -7.60687787      0.10823887      0.00154695      0.10824049      0.01803981 bias_reducing
  1605    802.50000000    404.50328942     13.11557545    486.67434733    300.00000000      0.99980792      0.08091341     -7.58666149     -0.02001114     -7.60667263      0.11047313      0.00152790      0.11047503      0.01841219 bias_reducing
  1606    803.00000000    404.72175901     13.12026119    486.34058547    300.00000000      0.99980804      0.08085792     -7.58664295     -0.01976856     -7.60641151      0.11205870      0.00150885      0.11206085      0.01867645 bias_reducing
  1607    803.50000000    404.91762964     13.12514268    485.80134542    300.00000000      0.99980834      0.08076827     -7.58658955     -0.01952599     -7.60611554      0.11287183      0.00148979      0.11287419      0.01881197 bias_reducing
  1608    804.00000000    405.12171913     13.13021294    485.25223281    300.00000000      0.99980871      0.08067697     -7.58653433     -0.01928341     -7.60581775      0.11281485      0.00147072      0.11281740      0.01880248 bias_reducing
  1609    804.50000000    405.32763703     13.13545005    484.90685213    300.00000000      0.99980902      0.08061955     -7.58651362     -0.01904084     -7.60555446      0.11180414      0.00145165      0.11180688      0.01863402 bias_reducing
  1610    805.00000000    405.53414393     13.14081788    484.92841206    300.00000000      0.99980913      0.08062313     -7.58655524     -0.01879826     -7.60535350      0.10978450      0.00143258      0.10978745      0.01829742 bias_reducing
  1611    805.50000000    405.77151592     13.14626832    485.36118527    300.00000000      0.99980898      0.08069509     -7.58666719     -0.01855569     -7.60522288      0.10676495      0.00141351      0.10676813      0.01779416 bias_reducing
  1612    806.00000000    405.97863762     13.15174487    486.08759414    300.00000000      0.99980859      0.08081586     -7.58682955     -0.01831312     -7.60514266      0.10287370      0.00139446      0.10287711      0.01714562 bias_reducing
  1613    806.50000000    406.18456482     13.15718723    486.82905036    300.00000000      0.99980808      0.08093913     -7.58699574     -0.01807055     -7.60506629      0.09842978      0.00137543      0.09843338      0.01640496 bias_reducing
  1614    807.00000000    406.39063982     13.16253624    487.19649796    300.00000000      0.99980768      0.08100022     -7.58709976     -0.01782798     -7.60492775      0.09398497      0.00135642      0.09398869      0.01566416 bias_reducing
  1615    807.50000000    406.59658749     13.16773866    486.77897397    300.00000000      0.99980765      0.08093080     -7.58707215     -0.01758542     -7.60465757      0.09032259      0.00133744      0.09032639      0.01505377 bias_reducing
  1616    808.00000000    406.80418524     13.17275104    485.24552751    300.00000000      0.99980823      0.08067586     -7.58685678     -0.01734286     -7.60419964      0.08836143      0.00131849      0.08836527      0.01472691 bias_reducing
  1617    808.50000000    407.01883840     13.17754258    482.43142438    300.00000000      0.99980961      0.08020799     -7.58642538     -0.01710030     -7.60352568      0.08894164      0.00129958      0.08894547      0.01482361 bias_reducing
  1618    809.00000000    407.22739920     13.18209677    478.38656728    300.00000000      0.99981183      0.07953550     -7.58578609     -0.01685774     -7.60264383      0.09250025      0.00128070      0.09250401      0.01541671 bias_reducing
  1619    809.50000000    407.43346361     13.18641158    473.37718866    300.00000000      0.99981484      0.07870265     -7.58498340     -0.01661518     -7.60159859      0.09888104      0.00126186      0.09888468      0.01648017 bias_reducing
  1620    810.00000000    407.65014871     13.19049856    467.84552812    300.00000000      0.99981843      0.07778297     -7.58409135     -0.01637263     -7.60046398      0.10740923      0.00124305      0.10741275      0.01790154 bias_reducing
  1621    810.50000000    407.91792604     13.19438106    462.34410473    300.00000000      0.99982228      0.07686832     -7.58320272     -0.01613007     -7.59933279      0.11706493      0.00122428      0.11706825      0.01951082 bias_reducing
  1622    811.00000000    408.10694424     13.19809218    457.45132474    300.00000000      0.99982600      0.07605485     -7.58241476     -0.01588751     -7.59830227      0.12669311      0.00120553      0.12669619      0.02111552 bias_reducing
  1623    811.50000000    408.31423301     13.20167208    453.67880430    300.00000000      0.99982916      0.07542764     -7.58181387     -0.01564495     -7.59745883      0.13521121      0.00118680      0.13521407      0.02253520 bias_reducing
  1624    812.00000000    408.50952145     13.20516493    451.39173599    300.00000000      0.99983140      0.07504740     -7.58146124     -0.01540240     -7.59686364      0.14170156      0.00116809      0.14170432      0.02361693 bias_reducing
  1625    812.50000000    408.72116977     13.20861545    450.76083800    300.00000000      0.99983249      0.07494251     -7.58138568     -0.01515984     -7.59654551      0.14548007      0.00114940      0.14548285      0.02424668 bias_reducing
  1626    813.00000000    408.91413101     13.21206593    451.76017312    300.00000000      0.99983234      0.07510866     -7.58158290     -0.01491728     -7.59650018      0.14616385      0.00113071      0.14616671      0.02436064 bias_reducing
  1627    813.50000000    409.12251698     13.21555314    454.19832317    300.00000000      0.99983104      0.07551402     -7.58202088     -0.01467471     -7.59669560      0.14370463      0.00111204      0.14370759      0.02395077 bias_reducing
  1628    814.00000000    409.33540495     13.21910544    457.77285338    300.00000000      0.99982881      0.07610831     -7.58264872     -0.01443215     -7.59708088      0.13838715      0.00109336      0.13839026      0.02306453 bias_reducing
  1629    814.50000000    409.55379608     13.22274011    462.14133791    300.00000000      0.99982593      0.07683460     -7.58340894     -0.01418959     -7.59759853      0.13080159      0.00107469      0.13080489      0.02180027 bias_reducing
  1630    815.00000000    409.76201068     13.22646164    466.98833110    300.00000000      0.99982266      0.07764046     -7.58424879     -0.01394703     -7.59819582      0.12176800      0.00105603      0.12177151      0.02029467 bias_reducing
  1631    815.50000000    410.02495081     13.23026120    472.06507249    300.00000000      0.99981922      0.07848450     -7.58512687     -0.01370447     -7.59883134      0.11223629      0.00103736      0.11224003      0.01870605 bias_reducing
  1632    816.00000000    410.23204585     13.23411762    477.18592372    300.00000000      0.99981578      0.07933588     -7.58601295     -0.01346191     -7.59947486      0.10316603      0.00101871      0.10316989      0.01719434 bias_reducing
  1633    816.50000000    410.44531058     13.23800005    482.19008924    300.00000000      0.99981243      0.08016787     -7.58688059     -0.01321935     -7.60009994      0.09541610      0.00100006      0.09542001      0.01590268 bias_reducing
  1634    817.00000000    410.65371629     13.24187179    486.89496432    300.00000000      0.99980927      0.08095009     -7.58769989     -0.01297679     -7.60067668      0.08963363      0.00098143      0.08963751      0.01493894 bias_reducing
  1635    817.50000000    410.86544627     13.24569525    491.06832448    300.00000000      0.99980644      0.08164394     -7.58843185     -0.01273423     -7.60116608      0.08620882      0.00096280      0.08621252      0.01436814 bias_reducing
  1636    818.00000000    411.07717591     13.24943740    494.43683326    300.00000000      0.99980406      0.08220398     -7.58903056     -0.01249167     -7.60152224      0.08526966      0.00094420      0.08527324      0.01421161 bias_reducing
  1637    818.50000000    411.28996015     13.25307418    496.74073899    300.00000000      0.99980229      0.08258703     -7.58945145     -0.01224912     -7.60170057      0.08664742      0.00092561      0.08665094      0.01444124 bias_reducing
  1638    819.00000000    411.49842367     13.25659477    497.81553927    300.00000000      0.99980126      0.08276572     -7.58966642     -0.01200656     -7.60167298      0.08990768      0.00090704      0.08991114      0.01498461 bias_reducing
  1639    819.50000000    411.70463682     13.26000439    497.65899255    300.00000000      0.99980099      0.08273969     -7.58967450     -0.01176400     -7.60143850      0.09443625      0.00088849      0.09443966      0.01573937 bias_reducing
  1640    820.00000000    411.91636264     13.26332541    496.46324321    300.00000000      0.99980143      0.08254089     -7.58950744     -0.01152145     -7.60102889      0.09957268      0.00086995      0.09957598      0.01659545 bias_reducing
  1641    820.50000000    412.17553575     13.26659674    494.60084461    300.00000000      0.99980241      0.08223125     -7.58922803     -0.01127889     -7.60050692      0.10467866      0.00085143      0.10468182      0.01744644 bias_reducing
  1642    821.00000000    412.39325761     13.26987140    492.55677375    300.00000000      0.99980367      0.08189141     -7.58891777     -0.01103633     -7.59995410      0.10920319      0.00083291      0.10920612      0.01820053 bias_reducing
  1643    821.50000000    412.60729861     13.27321340    490.83184178    300.00000000      0.99980489      0.08160462     -7.58866118     -0.01079377     -7.59945496      0.11270064      0.00081440      0.11270330      0.01878344 bias_reducing
  1644    822.00000000    412.81847358     13.27669334    489.84648619    300.00000000      0.99980577      0.08144080     -7.58852913     -0.01055122     -7.59908035      0.11485082      0.00079589      0.11485321      0.01914180 bias_reducing
  1645    822.50000000    413.02931986     13.28038363    489.85988836    300.00000000      0.99980609      0.08144303     -7.58856519     -0.01030866     -7.59887384      0.11547497      0.00077738      0.11547717      0.01924583 bias_reducing
  1646    823.00000000    413.24790667     13.28435378    490.92048664    300.00000000      0.99980575      0.08161936     -7.58877806     -0.01006609     -7.59884415      0.11456114      0.00075886      0.11456319      0.01909352 bias_reducing
  1647    823.50000000    413.46221192     13.28866609    492.86298862    300.00000000      0.99980479      0.08194232     -7.58913953     -0.00982353     -7.59896306      0.11228830      0.00074034      0.11229026      0.01871472 bias_reducing
  1648    824.00000000    413.66989233     13.29337177    495.35730590    300.00000000      0.99980338      0.08235702     -7.58959425     -0.00958097     -7.59917522      0.10903633      0.00072181      0.10903821      0.01817272 bias_reducing
  1649    824.50000000    413.87650285     13.29850752    497.99455895    300.00000000      0.99980176      0.08279548     -7.59007315     -0.00933840     -7.59941156      0.10538126      0.00070327      0.10538314      0.01756354 bias_reducing
  1650    825.00000000    414.08384014     13.30409239    500.39204639    300.00000000      0.99980021      0.08319408     -7.59051149     -0.00909584     -7.59960732      0.10207218      0.00068472      0.10207414      0.01701203 bias_reducing
  1651    825.50000000    414.34271294     13.31012557    502.29301033    300.00000000      0.99979890      0.08351013     -7.59086584     -0.00885327     -7.59971911      0.09992249      0.00066616      0.09992457      0.01665375 bias_reducing
  1652    826.00000000    414.55448364     13.31658545    503.62909524    300.00000000      0.99979794      0.08373227     -7.59112448     -0.00861070     -7.59973519      0.09962567      0.00064760      0.09962787      0.01660428 bias_reducing
  1653    826.50000000    414.76776821     13.32343008    504.53424764    300.00000000      0.99979731      0.08388276     -7.59131025     -0.00836814     -7.59967839      0.10152413      0.00062904      0.10152643      0.01692069 bias_reducing
  1654    827.00000000    414.98722666     13.33059917    505.31103530    300.00000000      0.99979685      0.08401190     -7.59147369     -0.00812557     -7.59959927      0.10539103      0.00061048      0.10539335      0.01756517 bias_reducing
  1655    827.50000000    415.19134654     13.33801792    506.34124056    300.00000000      0.99979637      0.08418318     -7.59168009     -0.00788301     -7.59956310      0.11046851      0.00059193      0.11047083      0.01841142 bias_reducing
  1656    828.00000000    415.40376198     13.34560229    507.96797403    300.00000000      0.99979562      0.08445364     -7.59198749     -0.00764045     -7.59962793      0.11572368      0.00057339      0.11572595      0.01928728 bias_reducing
  1657    828.50000000    415.61165990     13.35326573    510.39368524    300.00000000      0.99979445      0.08485693     -7.59243011     -0.00739789     -7.59982800      0.12009330      0.00055488      0.12009546      0.02001555 bias_reducing
  1658    829.00000000    415.82901284     13.36092639    513.62220803    300.00000000      0.99979281      0.08539370     -7.59300889     -0.00715532     -7.60016422      0.12266690      0.00053638      0.12266896      0.02044448 bias_reducing
  1659    829.50000000    416.04330831     13.36851316    517.46676047    300.00000000      0.99979077      0.08603289     -7.59369177     -0.00691277     -7.60060453      0.12280356      0.00051790      0.12280553      0.02046726 bias_reducing
  1660    830.00000000    416.25035457     13.37597131    521.61227820    300.00000000      0.99978850      0.08672211     -7.59442558     -0.00667021     -7.60109579      0.12020190      0.00049945      0.12020372      0.02003365 bias_reducing
  1661    830.50000000    416.51611458     13.38326648    525.69041860    300.00000000      0.99978619      0.08740014     -7.59514873     -0.00642765     -7.60157638      0.11495191      0.00048103      0.11495356      0.01915865 bias_reducing
  1662    831.00000000    416.72259242     13.39038596    529.34639895    300.00000000      0.99978405      0.08800797     -7.59580121     -0.00618509     -7.60198630      0.10756775      0.00046264      0.10756932      0.01792796 bias_reducing
  1663    831.50000000    416.93766958     13.39733732    532.30695179    300.00000000      0.99978226      0.08850019     -7.59633717     -0.00594254     -7.60227971      0.09899000      0.00044426      0.09899152      0.01649833 bias_reducing
  1664    832.00000000    417.15175160     13.40414602    534.42064880    300.00000000      0.99978091      0.08885160     -7.59673107     -0.00569998     -7.60243105      0.09053428      0.00042591      0.09053581      0.01508905 bias_reducing
  1665    832.50000000    417.36565833     13.41085090    535.65467701    300.00000000      0.99978003      0.08905677     -7.59697772     -0.00545743     -7.60243514      0.08375426      0.00040759      0.08375581      0.01395904 bias_reducing
  1666    833.00000000    417.55999249     13.41749941    536.06319883    300.00000000      0.99977961      0.08912469     -7.59708668     -0.00521487     -7.60230155      0.08011266      0.00038928      0.08011416      0.01335211 bias_reducing
  1667    833.50000000    417.76567862     13.42414248    535.73449893    300.00000000      0.99977959      0.08907004     -7.59707297     -0.00497232     -7.60204529      0.08042779      0.00037099      0.08042919      0.01340463 bias_reducing
  1668    834.00000000    417.98118602     13.43082934    534.74213592    300.00000000      0.99977994      0.08890505     -7.59694919     -0.00472976     -7.60167896      0.08447404      0.00035272      0.08447529      0.01407901 bias_reducing
  1669    834.50000000    418.19496153     13.43760311    533.11448552    300.00000000      0.99978063      0.08863444     -7.59671999     -0.00448721     -7.60120720      0.09121599      0.00033446      0.09121712      0.01520267 bias_reducing
  1670    835.00000000    418.41378716     13.44449695    530.83815565    300.00000000      0.99978166      0.08825599     -7.59638252     -0.00424465     -7.60062717      0.09947628      0.00031622      0.09947731      0.01657938 bias_reducing
  1671    835.50000000    418.68688503     13.45153105    527.90404901    300.00000000      0.99978305      0.08776817     -7.59593417     -0.00400210     -7.59993627      0.10828607      0.00029800      0.10828703      0.01804768 bias_reducing
  1672    836.00000000    418.90530441     13.45871092    524.37257593    300.00000000      0.99978480      0.08718103     -7.59538473     -0.00375955     -7.59914427      0.11692854      0.00027979      0.11692942      0.01948809 bias_reducing
  1673    836.50000000    419.11451698     13.46602644    520.42867186    300.00000000      0.99978687      0.08652533     -7.59476428     -0.00351699     -7.59828127      0.12487816      0.00026160      0.12487896      0.02081303 bias_reducing
  1674    837.00000000    419.32648331     13.47345164    516.40707428    300.00000000      0.99978911      0.08585671     -7.59412869     -0.00327444     -7.59740312      0.13171009      0.00024342      0.13171079      0.02195168 bias_reducing
  1675    837.50000000    419.54365380     13.48094549    512.77579793    300.00000000      0.99979132      0.08525298     -7.59355648     -0.00303188     -7.59658837      0.13704578      0.00022527      0.13704638      0.02284096 bias_reducing
  1676    838.00000000    419.75274792     13.48845392    510.06411486    300.00000000      0.99979318      0.08480214     -7.59313710     -0.00278933     -7.59592643      0.14054896      0.00020713      0.14054948      0.02342483 bias_reducing
  1677    838.50000000    419.97061399     13.49591276    508.74768935    300.00000000      0.99979439      0.08458327     -7.59295135     -0.00254678     -7.59549813      0.14194858      0.00018902      0.14194902      0.02365810 bias_reducing
  1678    839.00000000    420.18566665     13.50325230    509.12155275    300.00000000      0.99979468      0.08464543     -7.59304915     -0.00230423     -7.59535338      0.14105097      0.00017092      0.14105134      0.02350849 bias_reducing
  1679    839.50000000    420.39877107     13.51040287    511.19889544    300.00000000      0.99979396      0.08499081     -7.59343404     -0.00206168     -7.59549572      0.13781089      0.00015285      0.13781122      0.02296848 bias_reducing
  1680    840.00000000    420.59679225     13.51730115    514.67752009    300.00000000      0.99979232      0.08556916     -7.59405497     -0.00181912     -7.59587410      0.13235659      0.00013480      0.13235692      0.02205943 bias_reducing
  1681    840.50000000    420.85474438     13.52389584    518.99142671    300.00000000      0.99979004      0.08628638     -7.59481695     -0.00157657     -7.59639352      0.12499819      0.00011677      0.12499853      0.02083303 bias_reducing
  1682    841.00000000    421.05913588     13.53015303    523.44349323    300.00000000      0.99978753      0.08702657     -7.59560207     -0.00133402     -7.59693610      0.11623126      0.00009876      0.11623162      0.01937188 bias_reducing
  1683    841.50000000    421.27120443     13.53606094    527.36144782    300.00000000      0.99978517      0.08767796     -7.59629716     -0.00109147     -7.59738864      0.10672743      0.00008077      0.10672778      0.01778791 bias_reducing
  1684    842.00000000    421.48297904     13.54163251    530.21914889    300.00000000      0.99978330      0.08815307     -7.59681420     -0.00084892     -7.59766313      0.09735958      0.00006279      0.09735988      0.01622660 bias_reducing
  1685    842.50000000    421.69003973     13.54690473    531.70849257    300.00000000      0.99978212      0.08840069     -7.59710148     -0.00060637     -7.59770785      0.08921162      0.00004484      0.08921187      0.01486860 bias_reducing
  1686    843.00000000    421.90065521     13.55193458    531.75977014    300.00000000      0.99978172      0.08840921     -7.59714731     -0.00036382     -7.59751114      0.08345285      0.00002689      0.08345303      0.01390881 bias_reducing
  1687    843.50000000    422.11871951     13.55679428    530.51447527    300.00000000      0.99978206      0.08820217     -7.59697573     -0.00012127     -7.59709701      0.08105172      0.00000896      0.08105179      0.01350862 bias_reducing
  1688    844.00000000    422.33200633     13.56156567    528.25479909    300.00000000      0.99978303      0.08782648     -7.59663458     -0.00000000     -7.59663458      0.08225295      0.00000000      0.08225295      0.01370883 bias_off
  1689    844.50000000    422.54578911     13.56633378    525.31184100    300.00000000      0.99978446      0.08733719     -7.59617986     -0.00000000     -7.59617986      0.08637810      0.00000000      0.08637810      0.01439635 bias_off_pure_md
  1690    845.00000000    422.76039121     13.57118111    521.97554278    300.00000000      0.99978619      0.08678251     -7.59566021     -0.00000000     -7.59566021      0.09216044      0.00000000      0.09216044      0.01536007 bias_off_pure_md
  1691    845.50000000    423.03159794     13.57618242    518.43493946    300.00000000      0.99978809      0.08619386     -7.59510721     -0.00000000     -7.59510721      0.09825152      0.00000000      0.09825152      0.01637525 bias_off_pure_md
  1692    846.00000000    423.24339224     13.58140089    514.76050771    300.00000000      0.99979011      0.08558295     -7.59453242     -0.00000000     -7.59453242      0.10355301      0.00000000      0.10355301      0.01725883 bias_off_pure_md
  1693    846.50000000    423.45565363     13.58688479    510.92170961    300.00000000      0.99979223      0.08494472     -7.59393030     -0.00000000     -7.59393030      0.10734719      0.00000000      0.10734719      0.01789120 bias_off_pure_md
  1694    847.00000000    423.66828974     13.59266498    506.83947088    300.00000000      0.99979450      0.08426602     -7.59328667     -0.00000000     -7.59328667      0.10930389      0.00000000      0.10930389      0.01821731 bias_off_pure_md
  1695    847.50000000    423.88217889     13.59875306    502.45776717    300.00000000      0.99979696      0.08353753     -7.59259181     -0.00000000     -7.59259181      0.10946116      0.00000000      0.10946116      0.01824353 bias_off_pure_md
  1696    848.00000000    424.10194874     13.60514063    497.80416886    300.00000000      0.99979966      0.08276383     -7.59184979     -0.00000000     -7.59184979      0.10815988      0.00000000      0.10815988      0.01802665 bias_off_pure_md
  1697    848.50000000    424.30955214     13.61179973    493.01427660    300.00000000      0.99980254      0.08196747     -7.59108334     -0.00000000     -7.59108334      0.10594088      0.00000000      0.10594088      0.01765681 bias_off_pure_md
  1698    849.00000000    424.51652616     13.61868435    488.30762229    300.00000000      0.99980549      0.08118495     -7.59032980     -0.00000000     -7.59032980      0.10341668      0.00000000      0.10341668      0.01723611 bias_off_pure_md
  1699    849.50000000    424.72323787     13.62573313    483.91834576    300.00000000      0.99980838      0.08045520     -7.58962901     -0.00000000     -7.58962901      0.10115508      0.00000000      0.10115508      0.01685918 bias_off_pure_md
  1700    850.00000000    424.92968292     13.63287371    480.00797068    300.00000000      0.99981105      0.07980507     -7.58900877     -0.00000000     -7.58900877      0.09959354      0.00000000      0.09959354      0.01659892 bias_off_pure_md
  1701    850.50000000    425.18720395     13.64002861    476.59788462    300.00000000      0.99981342      0.07923812     -7.58847288     -0.00000000     -7.58847288      0.09900779      0.00000000      0.09900779      0.01650130 bias_off_pure_md
  1702    851.00000000    425.40087440     13.64712207    473.55494939    300.00000000      0.99981552      0.07873221     -7.58799857     -0.00000000     -7.58799857      0.09950568      0.00000000      0.09950568      0.01658428 bias_off_pure_md
  1703    851.50000000    425.61523795     13.65408722    470.64046514    300.00000000      0.99981748      0.07824765     -7.58754542     -0.00000000     -7.58754542      0.10102465      0.00000000      0.10102465      0.01683744 bias_off_pure_md
  1704    852.00000000    425.83274734     13.66087237    467.60047244    300.00000000      0.99981947      0.07774223     -7.58707010     -0.00000000     -7.58707010      0.10337223      0.00000000      0.10337223      0.01722871 bias_off_pure_md
  1705    852.50000000    426.05102475     13.66744609    464.26384322    300.00000000      0.99982164      0.07718749     -7.58654310     -0.00000000     -7.58654310      0.10626323      0.00000000      0.10626323      0.01771054 bias_off_pure_md
  1706    853.00000000    426.25468633     13.67379981    460.61501902    300.00000000      0.99982408      0.07658084     -7.58596185     -0.00000000     -7.58596185      0.10934985      0.00000000      0.10934985      0.01822497 bias_off_pure_md
  1707    853.50000000    426.46311380     13.67994812    456.81621450    300.00000000      0.99982674      0.07594926     -7.58535339     -0.00000000     -7.58535339      0.11224319      0.00000000      0.11224319      0.01870720 bias_off_pure_md
  1708    854.00000000    426.67490031     13.68592631    453.17161448    300.00000000      0.99982946      0.07534332     -7.58476936     -0.00000000     -7.58476936      0.11455923      0.00000000      0.11455923      0.01909320 bias_off_pure_md
  1709    854.50000000    426.88812022     13.69178613    450.04538917    300.00000000      0.99983198      0.07482356     -7.58427149     -0.00000000     -7.58427149      0.11595645      0.00000000      0.11595645      0.01932608 bias_off_pure_md
  1710    855.00000000    427.09929833     13.69759018    447.75630995    300.00000000      0.99983401      0.07444298     -7.58391384     -0.00000000     -7.58391384      0.11617237      0.00000000      0.11617237      0.01936206 bias_off_pure_md
  1711    855.50000000    427.35708304     13.70340574    446.47748827    300.00000000      0.99983536      0.07423037     -7.58372612     -0.00000000     -7.58372612      0.11505594      0.00000000      0.11505594      0.01917599 bias_off_pure_md
  1712    856.00000000    427.57098186     13.70929869    446.16835942    300.00000000      0.99983593      0.07417897     -7.58370203     -0.00000000     -7.58370203      0.11260635      0.00000000      0.11260635      0.01876772 bias_off_pure_md
  1713    856.50000000    427.77795538     13.71532833    446.55836017    300.00000000      0.99983585      0.07424381     -7.58379623     -0.00000000     -7.58379623      0.10899909      0.00000000      0.10899909      0.01816651 bias_off_pure_md
  1714    857.00000000    427.99575009     13.72154323    447.18953278    300.00000000      0.99983539      0.07434875     -7.58393165     -0.00000000     -7.58393165      0.10460791      0.00000000      0.10460791      0.01743465 bias_off_pure_md
  1715    857.50000000    428.20972524     13.72797827    447.50923049    300.00000000      0.99983495      0.07440190     -7.58401502     -0.00000000     -7.58401502      0.10000395      0.00000000      0.10000395      0.01666732 bias_off_pure_md
  1716    858.00000000    428.42804050     13.73465249    446.99017846    300.00000000      0.99983496      0.07431561     -7.58395746     -0.00000000     -7.58395746      0.09591931      0.00000000      0.09591931      0.01598655 bias_off_pure_md
  1717    858.50000000    428.63641061     13.74156792    445.24802532    300.00000000      0.99983576      0.07402596     -7.58369401     -0.00000000     -7.58369401      0.09316822      0.00000000      0.09316822      0.01552804 bias_off_pure_md
  1718    859.00000000    428.84872108     13.74870926    442.12451770    300.00000000      0.99983760      0.07350665     -7.58319756     -0.00000000     -7.58319756      0.09246287      0.00000000      0.09246287      0.01541048 bias_off_pure_md
  1719    859.50000000    429.05670479     13.75604435    437.71297299    300.00000000      0.99984052      0.07277320     -7.58248424     -0.00000000     -7.58248424      0.09421809      0.00000000      0.09421809      0.01570302 bias_off_pure_md
  1720    860.00000000    429.26654590     13.76352540    432.32147253    300.00000000      0.99984441      0.07187682     -7.58160561     -0.00000000     -7.58160561      0.09842384      0.00000000      0.09842384      0.01640397 bias_off_pure_md
  1721    860.50000000    429.52981231     13.77109131    426.38711558    300.00000000      0.99984902      0.07089019     -7.58063560     -0.00000000     -7.58063560      0.10464345      0.00000000      0.10464345      0.01744057 bias_off_pure_md
  1722    861.00000000    429.74598734     13.77867137    420.36840076    300.00000000      0.99985401      0.06988953     -7.57965123     -0.00000000     -7.57965123      0.11216160      0.00000000      0.11216160      0.01869360 bias_off_pure_md
  1723    861.50000000    429.95959905     13.78619020    414.65386420    300.00000000      0.99985904      0.06893944     -7.57871781     -0.00000000     -7.57871781      0.12014965      0.00000000      0.12014965      0.02002494 bias_off_pure_md
  1724    862.00000000    430.17283997     13.79357359    409.51418367    300.00000000      0.99986380      0.06808493     -7.57788023     -0.00000000     -7.57788023      0.12776638      0.00000000      0.12776638      0.02129440 bias_off_pure_md
  1725    862.50000000    430.38077495     13.80075492    405.10160963    300.00000000      0.99986809      0.06735130     -7.57716375     -0.00000000     -7.57716375      0.13421313      0.00000000      0.13421313      0.02236886 bias_off_pure_md
  1726    863.00000000    430.59623927     13.80768125    401.48540960    300.00000000      0.99987176      0.06675008     -7.57657923     -0.00000000     -7.57657923      0.13879531      0.00000000      0.13879531      0.02313255 bias_off_pure_md
  1727    863.50000000    430.80382663     13.81431828    398.69991126    300.00000000      0.99987474      0.06628697     -7.57613239     -0.00000000     -7.57613239      0.14099571      0.00000000      0.14099571      0.02349928 bias_off_pure_md
  1728    864.00000000    431.02087925     13.82065329    396.77962535    300.00000000      0.99987697      0.06596771     -7.57582891     -0.00000000     -7.57582891      0.14054719      0.00000000      0.14054719      0.02342453 bias_off_pure_md
  1729    864.50000000    431.23026893     13.82669567    395.76990319    300.00000000      0.99987837      0.06579984     -7.57567654     -0.00000000     -7.57567654      0.13746814      0.00000000      0.13746814      0.02291136 bias_off_pure_md
  1730    865.00000000    431.44230027     13.83247525    395.71457111    300.00000000      0.99987888      0.06579064     -7.57568306     -0.00000000     -7.57568306      0.13206291      0.00000000      0.13206291      0.02201049 bias_off_pure_md
  1731    865.50000000    431.71217421     13.83803856    396.62334256    300.00000000      0.99987847      0.06594173     -7.57585076     -0.00000000     -7.57585076      0.12488695      0.00000000      0.12488695      0.02081449 bias_off_pure_md
  1732    866.00000000    431.91850818     13.84344400    398.42976654    300.00000000      0.99987716      0.06624206     -7.57616917     -0.00000000     -7.57616917      0.11668483      0.00000000      0.11668483      0.01944747 bias_off_pure_md
  1733    866.50000000    432.13308747     13.84875601    400.95866768    300.00000000      0.99987507      0.06666251     -7.57660935     -0.00000000     -7.57660935      0.10831519      0.00000000      0.10831519      0.01805253 bias_off_pure_md
  1734    867.00000000    432.34169296     13.85403932    403.91734044    300.00000000      0.99987246      0.06715441     -7.57712228     -0.00000000     -7.57712228      0.10068384      0.00000000      0.10068384      0.01678064 bias_off_pure_md
  1735    867.50000000    432.55868387     13.85935373    406.91680102    300.00000000      0.99986965      0.06765309     -7.57764315     -0.00000000     -7.57764315      0.09464988      0.00000000      0.09464988      0.01577498 bias_off_pure_md
  1736    868.00000000    432.76788903     13.86475003    409.52635309    300.00000000      0.99986704      0.06808695     -7.57809915     -0.00000000     -7.57809915      0.09089044      0.00000000      0.09089044      0.01514841 bias_off_pure_md
  1737    868.50000000    432.97944549     13.87026675    411.35284934    300.00000000      0.99986500      0.06839062     -7.57842416     -0.00000000     -7.57842416      0.08970373      0.00000000      0.08970373      0.01495062 bias_off_pure_md
  1738    869.00000000    433.19083038     13.87592787    412.11971211    300.00000000      0.99986382      0.06851812     -7.57857120     -0.00000000     -7.57857120      0.09095884      0.00000000      0.09095884      0.01515981 bias_off_pure_md
  1739    869.50000000    433.37983445     13.88174135    411.73179858    300.00000000      0.99986366      0.06845363     -7.57852408     -0.00000000     -7.57852408      0.09415619      0.00000000      0.09415619      0.01569270 bias_off_pure_md
  1740    870.00000000    433.58470293     13.88769865    410.30943280    300.00000000      0.99986450      0.06821715     -7.57830259     -0.00000000     -7.57830259      0.09858068      0.00000000      0.09858068      0.01643011 bias_off_pure_md
  1741    870.50000000    433.84705410     13.89377513    408.17192185    300.00000000      0.99986615      0.06786177     -7.57796056     -0.00000000     -7.57796056      0.10348296      0.00000000      0.10348296      0.01724716 bias_off_pure_md
  1742    871.00000000    434.06052546     13.89993084    405.76889043    300.00000000      0.99986828      0.06746225     -7.57757362     -0.00000000     -7.57757362      0.10822080      0.00000000      0.10822080      0.01803680 bias_off_pure_md
  1743    871.50000000    434.26881747     13.90611258    403.57700341    300.00000000      0.99987045      0.06709783     -7.57722231     -0.00000000     -7.57722231      0.11231531      0.00000000      0.11231531      0.01871922 bias_off_pure_md
  1744    872.00000000    434.47947305     13.91225730    401.99330514    300.00000000      0.99987224      0.06683452     -7.57697352     -0.00000000     -7.57697352      0.11545074      0.00000000      0.11545074      0.01924179 bias_off_pure_md
  1745    872.50000000    434.68771247     13.91829696    401.25567742    300.00000000      0.99987334      0.06671189     -7.57686717     -0.00000000     -7.57686717      0.11744786      0.00000000      0.11744786      0.01957464 bias_off_pure_md
  1746    873.00000000    434.89833542     13.92416454    401.40849437    300.00000000      0.99987361      0.06673730     -7.57691081     -0.00000000     -7.57691081      0.11823415      0.00000000      0.11823415      0.01970569 bias_off_pure_md
  1747    873.50000000    435.10670432     13.92980069    402.31705486    300.00000000      0.99987308      0.06688835     -7.57708140     -0.00000000     -7.57708140      0.11782300      0.00000000      0.11782300      0.01963717 bias_off_pure_md
  1748    874.00000000    435.32381093     13.93516015    403.72566967    300.00000000      0.99987196      0.06712254     -7.57733589     -0.00000000     -7.57733589      0.11630159      0.00000000      0.11630159      0.01938360 bias_off_pure_md
  1749    874.50000000    435.53172223     13.94021696    405.33993535    300.00000000      0.99987052      0.06739093     -7.57762434     -0.00000000     -7.57762434      0.11382146      0.00000000      0.11382146      0.01897024 bias_off_pure_md
  1750    875.00000000    435.73877391     13.94496774    406.90756364    300.00000000      0.99986904      0.06765156     -7.57790420     -0.00000000     -7.57790420      0.11059783      0.00000000      0.11059783      0.01843297 bias_off_pure_md
  1751    875.50000000    436.00290509     13.94943267    408.27651643    300.00000000      0.99986769      0.06787916     -7.57815010     -0.00000000     -7.57815010      0.10690291      0.00000000      0.10690291      0.01781715 bias_off_pure_md
  1752    876.00000000    436.21039051     13.95365398    409.41343758    300.00000000      0.99986657      0.06806818     -7.57835654     -0.00000000     -7.57835654      0.10306151      0.00000000      0.10306151      0.01717692 bias_off_pure_md
  1753    876.50000000    436.42719219     13.95769236    410.37708411    300.00000000      0.99986565      0.06822839     -7.57853400     -0.00000000     -7.57853400      0.09945778      0.00000000      0.09945778      0.01657630 bias_off_pure_md
  1754    877.00000000    436.62297432     13.96162195    411.26188532    300.00000000      0.99986484      0.06837550     -7.57869906     -0.00000000     -7.57869906      0.09656378      0.00000000      0.09656378      0.01609396 bias_off_pure_md
  1755    877.50000000    436.82852430     13.96552459    412.13899419    300.00000000      0.99986406      0.06852132     -7.57886346     -0.00000000     -7.57886346      0.09490734      0.00000000      0.09490734      0.01581789 bias_off_pure_md
  1756    878.00000000    437.04138227     13.96948385    413.02104092    300.00000000      0.99986328      0.06866797     -7.57902963     -0.00000000     -7.57902963      0.09492493      0.00000000      0.09492493      0.01582082 bias_off_pure_md
  1757    878.50000000    437.25249205     13.97357940    413.85737728    300.00000000      0.99986251      0.06880702     -7.57918881     -0.00000000     -7.57918881      0.09676696      0.00000000      0.09676696      0.01612783 bias_off_pure_md
  1758    879.00000000    437.46505186     13.97788226    414.55744519    300.00000000      0.99986182      0.06892341     -7.57932539     -0.00000000     -7.57932539      0.10019388      0.00000000      0.10019388      0.01669898 bias_off_pure_md
  1759    879.50000000    437.67373590     13.98245088    415.03598513    300.00000000      0.99986129      0.06900297     -7.57942456     -0.00000000     -7.57942456      0.10457177      0.00000000      0.10457177      0.01742863 bias_off_pure_md
  1760    880.00000000    437.89163446     13.98732835    415.26022637    300.00000000      0.99986099      0.06904025     -7.57948067     -0.00000000     -7.57948067      0.10903137      0.00000000      0.10903137      0.01817190 bias_off_pure_md
  1761    880.50000000    438.15950305     13.99254032    415.27975269    300.00000000      0.99986089      0.06904350     -7.57950188     -0.00000000     -7.57950188      0.11267412      0.00000000      0.11267412      0.01877902 bias_off_pure_md
  1762    881.00000000    438.36186242     13.99809414    415.22778115    300.00000000      0.99986093      0.06903486     -7.57951046     -0.00000000     -7.57951046      0.11474932      0.00000000      0.11474932      0.01912489 bias_off_pure_md
  1763    881.50000000    438.57455551     14.00397880    415.29040467    300.00000000      0.99986096      0.06904527     -7.57953818     -0.00000000     -7.57953818      0.11479601      0.00000000      0.11479601      0.01913267 bias_off_pure_md
  1764    882.00000000    438.78214206     14.01016576    415.65294885    300.00000000      0.99986080      0.06910555     -7.57961637     -0.00000000     -7.57961637      0.11271887      0.00000000      0.11271887      0.01878648 bias_off_pure_md
  1765    882.50000000    438.98851877     14.01661077    416.44024800    300.00000000      0.99986031      0.06923644     -7.57976646     -0.00000000     -7.57976646      0.10881667      0.00000000      0.10881667      0.01813611 bias_off_pure_md
  1766    883.00000000    439.20090986     14.02325719    417.66848567    300.00000000      0.99985944      0.06944065     -7.57999142     -0.00000000     -7.57999142      0.10377523      0.00000000      0.10377523      0.01729587 bias_off_pure_md
  1767    883.50000000    439.40830669     14.03004047    419.22019274    300.00000000      0.99985821      0.06969863     -7.58027186     -0.00000000     -7.58027186      0.09860789      0.00000000      0.09860789      0.01643465 bias_off_pure_md
  1768    884.00000000    439.61613884     14.03689389    420.85216636    300.00000000      0.99985681      0.06996996     -7.58056679     -0.00000000     -7.58056679      0.09451762      0.00000000      0.09451762      0.01575294 bias_off_pure_md
  1769    884.50000000    439.82299541     14.04375514    422.24410814    300.00000000      0.99985547      0.07020138     -7.58082199     -0.00000000     -7.58082199      0.09264582      0.00000000      0.09264582      0.01544097 bias_off_pure_md
  1770    885.00000000    440.03490024     14.05057286    423.07604183    300.00000000      0.99985449      0.07033969     -7.58098341     -0.00000000     -7.58098341      0.09371923      0.00000000      0.09371923      0.01561987 bias_off_pure_md
  1771    885.50000000    440.30479234     14.05731216    423.11554313    300.00000000      0.99985410      0.07034626     -7.58101131     -0.00000000     -7.58101131      0.09777882      0.00000000      0.09777882      0.01629647 bias_off_pure_md
  1772    886.00000000    440.52280711     14.06395834    422.29631790    300.00000000      0.99985443      0.07021006     -7.58089416     -0.00000000     -7.58089416      0.10419601      0.00000000      0.10419601      0.01736600 bias_off_pure_md
  1773    886.50000000    440.73213094     14.07051833    420.76381614    300.00000000      0.99985546      0.06995527     -7.58065593     -0.00000000     -7.58065593      0.11196347      0.00000000      0.11196347      0.01866058 bias_off_pure_md
  1774    887.00000000    440.94907472     14.07701970    418.86532950    300.00000000      0.99985698      0.06963963     -7.58035510     -0.00000000     -7.58035510      0.12005584      0.00000000      0.12005584      0.02000931 bias_off_pure_md
  1775    887.50000000    441.16732156     14.08350789    417.08651018    300.00000000      0.99985863      0.06934389     -7.58007352     -0.00000000     -7.58007352      0.12760070      0.00000000      0.12760070      0.02126678 bias_off_pure_md
  1776    888.00000000    441.38085325     14.09004176    415.95540233    300.00000000      0.99985997      0.06915583     -7.57989992     -0.00000000     -7.57989992      0.13393029      0.00000000      0.13393029      0.02232172 bias_off_pure_md
  1777    888.50000000    441.58923397     14.09668805    415.93556373    300.00000000      0.99986053      0.06915253     -7.57991263     -0.00000000     -7.57991263      0.13858378      0.00000000      0.13858378      0.02309730 bias_off_pure_md
  1778    889.00000000    441.79570499     14.10351571    417.33896663    300.00000000      0.99985996      0.06938586     -7.58016437     -0.00000000     -7.58016437      0.14127850      0.00000000      0.14127850      0.02354642 bias_off_pure_md
  1779    889.50000000    442.00687110     14.11058987    420.27897697    300.00000000      0.99985810      0.06987466     -7.58067392     -0.00000000     -7.58067392      0.14188543      0.00000000      0.14188543      0.02364757 bias_off_pure_md
  1780    890.00000000    442.21471068     14.11796664    424.66582498    300.00000000      0.99985496      0.07060401     -7.58142656     -0.00000000     -7.58142656      0.14038737      0.00000000      0.14038737      0.02339789 bias_off_pure_md
  1781    890.50000000    442.47992945     14.12568868    430.24040325    300.00000000      0.99985077      0.07153083     -7.58237849     -0.00000000     -7.58237849      0.13684275      0.00000000      0.13684275      0.02280713 bias_off_pure_md
  1782    891.00000000    442.69007876     14.13378199    436.63416001    300.00000000      0.99984587      0.07259384     -7.58346801     -0.00000000     -7.58346801      0.13137300      0.00000000      0.13137300      0.02189550 bias_off_pure_md
  1783    891.50000000    442.90666431     14.14225371    443.43770219    300.00000000      0.99984063      0.07372498     -7.58462671     -0.00000000     -7.58462671      0.12414724      0.00000000      0.12414724      0.02069121 bias_off_pure_md
  1784    892.00000000    443.12268557     14.15109085    450.25718967    300.00000000      0.99983538      0.07485877     -7.58578861     -0.00000000     -7.58578861      0.11540864      0.00000000      0.11540864      0.01923477 bias_off_pure_md
  1785    892.50000000    443.33770068     14.16026016    456.75013721    300.00000000      0.99983042      0.07593828     -7.58689661     -0.00000000     -7.58689661      0.10551310      0.00000000      0.10551310      0.01758552 bias_off_pure_md
  1786    893.00000000    443.55302216     14.16970910    462.64170474    300.00000000      0.99982594      0.07691779     -7.58790488     -0.00000000     -7.58790488      0.09500531      0.00000000      0.09500531      0.01583422 bias_off_pure_md
  1787    893.50000000    443.76087123     14.17936815    467.72356007    300.00000000      0.99982207      0.07776269     -7.58877902     -0.00000000     -7.58877902      0.08473086      0.00000000      0.08473086      0.01412181 bias_off_pure_md
  1788    894.00000000    443.96740883     14.18915448    471.83949954    300.00000000      0.99981891      0.07844700     -7.58949303     -0.00000000     -7.58949303      0.07597158      0.00000000      0.07597158      0.01266193 stop_max_pure_md
