  step         time_fs     wall_time_s        rti_dist          temp_K     temp_bath_K   thermo_lambda          kin_Ha     pot_real_Ha     pot_rtip_Ha    pot_total_Ha          f_real          f_rtip         f_total      rms_f_real state_decision
     1      0.50000000     10.51987115     33.53352852      0.18301392    300.00000000      1.13973681      0.00003043     -7.59731243     -0.00570297     -7.60301541      0.07361935      0.00018742      0.07359845      0.01226989 md_running
     2      1.00000000     21.88726775     33.53289536      1.74089864    300.00000000      1.13973681      0.00028944     -7.59750718     -0.01140597     -7.60891314      0.07114938      0.00037485      0.07110665      0.01185823 md_running
     3      1.50000000     40.84026213     33.53157663      4.36041519    300.00000000      1.05169173      0.00072495     -7.59787718     -0.01710901     -7.61498618      0.06616661      0.00056231      0.06609861      0.01102777 md_running
     4      2.00000000     41.10784374     33.52970899      7.39196302    300.00000000      1.02522282      0.00122897     -7.59832539     -0.02281212     -7.62113751      0.05949599      0.00074980      0.05939671      0.00991600 md_running
     5      2.50000000     41.37876827     33.52745567     10.27816741    300.00000000      1.01635078      0.00170883     -7.59875285     -0.02851532     -7.62726817      0.05225730      0.00093734      0.05211862      0.00870955 md_running
     6      3.00000000     46.38200283     33.52499630     12.57928009    300.00000000      1.01246606      0.00209140     -7.59908342     -0.03421860     -7.63330201      0.04588523      0.00112493      0.04570012      0.00764754 md_running
     7      3.50000000     46.63730122     33.52252346     14.08485994    300.00000000      1.01061736      0.00234172     -7.59928057     -0.03992195     -7.63920251      0.04194663      0.00131258      0.04171760      0.00699110 md_running
     8      4.00000000     46.86971658     33.52023064     14.86378628    300.00000000      1.00977358      0.00247122     -7.59935534     -0.04562535     -7.64498070      0.04136182      0.00150029      0.04110720      0.00689364 md_running
     9      4.50000000     47.10993713     33.51829806     15.22910285    300.00000000      1.00943450      0.00253196     -7.59936075     -0.05132878     -7.65068953      0.04358947      0.00168805      0.04333236      0.00726491 md_running
    10      5.00000000     47.33685154     33.51687858     15.62137762    300.00000000      1.00924508      0.00259718     -7.59937133     -0.05703219     -7.65640352      0.04706886      0.00187586      0.04682301      0.00784481 md_running
    11      5.50000000     47.56199328     33.51608520     16.44517239    300.00000000      1.00891255      0.00273414     -7.59945614     -0.06273555     -7.66219168      0.05034682      0.00206370      0.05011703      0.00839114 md_running
    12      6.00000000     47.80355949     33.51598113     17.91714702    300.00000000      1.00828955      0.00297887     -7.59965234     -0.06843881     -7.66809115      0.05260425      0.00225159      0.05239224      0.00876738 md_running
    13      6.50000000     48.07507858     33.51657360     19.98560979    300.00000000      1.00744890      0.00332276     -7.59995194     -0.07414193     -7.67409387      0.05367879      0.00243950      0.05348697      0.00894646 md_running
    14      7.00000000     52.03064131     33.51781249     22.35471857    300.00000000      1.00658792      0.00371665     -7.60030515     -0.07984490     -7.68015005      0.05389090      0.00262746      0.05372384      0.00898182 md_running
    15      7.50000000     52.31479538     33.51959473     24.60129480    300.00000000      1.00586825      0.00409016     -7.60064046     -0.08554770     -7.68618816      0.05380828      0.00281545      0.05367242      0.00896805 md_running
    16      8.00000000     57.38459157     33.52177390     26.33343366    300.00000000      1.00535777      0.00437814     -7.60089098     -0.09125031     -7.69214129      0.05397172      0.00300350      0.05387354      0.00899529 md_running
    17      8.50000000     57.65310503     33.52417339     27.32891890    300.00000000      1.00505713      0.00454365     -7.60101853     -0.09695276     -7.69797129      0.05465956      0.00319162      0.05460309      0.00910993 md_running
    18      9.00000000     57.90075339     33.52660153     27.60781950    300.00000000      1.00493417      0.00459002     -7.60102580     -0.10265505     -7.70368085      0.05578423      0.00337984      0.05576948      0.00929737 md_running
    19      9.50000000     58.14905819     33.52886705     27.42272661    300.00000000      1.00493777      0.00455924     -7.60095465     -0.10835723     -7.70931189      0.05697001      0.00356817      0.05699314      0.00949500 md_running
    20     10.00000000     58.40867358     33.53079392     27.17725960    300.00000000      1.00499728      0.00451843     -7.60087222     -0.11405933     -7.71493155      0.05773568      0.00375664      0.05779025      0.00962261 md_running
    21     10.50000000     58.66683504     33.53223420     27.30240761    300.00000000      1.00502496      0.00453924     -7.60085062     -0.11976138     -7.72061200      0.05766951      0.00394528      0.05774739      0.00961158 md_running
    22     11.00000000     58.91504716     33.53307871     28.12800305    300.00000000      1.00493917      0.00467650     -7.60094478     -0.12546342     -7.72640821      0.05655103      0.00413411      0.05664247      0.00942517 md_running
    23     11.50000000     59.17269798     33.53326477     29.78435224    300.00000000      1.00470557      0.00495188     -7.60117669     -0.13116548     -7.73234218      0.05443498      0.00432316      0.05452778      0.00907250 md_running
    24     12.00000000     59.42298735     33.53278103     32.16075004    300.00000000      1.00435844      0.00534698     -7.60152751     -0.13686758     -7.73839508      0.05171747      0.00451243      0.05179573      0.00861958 md_running
    25     12.50000000     59.65493327     33.53166874     34.93320762    300.00000000      1.00397421      0.00580792     -7.60194282     -0.14256970     -7.74451252      0.04914884      0.00470194      0.04919218      0.00819147 md_running
    26     13.00000000     59.89635181     33.53001918     37.65615697    300.00000000      1.00362512      0.00626063     -7.60234776     -0.14827184     -7.75061960      0.04774055      0.00489168      0.04772661      0.00795676 md_running
    27     13.50000000     60.15419972     33.52796734     39.89622208    300.00000000      1.00335422      0.00663306     -7.60266934     -0.15397396     -7.75664330      0.04839461      0.00508165      0.04830718      0.00806577 md_running
    28     14.00000000     60.41171505     33.52568208     41.37157973    300.00000000      1.00317553      0.00687835     -7.60286029     -0.15967601     -7.76253630      0.05134102      0.00527181      0.05117770      0.00855684 md_running
    29     14.50000000     60.64403508     33.52335349     42.05355287    300.00000000      1.00308252      0.00699173     -7.60291640     -0.16537792     -7.76829432      0.05591870      0.00546215      0.05568837      0.00931978 md_running
    30     15.00000000     60.88364850     33.52117824     42.19296715    300.00000000      1.00305357      0.00701491     -7.60288087     -0.17107961     -7.77396049      0.06092523      0.00565265      0.06063939      0.01015420 md_running
    31     15.50000000     61.11336551     33.51934377     42.25277463    300.00000000      1.00305353      0.00702485     -7.60283312     -0.17678102     -7.77961414      0.06509637      0.00584326      0.06476365      0.01084940 md_running
    32     16.00000000     61.34604372     33.51801252     42.75919074    300.00000000      1.00303776      0.00710905     -7.60286352     -0.18248206     -7.78534558      0.06739987      0.00603396      0.06702485      0.01123331 md_running
    33     16.50000000     61.60630424     33.51730734     44.11832141    300.00000000      1.00296611      0.00733502     -7.60304233     -0.18818267     -7.79122499      0.06717120      0.00622472      0.06675509      0.01119520 md_running
    34     17.00000000     61.89637491     33.51729951     46.46611857    300.00000000      1.00282345      0.00772535     -7.60339353     -0.19388279     -7.79727632      0.06416869      0.00641552      0.06371028      0.01069478 md_running
    35     17.50000000     68.46837320     33.51800085     49.61120166    300.00000000      1.00262857      0.00824825     -7.60388555     -0.19958241     -7.80346796      0.05859115      0.00660634      0.05808797      0.00976519 md_running
    36     18.00000000     68.73803523     33.51936069     53.09285795    300.00000000      1.00242037      0.00882710     -7.60444020     -0.20528154     -7.80972174      0.05107805      0.00679718      0.05052880      0.00851301 md_running
    37     18.50000000     68.99259117     33.52126841     56.32925956    300.00000000      1.00223556      0.00936518     -7.60495874     -0.21098021     -7.81593895      0.04274406      0.00698805      0.04215585      0.00712401 md_running
    38     19.00000000     69.25446521     33.52356131     58.79787958    300.00000000      1.00209653      0.00977561     -7.60535155     -0.21667849     -7.82203005      0.03530938      0.00717897      0.03471899      0.00588490 md_running
    39     19.50000000     69.51471159     33.52603659     60.18577655    300.00000000      1.00201124      0.01000636     -7.60556422     -0.22237649     -7.82794071      0.03110935      0.00736995      0.03061581      0.00518489 md_running
    40     20.00000000     69.75321313     33.52846655     60.46651432    300.00000000      1.00197756      0.01005303     -7.60559047     -0.22807431     -7.83366478      0.03183188      0.00756104      0.03154964      0.00530531 md_running
    41     20.50000000     70.00363606     33.53061487     59.88942321    300.00000000      1.00198647      0.00995708     -7.60547069     -0.23377209     -7.83924278      0.03653289      0.00775228      0.03647368      0.00608881 md_running
    42     21.00000000     70.24973203     33.53225307     58.89372564    300.00000000      1.00202326      0.00979154     -7.60527682     -0.23946999     -7.84474681      0.04281567      0.00794372      0.04292655      0.00713594 md_running
    43     21.50000000     70.48559521     33.53317581     57.97776987    300.00000000      1.00206849      0.00963926     -7.60509112     -0.24516813     -7.85025925      0.04888007      0.00813540      0.04911312      0.00814668 md_running
    44     22.00000000     70.74070745     33.53321396     57.56133715    300.00000000      1.00210105      0.00957002     -7.60498258     -0.25086665     -7.85584923      0.05378033      0.00832737      0.05410427      0.00896339 md_running
    45     22.50000000     71.00423465     33.53224490     57.87651795    300.00000000      1.00210433      0.00962242     -7.60498909     -0.25656566     -7.86155475      0.05716191      0.00851966      0.05755634      0.00952698 md_running
    46     23.00000000     71.26107711     33.53019956     58.91507721    300.00000000      1.00207301      0.00979509     -7.60510810     -0.26226523     -7.86737334      0.05906625      0.00871230      0.05951543      0.00984437 md_running
    47     23.50000000     71.52359087     33.52706590     60.44618362    300.00000000      1.00201496      0.01004965     -7.60530016     -0.26796542     -7.87326558      0.05982173      0.00890531      0.06031009      0.00997029 md_running
    48     24.00000000     71.79462353     33.52288863     62.10003054    300.00000000      1.00194648      0.01032461     -7.60550262     -0.27366623     -7.87916884      0.05994393      0.00909869      0.06045299      0.00999065 md_running
    49     24.50000000     72.06702766     33.51776513     63.49503147    300.00000000      1.00188461      0.01055654     -7.60565095     -0.27936763     -7.88501858      0.05998354      0.00929243      0.06049098      0.00999726 md_running
    50     25.00000000     72.33288724     33.51183765     64.37112986    300.00000000      1.00184112      0.01070220     -7.60570216     -0.28506956     -7.89077172      0.06032207      0.00948652      0.06080396      0.01005368 md_running
    51     25.50000000     72.59288458     33.50528227     64.68588637    300.00000000      1.00182005      0.01075453     -7.60565025     -0.29077192     -7.89642217      0.06099082      0.00968093      0.06142636      0.01016514 md_running
    52     26.00000000     72.85064269     33.49829538     64.63709404    300.00000000      1.00181731      0.01074642     -7.60553026     -0.29647461     -7.90200486      0.06162224      0.00987564      0.06199791      0.01027037 md_running
    53     26.50000000     73.11257627     33.49107827     64.59648721    300.00000000      1.00182175      0.01073967     -7.60540736     -0.30217749     -7.90758485      0.06159180      0.01007062      0.06190216      0.01026530 md_running
    54     27.00000000     73.37667150     33.48382114     64.97226133    300.00000000      1.00181829      0.01080215     -7.60535308     -0.30788044     -7.91323352      0.06026524      0.01026583      0.06051060      0.01004421 md_running
    55     27.50000000     73.63288735     33.47668770     66.04982925    300.00000000      1.00179375      0.01098130     -7.60541797     -0.31358334     -7.91900132      0.05723337      0.01046125      0.05741728      0.00953889 md_running
    56     28.00000000     73.89745605     33.46980154     67.87334757    300.00000000      1.00174339      0.01128447     -7.60561131     -0.31928612     -7.92489743      0.05248121      0.01065687      0.05260850      0.00874687 md_running
    57     28.50000000     74.15474338     33.46323610     70.21563061    300.00000000      1.00167354      0.01167390     -7.60589561     -0.32498871     -7.93088433      0.04650180      0.01085267      0.04657822      0.00775030 md_running
    58     29.00000000     74.41081644     33.45700907     72.64661668    300.00000000      1.00159815      0.01207807     -7.60619837     -0.33069111     -7.93688949      0.04040965      0.01104865      0.04044385      0.00673494 md_running
    59     29.50000000     74.64788881     33.45108199     74.67137367    300.00000000      1.00153226      0.01241470     -7.60643547     -0.33639336     -7.94282883      0.03599977      0.01124482      0.03600877      0.00599996 md_running
    60     30.00000000     74.89705419     33.44536512     75.88564264    300.00000000      1.00148706      0.01261658     -7.60653729     -0.34209552     -7.94863282      0.03520789      0.01144120      0.03522103      0.00586798 md_running
    61     30.50000000     75.15119770     33.43972691     76.09718181    300.00000000      1.00146817      0.01265175     -7.60646973     -0.34779772     -7.95426745      0.03854736      0.01163784      0.03859324      0.00642456 md_running
    62     31.00000000     75.41164252     33.43400687     75.37915811    300.00000000      1.00147574      0.01253237     -7.60624307     -0.35350010     -7.95974316      0.04456996      0.01183475      0.04466271      0.00742833 md_running
    63     31.50000000     75.67792344     33.42803043     74.04569837    300.00000000      1.00150488      0.01231068     -7.60590787     -0.35920282     -7.96511069      0.05133655      0.01203200      0.05148058      0.00855609 md_running
    64     32.00000000     75.94727427     33.42162431     72.56208809    300.00000000      1.00154600      0.01206401     -7.60554060     -0.36490604     -7.97044664      0.05740593      0.01222964      0.05760354      0.00956765 md_running
    65     32.50000000     76.20636631     33.41463123     71.41752213    300.00000000      1.00158587      0.01187372     -7.60522150     -0.37060992     -7.97583142      0.06189005      0.01242770      0.06214457      0.01031501 md_running
    66     33.00000000     76.45386433     33.40692282     70.99527749    300.00000000      1.00161051      0.01180352     -7.60501344     -0.37631459     -7.98132803      0.06431533      0.01262624      0.06463229      0.01071922 md_running
    67     33.50000000     76.71007610     33.39841000     71.47394469    300.00000000      1.00161000      0.01188310     -7.60494517     -0.38202014     -7.98696531      0.06454779      0.01282528      0.06493530      0.01075797 md_running
    68     34.00000000     76.96307484     33.38905035     72.78547472    300.00000000      1.00158274      0.01210115     -7.60500441     -0.38772663     -7.99273104      0.06276883      0.01302485      0.06323764      0.01046147 md_running
    69     34.50000000     77.19645374     33.37885200     74.64224040    300.00000000      1.00153595      0.01240986     -7.60514248     -0.39343405     -7.99857652      0.05947990      0.01322496      0.06004240      0.00991332 md_running
    70     35.00000000     77.45018201     33.36787400     76.62759122    300.00000000      1.00148199      0.01273994     -7.60528928     -0.39914234     -8.00443163      0.05549429      0.01342559      0.05616050      0.00924905 md_running
    71     35.50000000     77.71067415     33.35622320     78.32528468    300.00000000      1.00143312      0.01302219     -7.60537557     -0.40485142     -8.01022698      0.05186227      0.01362675      0.05263153      0.00864371 md_running
    72     36.00000000     77.97487962     33.34404765     79.44897602    300.00000000      1.00139771      0.01320901     -7.60535462     -0.41056111     -8.01591573      0.04962338      0.01382840      0.05047463      0.00827056 md_running
    73     36.50000000     78.23421336     33.33152706     79.93012834    300.00000000      1.00137883      0.01328901     -7.60521710     -0.41627122     -8.02148833      0.04935556      0.01403052      0.05024911      0.00822593 md_running
    74     37.00000000     78.49808431     33.31886078     79.93277892    300.00000000      1.00137431      0.01328945     -7.60499382     -0.42198156     -8.02697537      0.05083636      0.01423308      0.05173355      0.00847273 md_running
    75     37.50000000     78.76092644     33.30625376     79.78771643    300.00000000      1.00137765      0.01326533     -7.60474407     -0.42769189     -8.03243596      0.05323405      0.01443603      0.05411537      0.00887234 md_running
    76     38.00000000     79.02476632     33.29390138     79.86886154    300.00000000      1.00137997      0.01327882     -7.60453428     -0.43340200     -8.03793628      0.05563048      0.01463936      0.05649716      0.00927175 md_running
    77     38.50000000     79.27209716     33.28197404     80.45834334    300.00000000      1.00137299      0.01337683     -7.60441513     -0.43911171     -8.04352684      0.05742058      0.01484304      0.05828745      0.00957010 md_running
    78     39.00000000     79.52719664     33.27060268     81.65232856    300.00000000      1.00135233      0.01357534     -7.60440532     -0.44482088     -8.04922619      0.05841512      0.01504704      0.05930336      0.00973585 md_running
    79     39.50000000     79.78197690     33.25986691     83.34111256    300.00000000      1.00131910      0.01385611     -7.60448748     -0.45052941     -8.05501689      0.05875871      0.01525136      0.05969043      0.00979312 md_running
    80     40.00000000     80.02920731     33.24978694     85.26346495    300.00000000      1.00127890      0.01417572     -7.60461766     -0.45623730     -8.06085496      0.05877358      0.01545601      0.05976776      0.00979560 md_running
    81     40.50000000     80.27453196     33.24032046     87.10730359    300.00000000      1.00123890      0.01448227     -7.60474276     -0.46194458     -8.06668735      0.05878048      0.01566100      0.05984976      0.00979675 md_running
    82     41.00000000     80.52816597     33.23136533     88.61783151    300.00000000      1.00120502      0.01473341     -7.60481784     -0.46765138     -8.07246922      0.05895343      0.01586637      0.06010313      0.00982557 md_running
    83     41.50000000     80.78576025     33.22276737     89.67846067    300.00000000      1.00118035      0.01490974     -7.60482069     -0.47335787     -8.07817856      0.05924043      0.01607218      0.06047015      0.00987341 md_running
    84     42.00000000     81.02265134     33.21433240     90.34250736    300.00000000      1.00116475      0.01502015     -7.60475734     -0.47906426     -8.08382160      0.05938431      0.01627850      0.06069028      0.00989739 md_running
    85     42.50000000     81.26560516     33.20584130     90.80992548    300.00000000      1.00115524      0.01509786     -7.60465798     -0.48477081     -8.08942880      0.05901600      0.01648542      0.06039352      0.00983600 md_running
    86     43.00000000     81.51565395     33.19706664     91.35878553    300.00000000      1.00114700      0.01518911     -7.60456574     -0.49047779     -8.09504353      0.05777094      0.01669303      0.05921555      0.00962849 md_running
    87     43.50000000     81.77823686     33.18778925     92.25261621    300.00000000      1.00113482      0.01533772     -7.60452146     -0.49618544     -8.10070690      0.05539997      0.01690142      0.05690629      0.00923333 md_running
    88     44.00000000     82.03633643     33.17781327     93.65079274    300.00000000      1.00111492      0.01557018     -7.60454855     -0.50189401     -8.10644256      0.05187520      0.01711068      0.05343255      0.00864587 md_running
    89     44.50000000     82.29046705     33.16697914     95.54879997    300.00000000      1.00108646      0.01588573     -7.60464353     -0.50760368     -8.11224721      0.04751512      0.01732091      0.04909635      0.00791919 md_running
    90     45.00000000     82.54957758     33.15517352     97.76803427    300.00000000      1.00105187      0.01625470     -7.60477395     -0.51331459     -8.11808855      0.04313109      0.01753218      0.04466992      0.00718852 md_running
    91     45.50000000     82.80512331     33.14233561    100.00183937    300.00000000      1.00101590      0.01662609     -7.60488631     -0.51902682     -8.12391313      0.04011964      0.01774454      0.04148177      0.00668661 md_running
    92     46.00000000     83.06499767     33.12845983    101.90823801    300.00000000      1.00098391      0.01694304     -7.60492209     -0.52474038     -8.12966247      0.04008930      0.01795803      0.04109346      0.00668155 md_running
    93     46.50000000     83.30029212     33.11359472    103.22158697    300.00000000      1.00096010      0.01716139     -7.60483660     -0.53045521     -8.13529181      0.04373076      0.01817268      0.04426795      0.00728846 md_running
    94     47.00000000     83.55346968     33.09783833    103.84753312    300.00000000      1.00094645      0.01726546     -7.60461502     -0.53617120     -8.14078622      0.05017708      0.01838851      0.05027551      0.00836285 md_running
    95     47.50000000     83.81099234     33.08133024    103.90748658    300.00000000      1.00094226      0.01727543     -7.60427979     -0.54188819     -8.14616797      0.05778814      0.01860551      0.05753819      0.00963136 md_running
    96     48.00000000     84.06568752     33.06424068    103.71292109    300.00000000      1.00094419      0.01724308     -7.60388668     -0.54760599     -8.15149266      0.06505007      0.01882368      0.06453570      0.01084168 md_running
    97     48.50000000     84.32850898     33.04675667    103.67512187    300.00000000      1.00094691      0.01723680     -7.60350867     -0.55332440     -8.15683307      0.07086476      0.01904299      0.07014676      0.01181079 md_running
    98     49.00000000     84.58306334     33.02906627    104.18189414    300.00000000      1.00094453      0.01732105     -7.60321502     -0.55904324     -8.16225825      0.07454992      0.01926342      0.07367134      0.01242499 md_running
    99     49.50000000     84.83979105     33.01134199    105.48596780    300.00000000      1.00093246      0.01753787     -7.60305189     -0.56476235     -8.16781424      0.07579063      0.01948494      0.07478611      0.01263177 md_running
   100     50.00000000     85.08073260     32.99372441    107.64070713    300.00000000      1.00090905      0.01789611     -7.60303091     -0.57048163     -8.17351254      0.07458823      0.01970753      0.07349194      0.01243137 md_running
   101     50.50000000     85.32754398     32.97630804    110.49832278    300.00000000      1.00087609      0.01837121     -7.60312899     -0.57620105     -8.17933003      0.07121114      0.01993118      0.07006479      0.01186852 md_running
   102     51.00000000     85.58684149     32.95913078    113.76347984    300.00000000      1.00083772      0.01891407     -7.60329714     -0.58192063     -8.18521777      0.06616202      0.02015586      0.06502409      0.01102700 md_running
   103     51.50000000     85.84369723     32.94216860    117.08034520    300.00000000      1.00079882      0.01946552     -7.60347470     -0.58764051     -8.19111521      0.06015491      0.02038161      0.05911273      0.01002582 md_running
   104     52.00000000     86.07996657     32.92533615    120.12634204    300.00000000      1.00076344      0.01997194     -7.60360544     -0.59336088     -8.19696633      0.05409266      0.02060846      0.05327486      0.00901544 md_running
   105     52.50000000     86.32369773     32.90849325    122.68867513    300.00000000      1.00073402      0.02039795     -7.60365066     -0.59908200     -8.20273267      0.04900386      0.02083647      0.04857985      0.00816731 md_running
   106     53.00000000     86.58350237     32.89145648    124.70568331    300.00000000      1.00071123      0.02073329     -7.60359571     -0.60480418     -8.20839990      0.04583425      0.02106572      0.04597350      0.00763904 md_running
   107     53.50000000     86.83777487     32.87401431    126.26543461    300.00000000      1.00069427      0.02099261     -7.60345111     -0.61052777     -8.21397888      0.04505713      0.02129634      0.04584896      0.00750952 md_running
   108     54.00000000     87.09531016     32.85594448    127.56457590    300.00000000      1.00068123      0.02120861     -7.60324501     -0.61625311     -8.21949812      0.04639581      0.02152843      0.04781086      0.00773263 md_running
   109     54.50000000     87.35972823     32.83703158    128.84061126    300.00000000      1.00066978      0.02142076     -7.60301255     -0.62198055     -8.22499310      0.04904308      0.02176212      0.05098015      0.00817385 md_running
   110     55.00000000     87.62169731     32.81708358    130.29863798    300.00000000      1.00065772      0.02166317     -7.60278383     -0.62771038     -8.23049421      0.05214759      0.02199753      0.05449617      0.00869127 md_running
   111     55.50000000     87.87811800     32.79594612    132.05460167    300.00000000      1.00064363      0.02195511     -7.60257452     -0.63344286     -8.23601738      0.05513476      0.02223477      0.05779980      0.00918913 md_running
   112     56.00000000     88.14034582     32.77351360    134.11362758    300.00000000      1.00062716      0.02229744     -7.60238226     -0.63917816     -8.24156042      0.05776017      0.02247393      0.06065940      0.00962669 md_running
   113     56.50000000     88.39836553     32.74973669    136.39074044    300.00000000      1.00060890      0.02267603     -7.60219087     -0.64491638     -8.24710725      0.06001156      0.02271506      0.06306707      0.01000193 md_running
   114     57.00000000     88.66315061     32.72462591    138.76530966    300.00000000      1.00058997      0.02307082     -7.60197910     -0.65065753     -8.25263663      0.06196835      0.02295821      0.06510284      0.01032806 md_running
   115     57.50000000     88.90999921     32.69825138    141.14674000    300.00000000      1.00057136      0.02346675     -7.60173248     -0.65640157     -8.25813405      0.06366781      0.02320338      0.06680680      0.01061130 md_running
   116     58.00000000     89.15230997     32.67073925    143.52386252    300.00000000      1.00055350      0.02386196     -7.60145127     -0.66214837     -8.26359964      0.06502410      0.02345055      0.06810235      0.01083735 md_running
   117     58.50000000     89.39509138     32.64226465    145.97774271    300.00000000      1.00053608      0.02426994     -7.60115307     -0.66789776     -8.26905083      0.06583742      0.02369966      0.06880486      0.01097290 md_running
   118     59.00000000     89.64111685     32.61304158    148.65324531    300.00000000      1.00051825      0.02471476     -7.60086703     -0.67364954     -8.27451657      0.06587162      0.02395064      0.06869508      0.01097860 md_running
   119     59.50000000     89.88988416     32.58330904    151.70202092    300.00000000      1.00049900      0.02522165     -7.60062454     -0.67940351     -8.28002805      0.06497111      0.02420336      0.06762995      0.01082852 md_running
   120     60.00000000     90.14883750     32.55331439    155.22259990    300.00000000      1.00047768      0.02580697     -7.60044807     -0.68515946     -8.28560753      0.06315766      0.02445770      0.06563790      0.01052628 md_running
   121     60.50000000     90.40063676     32.52329506    159.22232537    300.00000000      1.00045424      0.02647195     -7.60034461     -0.69091723     -8.29126183      0.06067247      0.02471350      0.06296104      0.01011208 md_running
   122     61.00000000     90.65414458     32.49346004    163.61169405    300.00000000      1.00042929      0.02720172     -7.60030391     -0.69667670     -8.29698061      0.05796524      0.02497060      0.06004546      0.00966087 md_running
   123     61.50000000     90.90460614     32.46397339    168.22860275    300.00000000      1.00040387      0.02796932     -7.60030281     -0.70243784     -8.30274065      0.05562769      0.02522885      0.05747986      0.00927128 md_running
   124     62.00000000     91.16470348     32.43494101    172.88129179    300.00000000      1.00037912      0.02874286     -7.60031156     -0.70820067     -8.30851223      0.05427216      0.02548811      0.05588073      0.00904536 md_running
   125     62.50000000     91.41895240     32.40640261    177.39710389    300.00000000      1.00035598      0.02949365     -7.60030216     -0.71396530     -8.31426747      0.05433453      0.02574829      0.05570141      0.00905575 md_running
   126     63.00000000     91.67092349     32.37832981    181.66515195    300.00000000      1.00033498      0.03020325     -7.60025507     -0.71973193     -8.31998700      0.05587710      0.02600933      0.05703237      0.00931285 md_running
   127     63.50000000     91.92391010     32.35063053    185.66375333    300.00000000      1.00031622      0.03086805     -7.60016420     -0.72550083     -8.32566503      0.05855653      0.02627120      0.05955509      0.00975942 md_running
   128     64.00000000     92.17792147     32.32315894    189.46714445    300.00000000      1.00029934      0.03150039     -7.60003829     -0.73127231     -8.33131060      0.06175526      0.02653394      0.06266256      0.01029254 md_running
   129     64.50000000     92.43616925     32.29572988    193.22707113    300.00000000      1.00028369      0.03212551     -7.59989822     -0.73704673     -8.33694495      0.06477457      0.02679761      0.06565481      0.01079576 md_running
   130     65.00000000     92.69093199     32.26813526    197.13169122    300.00000000      1.00026844      0.03277468     -7.59977020     -0.74282447     -8.34259466      0.06698787      0.02706232      0.06789838      0.01116464 md_running
   131     65.50000000     92.94138962     32.24016149    201.35158724    300.00000000      1.00025287      0.03347627     -7.59967732     -0.74860589     -8.34828321      0.06793822      0.02732818      0.06893015      0.01132304 md_running
   132     66.00000000     93.19131499     32.21160582    205.98774963    300.00000000      1.00023653      0.03424707     -7.59963111     -0.75439134     -8.35402245      0.06739011      0.02759532      0.06851027      0.01123168 md_running
   133     66.50000000     93.45035957     32.18229077    211.04037778    300.00000000      1.00021938      0.03508711     -7.59962663     -0.76018109     -8.35980772      0.06536596      0.02786388      0.06666029      0.01089433 md_running
   134     67.00000000     93.70537172     32.15207592    216.40986078    300.00000000      1.00020174      0.03597983     -7.59964272     -0.76597538     -8.36561810      0.06215250      0.02813395      0.06366444      0.01035875 md_running
   135     67.50000000     93.94673380     32.12086673    221.93034594    300.00000000      1.00018419      0.03689765     -7.59964829     -0.77177437     -8.37142266      0.05827868      0.02840564      0.06004442      0.00971311 md_running
   136     68.00000000     94.17859708     32.08861989    227.42426214    300.00000000      1.00016733      0.03781106     -7.59961154     -0.77757813     -8.37718967      0.05444543      0.02867901      0.05647951      0.00907424 md_running
   137     68.50000000     94.41670616     32.05534555    232.75512362    300.00000000      1.00015158      0.03869736     -7.59950916     -0.78338670     -8.38289586      0.05136905      0.02895411      0.05364689      0.00856151 md_running
   138     69.00000000     94.66257995     32.02110589    237.85907348    300.00000000      1.00013712      0.03954593     -7.59933186     -0.78920007     -8.38853192      0.04957971      0.02923094      0.05202927      0.00826329 md_running
   139     69.50000000     94.91318004     31.98601000    242.74607128    300.00000000      1.00012390      0.04035843     -7.59908395     -0.79501816     -8.39410211      0.04925658      0.02950948      0.05177375      0.00820943 md_running
   140     70.00000000     95.15002211     31.95020487    247.47643447    300.00000000      1.00011169      0.04114489     -7.59877957     -0.80084091     -8.39962048      0.05023775      0.02978966      0.05271918      0.00837296 md_running
   141     70.50000000     95.40748304     31.91386266    252.13017517    300.00000000      1.00010024      0.04191861     -7.59843672     -0.80666824     -8.40510496      0.05219072      0.03007138      0.05456085      0.00869845 md_running
   142     71.00000000     95.64309698     31.87716487    256.78537264    300.00000000      1.00008930      0.04269257     -7.59807318     -0.81250009     -8.41057327      0.05477757      0.03035452      0.05699639      0.00912959 md_running
   143     71.50000000     95.88565471     31.84028453    261.51120924    300.00000000      1.00007866      0.04347828     -7.59770522     -0.81833646     -8.41604168      0.05770559      0.03063896      0.05976396      0.00961760 md_running
   144     72.00000000     96.12101514     31.80336846    266.37037292    300.00000000      1.00006818      0.04428615     -7.59734729     -0.82417736     -8.42152465      0.06072504      0.03092455      0.06263945      0.01012084 md_running
   145     72.50000000     96.36197053     31.76652112    271.42228990    300.00000000      1.00005773      0.04512607     -7.59701212     -0.83002292     -8.42703504      0.06360719      0.03121120      0.06541233      0.01060120 md_running
   146     73.00000000     96.61183873     31.72979193    276.72328678    300.00000000      1.00004721      0.04600741     -7.59671035     -0.83587333     -8.43258368      0.06613838      0.03149883      0.06788261      0.01102306 md_running
   147     73.50000000     96.86638113     31.69316769    282.32456221    300.00000000      1.00003656      0.04693866     -7.59644993     -0.84172884     -8.43817877      0.06812696      0.03178739      0.06986929      0.01135449 md_running
   148     74.00000000     97.11100215     31.65657097    288.26627616    300.00000000      1.00002571      0.04792652     -7.59623543     -0.84758982     -8.44382524      0.06941737      0.03207692      0.07121447      0.01156956 md_running
   149     74.50000000     97.36066859     31.61986596    294.57558206    300.00000000      1.00001466      0.04897549     -7.59606676     -0.85345667     -8.44952343      0.06988188      0.03236749      0.07179043      0.01164698 md_running
   150     75.00000000     97.62001195     31.58286959    301.26811857    300.00000000      1.00000343      0.05008818     -7.59594061     -0.85932987     -8.45527047      0.06941855      0.03265924      0.07149018      0.01156976 md_running
   151     75.50000000     97.87359943     31.54536744    308.34522479    300.00000000      0.99999205      0.05126480     -7.59585063     -0.86520988     -8.46106051      0.06795874      0.03295232      0.07023992      0.01132646 md_running
   152     76.00000000     98.13307081     31.50713177    315.78989323    300.00000000      0.99998059      0.05250253     -7.59578627     -0.87109717     -8.46688344      0.06548986      0.03324692      0.06802785      0.01091498 md_running
   153     76.50000000     98.39277537     31.46793923    323.55945946    300.00000000      0.99996913      0.05379429     -7.59573331     -0.87699215     -8.47272546      0.06210460      0.03354325      0.06494323      0.01035077 md_running
   154     77.00000000     98.62475582     31.42758802    331.57883395    300.00000000      0.99995780      0.05512757     -7.59567234     -0.88289517     -8.47856751      0.05806962      0.03384147      0.06123992      0.00967827 md_running
   155     77.50000000     98.85582421     31.38591314    339.74552439    300.00000000      0.99994673      0.05648535     -7.59558010     -0.88880649     -8.48438658      0.05387971      0.03414176      0.05738373      0.00897995 md_running
   156     78.00000000     99.10226919     31.34279809    347.94993429    300.00000000      0.99993607      0.05784939     -7.59543362     -0.89472624     -8.49015986      0.05027394      0.03444423      0.05405515      0.00837899 md_running
   157     78.50000000     99.36249447     31.29818346    356.10378432    300.00000000      0.99992591      0.05920503     -7.59521551     -0.90065448     -8.49586999      0.04810394      0.03474895      0.05201619      0.00801732 md_running
   158     79.00000000     99.62368624     31.25207165    364.16411370    300.00000000      0.99991632      0.06054513     -7.59491775     -0.90659115     -8.50150890      0.04799075      0.03505595      0.05181365      0.00799846 md_running
   159     79.50000000     99.86855827     31.20452801    372.14121884    300.00000000      0.99990726      0.06187138     -7.59454374     -0.91253610     -8.50707984      0.04997609      0.03536517      0.05350149      0.00832935 md_running
   160     80.00000000    100.10269434     31.15567819    380.08528986    300.00000000      0.99989865      0.06319215     -7.59410550     -0.91848912     -8.51259462      0.05351598      0.03567651      0.05662601      0.00891933 md_running
   161     80.50000000    100.35060421     31.10570154    388.06024414    300.00000000      0.99989040      0.06451804     -7.59361928     -0.92444993     -8.51806922      0.05783587      0.03598978      0.06051198      0.00963931 md_running
   162     81.00000000    100.60106173     31.05482027    396.12063114    300.00000000      0.99988242      0.06585815     -7.59310121     -0.93041822     -8.52351943      0.06224442      0.03630475      0.06452657      0.01037407 md_running
   163     81.50000000    100.85016260     31.00328458    404.30480470    300.00000000      0.99987466      0.06721883     -7.59256547     -0.93639366     -8.52895913      0.06623507      0.03662115      0.06819116      0.01103918 md_running
   164     82.00000000    101.09839733     30.95135479    412.64998622    300.00000000      0.99986709      0.06860628     -7.59202663     -0.94237591     -8.53440254      0.06944721      0.03693865      0.07116902      0.01157453 md_running
   165     82.50000000    101.35158952     30.89927966    421.20923646    300.00000000      0.99985965      0.07002932     -7.59150158     -0.94836468     -8.53986625      0.07162957      0.03725692      0.07322390      0.01193826 md_running
   166     83.00000000    101.60373054     30.84727506    430.05413930    300.00000000      0.99985231      0.07149986     -7.59101022     -0.95435972     -8.54536994      0.07261567      0.03757567      0.07420539      0.01210261 md_running
   167     83.50000000    101.84182280     30.79550464    439.25747675    300.00000000      0.99984501      0.07302998     -7.59057047     -0.96036090     -8.55093136      0.07233773      0.03789464      0.07405334      0.01205629 md_running
   168     84.00000000    102.08957676     30.74406653    448.86704376    300.00000000      0.99983770      0.07462765     -7.59019409     -0.96636816     -8.55656225      0.07084501      0.03821365      0.07283029      0.01180750 md_running
   169     84.50000000    102.34820549     30.69298555    458.88729835    300.00000000      0.99983039      0.07629360     -7.58988299     -0.97238158     -8.56226456      0.06832889      0.03853261      0.07074263      0.01138815 md_running
   170     85.00000000    102.60751536     30.64221230    469.27163536    300.00000000      0.99982311      0.07802007     -7.58962749     -0.97840134     -8.56802883      0.06512250      0.03885151      0.06813073      0.01085375 md_running
   171     85.50000000    102.85570464     30.59162979    479.93127319    300.00000000      0.99981593      0.07979232     -7.58940871     -0.98442773     -8.57383644      0.06168276      0.03917045      0.06544303      0.01028046 md_running
   172     86.00000000    103.10479465     30.54106591    490.75946591    300.00000000      0.99980892      0.08159259     -7.58920201     -0.99046112     -8.57966313      0.05853931      0.03948960      0.06316937      0.00975655 md_running
   173     86.50000000    103.33854669     30.49031021    501.66267749    300.00000000      0.99980215      0.08340534     -7.58898398     -0.99650189     -8.58548587      0.05620139      0.03980921      0.06174723      0.00936690 md_running
   174     87.00000000    103.56093080     30.43913194    512.58171205    300.00000000      0.99979564      0.08522071     -7.58873602     -1.00255044     -8.59128647      0.05506622      0.04012955      0.06145966      0.00917770 md_running
   175     87.50000000    103.81151685     30.38729920    523.49983681    300.00000000      0.99978941      0.08703593     -7.58844642     -1.00860715     -8.59705357      0.05530948      0.04045093      0.06237072      0.00921825 md_running
   176     88.00000000    104.06313875     30.33459725    534.44949071    300.00000000      0.99978343      0.08885640     -7.58811209     -1.01467229     -8.60278438      0.05684795      0.04077363      0.06433966      0.00947466 md_running
   177     88.50000000    104.30327816     30.28084346    545.51321242    300.00000000      0.99977766      0.09069583     -7.58773967     -1.02074609     -8.60848577      0.05939240      0.04109791      0.06707720      0.00989873 md_running
   178     89.00000000    104.55969985     30.22590025    556.81714382    300.00000000      0.99977203      0.09257520     -7.58734444     -1.02682866     -8.61417310      0.06249818      0.04142400      0.07018747      0.01041636 md_running
   179     89.50000000    104.82159796     30.16968398    568.51502248    300.00000000      0.99976648      0.09452006     -7.58694849     -1.03292002     -8.61986850      0.06565381      0.04175203      0.07322157      0.01094230 md_running
   180     90.00000000    105.07858785     30.11217083    580.75464415    300.00000000      0.99976094      0.09655499     -7.58657549     -1.03902006     -8.62559555      0.06834691      0.04208209      0.07571817      0.01139115 md_running
   181     90.50000000    105.32989633     30.05339946    593.64605141    300.00000000      0.99975536      0.09869829     -7.58624460     -1.04512863     -8.63137323      0.07015914      0.04241415      0.07731000      0.01169319 md_running
   182     91.00000000    105.57684308     29.99346718    607.22966310    300.00000000      0.99974973      0.10095667     -7.58596647     -1.05124547     -8.63721194      0.07081928      0.04274813      0.07775017      0.01180321 md_running
   183     91.50000000    105.83571149     29.93252260    621.44942222    300.00000000      0.99974407      0.10332082     -7.58573679     -1.05737028     -8.64310706      0.07025213      0.04308384      0.07696477      0.01170869 md_running
   184     92.00000000    106.08733676     29.87075426    636.16419567    300.00000000      0.99973843      0.10576726     -7.58553862     -1.06350272     -8.64904134      0.06856744      0.04342102      0.07505171      0.01142791 md_running
   185     92.50000000    106.33981301     29.80837411    651.19054560    300.00000000      0.99973291      0.10826551     -7.58534883     -1.06964246     -8.65499129      0.06602605      0.04375937      0.07225592      0.01100434 md_running
   186     93.00000000    106.58983834     29.74559835    666.36111521    300.00000000      0.99972756      0.11078774     -7.58514712     -1.07578918     -8.66093631      0.06297935      0.04409857      0.06892204      0.01049656 md_running
   187     93.50000000    106.84314807     29.68262543    681.57285081    300.00000000      0.99972243      0.11331681     -7.58492387     -1.08194267     -8.66686653      0.05980918      0.04443829      0.06543547      0.00996820 md_running
   188     94.00000000    107.09499575     29.61961394    696.80136613    300.00000000      0.99971751      0.11584867     -7.58468161     -1.08810280     -8.67278441      0.05689980      0.04477827      0.06218762      0.00948330 md_running
   189     94.50000000    107.35045736     29.55666345    712.08078755    300.00000000      0.99971280      0.11838899     -7.58443020     -1.09426965     -8.67869985      0.05463784      0.04511831      0.05956979      0.00910631 md_running
   190     95.00000000    107.58071017     29.49380162    727.46364257    300.00000000      0.99970827      0.12094651     -7.58417951     -1.10044350     -8.68462301      0.05340175      0.04545833      0.05796629      0.00890029 md_running
   191     95.50000000    107.83203857     29.43097884    742.99183269    300.00000000      0.99970389      0.12352819     -7.58393431     -1.10662483     -8.69055914      0.05350211      0.04579836      0.05771302      0.00891702 md_running
   192     96.00000000    108.08122904     29.36807051    758.68016953    300.00000000      0.99969965      0.12613650     -7.58369116     -1.11281432     -8.69650548      0.05504234      0.04613856      0.05892113      0.00917372 md_running
   193     96.50000000    108.33782477     29.30488822    774.51281726    300.00000000      0.99969554      0.12876880     -7.58343899     -1.11901278     -8.70245177      0.05784045      0.04647919      0.06141786      0.00964008 md_running
   194     97.00000000    108.59600562     29.24119793    790.46854654    300.00000000      0.99969157      0.13142157     -7.58316306     -1.12522110     -8.70838416      0.06145403      0.04682058      0.06479925      0.01024234 md_running
   195     97.50000000    108.84779860     29.17673854    806.54249143    300.00000000      0.99968772      0.13409398     -7.58285048     -1.13144017     -8.71429065      0.06530468      0.04716316      0.06849072      0.01088411 md_running
   196     98.00000000    109.10601608     29.11124276    822.76211602    300.00000000      0.99968400      0.13679062     -7.58249328     -1.13767080     -8.72016408      0.06882863      0.04750733      0.07194459      0.01147144 md_running
   197     98.50000000    109.36748017     29.04445523    839.19696241    300.00000000      0.99968039      0.13952305     -7.58209098     -1.14391368     -8.72600467      0.07157167      0.04785354      0.07470568      0.01192861 md_running
   198     99.00000000    109.62772915     28.97614941    855.95401789    300.00000000      0.99967686      0.14230904     -7.58165095     -1.15016938     -8.73182032      0.07321306      0.04820217      0.07645672      0.01220218 md_running
   199     99.50000000    109.87910123     28.90614033    873.14705859    300.00000000      0.99967338      0.14516751     -7.58118315     -1.15643826     -8.73762142      0.07359138      0.04855358      0.07697790      0.01226523 md_running
   200    100.00000000    110.13391175     28.83430244    890.86236767    300.00000000      0.99966995      0.14811282     -7.58069525     -1.16272052     -8.74341576      0.07268578      0.04890801      0.07622326      0.01211430 md_running
   201    100.50000000    110.38264831     28.76058107    909.14458905    300.00000000      0.99966655      0.15115238     -7.58019151     -1.16901609     -8.74920760      0.07059481      0.04926563      0.07427255      0.01176580 md_running
   202    101.00000000    110.63984865     28.68499887    927.97261931    300.00000000      0.99966318      0.15428269     -7.57966815     -1.17532471     -8.75499286      0.06755191      0.04962645      0.07134836      0.01125865 md_running
   203    101.50000000    110.89319174     28.60765547    947.25785438    300.00000000      0.99965986      0.15748901     -7.57911390     -1.18164589     -8.76075978      0.06394216      0.04999037      0.06787000      0.01065703 md_running
   204    102.00000000    111.14326205     28.52871396    966.84656402    300.00000000      0.99965660      0.16074579     -7.57850952     -1.18797900     -8.76648852      0.06036100      0.05035716      0.06441886      0.01006017 md_running
   205    102.50000000    111.39617190     28.44838732    986.52017714    300.00000000      0.99965344      0.16401668     -7.57782763     -1.19432336     -8.77215099      0.05758292      0.05072649      0.06169563      0.00959715 md_running
   206    103.00000000    111.65398805     28.36692604   1006.03246097    300.00000000      0.99965042      0.16726075     -7.57703678     -1.20067824     -8.77771502      0.05635967      0.05109797      0.06035481      0.00939328 md_running
   207    103.50000000    111.90502908     28.28460419   1025.18055414    300.00000000      0.99964755      0.17044427     -7.57611463     -1.20704287     -8.78315750      0.05706958      0.05147112      0.06075575      0.00951160 md_running
   208    104.00000000    112.13606781     28.20169972   1043.87816838    300.00000000      0.99964485      0.17355289     -7.57505858     -1.21341656     -8.78847514      0.05949115      0.05184544      0.06275889      0.00991519 md_running
   209    104.50000000    112.38167680     28.11846915   1062.17585853    300.00000000      0.99964230      0.17659503     -7.57388961     -1.21979869     -8.79368830      0.06291838      0.05222046      0.06578921      0.01048640 md_running
   210    105.00000000    112.63259438     28.03512120   1080.22303066    300.00000000      0.99963989      0.17959551     -7.57264267     -1.22618887     -8.79883153      0.06654885      0.05259575      0.06911637      0.01109147 md_running
   211    105.50000000    112.89502489     27.95179766   1098.18021745    300.00000000      0.99963758      0.18258103     -7.57135229     -1.23258693     -8.80393922      0.06974495      0.05297100      0.07207591      0.01162416 md_running
   212    106.00000000    113.14936338     27.86856749   1116.14787932    300.00000000      0.99963535      0.18556830     -7.57003798     -1.23899296     -8.80903093      0.07211040      0.05334602      0.07426184      0.01201840 md_running
   213    106.50000000    113.40806246     27.78542850   1134.13659743    300.00000000      0.99963318      0.18855906     -7.56870133     -1.24540723     -8.81410856      0.07342405      0.05372076      0.07544889      0.01223734 md_running
   214    107.00000000    113.66699961     27.70231006   1152.06055698    300.00000000      0.99963109      0.19153906     -7.56732392     -1.25183018     -8.81915410      0.07368543      0.05409529      0.07562381      0.01228091 md_running
   215    107.50000000    113.91469397     27.61908495   1169.76481730    300.00000000      0.99962907      0.19448253     -7.56587285     -1.25826232     -8.82413518      0.07302722      0.05446978      0.07490673      0.01217120 md_running
   216    108.00000000    114.15532903     27.53558467   1187.04163759    300.00000000      0.99962715      0.19735494     -7.56430512     -1.26470420     -8.82900932      0.07170006      0.05484454      0.07345914      0.01195001 md_running
   217    108.50000000    114.40775654     27.45162435   1203.66552004    300.00000000      0.99962534      0.20011879     -7.56257130     -1.27115623     -8.83372753      0.07001795      0.05521990      0.07151995      0.01166966 md_running
   218    109.00000000    114.66096471     27.36702726   1219.45741973    300.00000000      0.99962365      0.20274431     -7.56063297     -1.27761862     -8.83825160      0.06830669      0.05559623      0.06936314      0.01138445 md_running
   219    109.50000000    114.91791592     27.28164378   1234.30475636    300.00000000      0.99962211      0.20521280     -7.55846299     -1.28409133     -8.84255431      0.06688795      0.05597388      0.06721720      0.01114799 md_running
   220    110.00000000    115.16094835     27.19536874   1248.15822392    300.00000000      0.99962069      0.20751605     -7.55604728     -1.29057398     -8.84662126      0.06604000      0.05635317      0.06530605      0.01100667 md_running
   221    110.50000000    115.41133274     27.10815326   1261.02839597    300.00000000      0.99961940      0.20965581     -7.55338468     -1.29706592     -8.85045060      0.06596606      0.05673430      0.06383682      0.01099434 md_running
   222    111.00000000    115.66298869     27.02001257   1272.97254441    300.00000000      0.99961824      0.21164162     -7.55048577     -1.30356619     -8.85405196      0.06674442      0.05711742      0.06293068      0.01112407 md_running
   223    111.50000000    115.92154071     26.93102859   1284.04831982    300.00000000      0.99961717      0.21348306     -7.54736515     -1.31007360     -8.85743876      0.06839395      0.05750251      0.06266396      0.01139899 md_running
   224    112.00000000    116.17960368     26.84134951   1294.24450904    300.00000000      0.99961620      0.21517825     -7.54402918     -1.31658677     -8.86061595      0.07092545      0.05788947      0.06311846      0.01182091 md_running
   225    112.50000000    116.43131576     26.75118672   1303.44172565    300.00000000      0.99961533      0.21670736     -7.54046926     -1.32310417     -8.86357343      0.07437513      0.05827805      0.06441051      0.01239585 md_running
   226    113.00000000    116.68023753     26.66080669   1311.43347230    300.00000000      0.99961457      0.21803605     -7.53666434     -1.32962420     -8.86628854      0.07876644      0.05866785      0.06668650      0.01312774 md_running
   227    113.50000000    116.93159249     26.57051614   1318.00626250    300.00000000      0.99961393      0.21912883     -7.53259498     -1.33614527     -8.86874025      0.08403565      0.05905838      0.07000499      0.01400594 md_running
   228    114.00000000    117.16403901     26.48064066   1323.01661277    300.00000000      0.99961342      0.21996184     -7.52825509     -1.34266587     -8.87092096      0.08996810      0.05944909      0.07420259      0.01499468 md_running
   229    114.50000000    117.41336405     26.39150010   1326.44115520    300.00000000      0.99961306      0.22053120     -7.52365866     -1.34918467     -8.87284333      0.09620019      0.05983937      0.07889496      0.01603336 md_running
   230    115.00000000    117.67008980     26.30338293   1328.39356178    300.00000000      0.99961284      0.22085580     -7.51884127     -1.35570060     -8.87454187      0.10230069      0.06022865      0.08358672      0.01705012 md_running
   231    115.50000000    117.93149283     26.21652280   1329.10644481    300.00000000      0.99961273      0.22097432     -7.51385604     -1.36221296     -8.87606900      0.10785136      0.06061642      0.08779096      0.01797523 md_running
   232    116.00000000    118.19648227     26.13107900   1328.87919090    300.00000000      0.99961271      0.22093654     -7.50876337     -1.36872138     -8.87748475      0.11253981      0.06100231      0.09113778      0.01875663 md_running
   233    116.50000000    118.43773112     26.04712429   1327.98525353    300.00000000      0.99961276      0.22078791     -7.50361465     -1.37522591     -8.87884056      0.11626096      0.06138607      0.09346525      0.01937683 md_running
   234    117.00000000    118.68290568     25.96464414   1326.60522610    300.00000000      0.99961286      0.22055847     -7.49843989     -1.38172688     -8.88016677      0.11909067      0.06176765      0.09484707      0.01984845 md_running
   235    117.50000000    118.93485139     25.88354418   1324.82086331    300.00000000      0.99961300      0.22026181     -7.49324752     -1.38822487     -8.88147239      0.12128113      0.06214717      0.09557743      0.02021352 md_running
   236    118.00000000    119.18688352     25.80366527   1322.65269931    300.00000000      0.99961317      0.21990134     -7.48803151     -1.39472057     -8.88275207      0.12320036      0.06252491      0.09610744      0.02053339 md_running
   237    118.50000000    119.43568923     25.72480370   1320.13158626    300.00000000      0.99961337      0.21948218     -7.48278502     -1.40121466     -8.88399969      0.12523423      0.06290126      0.09694236      0.02087237 md_running
   238    119.00000000    119.68276615     25.64673299   1317.36372770    300.00000000      0.99961360      0.21902200     -7.47751291     -1.40770776     -8.88522066      0.12770087      0.06327673      0.09850398      0.02128348 md_running
   239    119.50000000    119.91386453     25.56922588   1314.57057198    300.00000000      0.99961384      0.21855762     -7.47223879     -1.41420026     -8.88643905      0.13077401      0.06365188      0.10101972      0.02179567 md_running
   240    120.00000000    120.15839139     25.49207410   1312.09407149    300.00000000      0.99961408      0.21814588     -7.46700862     -1.42069234     -8.88770096      0.13445356      0.06402726      0.10447874      0.02240893 md_running
   241    120.50000000    120.41735839     25.41510513   1310.36037329    300.00000000      0.99961427      0.21785764     -7.46188376     -1.42718394     -8.88906770      0.13859718      0.06440338      0.10867518      0.02309953 md_running
   242    121.00000000    120.67409683     25.33819550   1309.81826530    300.00000000      0.99961437      0.21776751     -7.45693323     -1.43367472     -8.89060795      0.14297922      0.06478071      0.11330254      0.02382987 md_running
   243    121.50000000    120.93527618     25.26127955   1310.86234717    300.00000000      0.99961436      0.21794110     -7.45222023     -1.44016414     -8.89238437      0.14735659      0.06515957      0.11803812      0.02455943 md_running
   244    122.00000000    121.19317823     25.18435438   1313.74307960    300.00000000      0.99961419      0.21842004     -7.44778842     -1.44665144     -8.89443986      0.15151385      0.06554017      0.12258985      0.02525231 md_running
   245    122.50000000    121.45582675     25.10748167   1318.49510101    300.00000000      0.99961385      0.21921010     -7.44364750     -1.45313570     -8.89678319      0.15529188      0.06592257      0.12674545      0.02588198 md_running
   246    123.00000000    121.71084185     25.03078453   1324.95161803    300.00000000      0.99961337      0.22028355     -7.43977785     -1.45961586     -8.89939371      0.15860136      0.06630665      0.13039726      0.02643356 md_running
   247    123.50000000    121.94618377     24.95443749   1332.79644506    300.00000000      0.99961275      0.22158781     -7.43613799     -1.46609083     -8.90222881      0.16143284      0.06669218      0.13352586      0.02690547 md_running
   248    124.00000000    122.19973662     24.87865138   1341.62766900    300.00000000      0.99961204      0.22305607     -7.43267390     -1.47255946     -8.90523336      0.16376897      0.06707879      0.13611060      0.02729483 md_running
   249    124.50000000    122.43980644     24.80365211   1351.06515226    300.00000000      0.99961127      0.22462513     -7.42933630     -1.47902073     -8.90835702      0.16554883      0.06746606      0.13807378      0.02759147 md_running
   250    125.00000000    122.68176011     24.72965842   1360.83070221    300.00000000      0.99961047      0.22624873     -7.42609531     -1.48547372     -8.91156904      0.16662145      0.06785351      0.13924530      0.02777024 md_running
   251    125.50000000    122.93034668     24.65685622   1370.71787264    300.00000000      0.99960967      0.22789255     -7.42292932     -1.49191778     -8.91484710      0.16683382      0.06824073      0.13943742      0.02780564 md_running
   252    126.00000000    123.17794743     24.58537819   1380.54513659    300.00000000      0.99960888      0.22952640     -7.41981808     -1.49835254     -8.91817062      0.16609226      0.06862739      0.13852170      0.02768204 md_running
   253    126.50000000    123.42541964     24.51529049   1390.12150377    300.00000000      0.99960812      0.23111855     -7.41673636     -1.50477793     -8.92151429      0.16440273      0.06901327      0.13649066      0.02740045 md_running
   254    127.00000000    123.68290081     24.44658524   1399.14555578    300.00000000      0.99960739      0.23261887     -7.41363530     -1.51119425     -8.92482954      0.16193460      0.06939831      0.13352443      0.02698910 md_running
   255    127.50000000    123.94408559     24.37918230   1407.16859116    300.00000000      0.99960673      0.23395276     -7.41043424     -1.51760204     -8.92803628      0.15900303      0.06978264      0.12997581      0.02650051 md_running
   256    128.00000000    124.20354203     24.31294024   1413.67337479    300.00000000      0.99960617      0.23503423     -7.40703632     -1.52400211     -8.93103843      0.15600593      0.07016649      0.12632191      0.02600099 md_running
   257    128.50000000    124.46661720     24.24766902   1418.16583196    300.00000000      0.99960575      0.23578114     -7.40334746     -1.53039538     -8.93374284      0.15338783      0.07055025      0.12308713      0.02556464 md_running
   258    129.00000000    124.72151190     24.18315040   1420.24301113    300.00000000      0.99960549      0.23612649     -7.39928447     -1.53678287     -8.93606734      0.15153820      0.07093438      0.12072753      0.02525637 md_running
   259    129.50000000    124.97351936     24.11916100   1419.66035939    300.00000000      0.99960544      0.23602962     -7.39479110     -1.54316550     -8.93795660      0.15068587      0.07131941      0.11953478      0.02511431 md_running
   260    130.00000000    125.21852679     24.05549508   1416.40261992    300.00000000      0.99960558      0.23548799     -7.38984923     -1.54954409     -8.93939332      0.15077058      0.07170583      0.11951810      0.02512843 md_running
   261    130.50000000    125.47451419     23.99197408   1410.67614935    300.00000000      0.99960592      0.23453592     -7.38448287     -1.55591932     -8.94040219      0.15162954      0.07209408      0.12046664      0.02527159 md_running
   262    131.00000000    125.73451496     23.92845987   1402.83479147    300.00000000      0.99960644      0.23323223     -7.37874078     -1.56229168     -8.94103246      0.15304800      0.07248454      0.12205273      0.02550800 md_running
   263    131.50000000    125.98569723     23.86486532   1393.31245695    300.00000000      0.99960710      0.23164907     -7.37268960     -1.56866148     -8.94135108      0.15478742      0.07287746      0.12391645      0.02579790 md_running
   264    132.00000000    126.23813780     23.80116895   1382.56773185    300.00000000      0.99960789      0.22986268     -7.36640290     -1.57502881     -8.94143172      0.15661346      0.07327293      0.12573642      0.02610224 md_running
   265    132.50000000    126.49002084     23.73742235   1371.08328133    300.00000000      0.99960877      0.22795330     -7.35996402     -1.58139352     -8.94135754      0.15823222      0.07367084      0.12723005      0.02637204 md_running
   266    133.00000000    126.75048220     23.67373928   1359.35128669    300.00000000      0.99960970      0.22600276     -7.35346388     -1.58775528     -8.94121916      0.15945976      0.07407093      0.12823739      0.02657663 md_running
   267    133.50000000    127.01462169     23.61028274   1347.79085580    300.00000000      0.99961065      0.22408075     -7.34698501     -1.59411367     -8.94109868      0.16027528      0.07447275      0.12874823      0.02671255 md_running
   268    134.00000000    127.25205439     23.54725497   1336.67235942    300.00000000      0.99961159      0.22223221     -7.34058617     -1.60046825     -8.94105442      0.16082616      0.07487574      0.12890672      0.02680436 md_running
   269    134.50000000    127.50507218     23.48489292   1326.14119389    300.00000000      0.99961250      0.22048132     -7.33430839     -1.60681849     -8.94112688      0.16127379      0.07527919      0.12893801      0.02687896 md_running
   270    135.00000000    127.76641241     23.42345165   1316.29283851    300.00000000      0.99961338      0.21884396     -7.32818576     -1.61316382     -8.94134958      0.16181830      0.07568233      0.12911616      0.02696972 md_running
   271    135.50000000    128.00982719     23.36317925   1307.21200910    300.00000000      0.99961420      0.21733420     -7.32225127     -1.61950372     -8.94175499      0.16261183      0.07608438      0.12965627      0.02710197 md_running
   272    136.00000000    128.26508979     23.30428887   1298.97638153    300.00000000      0.99961496      0.21596496     -7.31653503     -1.62583777     -8.94237280      0.16370681      0.07648465      0.13066332      0.02728447 md_running
   273    136.50000000    128.52972458     23.24693321   1291.63581960    300.00000000      0.99961565      0.21474454     -7.31105807     -1.63216574     -8.94322381      0.16510223      0.07688257      0.13214634      0.02751704 md_running
   274    137.00000000    128.78912620     23.19118741   1285.17234575    300.00000000      0.99961627      0.21366993     -7.30582483     -1.63848762     -8.94431245      0.16675523      0.07727782      0.13404467      0.02779254 md_running
   275    137.50000000    129.02396761     23.13704197   1279.47018748    300.00000000      0.99961682      0.21272191     -7.30081659     -1.64480360     -8.94562019      0.16858827      0.07767029      0.13626249      0.02809804 md_running
   276    138.00000000    129.27132933     23.08440433   1274.33010146    300.00000000      0.99961731      0.21186733     -7.29599399     -1.65111410     -8.94710809      0.17054946      0.07806015      0.13872649      0.02842491 md_running
   277    138.50000000    129.52400443     23.03310858   1269.50920448    300.00000000      0.99961777      0.21106581     -7.29130563     -1.65741966     -8.94872529      0.17258843      0.07844780      0.14136231      0.02876474 md_running
   278    139.00000000    129.77512917     22.98293096   1264.76507064    300.00000000      0.99961821      0.21027707     -7.28669407     -1.66372096     -8.95041503      0.17462702      0.07883384      0.14405665      0.02910450 md_running
   279    139.50000000    130.01170592     22.93360977   1259.95034818    300.00000000      0.99961865      0.20947658     -7.28211400     -1.67001871     -8.95213271      0.17656894      0.07921900      0.14666498      0.02942816 md_running
   280    140.00000000    130.26507016     22.88486919   1255.10927916    300.00000000      0.99961911      0.20867171     -7.27755264     -1.67631364     -8.95386628      0.17826340      0.07960411      0.14898050      0.02971057 md_running
   281    140.50000000    130.52751780     22.83644436   1250.46471987    300.00000000      0.99961957      0.20789952     -7.27302906     -1.68260642     -8.95563548      0.17951696      0.07998998      0.15075732      0.02991949 md_running
   282    141.00000000    130.78734016     22.78810466   1246.31117439    300.00000000      0.99961999      0.20720896     -7.26857569     -1.68889760     -8.95747329      0.18015887      0.08037733      0.15178339      0.03002648 md_running
   283    141.50000000    131.04869284     22.73967502   1242.90193515    300.00000000      0.99962036      0.20664215     -7.26422107     -1.69518755     -8.95940862      0.18008975      0.08076676      0.15194496      0.03001496 md_running
   284    142.00000000    131.30316136     22.69105099   1240.45898327    300.00000000      0.99962065      0.20623599     -7.25999334     -1.70147640     -8.96146975      0.17928375      0.08115864      0.15119855      0.02988062 md_running
   285    142.50000000    131.56129712     22.64221095   1239.17907388    300.00000000      0.99962084      0.20602319     -7.25592489     -1.70776404     -8.96368893      0.17773684      0.08155314      0.14954084      0.02962281 md_running
   286    143.00000000    131.82074266     22.59321983   1239.14145562    300.00000000      0.99962090      0.20601694     -7.25203525     -1.71405009     -8.96608534      0.17549429      0.08195012      0.14702045      0.02924905 md_running
   287    143.50000000    132.05635077     22.54423024   1240.25814095    300.00000000      0.99962085      0.20620260     -7.24832145     -1.72033390     -8.96865535      0.17268597      0.08234920      0.14377161      0.02878100 md_running
   288    144.00000000    132.30497204     22.49547823   1242.29696733    300.00000000      0.99962069      0.20654157     -7.24476345     -1.72661457     -8.97137802      0.16950300      0.08274971      0.14002255      0.02825050 md_running
   289    144.50000000    132.55857503     22.44726716   1244.94198445    300.00000000      0.99962045      0.20698132     -7.24133297     -1.73289100     -8.97422397      0.16619472      0.08315074      0.13609337      0.02769912 md_running
   290    145.00000000    132.81960196     22.39994434   1247.87261843    300.00000000      0.99962018      0.20746856     -7.23800465     -1.73916199     -8.97716664      0.16306530      0.08355124      0.13237891      0.02717755 md_running
   291    145.50000000    133.07785507     22.35387167   1250.83502296    300.00000000      0.99961989      0.20796109     -7.23476676     -1.74542631     -8.98019307      0.16040506      0.08395003      0.12928322      0.02673418 md_running
   292    146.00000000    133.33048069     22.30939143   1253.68060068    300.00000000      0.99961961      0.20843419     -7.23162358     -1.75168284     -8.98330642      0.15843641      0.08434599      0.12714019      0.02640607 md_running
   293    146.50000000    133.57963214     22.26679227   1256.37762454    300.00000000      0.99961935      0.20888259     -7.22859550     -1.75793069     -8.98652619      0.15729410      0.08473812      0.12617057      0.02621568 md_running
   294    147.00000000    133.83594613     22.22628002   1258.99994219    300.00000000      0.99961910      0.20931857     -7.22571332     -1.76416924     -8.98988256      0.15699088      0.08512563      0.12642753      0.02616515 md_running
   295    147.50000000    134.08624560     22.18795580   1261.68915632    300.00000000      0.99961885      0.20976567     -7.22301247     -1.77039825     -8.99341073      0.15741250      0.08550808      0.12778046      0.02623542 md_running
   296    148.00000000    134.32003882     22.15180441   1264.55775238    300.00000000      0.99961859      0.21024260     -7.22051356     -1.77661786     -8.99713142      0.15835778      0.08588537      0.12995617      0.02639296 md_running
   297    148.50000000    134.57155795     22.11769854   1267.60720083    300.00000000      0.99961831      0.21074959     -7.21820752     -1.78282854     -9.00103605      0.15960657      0.08625779      0.13262713      0.02660109 md_running
   298    149.00000000    134.82467789     22.08541764   1270.70895665    300.00000000      0.99961802      0.21126528     -7.21605706     -1.78903101     -9.00508807      0.16099242      0.08662595      0.13552601      0.02683207 md_running
   299    149.50000000    135.07763751     22.05467438   1273.60143825    300.00000000      0.99961774      0.21174618     -7.21399474     -1.79522617     -9.00922091      0.16245846      0.08699071      0.13852441      0.02707641 md_running
   300    150.00000000    135.33599035     22.02514573   1275.95705465    300.00000000      0.99961749      0.21213782     -7.21193824     -1.80141495     -9.01335319      0.16402384      0.08735310      0.14161489      0.02733731 md_running
   301    150.50000000    135.58873887     21.99650212   1277.50942558    300.00000000      0.99961730      0.21239591     -7.20981453     -1.80759822     -9.01741275      0.16572753      0.08771421      0.14481751      0.02762126 md_running
   302    151.00000000    135.84700246     21.96843724   1278.16268103    300.00000000      0.99961720      0.21250452     -7.20758132     -1.81377675     -9.02135807      0.16755070      0.08807510      0.14810281      0.02792512 md_running
   303    151.50000000    136.10949070     21.94069374   1278.06671628    300.00000000      0.99961718      0.21248857     -7.20524153     -1.81995111     -9.02519264      0.16943116      0.08843669      0.15140900      0.02823853 md_running
   304    152.00000000    136.36542354     21.91308053   1277.63449067    300.00000000      0.99961721      0.21241671     -7.20284834     -1.82612168     -9.02897001      0.17130209      0.08879969      0.15463141      0.02855035 md_running
   305    152.50000000    136.64034646     21.88548787   1277.44001093    300.00000000      0.99961725      0.21238437     -7.20048933     -1.83228856     -9.03277788      0.17306309      0.08916456      0.15760351      0.02884385 md_running
   306    153.00000000    136.90339199     21.85790039   1278.13279174    300.00000000      0.99961724      0.21249955     -7.19827155     -1.83845161     -9.03672316      0.17461362      0.08953141      0.16021246      0.02910227 md_running
   307    153.50000000    137.15681162     21.83039480   1280.35010534    300.00000000      0.99961711      0.21286820     -7.19631048     -1.84461043     -9.04092091      0.17583446      0.08990005      0.16235139      0.02930574 md_running
   308    154.00000000    137.41293650     21.80312870   1284.55790362    300.00000000      0.99961683      0.21356778     -7.19469976     -1.85076445     -9.04546421      0.17663833      0.09026995      0.16398068      0.02943972 md_running
   309    154.50000000    137.67162061     21.77632009   1290.97372780    300.00000000      0.99961634      0.21463446     -7.19349347     -1.85691297     -9.05040644      0.17704115      0.09064036      0.16515088      0.02950686 md_running
   310    155.00000000    137.92232869     21.75022134   1299.57119424    300.00000000      0.99961567      0.21606385     -7.19271090     -1.86305532     -9.05576622      0.17716765      0.09101033      0.16603002      0.02952794 md_running
   311    155.50000000    138.17643388     21.72508644   1310.14742812    300.00000000      0.99961481      0.21782224     -7.19234055     -1.86919093     -9.06153148      0.17725509      0.09137886      0.16689585      0.02954251 md_running
   312    156.00000000    138.43320382     21.70113683   1322.43492086    300.00000000      0.99961381      0.21986513     -7.19235659     -1.87531948     -9.06767607      0.17763033      0.09174502      0.16811918      0.02960505 md_running
   313    156.50000000    138.69842672     21.67853023   1336.24120789    300.00000000      0.99961269      0.22216053     -7.19274070     -1.88144097     -9.07418167      0.17863287      0.09210801      0.17006467      0.02977215 md_running
   314    157.00000000    138.95776649     21.65733608   1351.57050366    300.00000000      0.99961147      0.22470915     -7.19350072     -1.88755583     -9.08105655      0.18047893      0.09246734      0.17294676      0.03007982 md_running
   315    157.50000000    139.21759880     21.63752074   1368.65979581    300.00000000      0.99961015      0.22755037     -7.19467389     -1.89366485     -9.08833875      0.18316991      0.09282282      0.17673062      0.03052832 md_running
   316    158.00000000    139.47516660     21.61894667   1387.96044123    300.00000000      0.99960870      0.23075926     -7.19632410     -1.89976924     -9.09609333      0.18644997      0.09317466      0.18111636      0.03107499 md_running
   317    158.50000000    139.72706974     21.60138244   1410.04132227    300.00000000      0.99960710      0.23443038     -7.19852769     -1.90587043     -9.10439811      0.18981237      0.09352342      0.18555551      0.03163539 md_running
   318    159.00000000    139.96464461     21.58452135   1435.37645715    300.00000000      0.99960532      0.23864254     -7.20133892     -1.91197007     -9.11330900      0.19265440      0.09386995      0.18941710      0.03210907 md_running
   319    159.50000000    140.21857632     21.56800237   1464.11479940    300.00000000      0.99960335      0.24342051     -7.20475075     -1.91806990     -9.12282064      0.19452713      0.09421538      0.19222464      0.03242119 md_running
   320    160.00000000    140.48316524     21.55143307   1495.97653993    300.00000000      0.99960122      0.24871778     -7.20867979     -1.92417161     -9.13285140      0.19531044      0.09456100      0.19384428      0.03255174 md_running
   321    160.50000000    140.74511604     21.53441261   1530.29766763    300.00000000      0.99959899      0.25442393     -7.21297613     -1.93027688     -9.14325302      0.19522807      0.09490817      0.19448808      0.03253801 bias_off_temp_ceil
   322    161.00000000    141.00115095     21.51655365   1566.18368211    300.00000000      0.99959673      0.26039026     -7.21745486     -1.93037360     -9.14782846      0.19473378      0.09496245      0.19451695      0.03245563 md_running
   323    161.50000000    141.25710385     21.49753251   1602.75237130    300.00000000      0.99959451      0.26647009     -7.22193891     -1.93047595     -9.15241486      0.19434354      0.09502051      0.19449996      0.03239059 md_running
   324    162.00000000    141.52250040     21.47707561   1639.34491366    300.00000000      0.99959236      0.27255389     -7.22629173     -1.93058489     -9.15687662      0.19449303      0.09508338      0.19484716      0.03241550 md_running
   325    162.50000000    141.77202568     21.45497354   1675.61772186    300.00000000      0.99959033      0.27858453     -7.23043608     -1.93070109     -9.16113717      0.19555163      0.09515185      0.19589922      0.03259194 md_running
   326    163.00000000    142.02575623     21.43109413   1711.53919065    300.00000000      0.99958840      0.28455675     -7.23435460     -1.93082499     -9.16517959      0.19775127      0.09522642      0.19786593      0.03295854 md_running
   327    163.50000000    142.27225440     21.40539219   1747.29688389    300.00000000      0.99958657      0.29050175     -7.23807518     -1.93095669     -9.16903187      0.20104170      0.09530732      0.20070327      0.03350695 md_running
   328    164.00000000    142.52209876     21.37791095   1783.16342735    300.00000000      0.99958481      0.29646484     -7.24164855     -1.93109602     -9.17274457      0.20511557      0.09539441      0.20413299      0.03418593 md_running
   329    164.50000000    142.77957592     21.34877259   1819.31934522    300.00000000      0.99958311      0.30247604     -7.24511765     -1.93124251     -9.17636016      0.20942557      0.09548730      0.20764769      0.03490426 md_running
   330    165.00000000    143.04339946     21.31816118   1855.63185748    300.00000000      0.99958147      0.30851328     -7.24848060     -1.93139553     -9.17987613      0.21331190      0.09558535      0.21061382      0.03555198 md_running
   331    165.50000000    143.29573098     21.28630615   1891.47652022    300.00000000      0.99957989      0.31447274     -7.25165381     -1.93155428     -9.18320809      0.21620160      0.09568773      0.21245487      0.03603360 md_running
   332    166.00000000    143.55485400     21.25346954   1925.67742989    300.00000000      0.99957841      0.32015890     -7.25446608     -1.93171787     -9.18618395      0.21769582      0.09579349      0.21274695      0.03628264 md_running
   333    166.50000000    143.80495470     21.21994149   1956.59310480    300.00000000      0.99957707      0.32529888     -7.25666808     -1.93188533     -9.18855341      0.21772873      0.09590157      0.21140637      0.03628812 md_running
   334    167.00000000    144.05720361     21.18603504   1982.42106176    300.00000000      0.99957595      0.32959298     -7.25798231     -1.93205558     -9.19003789      0.21670769      0.09601082      0.20884064      0.03611795 md_running
   335    167.50000000    144.30913601     21.15208573   2001.68361181    300.00000000      0.99957508      0.33279552     -7.25818934     -1.93222743     -9.19041677      0.21541034      0.09612000      0.20585969      0.03590172 md_running
   336    168.00000000    144.56206226     21.11845354   2013.66387752    300.00000000      0.99957449      0.33478734     -7.25720113     -1.93239956     -9.18960069      0.21467327      0.09622779      0.20338752      0.03577888 md_running
   337    168.50000000    144.80556569     21.08551677   2018.61984432    300.00000000      0.99957418      0.33561131     -7.25509566     -1.93257052     -9.18766618      0.21520836      0.09633280      0.20225350      0.03586806 md_running
   338    169.00000000    145.04936494     21.05366141   2017.80585309    300.00000000      0.99957412      0.33547597     -7.25211963     -1.93273881     -9.18485844      0.21737849      0.09643364      0.20298399      0.03622975 md_running
   339    169.50000000    145.29144224     21.02325228   2013.22666272    300.00000000      0.99957423      0.33471465     -7.24864820     -1.93290295     -9.18155115      0.22111138      0.09652896      0.20566330      0.03685190 md_running
   340    170.00000000    145.53769940     20.99459075   2007.01756018    300.00000000      0.99957444      0.33368234     -7.24507418     -1.93306174     -9.17813592      0.22611342      0.09661766      0.21008417      0.03768557 md_running
   341    170.50000000    145.78273118     20.96787592   2000.76274419    300.00000000      0.99957468      0.33264242     -7.24168458     -1.93321437     -9.17489894      0.23217008      0.09669900      0.21605979      0.03869501 md_running
   342    171.00000000    146.02786898     20.94317528   1995.06104265    300.00000000      0.99957491      0.33169447     -7.23858763     -1.93336053     -9.17194816      0.23936743      0.09677271      0.22362460      0.03989457 md_running
   343    171.50000000    146.25773087     20.92042161   1989.51592884    300.00000000      0.99957511      0.33077255     -7.23570581     -1.93350046     -9.16920627      0.24792080      0.09683901      0.23285136      0.04132013 md_running
   344    172.00000000    146.50463537     20.89943996   1983.21512927    300.00000000      0.99957533      0.32972500     -7.23286294     -1.93363481     -9.16649775      0.25772326      0.09689852      0.24342712      0.04295388 md_running
   345    172.50000000    146.76000363     20.87999198   1975.42466885    300.00000000      0.99957560      0.32842977     -7.22990811     -1.93376444     -9.16367256      0.26813582      0.09695212      0.25452341      0.04468930 md_running
   346    173.00000000    147.01953543     20.86181827   1966.09972835    300.00000000      0.99957593      0.32687943     -7.22680862     -1.93389028     -9.16069890      0.27808292      0.09700076      0.26492318      0.04634715 md_running
   347    173.50000000    147.27651122     20.84466680   1956.02231628    300.00000000      0.99957631      0.32520398     -7.22367164     -1.93401318     -9.15768482      0.28638666      0.09704538      0.27337229      0.04773111 md_running
   348    174.00000000    147.53797990     20.82830692   1946.52864106    300.00000000      0.99957671      0.32362558     -7.22070655     -1.93413395     -9.15484050      0.29216690      0.09708685      0.27893409      0.04869448 md_running
   349    174.50000000    147.79365603     20.81253924   1938.91725436    300.00000000      0.99957705      0.32236013     -7.21811612     -1.93425328     -9.15236940      0.29510861      0.09712593      0.28122836      0.04918477 md_running
   350    175.00000000    148.04298014     20.79721083   1933.86134667    300.00000000      0.99957731      0.32151954     -7.21600227     -1.93437171     -9.15037398      0.29563066      0.09716317      0.28061081      0.04927178 md_running
   351    175.50000000    148.29312813     20.78224039   1931.11422552    300.00000000      0.99957745      0.32106281     -7.21431515     -1.93448952     -9.14880467      0.29475698      0.09719890      0.27808533      0.04912616 md_running
   352    176.00000000    148.54573660     20.76764217   1929.51068548    300.00000000      0.99957753      0.32079621     -7.21286133     -1.93460664     -9.14746796      0.29396790      0.09723307      0.27514778      0.04899465 md_running
   353    176.50000000    148.78375147     20.75355654   1927.14511192    300.00000000      0.99957759      0.32040292     -7.21133510     -1.93472249     -9.14605759      0.29528099      0.09726516      0.27387146      0.04921350 md_running
   354    177.00000000    149.01785705     20.74029164   1921.74729833    300.00000000      0.99957772      0.31950549     -7.20938162     -1.93483583     -9.14421745      0.30090134      0.09729406      0.27656417      0.05015022 md_running
   355    177.50000000    149.26278695     20.72837766   1911.50790267    300.00000000      0.99957802      0.31780311     -7.20673259     -1.93494449     -9.14167708      0.31250069      0.09731785      0.28516779      0.05208345 md_running
   356    178.00000000    149.51349220     20.71858806   1896.52564504    300.00000000      0.99957855      0.31531219     -7.20345968     -1.93504529     -9.13850498      0.32995735      0.09733377      0.29997730      0.05499289 md_running
   357    178.50000000    149.77207527     20.71187242   1880.23788499    300.00000000      0.99957923      0.31260422     -7.20022618     -1.93513428     -9.13536045      0.34995592      0.09733839      0.31807210      0.05832599 md_running
   358    179.00000000    150.03069796     20.70918476   1869.18888510    300.00000000      0.99957987      0.31076724     -7.19824829     -1.93520749     -9.13345577      0.36629976      0.09732832      0.33342089      0.06104996 md_running
   359    179.50000000    150.28556183     20.71124952   1869.90861563    300.00000000      0.99958014      0.31088690     -7.19874261     -1.93526199     -9.13400459      0.37253687      0.09730096      0.33954403      0.06208948 md_running
   360    180.00000000    150.52397753     20.71836242   1884.52525049    300.00000000      0.99957980      0.31331703     -7.20211296     -1.93529670     -9.13740966      0.36663327      0.09725521      0.33427866      0.06110555 md_running
   361    180.50000000    150.77984845     20.73037164   1909.33530018    300.00000000      0.99957892      0.31744190     -7.20768802     -1.93531249     -9.14300051      0.35214262      0.09719161      0.32101986      0.05869044 md_running
   362    181.00000000    151.04014152     20.74683801   1937.82325692    300.00000000      0.99957778      0.32217824     -7.21429232     -1.93531144     -9.14960376      0.33484819      0.09711168      0.30534602      0.05580803 md_running
   363    181.50000000    151.28218290     20.76724469   1964.67650327    300.00000000      0.99957665      0.32664280     -7.22097413     -1.93529589     -9.15627002      0.31869777      0.09701729      0.29097926      0.05311630 md_running
   364    182.00000000    151.52989263     20.79111918   1987.54001917    300.00000000      0.99957569      0.33044404     -7.22730523     -1.93526785     -9.16257308      0.30503593      0.09691017      0.27905103      0.05083932 md_running
   365    182.50000000    151.79308250     20.81806054   2006.42839121    300.00000000      0.99957491      0.33358438     -7.23326882     -1.93522884     -9.16849767      0.29343942      0.09679187      0.26907735      0.04890657 md_running
   366    183.00000000    152.03326102     20.84767686   2022.24328345    300.00000000      0.99957427      0.33621373     -7.23898299     -1.93518024     -9.17416324      0.28310512      0.09666392      0.26035276      0.04718419 md_running
   367    183.50000000    152.27851337     20.87948491   2035.80613933    300.00000000      0.99957374      0.33846866     -7.24453935     -1.93512367     -9.17966302      0.27371348      0.09652823      0.25264916      0.04561891 md_running
   368    184.00000000    152.52881299     20.91284225   2047.52019377    300.00000000      0.99957328      0.34041621     -7.24994324     -1.93506135     -9.18500459      0.26527761      0.09638726      0.24608622      0.04421293 md_running
   369    184.50000000    152.78058992     20.94691265   2057.36527446    300.00000000      0.99957290      0.34205304     -7.25510294     -1.93499627     -9.19009922      0.25815659      0.09624413      0.24108870      0.04302610 md_running
   370    185.00000000    153.02771099     20.98067602   2065.19519907    300.00000000      0.99957258      0.34335482     -7.25989267     -1.93493226     -9.19482493      0.25283435      0.09610255      0.23809122      0.04213906 md_running
   371    185.50000000    153.27595262     21.01298555   2070.98610577    300.00000000      0.99957235      0.34431761     -7.26419683     -1.93487374     -9.19907056      0.24942503      0.09596660      0.23711589      0.04157084 md_running
   372    186.00000000    153.52188778     21.04264272   2074.99820600    300.00000000      0.99957218      0.34498465     -7.26794108     -1.93482547     -9.20276654      0.24769968      0.09584046      0.23776632      0.04128328 md_running
   373    186.50000000    153.77417232     21.06848929   2077.86283329    300.00000000      0.99957206      0.34546091     -7.27112177     -1.93479216     -9.20591392      0.24706879      0.09572809      0.23929978      0.04117813 md_running
   374    187.00000000    154.01908698     21.08949205   2080.43755154    300.00000000      0.99957198      0.34588898     -7.27378777     -1.93477809     -9.20856586      0.24679394      0.09563298      0.24088708      0.04113232 md_running
   375    187.50000000    154.26759596     21.10480531   2083.61997604    300.00000000      0.99957188      0.34641808     -7.27600488     -1.93478680     -9.21079168      0.24628089      0.09555792      0.24190427      0.04104681 md_running
   376    188.00000000    154.51419025     21.11380645   2088.36174896    300.00000000      0.99957175      0.34720644     -7.27787425     -1.93482083     -9.21269507      0.24507119      0.09550499      0.24189336      0.04084520 md_running
   377    188.50000000    154.76186238     21.11611208   2095.67563409    300.00000000      0.99957155      0.34842243     -7.27952832     -1.93488163     -9.21440995      0.24285705      0.09547547      0.24059391      0.04047617 md_running
   378    189.00000000    155.00778414     21.11157099   2106.58537669    300.00000000      0.99957125      0.35023626     -7.28112721     -1.93496955     -9.21609676      0.23950241      0.09546991      0.23790538      0.03991707 md_running
   379    189.50000000    155.24172388     21.10025113   2121.99294266    300.00000000      0.99957081      0.35279789     -7.28282759     -1.93508384     -9.21791143      0.23493488      0.09548822      0.23383059      0.03915581 md_running
   380    190.00000000    155.49256648     21.08239055   2142.52003840    300.00000000      0.99957022      0.35621068     -7.28475872     -1.93522290     -9.21998162      0.22911695      0.09552978      0.22839536      0.03818616 md_running
   381    190.50000000    155.74267079     21.05834178   2168.40367612    300.00000000      0.99956946      0.36051404     -7.28699602     -1.93538451     -9.22238053      0.22208651      0.09559368      0.22167453      0.03701442 md_running
   382    191.00000000    156.00049840     21.02852364   2199.29596753    300.00000000      0.99956855      0.36565012     -7.28952392     -1.93556606     -9.22508998      0.21401765      0.09567881      0.21387617      0.03566961 md_running
   383    191.50000000    156.26525675     20.99337219   2234.04817818    300.00000000      0.99956752      0.37142795     -7.29219351     -1.93576478     -9.22795829      0.20526203      0.09578408      0.20536459      0.03421034 md_running
   384    192.00000000    156.51889265     20.95331325   2270.72685070    300.00000000      0.99956644      0.37752606     -7.29471976     -1.93597793     -9.23069769      0.19649088      0.09590845      0.19679948      0.03274848 md_running
   385    192.50000000    156.78476853     20.90874470   2306.88557675    300.00000000      0.99956537      0.38353773     -7.29673018     -1.93620289     -9.23293307      0.18851386      0.09605098      0.18894575      0.03141898 md_running
   386    193.00000000    157.05166344     20.86004005   2339.88615198    300.00000000      0.99956438      0.38902434     -7.29781655     -1.93643720     -9.23425375      0.18208164      0.09621082      0.18248348      0.03034694 md_running
   387    193.50000000    157.31784537     20.80757273   2367.30141161    300.00000000      0.99956354      0.39358234     -7.29760255     -1.93667850     -9.23428105      0.17770304      0.09638709      0.17784451      0.02961717 md_running
   388    194.00000000    157.59806735     20.75174314   2387.32313747    300.00000000      0.99956290      0.39691111     -7.29582198     -1.93692453     -9.23274651      0.17553865      0.09657875      0.17512100      0.02925644 md_running
   389    194.50000000    157.86872020     20.69300181   2398.96346819    300.00000000      0.99956248      0.39884640     -7.29235250     -1.93717303     -9.22952553      0.17551744      0.09678452      0.17422014      0.02925291 md_running
   390    195.00000000    158.12585811     20.63186725   2402.00026057    300.00000000      0.99956229      0.39935129     -7.28720611     -1.93742177     -9.22462788      0.17749199      0.09700276      0.17501763      0.02958200 md_running
   391    195.50000000    158.36896522     20.56894257   2396.87197356    300.00000000      0.99956232      0.39849867     -7.28051059     -1.93766853     -9.21817913      0.18136067      0.09723140      0.17745931      0.03022678 md_running
   392    196.00000000    158.61429014     20.50492245   2384.62982714    300.00000000      0.99956255      0.39646332     -7.27250723     -1.93791109     -9.21041832      0.18716163      0.09746787      0.18170317      0.03119360 md_running
   393    196.50000000    158.88165467     20.44057998   2366.86930258    300.00000000      0.99956295      0.39351050     -7.26353512     -1.93814729     -9.20168241      0.19491174      0.09770916      0.18796490      0.03248529 md_running
   394    197.00000000    159.12958623     20.37672728   2345.55965017    300.00000000      0.99956349      0.38996760     -7.25400499     -1.93837513     -9.19238013      0.20467000      0.09795195      0.19651734      0.03411167 md_running
   395    197.50000000    159.39638986     20.31416081   2322.68511629    300.00000000      0.99956410      0.38616453     -7.24432839     -1.93859295     -9.18292134      0.21657668      0.09819282      0.20766422      0.03609611 md_running
   396    198.00000000    159.66328334     20.25361304   2299.87353074    300.00000000      0.99956474      0.38237193     -7.23485128     -1.93879944     -9.17365071      0.23080903      0.09842847      0.22166345      0.03846817 md_running
   397    198.50000000    159.93773489     20.19570795   2278.10724381    300.00000000      0.99956537      0.37875311     -7.22580369     -1.93899374     -9.16479742      0.24747235      0.09865596      0.23860558      0.04124539 md_running
   398    199.00000000    160.18777266     20.14093876   2257.58936662    300.00000000      0.99956598      0.37534185     -7.21726400     -1.93917542     -9.15643942      0.26643406      0.09887282      0.25826046      0.04440568 md_running
   399    199.50000000    160.44172770     20.08966283   2238.09354728    300.00000000      0.99956657      0.37210052     -7.20922458     -1.93934442     -9.14856900      0.28693602      0.09907710      0.27969530      0.04782267 md_running
   400    200.00000000    160.71270413     20.04210847   2219.56359048    300.00000000      0.99956714      0.36901977     -7.20169507     -1.93950097     -9.14119604      0.30754246      0.09926740      0.30130538      0.05125708 md_running
   401    200.50000000    160.98074227     19.99839654   2202.65693739    300.00000000      0.99956768      0.36620891     -7.19479469     -1.93964548     -9.13444016      0.32622497      0.09944279      0.32096572      0.05437083 md_running
   402    201.00000000    161.25382801     19.95854535   2189.10759287    300.00000000      0.99956817      0.36395622     -7.18881702     -1.93977849     -9.12859551      0.34054554      0.09960282      0.33620585      0.05675759 md_running
   403    201.50000000    161.52159321     19.92246057   2181.48326257    300.00000000      0.99956851      0.36268862     -7.18419470     -1.93990072     -9.12409543      0.34820586      0.09974761      0.34473606      0.05803431 md_running
   404    202.00000000    161.78556180     19.88992366   2182.25164377    300.00000000      0.99956863      0.36281637     -7.18133187     -1.94001303     -9.12134490      0.34768060      0.09987784      0.34507573      0.05794677 md_running
   405    202.50000000    162.05374064     19.86058100   2192.72663110    300.00000000      0.99956846      0.36455792     -7.18041924     -1.94011645     -9.12053570      0.33868981      0.09999488      0.33700551      0.05644830 md_running
   406    203.00000000    162.31223663     19.83393846   2212.50849852    300.00000000      0.99956798      0.36784681     -7.18134314     -1.94021225     -9.12155539      0.32240252      0.10010077      0.32175962      0.05373375 md_running
   407    203.50000000    162.58170293     19.80937220   2239.65419640    300.00000000      0.99956725      0.37235999     -7.18371096     -1.94030188     -9.12401284      0.30115105      0.10019820      0.30173481      0.05019184 md_running
   408    204.00000000    162.85213135     19.78615720   2271.49199407    300.00000000      0.99956635      0.37765327     -7.18699441     -1.94038690     -9.12738131      0.27767361      0.10029035      0.27971660      0.04627894 md_running
   409    204.50000000    163.12215434     19.76350523   2305.57675820    300.00000000      0.99956538      0.38332013     -7.19070324     -1.94046897     -9.13117222      0.25462613      0.10038076      0.25834632      0.04243769 md_running
   410    205.00000000    163.39317247     19.74062389   2340.29169683    300.00000000      0.99956441      0.38909176     -7.19448864     -1.94054970     -9.13503834      0.23412773      0.10047299      0.23964751      0.03902129 md_running
   411    205.50000000    163.66978667     19.71678319   2374.93864599    300.00000000      0.99956346      0.39485209     -7.19816463     -1.94063053     -9.13879517      0.21728679      0.10057040      0.22454844      0.03621446 md_running
   412    206.00000000    163.94074821     19.69137783   2409.43516490    300.00000000      0.99956254      0.40058740     -7.20166096     -1.94071265     -9.14237361      0.20444666      0.10067579      0.21316785      0.03407444 md_running
   413    206.50000000    164.18643199     19.66397739   2443.90243574    300.00000000      0.99956165      0.40631786     -7.20495698     -1.94079688     -9.14575385      0.19527322      0.10079118      0.20497950      0.03254554 md_running
   414    207.00000000    164.44013758     19.63436121   2478.33774628    300.00000000      0.99956079      0.41204300     -7.20803158     -1.94088364     -9.14891523      0.18911902      0.10091767      0.19917574      0.03151984 md_running
   415    207.50000000    164.71992762     19.60254792   2512.41121465    300.00000000      0.99955995      0.41770798     -7.21083125     -1.94097291     -9.15180416      0.18537202      0.10105524      0.19503473      0.03089534 md_running
   416    208.00000000    164.99405924     19.56881341   2545.38586244    300.00000000      0.99955915      0.42319027     -7.21325962     -1.94106417     -9.15432379      0.18361269      0.10120271      0.19210263      0.03060212 md_running
   417    208.50000000    165.27372616     19.53369177   2576.21164266    300.00000000      0.99955840      0.42831529     -7.21519202     -1.94115644     -9.15634846      0.18375158      0.10135764      0.19030725      0.03062526 md_running
   418    209.00000000    165.54758358     19.49796562   2603.79565103    300.00000000      0.99955774      0.43290135     -7.21652012     -1.94124830     -9.15776842      0.18594775      0.10151643      0.18995324      0.03099129 md_running
   419    209.50000000    165.82619248     19.46262727   2627.33632963    300.00000000      0.99955717      0.43681517     -7.21720797     -1.94133801     -9.15854598      0.19028962      0.10167440      0.19139872      0.03171494 md_running
   420    210.00000000    166.09545656     19.42881443   2646.67136109    300.00000000      0.99955671      0.44002977     -7.21733848     -1.94142361     -9.15876210      0.19656592      0.10182612      0.19483222      0.03276099 md_running
   421    210.50000000    166.35795405     19.39770415   2662.52215295    300.00000000      0.99955634      0.44266509     -7.21715565     -1.94150315     -9.15865880      0.20392219      0.10196585      0.19987154      0.03398703 md_running
   422    211.00000000    166.61700983     19.37035874   2676.22025478    300.00000000      0.99955603      0.44494251     -7.21699997     -1.94157494     -9.15857490      0.21096940      0.10208837      0.20547122      0.03516157 md_running
   423    211.50000000    166.86192926     19.34756936   2688.92724530    300.00000000      0.99955576      0.44705514     -7.21715446     -1.94163781     -9.15879228      0.21649386      0.10218967      0.21054902      0.03608231 md_running
   424    212.00000000    167.13096947     19.32973804   2700.92399035    300.00000000      0.99955550      0.44904970     -7.21771231     -1.94169133     -9.15940364      0.22008540      0.10226760      0.21465692      0.03668090 md_running
   425    212.50000000    167.40193821     19.31681573   2711.41810163    300.00000000      0.99955527      0.45079442     -7.21853137     -1.94173578     -9.16026715      0.22220069      0.10232222      0.21806341      0.03703345 md_running
   426    213.00000000    167.68213555     19.30830874   2718.90670776    300.00000000      0.99955508      0.45203946     -7.21930675     -1.94177220     -9.16107895      0.22380683      0.10235575      0.22145730      0.03730114 md_running
   427    213.50000000    167.94929250     19.30334549   2721.82060006    300.00000000      0.99955496      0.45252392     -7.21967879     -1.94180222     -9.16148101      0.22589176      0.10237233      0.22550241      0.03764863 md_running
   428    214.00000000    168.21363019     19.30078447   2719.25785605    300.00000000      0.99955496      0.45209784     -7.21937157     -1.94182785     -9.16119942      0.22912871      0.10237743      0.23060327      0.03818812 md_running
   429    214.50000000    168.46226634     19.29932559   2711.47652585    300.00000000      0.99955506      0.45080414     -7.21829790     -1.94185132     -9.16014922      0.23373990      0.10237730      0.23678662      0.03895665 md_running
   430    215.00000000    168.73287284     19.29762349   2699.82262241    300.00000000      0.99955527      0.44886658     -7.21654546     -1.94187490     -9.15842036      0.23948318      0.10237846      0.24371823      0.03991386 md_running
   431    215.50000000    169.01005713     19.29438506   2686.41969954    300.00000000      0.99955553      0.44663824     -7.21433772     -1.94190076     -9.15623849      0.24585181      0.10238717      0.25086719      0.04097530 md_running
   432    216.00000000    169.26585995     19.28844698   2673.82420177    300.00000000      0.99955581      0.44454414     -7.21198532     -1.94193084     -9.15391616      0.25237157      0.10240906      0.25776949      0.04206193 md_running
   433    216.50000000    169.51926821     19.27883612   2664.58345146    300.00000000      0.99955605      0.44300780     -7.20981718     -1.94196676     -9.15178395      0.25869940      0.10244887      0.26410571      0.04311657 md_running
   434    217.00000000    169.77765973     19.26481505   2660.84286429    300.00000000      0.99955620      0.44238590     -7.20811646     -1.94200974     -9.15012620      0.26457445      0.10251024      0.26963481      0.04409574 md_running
   435    217.50000000    170.04175459     19.24591285   2664.10024856    300.00000000      0.99955620      0.44292746     -7.20708613     -1.94206053     -9.14914666      0.26971933      0.10259555      0.27410497      0.04495322 md_running
   436    218.00000000    170.30662285     19.22193687   2675.16043078    300.00000000      0.99955605      0.44476630     -7.20683656     -1.94211940     -9.14895597      0.27389229      0.10270586      0.27731144      0.04564871 md_running
   437    218.50000000    170.55746441     19.19296587   2694.20189093    300.00000000      0.99955574      0.44793209     -7.20740677     -1.94218618     -9.14959295      0.27683171      0.10284100      0.27902472      0.04613862 md_running
   438    219.00000000    170.80407815     19.15933501   2720.79633057    300.00000000      0.99955527      0.45235363     -7.20875841     -1.94226021     -9.15101861      0.27823394      0.10299953      0.27896042      0.04637232 md_running
   439    219.50000000    171.06691842     19.12161554   2753.91870638    300.00000000      0.99955466      0.45786048     -7.21077883     -1.94234046     -9.15311929      0.27775325      0.10317889      0.27677654      0.04629221 md_running
   440    220.00000000    171.33468404     19.08058966   2791.90592126    300.00000000      0.99955395      0.46417615     -7.21327346     -1.94242557     -9.15569903      0.27513128      0.10337547      0.27221230      0.04585521 md_running
   441    220.50000000    171.60034973     19.03721888   2832.40385394    300.00000000      0.99955318      0.47090925     -7.21594715     -1.94251389     -9.15846104      0.27033157      0.10358471      0.26524435      0.04505526 md_running
   442    221.00000000    171.86675377     18.99259263   2872.54578275    300.00000000      0.99955242      0.47758316     -7.21842844     -1.94260362     -9.16103206      0.26376857      0.10380132      0.25631373      0.04396143 md_running
   443    221.50000000    172.12044790     18.94786024   2909.26874314    300.00000000      0.99955171      0.48368864     -7.22032831     -1.94269291     -9.16302122      0.25604696      0.10401962      0.24603021      0.04267449 md_running
   444    222.00000000    172.38148900     18.90415487   2939.69737045    300.00000000      0.99955111      0.48874763     -7.22126960     -1.94278002     -9.16404962      0.24847999      0.10423389      0.23585649      0.04141333 md_running
   445    222.50000000    172.66092624     18.86251134   2961.94931160    300.00000000      0.99955065      0.49244719     -7.22104451     -1.94286338     -9.16390789      0.24269410      0.10443878      0.22771923      0.04044902 md_running
   446    223.00000000    172.93496888     18.82373059   2975.38090979    300.00000000      0.99955034      0.49468030     -7.21963708     -1.94294187     -9.16257895      0.24011482      0.10463005      0.22335053      0.04001914 md_running
   447    223.50000000    173.20607348     18.78829676   2980.18827390    300.00000000      0.99955019      0.49547956     -7.21713588     -1.94301483     -9.16015071      0.24187153      0.10480503      0.22417455      0.04031192 md_running
   448    224.00000000    173.46705258     18.75632098   2977.05884134    300.00000000      0.99955018      0.49495927     -7.21367089     -1.94308215     -9.15675304      0.24828381      0.10496294      0.23059679      0.04138063 md_running
   449    224.50000000    173.73353140     18.72754060   2966.93506430    300.00000000      0.99955030      0.49327611     -7.20936581     -1.94314424     -9.15251005      0.25860669      0.10510498      0.24169873      0.04310111 md_running
   450    225.00000000    173.99641195     18.70137410   2951.32017245    300.00000000      0.99955052      0.49068002     -7.20440545     -1.94320190     -9.14760735      0.27087215      0.10523406      0.25519505      0.04514536 md_running
   451    225.50000000    174.25950255     18.67701506   2932.55431268    300.00000000      0.99955083      0.48756004     -7.19910098     -1.94325620     -9.14235718      0.28236149      0.10535430      0.26804166      0.04706025 md_running
   452    226.00000000    174.50047522     18.65354825   2913.50264554    300.00000000      0.99955117      0.48439256     -7.19383961     -1.94330833     -9.13714794      0.29077805      0.10547049      0.27774790      0.04846301 md_running
   453    226.50000000    174.75127771     18.63005615   2896.96816956    300.00000000      0.99955149      0.48164357     -7.18899616     -1.94335945     -9.13235561      0.29533422      0.10558744      0.28345668      0.04922237 md_running
   454    227.00000000    175.00203294     18.60571778   2885.28727748    300.00000000      0.99955175      0.47970153     -7.18487477     -1.94341059     -9.12828536      0.29713569      0.10570953      0.28630567      0.04952261 md_running
   455    227.50000000    175.25519074     18.57988392   2880.15673034    300.00000000      0.99955190      0.47884854     -7.18168802     -1.94346256     -9.12515058      0.29855120      0.10584026      0.28877032      0.04975853 md_running
   456    228.00000000    175.50828847     18.55211478   2882.68838040    300.00000000      0.99955193      0.47926944     -7.17957137     -1.94351589     -9.12308726      0.30164218      0.10598205      0.29299858      0.05027370 md_running
   457    228.50000000    175.76120370     18.52219670   2893.55565241    300.00000000      0.99955181      0.48107621     -7.17861709     -1.94357084     -9.12218793      0.30655005      0.10613614      0.29912953      0.05109167 md_running
   458    229.00000000    176.00313880     18.49015784   2913.07713585    300.00000000      0.99955154      0.48432181     -7.17887541     -1.94362738     -9.12250279      0.31094455      0.10630248      0.30478452      0.05182409 md_running
   459    229.50000000    176.26009697     18.45625717   2941.12627167    300.00000000      0.99955112      0.48898520     -7.18036363     -1.94368520     -9.12404883      0.31130046      0.10647979      0.30643360      0.05188341 md_running
   460    230.00000000    176.50986789     18.42093692   2976.71385580    300.00000000      0.99955056      0.49490191     -7.18296805     -1.94374381     -9.12671186      0.30485583      0.10666576      0.30134721      0.05080931 md_running
   461    230.50000000    176.76945380     18.38478480   3017.54878062    300.00000000      0.99954990      0.50169104     -7.18636935     -1.94380257     -9.13017192      0.29094753      0.10685725      0.28893106      0.04849125 md_running
   462    231.00000000    177.03251228     18.34849976   3060.20545675    300.00000000      0.99954920      0.50878304     -7.19006440     -1.94386071     -9.13392511      0.27131358      0.10705045      0.27103667      0.04521893 md_running
   463    231.50000000    177.27746872     18.31283167   3100.73977631    300.00000000      0.99954853      0.51552219     -7.19347053     -1.94391747     -9.13738800      0.24963875      0.10724123      0.25143850      0.04160646 md_running
   464    232.00000000    177.53005059     18.27852351   3135.41531175    300.00000000      0.99954793      0.52128727     -7.19603689     -1.94397209     -9.14000898      0.23062615      0.10742539      0.23484230      0.03843769 md_running
   465    232.50000000    177.78324299     18.24624473   3161.49776079    300.00000000      0.99954746      0.52562368     -7.19737341     -1.94402393     -9.14139733      0.21830999      0.10759910      0.22507555      0.03638500 md_running
   466    233.00000000    178.03441097     18.21653642   3177.79860925    300.00000000      0.99954714      0.52833382     -7.19733968     -1.94407246     -9.14141214      0.21417742      0.10775920      0.22330560      0.03569624 md_running
   467    233.50000000    178.27354067     18.18975782   3184.82720973    300.00000000      0.99954697      0.52950238     -7.19605593     -1.94411737     -9.14017330      0.21669265      0.10790354      0.22784664      0.03611544 md_running
   468    234.00000000    178.53725588     18.16602900   3184.19577972    300.00000000      0.99954693      0.52939740     -7.19383301     -1.94415859     -9.13799160      0.22294635      0.10803127      0.23582005      0.03715773 md_running
   469    234.50000000    178.79164158     18.14521195   3177.51294406    300.00000000      0.99954699      0.52828633     -7.19092068     -1.94419628     -9.13511696      0.23074373      0.10814304      0.24513173      0.03845729 md_running
   470    235.00000000    179.04507541     18.12693571   3165.98322472    300.00000000      0.99954713      0.52636942     -7.18747229     -1.94423085     -9.13170314      0.23905483      0.10824085      0.25484695      0.03984247 md_running
   471    235.50000000    179.30331522     18.11063880   3150.83915784    300.00000000      0.99954733      0.52385160     -7.18363382     -1.94426288     -9.12789670      0.24771349      0.10832781      0.26483488      0.04128558 md_running
   472    236.00000000    179.56528953     18.09563179   3133.49091997    300.00000000      0.99954758      0.52096732     -7.17956391     -1.94429306     -9.12385697      0.25673171      0.10840777      0.27511055      0.04278862 md_running
   473    236.50000000    179.83621017     18.08116254   3115.62429231    300.00000000      0.99954785      0.51799686     -7.17545376     -1.94432216     -9.11977592      0.26591856      0.10848498      0.28545086      0.04431976 md_running
   474    237.00000000    180.10950024     18.06647989   3099.60404174    300.00000000      0.99954812      0.51533337     -7.17162324     -1.94435095     -9.11597419      0.27490998      0.10856373      0.29548043      0.04581833 md_running
   475    237.50000000    180.37157154     18.05089069   3087.72021318    300.00000000      0.99954834      0.51335759     -7.16840698     -1.94438015     -9.11278713      0.28344532      0.10864797      0.30487802      0.04724089 md_running
   476    238.00000000    180.65012775     18.03380159   3080.56612600    300.00000000      0.99954849      0.51216816     -7.16584629     -1.94441041     -9.11025670      0.29160689      0.10874111      0.31371779      0.04860115 md_running
   477    238.50000000    180.88909014     18.01472475   3077.22754927    300.00000000      0.99954856      0.51161310     -7.16368350     -1.94444225     -9.10812575      0.30066561      0.10884597      0.32326235      0.05011094 md_running
   478    239.00000000    181.11330814     17.99323323   3078.15784150    300.00000000      0.99954858      0.51176777     -7.16190388     -1.94447611     -9.10637999      0.31252715      0.10896509      0.33538839      0.05208786 md_running
   479    239.50000000    181.36616232     17.96891229   3088.76046061    300.00000000      0.99954851      0.51353054     -7.16134734     -1.94451240     -9.10585975      0.32656394      0.10910094      0.34955780      0.05442732 md_running
   480    240.00000000    181.63976359     17.94137646   3119.60921224    300.00000000      0.99954822      0.51865938     -7.16380901     -1.94455149     -9.10836050      0.33599411      0.10925591      0.35931810      0.05599902 md_running
   481    240.50000000    181.91109663     17.91040558   3179.01049369    300.00000000      0.99954754      0.52853531     -7.17080680     -1.94459358     -9.11540038      0.33234642      0.10943144      0.35645411      0.05539107 md_running
   482    241.00000000    182.17346978     17.87615831   3262.46382713    300.00000000      0.99954645      0.54241008     -7.18162124     -1.94463853     -9.12625976      0.31609726      0.10962679      0.34127803      0.05268288 md_running
   483    241.50000000    182.45191417     17.83924027   3352.41375037    300.00000000      0.99954517      0.55736495     -7.19323726     -1.94468577     -9.13792303      0.29775256      0.10983863      0.32366925      0.04962543 md_running
   484    242.00000000    182.72683237     17.80052489   3430.21957196    300.00000000      0.99954401      0.57030078     -7.20251322     -1.94473447     -9.14724769      0.28677509      0.11006201      0.31254610      0.04779585 md_running
   485    242.50000000    182.99878446     17.76087186   3486.64569515    300.00000000      0.99954315      0.57968206     -7.20801213     -1.94478376     -9.15279589      0.28374455      0.11029200      0.30862727      0.04729076 md_running
   486    243.00000000    183.26397719     17.72093013   3522.54969732    300.00000000      0.99954260      0.58565138     -7.21000619     -1.94483293     -9.15483912      0.28435719      0.11052485      0.30807777      0.04739286 md_running
   487    243.50000000    183.52359148     17.68108413   3544.29646019    300.00000000      0.99954227      0.58926695     -7.20963912     -1.94488148     -9.15452060      0.28460537      0.11075834      0.30721430      0.04743423 md_running
   488    244.00000000    183.77709675     17.64146652   3559.24918991    300.00000000      0.99954207      0.59175296     -7.20819321     -1.94492914     -9.15312235      0.28219885      0.11099175      0.30385234      0.04703314 md_running
   489    244.50000000    184.02523622     17.60199081   3572.86174254    300.00000000      0.99954191      0.59401615     -7.20656329     -1.94497579     -9.15153908      0.27663122      0.11122564      0.29748171      0.04610520 md_running
   490    245.00000000    184.27103452     17.56236865   3588.02860820    300.00000000      0.99954174      0.59653776     -7.20519379     -1.94502151     -9.15021530      0.26855155      0.11146184      0.28867034      0.04475859 md_running
   491    245.50000000    184.50022628     17.52213420   3605.66566137    300.00000000      0.99954155      0.59947006     -7.20417301     -1.94506646     -9.14923947      0.25951500      0.11170329      0.27886121      0.04325250 md_running
   492    246.00000000    184.72376489     17.48067644   3625.73130094    300.00000000      0.99954134      0.60280613     -7.20341164     -1.94511094     -9.14852258      0.25138577      0.11195388      0.26979438      0.04189763 md_running
   493    246.50000000    184.96114557     17.43728720   3648.33947733    300.00000000      0.99954109      0.60656492     -7.20284214     -1.94515530     -9.14799743      0.24561665      0.11221820      0.26286474      0.04093611 md_running
   494    247.00000000    185.20378482     17.39122362   3674.09085127    300.00000000      0.99954082      0.61084628     -7.20248663     -1.94519988     -9.14768651      0.24306836      0.11250113      0.25887585      0.04051139 md_running
   495    247.50000000    185.44927815     17.34177144   3703.94411602    300.00000000      0.99954052      0.61580962     -7.20242167     -1.94524501     -9.14766668      0.24435093      0.11280750      0.25841017      0.04072515 md_running
   496    248.00000000    185.70417993     17.28830511   3738.97625442    300.00000000      0.99954016      0.62163399     -7.20275571     -1.94529095     -9.14804666      0.25029922      0.11314170      0.26233459      0.04171654 md_running
   497    248.50000000    185.95185379     17.23034221   3780.20442717    300.00000000      0.99953976      0.62848849     -7.20359964     -1.94533785     -9.14893750      0.26150671      0.11350737      0.27135380      0.04358445 md_running
   498    249.00000000    186.19861096     17.16758430   3828.55768522    300.00000000      0.99953929      0.63652760     -7.20507366     -1.94538575     -9.15045941      0.27734859      0.11390708      0.28499063      0.04622477 md_running
   499    249.50000000    186.45281262     17.09993465   3884.61348288    300.00000000      0.99953876      0.64584731     -7.20726421     -1.94543457     -9.15269878      0.29571320      0.11434219      0.30125598      0.04928553 md_running
   500    250.00000000    186.69872823     17.02750923   3948.21975678    300.00000000      0.99953816      0.65642235     -7.21015530     -1.94548414     -9.15563944      0.31324684      0.11481277      0.31700591      0.05220781 md_running
   501    250.50000000    186.94291994     16.95062292   4017.54824399    300.00000000      0.99953751      0.66794875     -7.21350392     -1.94553419     -9.15903812      0.32690136      0.11531761      0.32921402      0.05448356 md_running
   502    251.00000000    187.19118441     16.86976496   4087.31342644    300.00000000      0.99953685      0.67954776     -7.21650946     -1.94558444     -9.16209390      0.33472215      0.11585429      0.33606174      0.05578702 md_running
   503    251.50000000    187.42166618     16.78554131   4147.01797859    300.00000000      0.99953625      0.68947411     -7.21748375     -1.94563458     -9.16311833      0.33857159      0.11641955      0.33961428      0.05642860 md_running
   504    252.00000000    187.65006631     16.69856542   4181.44881905    300.00000000      0.99953580      0.69519850     -7.21391075     -1.94568438     -9.15959513      0.34771863      0.11700990      0.34938721      0.05795311 md_running
   505    252.50000000    187.88559948     16.60931473   4178.45744718    300.00000000      0.99953565      0.69470117     -7.20357982     -1.94573380     -9.14931362      0.37955229      0.11762266      0.38270521      0.06325872 md_running
   506    253.00000000    188.12913825     16.51801834   4148.22787982    300.00000000      0.99953582      0.68967526     -7.18794115     -1.94578294     -9.13372409      0.44065996      0.11825675      0.44542413      0.07344333 md_running
   507    253.50000000    188.36522404     16.42471271   4138.94690371    300.00000000      0.99953610      0.68813223     -7.17524981     -1.94583201     -9.12108182      0.49830206      0.11891241      0.50410776      0.08305034 md_running
   508    254.00000000    188.59232389     16.32955465   4207.69245070    300.00000000      0.99953591      0.69956171     -7.17594110     -1.94588103     -9.12182212      0.50352063      0.11958910      0.50976529      0.08392010 md_running
   509    254.50000000    188.83769645     16.23309089   4356.84348156    300.00000000      0.99953493      0.72435924     -7.19054867     -1.94592960     -9.13647827      0.45075451      0.12028350      0.45717117      0.07512575 md_running
   510    255.00000000    189.09562285     16.13604597   4529.43262630    300.00000000      0.99953356      0.75305353     -7.20879880     -1.94597713     -9.15477593      0.38034431      0.12099088      0.38715663      0.06339072 md_running
   511    255.50000000    189.36033356     16.03885552   4670.86123839    300.00000000      0.99953238      0.77656714     -7.22132715     -1.94602313     -9.16735028      0.32551415      0.12170843      0.33344424      0.05425236 md_running
   512    256.00000000    189.62536506     15.94149218   4763.62266038    300.00000000      0.99953158      0.79198945     -7.22544435     -1.94606736     -9.17151171      0.28840280      0.12243665      0.29843916      0.04806713 md_running
   513    256.50000000    189.88318977     15.84359832   4815.01273036    300.00000000      0.99953112      0.80053345     -7.22252815     -1.94610984     -9.16863799      0.26207423      0.12317856      0.27518800      0.04367904 md_running
   514    257.00000000    190.12454528     15.74467509   4838.84232528    300.00000000      0.99953090      0.80449531     -7.21486661     -1.94615065     -9.16101726      0.24475454      0.12393839      0.26152045      0.04079242 md_running
   515    257.50000000    190.38029271     15.64421363   4847.96379123    300.00000000      0.99953081      0.80601182     -7.20452383     -1.94618994     -9.15071377      0.23770993      0.12472064      0.25807374      0.03961832 md_running
   516    258.00000000    190.63325573     15.54176484   4853.22462845    300.00000000      0.99953078      0.80688648     -7.19323300     -1.94622783     -9.13946084      0.24066604      0.12552956      0.26406452      0.04011101 md_running
   517    258.50000000    190.88540090     15.43697330   4863.72456465    300.00000000      0.99953074      0.80863217     -7.18245513     -1.94626445     -9.12871958      0.25084772      0.12636887      0.27664969      0.04180795 md_running
   518    259.00000000    191.13693770     15.32960550   4886.81338142    300.00000000      0.99953064      0.81247087     -7.17338335     -1.94629986     -9.11968320      0.26464217      0.12724147      0.29241867      0.04410703 md_running
   519    259.50000000    191.38526753     15.21958695   4927.47770896    300.00000000      0.99953044      0.81923163     -7.16684228     -1.94633409     -9.11317637      0.27949356      0.12814914      0.30900054      0.04658226 md_running
   520    260.00000000    191.63118010     15.10703584   4988.04229312    300.00000000      0.99953013      0.82930097     -7.16321402     -1.94636714     -9.10958116      0.29420996      0.12909209      0.32526938      0.04903499 md_running
   521    260.50000000    191.87724343     14.99228443   5068.73408523    300.00000000      0.99952971      0.84271661     -7.16256616     -1.94639896     -9.10896512      0.30837012      0.13006875      0.34082119      0.05139502 md_running
   522    261.00000000    192.11925162     14.87587163   5168.58535815    300.00000000      0.99952918      0.85931766     -7.16479470     -1.94642945     -9.11122415      0.32177648      0.13107560      0.35549362      0.05362941 md_running
   523    261.50000000    192.37000848     14.75850422   5286.07125902    300.00000000      0.99952857      0.87885061     -7.16973716     -1.94645852     -9.11619568      0.33406013      0.13210740      0.36896008      0.05567669 md_running
   524    262.00000000    192.62038560     14.64101257   5418.72742464    300.00000000      0.99952789      0.90090573     -7.17711908     -1.94648607     -9.12360515      0.34433081      0.13315743      0.38042707      0.05738847 md_running
   525    262.50000000    192.86687750     14.52429712   5561.79988721    300.00000000      0.99952718      0.92469264     -7.18627993     -1.94651203     -9.13279196      0.35171159      0.13421786      0.38915520      0.05861860 md_running
   526    263.00000000    193.09997717     14.40924470   5707.18048565    300.00000000      0.99952647      0.94886330     -7.19598350     -1.94653636     -9.14251985      0.35632405      0.13528047      0.39538502      0.05938734 md_running
   527    263.50000000    193.34641189     14.29659497   5843.20466971    300.00000000      0.99952581      0.97147839     -7.20442185     -1.94655905     -9.15098090      0.36021230      0.13633787      0.40117079      0.06003538 md_running
   528    264.00000000    193.59402475     14.18675386   5956.17117007    300.00000000      0.99952525      0.99025995     -7.20925019     -1.94658018     -9.15583037      0.36919132      0.13738544      0.41208160      0.06153189 md_running
   529    264.50000000    193.83852548     14.07945650   6039.38878200    300.00000000      0.99952483      1.00409553     -7.20914635     -1.94659997     -9.15574632      0.38995731      0.13842486      0.43422817      0.06499289 md_running
   530    265.00000000    194.07246964     13.97350017   6106.16416259    300.00000000      0.99952454      1.01519745     -7.20613632     -1.94661873     -9.15275505      0.41676959      0.13946724      0.46197505      0.06946160 md_running
   531    265.50000000    194.32249439     13.86691143   6186.84773535    300.00000000      0.99952427      1.02861173     -7.20537654     -1.94663685     -9.15201339      0.42655623      0.14053219      0.47343282      0.07109270 md_running
   532    266.00000000    194.57212618     13.75774193   6299.61941552    300.00000000      0.99952389      1.04736090     -7.20996881     -1.94665463     -9.15662345      0.40300736      0.14164033      0.45319130      0.06716789 md_running
   533    266.50000000    194.81491114     13.64495173   6427.33817706    300.00000000      0.99952341      1.06859514     -7.21661262     -1.94667216     -9.16328478      0.36145334      0.14280418      0.41584251      0.06024222 md_running
   534    267.00000000    195.05602623     13.52848996   6536.23366830    300.00000000      0.99952296      1.08669987     -7.21924455     -1.94668933     -9.16593388      0.33119040      0.14402665      0.38832662      0.05519840 md_running
   535    267.50000000    195.28605527     13.40870772   6607.34908907    300.00000000      0.99952265      1.09852336     -7.21472420     -1.94670601     -9.16143021      0.32361940      0.14530652      0.38077889      0.05393657 md_running
   536    268.00000000    195.52933249     13.28584212   6642.83770049    300.00000000      0.99952247      1.10442362     -7.20358958     -1.94672211     -9.15031169      0.33163221      0.14664372      0.38701096      0.05527203 md_running
   537    268.50000000    195.76450364     13.15998976   6654.75076844    300.00000000      0.99952240      1.10640426     -7.18794727     -1.94673758     -9.13468484      0.34679372      0.14803974      0.39977279      0.05779895 md_running
   538    269.00000000    196.00817268     13.03126167   6655.02277998    300.00000000      0.99952239      1.10644948     -7.16982087     -1.94675239     -9.11657326      0.36508939      0.14949599      0.41548184      0.06084823 md_running
   539    269.50000000    196.25595193     12.89992800   6651.27400670    300.00000000      0.99952239      1.10582622     -7.15049592     -1.94676652     -9.09726244      0.38580377      0.15101207      0.43332406      0.06430063 md_running
   540    270.00000000    196.50836588     12.76651832   6646.91840679    300.00000000      0.99952241      1.10510207     -7.13057066     -1.94677992     -9.07735058      0.40896638      0.15258446      0.45322900      0.06816106 md_running
   541    270.50000000    196.76157304     12.63183545   6643.15537509    300.00000000      0.99952242      1.10447643     -7.11034754     -1.94679257     -9.05714010      0.43424612      0.15420593      0.47490548      0.07237435 md_running
   542    271.00000000    196.99892127     12.49687626   6640.79618899    300.00000000      0.99952243      1.10408420     -7.09005902     -1.94680441     -9.03686342      0.46048439      0.15586614      0.49731717      0.07674740 md_running
   543    271.50000000    197.25169324     12.36274779   6641.57956956    300.00000000      0.99952244      1.10421444     -7.07020399     -1.94681542     -9.01701941      0.48536523      0.15755237      0.51829067      0.08089420 md_running
   544    272.00000000    197.50088789     12.23058835   6648.23119260    300.00000000      0.99952243      1.10532033     -7.05139824     -1.94682558     -8.99822382      0.50655094      0.15925033      0.53555913      0.08442516 md_running
   545    272.50000000    197.74478009     12.10152521   6663.69688268    300.00000000      0.99952239      1.10789162     -7.03434392     -1.94683490     -8.98117882      0.52201138      0.16094456      0.54710779      0.08700190 md_running
   546    273.00000000    197.99074146     11.97665048   6690.01389506    300.00000000      0.99952232      1.11226703     -7.01959338     -1.94684339     -8.96643676      0.53012299      0.16261881      0.55123307      0.08835383 md_running
   547    273.50000000    198.23770312     11.85703923   6726.68153121    300.00000000      0.99952221      1.11836331     -7.00727448     -1.94685106     -8.95412554      0.53100256      0.16425575      0.54785388      0.08850043 md_running
   548    274.00000000    198.48678269     11.74381348   6770.12522989    300.00000000      0.99952208      1.12558616     -6.99696206     -1.94685794     -8.94382000      0.52785960      0.16583620      0.53991960      0.08797660 md_running
   549    274.50000000    198.73650470     11.63821519   6816.78483638    300.00000000      0.99952193      1.13334369     -6.98822593     -1.94686404     -8.93508996      0.52691123      0.16733805      0.53365195      0.08781854 md_running
   550    275.00000000    198.98377567     11.54153529   6869.59936189    300.00000000      0.99952177      1.14212451     -6.98173745     -1.94686936     -8.92860682      0.53346452      0.16873727      0.53483150      0.08891075 md_running
   551    275.50000000    199.23813903     11.45490397   6941.45992065    300.00000000      0.99952158      1.15407189     -6.97997406     -1.94687394     -8.92684800      0.54238071      0.17001121      0.53914486      0.09039678 md_running
   552    276.00000000    199.46786163     11.37893141   7043.50202932    300.00000000      0.99952131      1.17103719     -6.98527963     -1.94687781     -8.93215744      0.53745214      0.17114445      0.53081542      0.08957536 md_running
   553    276.50000000    199.71534619     11.31331094   7159.83008190    300.00000000      0.99952096      1.19037764     -6.99510101     -1.94688106     -8.94198207      0.51293331      0.17213557      0.50402339      0.08548888 md_running
   554    277.00000000    199.95663363     11.25660847   7242.00840704    300.00000000      0.99952064      1.20404043     -7.00078000     -1.94688379     -8.94766379      0.48742251      0.17300132      0.47770896      0.08123708 md_running
   555    277.50000000    200.20227312     11.20627698   7239.70413129    300.00000000      0.99952050      1.20365732     -6.99306150     -1.94688617     -8.93994767      0.49024210      0.17377717      0.48197735      0.08170702 md_running
   556    278.00000000    200.45259130     11.15885228   7140.50699589    300.00000000      0.99952065      1.18716502     -6.96898448     -1.94688839     -8.91587287      0.53785680      0.17451462      0.53264346      0.08964280 md_running
   557    278.50000000    200.70128557     11.11053969   6990.63145682    300.00000000      0.99952105      1.16224705     -6.93578722     -1.94689063     -8.88267785      0.61080368      0.17527235      0.60754676      0.10180061 md_running
   558    279.00000000    200.94848099     11.05843945   6871.39587527    300.00000000      0.99952151      1.14242320     -6.90728357     -1.94689302     -8.85417660      0.66730639      0.17609692      0.66325764      0.11121773 md_running
   559    279.50000000    201.19780346     11.00158527   6839.86129460    300.00000000      0.99952177      1.13718033     -6.89309332     -1.94689560     -8.83998892      0.68810151      0.17700566      0.68119165      0.11468359 md_running
   560    280.00000000    201.44691087     10.94064475   6900.86353333    300.00000000      0.99952171      1.14732243     -6.89380340     -1.94689829     -8.84070169      0.67681802      0.17799022      0.66696401      0.11280300 md_running
   561    280.50000000    201.69841573     10.87669438   7025.53086328    300.00000000      0.99952140      1.16804934     -6.90460862     -1.94690102     -8.85150964      0.64043772      0.17903533      0.62920867      0.10673962 md_running
   562    281.00000000    201.95529970     10.81038228   7174.96669183    300.00000000      0.99952097      1.19289422     -6.91894927     -1.94690374     -8.86585301      0.59155268      0.18013214      0.58130770      0.09859211 md_running
   563    281.50000000    202.20855919     10.74183172   7318.64161649    300.00000000      0.99952053      1.21678129     -6.93170811     -1.94690643     -8.87861454      0.54255477      0.18128029      0.53577243      0.09042580 md_running
   564    282.00000000    202.45891779     10.67091153   7441.47074757    300.00000000      0.99952016      1.23720260     -6.94041621     -1.94690907     -8.88732528      0.49963032      0.18248372      0.49841569      0.08327172 md_running
   565    282.50000000    202.70864356     10.59744326   7540.18059518    300.00000000      0.99951986      1.25361388     -6.94448630     -1.94691166     -8.89139796      0.46728212      0.18374745      0.47325191      0.07788035 md_running
   566    283.00000000    202.96720172     10.52123453   7620.80785626    300.00000000      0.99951963      1.26701879     -6.94487864     -1.94691421     -8.89179285      0.44845247      0.18507705      0.46242657      0.07474208 md_running
   567    283.50000000    203.22092179     10.44203372   7698.07178355    300.00000000      0.99951944      1.27986452     -6.94400764     -1.94691671     -8.89092435      0.43832554      0.18647949      0.46020929      0.07305426 md_running
   568    284.00000000    203.47089302     10.35965621   7789.23512611    300.00000000      0.99951923      1.29502114     -6.94490910     -1.94691917     -8.89182827      0.42333958      0.18796101      0.45289944      0.07055660 md_running
   569    284.50000000    203.71999368     10.27431245   7899.17990839    300.00000000      0.99951898      1.31330032     -6.94852218     -1.94692158     -8.89544377      0.39545561      0.18952101      0.43301087      0.06590927 md_running
   570    285.00000000    203.96842715     10.18688058   8013.20932397    300.00000000      0.99951870      1.33225860     -6.95240919     -1.94692391     -8.89933310      0.36161200      0.19114637      0.40768301      0.06026867 md_running
   571    285.50000000    204.22084376     10.09880739   8107.86663945    300.00000000      0.99951845      1.34799611     -6.95273555     -1.94692612     -8.89966167      0.33517035      0.19281217      0.38937155      0.05586172 md_running
   572    286.00000000    204.47597232     10.01177008   8165.44160158    300.00000000      0.99951827      1.35756840     -6.94682014     -1.94692818     -8.89374832      0.32531442      0.19448725      0.38572783      0.05421907 md_running
   573    286.50000000    204.72365480      9.92737638   8181.44630739    300.00000000      0.99951819      1.36022931     -6.93418484     -1.94693007     -8.88111491      0.33578838      0.19613956      0.39929710      0.05596473 md_running
   574    287.00000000    204.97068208      9.84703146   8167.30419583    300.00000000      0.99951820      1.35787807     -6.91704086     -1.94693176     -8.86397263      0.36289893      0.19773897      0.42682945      0.06048315 md_running
   575    287.50000000    205.21997928      9.77190331   8146.49563483    300.00000000      0.99951825      1.35441849     -6.89973582     -1.94693326     -8.84666908      0.39302909      0.19925837      0.45687965      0.06550485 md_running
   576    288.00000000    205.47314617      9.70300040   8138.72486860    300.00000000      0.99951828      1.35312654     -6.88601307     -1.94693457     -8.83294764      0.41129292      0.20067261      0.47666485      0.06854882 md_running
   577    288.50000000    205.72436045      9.64121145   8142.77371856    300.00000000      0.99951828      1.35379969     -6.87581404     -1.94693569     -8.82274973      0.41962044      0.20195805      0.48841193      0.06993674 md_running
   578    289.00000000    205.96024973      9.58704585   8141.96350710    300.00000000      0.99951827      1.35366499     -6.86610854     -1.94693663     -8.81304517      0.43447558      0.20309855      0.50680475      0.07241260 md_running
   579    289.50000000    206.20545895      9.54036449   8131.19393873    300.00000000      0.99951829      1.35187446     -6.85585685     -1.94693740     -8.80279425      0.45962327      0.20409187      0.53409302      0.07660388 md_running
   580    290.00000000    206.45340112      9.50051832   8128.50178065    300.00000000      0.99951831      1.35142687     -6.84832796     -1.94693804     -8.79526600      0.47552705      0.20494749      0.55143821      0.07925451 md_running
   581    290.50000000    206.70658167      9.46702981   8148.86526149    300.00000000      0.99951829      1.35481246     -6.84635501     -1.94693855     -8.79329356      0.46761409      0.20567218      0.54481948      0.07793568 md_running
   582    291.00000000    206.94692334      9.44026248   8178.99117362    300.00000000      0.99951822      1.35982112     -6.84749871     -1.94693893     -8.79443765      0.45190090      0.20625513      0.52897565      0.07531682 md_running
   583    291.50000000    207.18315680      9.42124797   8196.83960238    300.00000000      0.99951816      1.36278856     -6.84780059     -1.94693918     -8.79473977      0.45392552      0.20667127      0.52794110      0.07565425 md_running
   584    292.00000000    207.43229646      9.41094230   8207.37375463    300.00000000      0.99951814      1.36453995     -6.84830332     -1.94693927     -8.79524259      0.47120930      0.20689755      0.54112582      0.07853488 md_running
   585    292.50000000    207.68180771      9.40975899   8240.96690334    300.00000000      0.99951811      1.37012507     -6.85471768     -1.94693919     -8.80165687      0.47362833      0.20692362      0.54232189      0.07893805 md_running
   586    293.00000000    207.91663327      9.41753263   8313.66732044    300.00000000      0.99951799      1.38221208     -6.87001320     -1.94693894     -8.81695215      0.44524047      0.20675298      0.51719008      0.07420674 md_running
   587    293.50000000    208.16204344      9.43359757   8404.54909332    300.00000000      0.99951780      1.39732189     -6.89021009     -1.94693854     -8.83714863      0.40262875      0.20640115      0.48092219      0.06710479 md_running
   588    294.00000000    208.41170394      9.45676384   8477.38438416    300.00000000      0.99951761      1.40943132     -6.90873131     -1.94693799     -8.85566931      0.37113452      0.20589587      0.45527422      0.06185575 md_running
   589    294.50000000    208.66189589      9.48530303   8507.66528839    300.00000000      0.99951750      1.41446576     -6.92102861     -1.94693733     -8.86796593      0.36406767      0.20527678      0.45008868      0.06067794 md_running
   590    295.00000000    208.91217743      9.51699613   8493.06103940    300.00000000      0.99951749      1.41203769     -6.92624749     -1.94693659     -8.87318408      0.38012037      0.20459364      0.46354205      0.06335340 md_running
   591    295.50000000    209.16381501      9.54934182   8453.98538987    300.00000000      0.99951755      1.40554106     -6.92733551     -1.94693582     -8.87427133      0.40729878      0.20390111      0.48593675      0.06788313 md_running
   592    296.00000000    209.41617110      9.57998799   8425.68874113    300.00000000      0.99951764      1.40083652     -6.92984841     -1.94693507     -8.87678348      0.42768962      0.20324929      0.50241923      0.07128160 md_running
   593    296.50000000    209.66785137      9.60730776   8440.28509636    300.00000000      0.99951766      1.40326328     -6.93908254     -1.94693439     -8.88601693      0.42687612      0.20267174      0.50013698      0.07114602 md_running
   594    297.00000000    209.91680106      9.63084498   8506.56989512    300.00000000      0.99951758      1.41428364     -6.95643132     -1.94693380     -8.90336512      0.40603365      0.20217678      0.47980554      0.06767227 md_running
   595    297.50000000    210.17063629      9.65123271   8608.59575340    300.00000000      0.99951739      1.43124624     -6.97917247     -1.94693328     -8.92610575      0.37486225      0.20175001      0.45017876      0.06247704 md_running
   596    298.00000000    210.42861545      9.66960130   8719.73546247    300.00000000      0.99951717      1.44972408     -7.00303575     -1.94693281     -8.94996856      0.33775727      0.20136704      0.41538442      0.05629288 md_running
   597    298.50000000    210.68143984      9.68702920   8812.50444837    300.00000000      0.99951696      1.46514765     -7.02361626     -1.94693237     -8.97054863      0.29948995      0.20100503      0.37972187      0.04991499 md_running
   598    299.00000000    210.93611811      9.70430095   8863.86441991    300.00000000      0.99951681      1.47368665     -7.03718905     -1.94693193     -8.98412098      0.27151412      0.20064755      0.35243521      0.04525235 md_running
   599    299.50000000    211.18870755      9.72191334   8859.40416971    300.00000000      0.99951676      1.47294510     -7.04145957     -1.94693148     -8.98839104      0.26501624      0.20028432      0.34174308      0.04416937 md_running
   600    300.00000000    211.43271191      9.74020218   8794.07507480    300.00000000      0.99951683      1.46208362     -7.03562831     -1.94693100     -8.98255931      0.28594495      0.19990854      0.35286531      0.04765749 md_running
   601    300.50000000    211.67929598      9.75942073   8673.45280136    300.00000000      0.99951701      1.44202923     -7.02060681     -1.94693049     -8.96753730      0.33284153      0.19951518      0.38709849      0.05547359 md_running
   602    301.00000000    211.92652632      9.77975759   8517.61022935    300.00000000      0.99951730      1.41611919     -6.99973168     -1.94692994     -8.94666162      0.39475172      0.19910062      0.43748883      0.06579195 md_running
   603    301.50000000    212.17482224      9.80129941   8362.23641690    300.00000000      0.99951764      1.39028708     -6.97909097     -1.94692936     -8.92602033      0.44919100      0.19866338      0.48414656      0.07486517 md_running
   604    302.00000000    212.42790676      9.82393727   8243.18282553    300.00000000      0.99951794      1.37049349     -6.96501063     -1.94692873     -8.91193937      0.47344148      0.19820596      0.50488302      0.07890691 md_running
   605    302.50000000    212.68068517      9.84719488   8170.22597438    300.00000000      0.99951815      1.35836384     -6.95905434     -1.94692809     -8.90598242      0.46466297      0.19773821      0.49637903      0.07744383 md_running
   606    303.00000000    212.93137868      9.87009990   8123.51280687    300.00000000      0.99951827      1.35059741     -6.95740787     -1.94692744     -8.90433531      0.44067395      0.19727972      0.47549388      0.07344566 md_running
   607    303.50000000    213.18353486      9.89124430   8077.31556451    300.00000000      0.99951837      1.34291676     -6.95531189     -1.94692684     -8.90223873      0.41753508      0.19685835      0.45726158      0.06958918 md_running
   608    304.00000000    213.43513473      9.90904348   8018.19066105    300.00000000      0.99951849      1.33308678     -6.95025912     -1.94692631     -8.89718543      0.39941727      0.19650506      0.44516124      0.06656955 md_running
   609    304.50000000    213.68668174      9.92202807   7944.40689033    300.00000000      0.99951864      1.32081966     -6.94176295     -1.94692591     -8.88868887      0.38631855      0.19624814      0.43855129      0.06438642 md_running
   610    305.00000000    213.93709806      9.92911254   7859.58882350    300.00000000      0.99951883      1.30671799     -6.93025555     -1.94692567     -8.87718121      0.37841174      0.19610827      0.43700232      0.06306862 md_running
   611    305.50000000    214.19200546      9.92972742   7768.29858368    300.00000000      0.99951905      1.29154028     -6.91642282     -1.94692560     -8.86334842      0.37575614      0.19609618      0.44013700      0.06262602 md_running
   612    306.00000000    214.44693380      9.92382125   7672.97943361    300.00000000      0.99951928      1.27569272     -6.90066905     -1.94692570     -8.84759475      0.37812875      0.19621284      0.44748635      0.06302146 md_running
   613    306.50000000    214.69961402      9.91175086   7573.89646526    300.00000000      0.99951953      1.25921941     -6.88303732     -1.94692598     -8.82996330      0.38597421      0.19645163      0.45936493      0.06432903 md_running
   614    307.00000000    214.95413182      9.89403755   7474.39578680    300.00000000      0.99951979      1.24267664     -6.86409249     -1.94692641     -8.81101890      0.39995861      0.19680309      0.47625840      0.06665977 md_running
   615    307.50000000    215.20816096      9.87111531   7386.00571559    300.00000000      0.99952005      1.22798110     -6.84586831     -1.94692698     -8.79279529      0.41505441      0.19725977      0.49368024      0.06917574 md_running
   616    308.00000000    215.46054731      9.84326249   7324.61938590    300.00000000      0.99952026      1.21777515     -6.83123647     -1.94692769     -8.77816416      0.41977196      0.19781754      0.50150847      0.06996199 md_running
   617    308.50000000    215.71043247      9.81075661   7296.81894225    300.00000000      0.99952038      1.21315310     -6.82145756     -1.94692852     -8.76838608      0.40881020      0.19847248      0.49506787      0.06813503 md_running
   618    309.00000000    215.96183317      9.77409775   7291.66237316    300.00000000      0.99952042      1.21229578     -6.81467722     -1.94692945     -8.76160666      0.39190761      0.19921632      0.48244951      0.06531793 md_running
   619    309.50000000    216.20569669      9.73415107   7290.11573464    300.00000000      0.99952042      1.21203864     -6.80774716     -1.94693044     -8.75467761      0.38231499      0.20003327      0.47427055      0.06371916 md_running
   620    310.00000000    216.45711209      9.69217629   7277.58899950    300.00000000      0.99952044      1.20995598     -6.79847956     -1.94693147     -8.74541104      0.38439263      0.20089895      0.47389753      0.06406544 md_running
   621    310.50000000    216.71015676      9.64981993   7247.22319860    300.00000000      0.99952049      1.20490743     -6.78606860     -1.94693250     -8.73300109      0.39635328      0.20178015      0.48043118      0.06605888 md_running
   622    311.00000000    216.96360546      9.60898559   7201.40689355    300.00000000      0.99952061      1.19729011     -6.77119291     -1.94693347     -8.71812638      0.41727013      0.20263705      0.49433675      0.06954502 md_running
   623    311.50000000    217.21882039      9.57146922   7156.64040928    300.00000000      0.99952075      1.18984733     -6.75696405     -1.94693436     -8.70389841      0.44131545      0.20343076      0.51224889      0.07355257 md_running
   624    312.00000000    217.46884413      9.53853912   7138.87689858    300.00000000      0.99952085      1.18689401     -6.74829046     -1.94693514     -8.69522560      0.45141787      0.20413259      0.51985436      0.07523631 md_running
   625    312.50000000    217.72884674      9.51077411   7160.51211052    300.00000000      0.99952085      1.19049103     -6.74755783     -1.94693581     -8.69449365      0.43721509      0.20472810      0.50752517      0.07286918 md_running
   626    313.00000000    217.98365895      9.48820781   7205.62519229    300.00000000      0.99952073      1.19799143     -6.75193069     -1.94693638     -8.69886708      0.41106712      0.20521466      0.48556598      0.06851119 md_running
   627    313.50000000    218.21785346      9.47055467   7245.59581686    300.00000000      0.99952060      1.20463686     -6.75628818     -1.94693685     -8.70322504      0.39251636      0.20559689      0.47018852      0.06541939 md_running
   628    314.00000000    218.47099393      9.45736586   7262.85911075    300.00000000      0.99952051      1.20750702     -6.75756663     -1.94693724     -8.70450387      0.38837572      0.20588335      0.46637961      0.06472929 md_running
   629    314.50000000    218.73548727      9.44816553   7257.23572648    300.00000000      0.99952050      1.20657209     -6.75576848     -1.94693755     -8.70270604      0.39347476      0.20608364      0.46948835      0.06557913 md_running
   630    315.00000000    218.99939958      9.44257960   7237.16364482    300.00000000      0.99952054      1.20323495     -6.75234493     -1.94693780     -8.69928272      0.40328497      0.20620539      0.47617530      0.06721416 md_running
   631    315.50000000    219.25601293      9.44035966   7212.29612468    300.00000000      0.99952061      1.19910053     -6.74878201     -1.94693797     -8.69571999      0.41588511      0.20625376      0.48544707      0.06931418 md_running
   632    316.00000000    219.50987628      9.44127093   7194.01401996    300.00000000      0.99952068      1.19606098     -6.74693775     -1.94693809     -8.69387584      0.42650944      0.20623376      0.49358675      0.07108491 md_running
   633    316.50000000    219.76786759      9.44496617   7194.27914072    300.00000000      0.99952071      1.19610506     -6.74880869     -1.94693815     -8.69574685      0.42802787      0.20615303      0.49449351      0.07133798 md_running
   634    317.00000000    220.01871004      9.45100961   7218.17792607    300.00000000      0.99952068      1.20007842     -6.75525864     -1.94693817     -8.70219680      0.41769362      0.20602118      0.48575013      0.06961560 md_running
   635    317.50000000    220.26726262      9.45899483   7259.77336719    300.00000000      0.99952058      1.20699399     -6.76511968     -1.94693814     -8.71205782      0.39948736      0.20584726      0.47081955      0.06658123 md_running
   636    318.00000000    220.51659292      9.46861759   7306.77389614    300.00000000      0.99952045      1.21480819     -6.77620071     -1.94693808     -8.72313879      0.38078201      0.20563808      0.45598766      0.06346367 md_running
   637    318.50000000    220.74619087      9.47968474   7347.87985056    300.00000000      0.99952032      1.22164238     -6.78656109     -1.94693799     -8.73349908      0.36823148      0.20539805      0.44664563      0.06137191 md_running
   638    319.00000000    220.99100971      9.49207853   7377.79529395    300.00000000      0.99952022      1.22661606     -6.79522657     -1.94693788     -8.74216445      0.36491323      0.20512991      0.44507742      0.06081887 md_running
   639    319.50000000    221.23631688      9.50571182   7399.44283552    300.00000000      0.99952015      1.23021513     -6.80270067     -1.94693774     -8.74963841      0.36985508      0.20483578      0.45024876      0.06164251 md_running
   640    320.00000000    221.48101887      9.52055748   7421.90269022    300.00000000      0.99952010      1.23394925     -6.81054066     -1.94693758     -8.75747824      0.37899588      0.20451645      0.45869035      0.06316598 md_running
   641    320.50000000    221.71945166      9.53672229   7455.18642055    300.00000000      0.99952002      1.23948293     -6.82051826     -1.94693739     -8.76745565      0.38754954      0.20416989      0.46632563      0.06459159 md_running
   642    321.00000000    221.96757859      9.55451606   7503.95869726    300.00000000      0.99951991      1.24759171     -6.83351670     -1.94693716     -8.78045387      0.39232283      0.20378978      0.47033148      0.06538714 md_running
   643    321.50000000    222.21616864      9.57442172   7564.05552318    300.00000000      0.99951976      1.25758327     -6.84888741     -1.94693689     -8.79582430      0.39332296      0.20336623      0.47076961      0.06555383 md_running
   644    322.00000000    222.45782203      9.59692028   7626.64131954    300.00000000      0.99951960      1.26798865     -6.86516430     -1.94693656     -8.81210086      0.39245727      0.20288965      0.46947090      0.06540954 md_running
   645    322.50000000    222.70266996      9.62228916   7685.17858327    300.00000000      0.99951944      1.27772093     -6.88128128     -1.94693616     -8.82821744      0.39100185      0.20235496      0.46767527      0.06516698 md_running
   646    323.00000000    222.93360906      9.65049067   7737.59995144    300.00000000      0.99951930      1.28643639     -6.89693583     -1.94693569     -8.84387152      0.38828642      0.20176388      0.46480576      0.06471440 md_running
   647    323.50000000    223.17781874      9.68116313   7782.93731911    300.00000000      0.99951918      1.29397408     -6.91196756     -1.94693514     -8.85890270      0.38356746      0.20112495      0.46025397      0.06392791 md_running
   648    324.00000000    223.41584304      9.71366997   7817.38987795    300.00000000      0.99951907      1.29970209     -6.92557443     -1.94693452     -8.87250895      0.37776969      0.20045223      0.45487785      0.06296161 md_running
   649    324.50000000    223.66536569      9.74717194   7834.94360768    300.00000000      0.99951901      1.30262053     -6.93654219     -1.94693384     -8.88347603      0.37229278      0.19976364      0.44991321      0.06204880 md_running
   650    325.00000000    223.91651959      9.78071846   7829.23311963    300.00000000      0.99951899      1.30167112     -6.94364268     -1.94693312     -8.89057580      0.36880557      0.19907889      0.44665852      0.06146759 md_running
   651    325.50000000    224.16749624      9.81338987   7792.42747750    300.00000000      0.99951903      1.29555189     -6.94539897     -1.94693236     -8.89233133      0.37111241      0.19841654      0.44821509      0.06185207 md_running
   652    326.00000000    224.42114967      9.84435576   7715.02633581    300.00000000      0.99951917      1.28268335     -6.94000453     -1.94693160     -8.88693613      0.38795247      0.19779285      0.46203483      0.06465874 md_running
   653    326.50000000    224.67095404      9.87281641   7590.61873803    300.00000000      0.99951942      1.26199961     -6.92615931     -1.94693084     -8.87309014      0.42901062      0.19722310      0.49688205      0.07150177 md_running
   654    327.00000000    224.92099003      9.89795624   7422.95268769    300.00000000      0.99951980      1.23412382     -6.90426459     -1.94693012     -8.85119471      0.49664886      0.19672259      0.55630250      0.08277481 md_running
   655    327.50000000    225.17792151      9.91881850   7230.39951946    300.00000000      0.99952030      1.20211036     -6.87719527     -1.94692947     -8.82412473      0.58052301      0.19630921      0.63243573      0.09675383 md_running
   656    328.00000000    225.41541221      9.93416006   7044.14384713    300.00000000      0.99952086      1.17114390     -6.85004436     -1.94692893     -8.79697329      0.66221427      0.19600636      0.70837299      0.11036905 md_running
   657    328.50000000    225.66047899      9.94249628   6895.75016114    300.00000000      0.99952138      1.14647229     -6.82788976     -1.94692855     -8.77481831      0.72741447      0.19584225      0.76992713      0.12123575 md_running
   658    329.00000000    225.90756430      9.94224491   6809.31276772    300.00000000      0.99952176      1.13210140     -6.81435648     -1.94692839     -8.76128487      0.76587576      0.19584730      0.80656195      0.12764596 md_running
   659    329.50000000    226.15365614      9.93208604   6803.31883305    300.00000000      0.99952192      1.13110486     -6.81234191     -1.94692849     -8.75927040      0.76885050      0.19604758      0.80936154      0.12814175 md_running
   660    330.00000000    226.39832812      9.91144543   6886.48497280    300.00000000      0.99952180      1.14493188     -6.82328053     -1.94692885     -8.77020938      0.73469487      0.19645565      0.77666157      0.12244915 md_running
   661    330.50000000    226.64635904      9.88080753   7051.47489672    300.00000000      0.99952140      1.17236274     -6.84602215     -1.94692947     -8.79295162      0.67306343      0.19706447      0.71808860      0.11217724 md_running
   662    331.00000000    226.89511101      9.84168480   7277.04701817    300.00000000      0.99952080      1.20986587     -6.87723837     -1.94693029     -8.82416866      0.59937165      0.19784738      0.64889100      0.09989527 md_running
   663    331.50000000    227.13802854      9.79634792   7533.31266229    300.00000000      0.99952010      1.25247203     -6.91244419     -1.94693125     -8.85937544      0.52771434      0.19876246      0.58273593      0.08795239 md_running
   664    332.00000000    227.38534178      9.74745891   7784.06293492    300.00000000      0.99951941      1.29416122     -6.94597135     -1.94693228     -8.89290363      0.47071380      0.19975877      0.53117233      0.07845230 md_running
   665    332.50000000    227.61789303      9.69770221   7996.28984893    300.00000000      0.99951883      1.32944560     -6.97274974     -1.94693329     -8.91968304      0.43863911      0.20078310      0.50282011      0.07310652 md_running
   666    333.00000000    227.86283753      9.64938900   8151.45357813    300.00000000      0.99951840      1.35524278     -6.99014036     -1.94693425     -8.93707461      0.43149683      0.20178785      0.49673090      0.07191614 md_running
   667    333.50000000    228.10404386      9.60435873   8245.50678529    300.00000000      0.99951812      1.37087986     -6.99792637     -1.94693509     -8.94486146      0.43992927      0.20273345      0.50434988      0.07332155 md_running
   668    334.00000000    228.35219411      9.56400656   8285.58894226    300.00000000      0.99951798      1.37754384     -6.99753558     -1.94693580     -8.94447139      0.45349030      0.20358840      0.51651483      0.07558172 md_running
   669    334.50000000    228.60094260      9.52930788   8286.23805811    300.00000000      0.99951794      1.37765176     -6.99170973     -1.94693637     -8.93864609      0.46368873      0.20432939      0.52537221      0.07728145 md_running
   670    335.00000000    228.85459188      9.50092529   8261.91522850    300.00000000      0.99951797      1.37360790     -6.98307631     -1.94693678     -8.93001308      0.46614987      0.20493957      0.52674985      0.07769164 md_running
   671    335.50000000    229.10284986      9.47929787   8220.99593458    300.00000000      0.99951805      1.36680474     -6.97311120     -1.94693703     -8.92004823      0.46019200      0.20540701      0.51982437      0.07669867 md_running
   672    336.00000000    229.35104044      9.46466421   8166.01823018    300.00000000      0.99951815      1.35766427     -6.96227104     -1.94693713     -8.90920817      0.44759956      0.20572455      0.50609175      0.07459993 md_running
   673    336.50000000    229.59649668      9.45705638   8096.15884201    300.00000000      0.99951829      1.34604960     -6.95041084     -1.94693708     -8.89734792      0.43230383      0.20589010      0.48909795      0.07205064 md_running
   674    337.00000000    229.84758743      9.45627260   8009.04589004    300.00000000      0.99951847      1.33156639     -6.93706925     -1.94693688     -8.88400613      0.41972957      0.20590730      0.47386245      0.06995493 md_running
   675    337.50000000    230.10238948      9.46186883   7904.43525545    300.00000000      0.99951870      1.31417406     -6.92203329     -1.94693656     -8.86896985      0.41439260      0.20578574      0.46465300      0.06906543 md_running
   676    338.00000000    230.35420340      9.47325025   7786.27974806    300.00000000      0.99951896      1.29452978     -6.90593294     -1.94693611     -8.85286905      0.41570423      0.20553879      0.46146128      0.06928404 md_running
   677    338.50000000    230.60115568      9.48976963   7657.84823136    300.00000000      0.99951927      1.27317704     -6.88924307     -1.94693556     -8.83617863      0.41919959      0.20518135      0.46079688      0.06986660 md_running
   678    339.00000000    230.85230827      9.51079916   7517.55319135    300.00000000      0.99951961      1.24985190     -6.87146874     -1.94693492     -8.81840366      0.42382557      0.20472807      0.46214697      0.07063760 md_running
   679    339.50000000    231.09968001      9.53566921   7363.72032953    300.00000000      0.99952000      1.22427598     -6.85204839     -1.94693421     -8.79898259      0.43242535      0.20419457      0.46836653      0.07207089 md_running
   680    340.00000000    231.34132496      9.56350016   7203.43520864    300.00000000      0.99952044      1.19762733     -6.83201612     -1.94693344     -8.77894956      0.44590279      0.20360081      0.48029326      0.07431713 md_running
   681    340.50000000    231.58099858      9.59309356   7053.32404955    300.00000000      0.99952090      1.17267018     -6.81396099     -1.94693265     -8.76089364      0.46089364      0.20297322      0.49468328      0.07681561 md_running
   682    341.00000000    231.81956630      9.62298715   6931.64931347    300.00000000      0.99952132      1.15244080     -6.80076487     -1.94693187     -8.74769674      0.47256475      0.20234316      0.50679128      0.07876079 md_running
   683    341.50000000    232.06632870      9.65169630   6848.64000621    300.00000000      0.99952164      1.13863986     -6.79388132     -1.94693114     -8.74081245      0.47991616      0.20174173      0.51543319      0.07998603 md_running
   684    342.00000000    232.31447769      9.67799256   6802.90700388    300.00000000      0.99952184      1.13103639     -6.79276759     -1.94693048     -8.73969807      0.48571104      0.20119397      0.52302078      0.08095184 md_running
   685    342.50000000    232.54862531      9.70106371   6786.85210077    300.00000000      0.99952194      1.12836714     -6.79590965     -1.94692993     -8.74283958      0.49219147      0.20071581      0.53161276      0.08203191 md_running
   686    343.00000000    232.79467123      9.72053745   6793.78808981    300.00000000      0.99952195      1.12952030     -6.80210879     -1.94692949     -8.74903828      0.49786963      0.20031396      0.53998539      0.08297827 md_running
   687    343.50000000    233.03780184      9.73637354   6819.54133376    300.00000000      0.99952189      1.13380198     -6.81071675     -1.94692915     -8.75764590      0.49904461      0.19998835      0.54470717      0.08317410 md_running
   688    344.00000000    233.28640047      9.74880148   6858.10750471    300.00000000      0.99952178      1.14021390     -6.82084730     -1.94692892     -8.76777622      0.49448016      0.19973353      0.54459196      0.08241336 md_running
   689    344.50000000    233.53579330      9.75829157   6897.35532082    300.00000000      0.99952165      1.14673916     -6.83059909     -1.94692878     -8.77752787      0.48626982      0.19953936      0.54152640      0.08104497 md_running
   690    345.00000000    233.80187512      9.76546737   6919.89894338    300.00000000      0.99952154      1.15048721     -6.83709423     -1.94692870     -8.78402293      0.47755558      0.19939277      0.53816978      0.07959260 md_running
   691    345.50000000    234.06733263      9.77091347   6909.23181027    300.00000000      0.99952151      1.14871372     -6.83763546     -1.94692866     -8.78456412      0.47001825      0.19928164      0.53575403      0.07833637 md_running
   692    346.00000000    234.31138450      9.77495498   6856.55553970    300.00000000      0.99952160      1.13995588     -6.83076022     -1.94692866     -8.77768888      0.46467513      0.19919924      0.53509978      0.07744586 md_running
   693    346.50000000    234.55118388      9.77746879   6766.18210562    300.00000000      0.99952184      1.12493059     -6.81707900     -1.94692870     -8.76400770      0.46408794      0.19914800      0.53824914      0.07734799 md_running
   694    347.00000000    234.79536508      9.77782642   6660.47296066    300.00000000      0.99952218      1.10735562     -6.80018654     -1.94692878     -8.74711532      0.46885050      0.19914065      0.54561123      0.07814175 md_running
   695    347.50000000    235.03563411      9.77504927   6576.50905394    300.00000000      0.99952253      1.09339596     -6.78632953     -1.94692894     -8.73325848      0.47025891      0.19919713      0.54986504      0.07837649 md_running
   696    348.00000000    235.28183284      9.76815776   6544.31893651    300.00000000      0.99952274      1.08804411     -6.78065819     -1.94692921     -8.72758739      0.45699362      0.19933750      0.54171498      0.07616560 md_running
   697    348.50000000    235.52089746      9.75652684   6563.08888764    300.00000000      0.99952275      1.09116476     -6.78284889     -1.94692959     -8.72977848      0.43240785      0.19957490      0.52448987      0.07206797 md_running
   698    349.00000000    235.76588995      9.73999368   6604.64608250    300.00000000      0.99952262      1.09807396     -6.78788464     -1.94693009     -8.73481473      0.41123188      0.19991336      0.51028870      0.06853865 md_running
   699    349.50000000    236.01862734      9.71872115   6635.34075243    300.00000000      0.99952248      1.10317719     -6.79006997     -1.94693068     -8.73700065      0.40387501      0.20035058      0.50672741      0.06731250 md_running
   700    350.00000000    236.27216646      9.69295173   6630.12381114    300.00000000      0.99952242      1.10230984     -6.78521591     -1.94693137     -8.73214728      0.41724773      0.20088281      0.51863746      0.06954129 md_running
   701    350.50000000    236.51369403      9.66278715   6581.27415954    300.00000000      0.99952251      1.09418820     -6.77187535     -1.94693213     -8.71880748      0.45875006      0.20150946      0.55239519      0.07645834 md_running
   702    351.00000000    236.74817036      9.62806572   6513.22582895    300.00000000      0.99952274      1.08287463     -6.75392157     -1.94693297     -8.70085453      0.51910103      0.20223566      0.60220255      0.08651684 md_running
   703    351.50000000    236.99149874      9.58850144   6483.13378686    300.00000000      0.99952296      1.07787160     -6.74141657     -1.94693387     -8.68835044      0.55602189      0.20306958      0.63239124      0.09267032 md_running
   704    352.00000000    237.23831858      9.54412289   6530.25601711    300.00000000      0.99952293      1.08570603     -6.74162814     -1.94693484     -8.68856298      0.53791068      0.20401324      0.61427476      0.08965178 md_running
   705    352.50000000    237.48126996      9.49559196   6627.58778243    300.00000000      0.99952264      1.10188820     -6.74966993     -1.94693585     -8.69660578      0.48814743      0.20505532      0.56852616      0.08135790 md_running
   706    353.00000000    237.72799225      9.44395757   6716.05351381    300.00000000      0.99952229      1.11659632     -6.75516907     -1.94693688     -8.70210595      0.45453864      0.20617583      0.53608916      0.07575644 md_running
   707    353.50000000    237.97665553      9.39029267   6762.30256650    300.00000000      0.99952206      1.12428558     -6.75276781     -1.94693790     -8.69970571      0.46569254      0.20735349      0.53976841      0.07761542 md_running
   708    354.00000000    238.21689459      9.33570288   6770.75447309    300.00000000      0.99952198      1.12569078     -6.74357757     -1.94693890     -8.69051648      0.52885658      0.20856537      0.58750635      0.08814276 md_running
   709    354.50000000    238.45351573      9.28159631   6769.39601473    300.00000000      0.99952199      1.12546493     -6.73274239     -1.94693985     -8.67968225      0.62998793      0.20978061      0.67161487      0.10499799 md_running
   710    355.00000000    238.68920581      9.22993494   6791.04653526    300.00000000      0.99952198      1.12906449     -6.72634816     -1.94694073     -8.67328889      0.74009680      0.21095424      0.76807712      0.12334947 md_running
   711    355.50000000    238.91948753      9.18323336   6856.90109751    300.00000000      0.99952184      1.14001333     -6.72850770     -1.94694149     -8.67544919      0.82829817      0.21202658      0.84741927      0.13804970 md_running
   712    356.00000000    239.16370561      9.14420697   6970.53289493    300.00000000      0.99952155      1.15890550     -6.74034316     -1.94694211     -8.68728526      0.86916533      0.21293111      0.88411371      0.14486089 md_running
   713    356.50000000    239.40819161      9.11523294   7122.07923379    300.00000000      0.99952114      1.18410126     -6.76070169     -1.94694254     -8.70764423      0.85025894      0.21360767      0.86539317      0.14170982 md_running
   714    357.00000000    239.65632247      9.09790538   7293.59562567    300.00000000      0.99952065      1.21261720     -6.78689928     -1.94694278     -8.73384206      0.77893215      0.21401435      0.79836494      0.12982202 md_running
   715    357.50000000    239.88963899      9.09291550   7463.95464456    300.00000000      0.99952016      1.24094072     -6.81553692     -1.94694281     -8.76247973      0.68059099      0.21413178      0.70812475      0.11343183 md_running
   716    358.00000000    240.13057383      9.10016884   7614.61693436    300.00000000      0.99951972      1.26598950     -6.84345335     -1.94694264     -8.79039599      0.58736741      0.21396122      0.62560197      0.09789457 md_running
   717    358.50000000    240.36933892      9.11898814   7734.07246286    300.00000000      0.99951937      1.28584992     -6.86858654     -1.94694228     -8.81552882      0.52385971      0.21351990      0.57220886      0.08730995 md_running
   718    359.00000000    240.61385480      9.14834507   7817.80399275    300.00000000      0.99951912      1.29977094     -6.89002863     -1.94694172     -8.83697035      0.49577734      0.21283507      0.54978855      0.08262956 md_running
   719    359.50000000    240.84734571      9.18709526   7862.46488285    300.00000000      0.99951896      1.30719616     -6.90701774     -1.94694098     -8.85395871      0.49163670      0.21193783      0.54567060      0.08193945 md_running
   720    360.00000000    241.08777796      9.23415067   7860.20534453    300.00000000      0.99951890      1.30682049     -6.91802976     -1.94694005     -8.86496981      0.49934904      0.21085843      0.54890765      0.08322484 md_running
   721    360.50000000    241.33447293      9.28848968   7799.40714702    300.00000000      0.99951897      1.29671232     -6.92071491     -1.94693894     -8.86765386      0.51791030      0.20962557      0.55937408      0.08631838 md_running
   722    361.00000000    241.57950296      9.34901831   7678.60207598    300.00000000      0.99951919      1.27662753     -6.91426318     -1.94693765     -8.86120083      0.55328879      0.20826920      0.58448971      0.09221480 md_running
   723    361.50000000    241.82629493      9.41439973   7526.80171500    300.00000000      0.99951956      1.25138954     -6.90320009     -1.94693619     -8.85013628      0.59584406      0.20682372      0.61780501      0.09930734 md_running
   724    362.00000000    242.07934306      9.48303847   7394.75163331    300.00000000      0.99951996      1.22943518     -6.89628630     -1.94693457     -8.84322087      0.61518681      0.20532773      0.63149252      0.10253114 md_running
   725    362.50000000    242.32688436      9.55326569   7305.36671553    300.00000000      0.99952026      1.21457424     -6.89732276     -1.94693281     -8.84425557      0.60157336      0.20381942      0.61597420      0.10026223 md_running
   726    363.00000000    242.56299917      9.62353983   7230.58530623    300.00000000      0.99952046      1.20214125     -6.90076638     -1.94693095     -8.84769733      0.58048697      0.20233221      0.59579093      0.09674783 md_running
   727    363.50000000    242.80189015      9.69247013   7129.31686507    300.00000000      0.99952070      1.18530458     -6.89911721     -1.94692902     -8.84604623      0.57378009      0.20089445      0.59173753      0.09563002 md_running
   728    364.00000000    243.04969034      9.75874957   6981.69951224    300.00000000      0.99952106      1.16076204     -6.88891208     -1.94692706     -8.83583914      0.58216039      0.19953121      0.60392127      0.09702673 md_running
   729    364.50000000    243.29293163      9.82104408   6788.75317639    300.00000000      0.99952159      1.12868321     -6.87013873     -1.94692514     -8.81706387      0.60341544      0.19826675      0.62960800      0.10056924 md_running
   730    365.00000000    243.52943790      9.87796804   6564.37776550    300.00000000      0.99952228      1.09137904     -6.84487691     -1.94692332     -8.79180022      0.63763350      0.19712529      0.66824990      0.10627225 md_running
   731    365.50000000    243.77643782      9.92812031   6331.17664637    300.00000000      0.99952309      1.05260754     -6.81668368     -1.94692166     -8.76360534      0.68136861      0.19613049      0.71594991      0.11356144 md_running
   732    366.00000000    244.02399308      9.97014478   6114.88425537    300.00000000      0.99952395      1.01664724     -6.78968843     -1.94692024     -8.73660867      0.72519086      0.19530463      0.76332720      0.12086514 md_running
   733    366.50000000    244.27353028     10.00276814   5936.14053872    300.00000000      0.99952475      0.98692970     -6.76715825     -1.94691913     -8.71407738      0.75792097      0.19466831      0.79952672      0.12632016 md_running
   734    367.00000000    244.51420032     10.02480156   5805.97804815    300.00000000      0.99952541      0.96528917     -6.75069144     -1.94691839     -8.69760983      0.77112140      0.19424089      0.81655271      0.12852023 md_running
   735    367.50000000    244.75504137     10.03513159   5727.34212565    300.00000000      0.99952587      0.95221533     -6.74055456     -1.94691807     -8.68747263      0.76051094      0.19404113      0.81059158      0.12675182 md_running
   736    368.00000000    244.99820375     10.03275655   5699.54221791    300.00000000      0.99952611      0.94759338     -6.73637000     -1.94691819     -8.68328819      0.72754673      0.19408698      0.78342682      0.12125779 md_running
   737    368.50000000    245.23260075     10.01688142   5722.70380317    300.00000000      0.99952612      0.95144418     -6.73802065     -1.94691878     -8.68493943      0.67897323      0.19439423      0.74191036      0.11316221 md_running
   738    369.00000000    245.48555214      9.98709576   5797.68997931    300.00000000      0.99952590      0.96391121     -6.74562921     -1.94691981     -8.69254902      0.62338588      0.19497338      0.69448660      0.10389765 md_running
   739    369.50000000    245.74177062      9.94360935   5920.39233973    300.00000000      0.99952545      0.98431144     -6.75861932     -1.94692126     -8.70554058      0.56869573      0.19582521      0.64862643      0.09478262 md_running
   740    370.00000000    245.99539356      9.88741848   6075.69070687    300.00000000      0.99952484      1.01013100     -6.77463476     -1.94692305     -8.72155780      0.52322462      0.19693703      0.61162644      0.08720410 md_running
   741    370.50000000    246.25244509      9.82030328   6238.82596507    300.00000000      0.99952418      1.03725351     -6.78975285     -1.94692508     -8.73667793      0.49661083      0.19828175      0.59135834      0.08276847 md_running
   742    371.00000000    246.51162362      9.74458478   6386.51457112    300.00000000      0.99952357      1.06180790     -6.80033368     -1.94692726     -8.74726094      0.49545764      0.19982114      0.59284075      0.08257627 md_running
   743    371.50000000    246.76556005      9.66277362   6511.26749249    300.00000000      0.99952307      1.08254904     -6.80551916     -1.94692950     -8.75244866      0.51620156      0.20151160      0.61304641      0.08603359 md_running
   744    372.00000000    247.02351223      9.57732663   6626.21394951    300.00000000      0.99952267      1.10165979     -6.80812948     -1.94693170     -8.75506118      0.54439600      0.20330809      0.64003392      0.09073267 md_running
   745    372.50000000    247.28336765      9.49071528   6751.29810489    300.00000000      0.99952227      1.12245601     -6.81225874     -1.94693382     -8.75919257      0.56429785      0.20516215      0.66026780      0.09404964 md_running
   746    373.00000000    247.53508511      9.40568836   6891.10013170    300.00000000      0.99952183      1.14569919     -6.81932105     -1.94693580     -8.76625685      0.57243768      0.20701558      0.67033661      0.09540628 md_running
   747    373.50000000    247.78269610      9.32536034   7027.85559518    300.00000000      0.99952138      1.16843585     -6.82680973     -1.94693757     -8.77374730      0.57832461      0.20879768      0.67810094      0.09638743 md_running
   748    374.00000000    248.02707181      9.25291462   7136.60164914    300.00000000      0.99952099      1.18651573     -6.83099694     -1.94693911     -8.77793605      0.59325625      0.21043148      0.69305454      0.09887604 md_running
   749    374.50000000    248.27337484      9.19112879   7206.35766508    300.00000000      0.99952073      1.19811321     -6.83055470     -1.94694039     -8.77749509      0.61905543      0.21184525      0.71658734      0.10317590 md_running
   750    375.00000000    248.53081970      9.14199945   7249.08545621    300.00000000      0.99952058      1.20521704     -6.82810503     -1.94694140     -8.77504643      0.64467432      0.21298305      0.73897282      0.10744572 md_running
   751    375.50000000    248.79901819      9.10655356   7288.16154491    300.00000000      0.99952047      1.21171374     -6.82803735     -1.94694215     -8.77497950      0.65483111      0.21381157      0.74651861      0.10913852 md_running
   752    376.00000000    249.05989733      9.08481967   7337.04038163    300.00000000      0.99952035      1.21984023     -6.83275456     -1.94694265     -8.77969722      0.64432953      0.21432274      0.73450893      0.10738825 md_running
   753    376.50000000    249.31505380      9.07587050   7390.47939199    300.00000000      0.99952020      1.22872489     -6.84106071     -1.94694294     -8.78800364      0.62198166      0.21453388      0.71077959      0.10366361 md_running
   754    377.00000000    249.56701594      9.07794922   7435.03109315    300.00000000      0.99952006      1.23613195     -6.85018378     -1.94694303     -8.79712681      0.59895930      0.21448468      0.68527628      0.09982655 md_running
   755    377.50000000    249.81741025      9.08864090   7462.17647127    300.00000000      0.99951996      1.24064508     -6.85818797     -1.94694297     -8.80513093      0.58041336      0.21423239      0.66247943      0.09673556 md_running
   756    378.00000000    250.07976132      9.10514104   7470.96216310    300.00000000      0.99951992      1.24210577     -6.86434155     -1.94694279     -8.81128434      0.56755481      0.21384427      0.64349865      0.09459247 md_running
   757    378.50000000    250.33549457      9.12452336   7465.30651755    300.00000000      0.99951991      1.24116548     -6.86868123     -1.94694253     -8.81562376      0.56022907      0.21339017      0.62843029      0.09337151 md_running
   758    379.00000000    250.59358099      9.14397576   7451.78056001    300.00000000      0.99951994      1.23891668     -6.87170633     -1.94694224     -8.81864857      0.55865066      0.21293640      0.61778234      0.09310844 md_running
   759    379.50000000    250.85797721      9.16097915   7437.85193067    300.00000000      0.99951998      1.23660094     -6.87415297     -1.94694196     -8.82109493      0.56509286      0.21254135      0.61400038      0.09418214 md_running
   760    380.00000000    251.11285602      9.17349832   7429.64247656    300.00000000      0.99952001      1.23523605     -6.87663734     -1.94694172     -8.82357906      0.58424045      0.21225144      0.62211167      0.09737341 md_running
   761    380.50000000    251.37215231      9.18013491   7429.75057762    300.00000000      0.99952002      1.23525403     -6.87931556     -1.94694155     -8.82625711      0.62137681      0.21209812      0.64803640      0.10356280 md_running
   762    381.00000000    251.63702845      9.18020848   7435.65859827    300.00000000      0.99952001      1.23623628     -6.88164700     -1.94694146     -8.82858846      0.67936570      0.21209648      0.69577315      0.11322762 md_running
   763    381.50000000    251.90226090      9.17373700   7438.81660827    300.00000000      0.99951999      1.23676132     -6.88219101     -1.94694147     -8.82913248      0.75395363      0.21224610      0.76224606      0.12565894 md_running
   764    382.00000000    252.16453571      9.16130179   7426.65875228    300.00000000      0.99951999      1.23473999     -6.87891336     -1.94694157     -8.82585493      0.83353633      0.21253415      0.83637309      0.13892272 md_running
   765    382.50000000    252.42087755      9.14381470   7388.73779189    300.00000000      0.99952005      1.22843533     -6.87016036     -1.94694174     -8.81710210      0.90335469      0.21294051      0.90320116      0.15055912 md_running
   766    383.00000000    252.67492381      9.12235736   7327.19884637    300.00000000      0.99952019      1.21820400     -6.85635988     -1.94694198     -8.80330186      0.95142440      0.21344125      0.95043912      0.15857073 md_running
   767    383.50000000    252.93587001      9.09812956   7267.40476974    300.00000000      0.99952037      1.20826277     -6.84194371     -1.94694229     -8.78888600      0.97295397      0.21400945      0.97282874      0.16215899 md_running
   768    384.00000000    253.19345274      9.07261624   7257.80466054    300.00000000      0.99952050      1.20666668     -6.83550284     -1.94694263     -8.78244548      0.96676954      0.21461105      0.96873900      0.16112826 md_running
   769    384.50000000    253.45159637      9.04780571   7344.81633686    300.00000000      0.99952041      1.22113305     -6.84576740     -1.94694300     -8.79271040      0.93092597      0.21519932      0.93574567      0.15515433 md_running
   770    385.00000000    253.71555644      9.02616500   7528.32295379    300.00000000      0.99952002      1.25164245     -6.87348648     -1.94694336     -8.82042984      0.87265171      0.21571504      0.88076473      0.14544195 md_running
   771    385.50000000    253.97495421      9.01010758   7750.18162726    300.00000000      0.99951945      1.28852819     -6.90892788     -1.94694366     -8.85587154      0.81214277      0.21609928      0.82387122      0.13535713 md_running
   772    386.00000000    254.22630721      9.00114683   7939.40642065    300.00000000      0.99951891      1.31998829     -6.94007237     -1.94694388     -8.88701624      0.76117856      0.21631426      0.77669119      0.12686309 md_running
   773    386.50000000    254.47275662      8.99928219   8054.95743265    300.00000000      0.99951854      1.33919955     -6.96019039     -1.94694400     -8.90713439      0.71450301      0.21635899      0.73396926      0.11908383 md_running
   774    387.00000000    254.72194264      9.00293387   8085.01718558    300.00000000      0.99951838      1.34419721     -6.96720023     -1.94694405     -8.91414428      0.66758848      0.21627120      0.69120708      0.11126475 md_running
   775    387.50000000    254.97096025      9.00924657   8032.37863973    300.00000000      0.99951841      1.33544565     -6.96090993     -1.94694405     -8.90785398      0.62629549      0.21611965      0.65415621      0.10438258 md_running
   776    388.00000000    255.23041224      9.01446161   7915.26146206    300.00000000      0.99951862      1.31597400     -6.94338754     -1.94694406     -8.89033160      0.60147025      0.21599460      0.63306963      0.10024504 md_running
   777    388.50000000    255.48201073      9.01435811   7775.34571507    300.00000000      0.99951895      1.29271192     -6.92067321     -1.94694413     -8.86761734      0.59393731      0.21599703      0.62827113      0.09898955 md_running
   778    389.00000000    255.73615131      9.00490959   7669.59872337    300.00000000      0.99951928      1.27513065     -6.90181277     -1.94694431     -8.84875708      0.58407573      0.21622354      0.62088647      0.09734595 md_running
   779    389.50000000    255.99023594      8.98319924   7634.29754759    300.00000000      0.99951946      1.26926156     -6.89261698     -1.94694466     -8.83956164      0.55431804      0.21674588      0.59455883      0.09238634 md_running
   780    390.00000000    256.24809146      8.94804855   7658.51453695    300.00000000      0.99951946      1.27328782     -6.89064037     -1.94694518     -8.83758554      0.51758974      0.21759700      0.56186964      0.08626496 md_running
   781    390.50000000    256.50997533      8.89989434   7707.25306815    300.00000000      0.99951936      1.28139098     -6.88967792     -1.94694585     -8.83662377      0.49672085      0.21877391      0.54409000      0.08278681 md_running
   782    391.00000000    256.77207838      8.84025486   7756.89803700    300.00000000      0.99951923      1.28964485     -6.88607019     -1.94694664     -8.83301683      0.49563999      0.22024932      0.54441748      0.08260666 md_running
   783    391.50000000    257.03085259      8.77138051   7800.89705230    300.00000000      0.99951911      1.29696003     -6.87938057     -1.94694752     -8.82632809      0.50574236      0.22197818      0.55476978      0.08429039 md_running
   784    392.00000000    257.26768922      8.69613401   7837.53482793    300.00000000      0.99951902      1.30305134     -6.86997836     -1.94694843     -8.81692680      0.52067118      0.22389833      0.56950094      0.08677853 md_running
   785    392.50000000    257.51592161      8.61787764   7863.36138053    300.00000000      0.99951894      1.30734521     -6.85795208     -1.94694934     -8.80490142      0.53887633      0.22593087      0.58755664      0.08981272 md_running
   786    393.00000000    257.77147493      8.54025622   7876.71179397    300.00000000      0.99951889      1.30956482     -6.84376323     -1.94695020     -8.79071343      0.55937570      0.22798376      0.60845403      0.09322928 md_running
   787    393.50000000    258.02585628      8.46696041   7882.57449736    300.00000000      0.99951887      1.31053954     -6.82911341     -1.94695098     -8.77606439      0.57769927      0.22995681      0.62848093      0.09628321 md_running
   788    394.00000000    258.27980110      8.40155286   7889.79212266    300.00000000      0.99951886      1.31173952     -6.81645301     -1.94695166     -8.76340466      0.58709830      0.23174660      0.64156536      0.09784972 md_running
   789    394.50000000    258.53899467      8.34739089   7900.24125140    300.00000000      0.99951884      1.31347677     -6.80702057     -1.94695220     -8.75397277      0.58516361      0.23324991      0.64545841      0.09752727 md_running
   790    395.00000000    258.79888425      8.30746653   7902.18682777    300.00000000      0.99951881      1.31380024     -6.79950894     -1.94695261     -8.74646155      0.57717233      0.23437058      0.64491549      0.09619539 md_running
   791    395.50000000    259.05608171      8.28405654   7877.00990737    300.00000000      0.99951883      1.30961438     -6.79126554     -1.94695288     -8.73821842      0.56934970      0.23503270      0.64519630      0.09489162 md_running
   792    396.00000000    259.31971610      8.27838164   7811.43274104    300.00000000      0.99951894      1.29871167     -6.78027876     -1.94695300     -8.72723176      0.56500016      0.23519373      0.64877000      0.09416669 md_running
   793    396.50000000    259.57140306      8.29041503   7708.47739582    300.00000000      0.99951915      1.28159454     -6.76694449     -1.94695298     -8.71389747      0.56918222      0.23485235      0.65968038      0.09486370 md_running
   794    397.00000000    259.82070908      8.31889049   7594.13742239    300.00000000      0.99951944      1.26258462     -6.75534879     -1.94695283     -8.70230162      0.58257229      0.23404855      0.67808693      0.09709538 md_running
   795    397.50000000    260.06967653      8.36157093   7505.61260024    300.00000000      0.99951972      1.24786668     -6.75160434     -1.94695256     -8.69855689      0.58987060      0.23285406      0.69044594      0.09831177 md_running
   796    398.00000000    260.32291474      8.41565561   7457.96820571    300.00000000      0.99951990      1.23994543     -6.75771340     -1.94695218     -8.70466559      0.57847752      0.23135782      0.68606498      0.09641292 md_running
   797    398.50000000    260.57875284      8.47796549   7432.66077241    300.00000000      0.99951998      1.23573787     -6.76930560     -1.94695172     -8.71625732      0.55899300      0.22965772      0.67425755      0.09316550 md_running
   798    399.00000000    260.83117288      8.54493612   7408.50418182    300.00000000      0.99952004      1.23172165     -6.78176976     -1.94695120     -8.72872096      0.54393644      0.22785812      0.66508664      0.09065607 md_running
   799    399.50000000    261.08571442      8.61280672   7383.75702533    300.00000000      0.99952011      1.22760724     -6.79406269     -1.94695064     -8.74101333      0.53379564      0.22606291      0.65844812      0.08896594 md_running
   800    400.00000000    261.33706127      8.67799388   7369.74491325    300.00000000      0.99952017      1.22527762     -6.80744234     -1.94695008     -8.75439242      0.52467301      0.22436513      0.65092040      0.08744550 md_running
   801    400.50000000    261.58668972      8.73745693   7378.76952143    300.00000000      0.99952019      1.22677803     -6.82334692     -1.94694955     -8.77029648      0.51378527      0.22283854      0.64037930      0.08563088 md_running
   802    401.00000000    261.84586464      8.78890534   7416.83253797    300.00000000      0.99952012      1.23310630     -6.84231674     -1.94694908     -8.78926581      0.49969780      0.22153438      0.62585561      0.08328297 md_running
   803    401.50000000    262.09484985      8.83083251   7482.08726088    300.00000000      0.99951998      1.24395541     -6.86371748     -1.94694868     -8.81066617      0.48305266      0.22048282      0.60798728      0.08050878 md_running
   804    402.00000000    262.33036131      8.86248808   7566.06309646    300.00000000      0.99951978      1.25791705     -6.88601718     -1.94694838     -8.83296556      0.46596017      0.21969547      0.58849437      0.07766003 md_running
   805    402.50000000    262.58054415      8.88380021   7654.78625164    300.00000000      0.99951954      1.27266796     -6.90687199     -1.94694818     -8.85382018      0.45245291      0.21916854      0.57065712      0.07540882 md_running
   806    403.00000000    262.82480661      8.89523632   7731.47796424    300.00000000      0.99951932      1.28541856     -6.92356641     -1.94694809     -8.87051450      0.44830769      0.21888683      0.55918858      0.07471795 md_running
   807    403.50000000    263.07668873      8.89767358   7780.56318678    300.00000000      0.99951916      1.29357936     -6.93365120     -1.94694808     -8.88059928      0.45987977      0.21882688      0.55975268      0.07664663 md_running
   808    404.00000000    263.32292722      8.89229257   7792.76439705    300.00000000      0.99951908      1.29560791     -6.93577230     -1.94694815     -8.88272046      0.49135035      0.21895925      0.57712813      0.08189172 md_running
   809    404.50000000    263.57941979      8.88049551   7769.14912529    300.00000000      0.99951909      1.29168168     -6.93040976     -1.94694829     -8.87735805      0.54150399      0.21925003      0.61203162      0.09025067 md_running
   810    405.00000000    263.83798130      8.86387605   7720.91550882    300.00000000      0.99951919      1.28366247     -6.91981901     -1.94694848     -8.86676749      0.60135101      0.21966100      0.65774740      0.10022517 md_running
   811    405.50000000    264.09620294      8.84417003   7662.92899797    300.00000000      0.99951933      1.27402176     -6.90701595     -1.94694870     -8.85396465      0.65588853      0.22015029      0.70067232      0.10931475 md_running
   812    406.00000000    264.35061358      8.82312878   7600.40633062    300.00000000      0.99951948      1.26362688     -6.89340386     -1.94694893     -8.84035279      0.69122474      0.22067516      0.72713031      0.11520412 md_running
   813    406.50000000    264.60852837      8.80226432   7520.98305715    300.00000000      0.99951965      1.25042214     -6.87706491     -1.94694915     -8.82401406      0.70392506      0.22119810      0.73340432      0.11732084 md_running
   814    407.00000000    264.87072952      8.78240106   7410.21362106    300.00000000      0.99951989      1.23200586     -6.85534305     -1.94694936     -8.80229241      0.70359485      0.22169826      0.72905537      0.11726581 md_running
   815    407.50000000    265.13346534      8.76321574   7284.23204370    300.00000000      0.99952023      1.21106043     -6.83063268     -1.94694956     -8.77758224      0.70068802      0.22218349      0.72490303      0.11678134 md_running
   816    408.00000000    265.38696790      8.74325186   7198.48597143    300.00000000      0.99952057      1.19680448     -6.81244261     -1.94694977     -8.75939238      0.68562829      0.22269069      0.71203633      0.11427138 md_running
   817    408.50000000    265.64599156      8.72069407   7199.70846312    300.00000000      0.99952070      1.19700773     -6.80888448     -1.94695000     -8.75583448      0.64349792      0.22326657      0.67583942      0.10724965 md_running
   818    409.00000000    265.90196388      8.69428827   7275.75674050    300.00000000      0.99952057      1.20965135     -6.81737462     -1.94695028     -8.76432490      0.58503828      0.22394448      0.62642909      0.09750638 md_running
   819    409.50000000    266.15611876      8.66346628   7374.06858648    300.00000000      0.99952030      1.22599646     -6.82841132     -1.94695060     -8.77536192      0.53331580      0.22474100      0.58528169      0.08888597 md_running
   820    410.00000000    266.39116562      8.62792041   7451.17339357    300.00000000      0.99952005      1.23881574     -6.83447587     -1.94695096     -8.78142683      0.50187376      0.22566667      0.56397431      0.08364563 md_running
   821    410.50000000    266.64440555      8.58728684   7495.28244348    300.00000000      0.99951989      1.24614921     -6.83359351     -1.94695135     -8.78054486      0.49075141      0.22673422      0.56121853      0.08179190 md_running
   822    411.00000000    266.89953304      8.54115843   7520.60730523    300.00000000      0.99951981      1.25035967     -6.82819188     -1.94695178     -8.77514366      0.49155602      0.22795847      0.56872020      0.08192600 md_running
   823    411.50000000    267.15576094      8.48925653   7551.24248247    300.00000000      0.99951975      1.25545300     -6.82238891     -1.94695225     -8.76934115      0.49377514      0.22935186      0.57695150      0.08229586 md_running
   824    412.00000000    267.40707528      8.43169554   7604.17628006    300.00000000      0.99951965      1.26425366     -6.81916846     -1.94695274     -8.76612119      0.48928933      0.23091726      0.57878414      0.08154822 md_running
   825    412.50000000    267.66333339      8.36931090   7677.78541388    300.00000000      0.99951948      1.27649175     -6.81844306     -1.94695324     -8.76539630      0.47637625      0.23263818      0.57292519      0.07939604 md_running
   826    413.00000000    267.92233226      8.30381268   7750.07575012    300.00000000      0.99951927      1.28851059     -6.81680149     -1.94695374     -8.76375523      0.46130459      0.23447283      0.56479304      0.07688410 md_running
   827    413.50000000    268.15943947      8.23764207   7790.40896032    300.00000000      0.99951912      1.29521630     -6.80945625     -1.94695422     -8.75641047      0.45375485      0.23635596      0.56247750      0.07562581 md_running
   828    414.00000000    268.41269733      8.17340906   7778.03643199    300.00000000      0.99951908      1.29315927     -6.79343709     -1.94695466     -8.74039175      0.45892612      0.23821313      0.57026190      0.07648769 md_running
   829    414.50000000    268.66762931      8.11321981   7711.37221967    300.00000000      0.99951918      1.28207582     -6.76902095     -1.94695505     -8.71597600      0.47514422      0.23998008      0.58682598      0.07919070 md_running
   830    415.00000000    268.91755682      8.05831882   7606.82917767    300.00000000      0.99951940      1.26469473     -6.73933318     -1.94695538     -8.68628856      0.49730140      0.24161483      0.60794525      0.08288357 md_running
   831    415.50000000    269.17367063      8.00907711   7491.22206706    300.00000000      0.99951970      1.24547414     -6.70908335     -1.94695567     -8.65603902      0.51962785      0.24310013      0.62862874      0.08660464 md_running
   832    416.00000000    269.42457917      7.96529573   7390.55378637    300.00000000      0.99952000      1.22873725     -6.68267715     -1.94695592     -8.62963307      0.53865068      0.24443617      0.64575106      0.08977511 md_running
   833    416.50000000    269.67146753      7.92658913   7320.80532909    300.00000000      0.99952024      1.21714103     -6.66276788     -1.94695613     -8.60972401      0.55344879      0.24562963      0.65829822      0.09224146 md_running
   834    417.00000000    269.92650586      7.89273048   7283.79262922    300.00000000      0.99952039      1.21098738     -6.64956138     -1.94695631     -8.59651769      0.56494407      0.24668322      0.66696304      0.09415734 md_running
   835    417.50000000    270.16994125      7.86380091   7268.67035075    300.00000000      0.99952045      1.20847318     -6.64128439     -1.94695647     -8.58824085      0.57626484      0.24759062      0.67474936      0.09604414 md_running
   836    418.00000000    270.41791903      7.84001879   7259.53593391    300.00000000      0.99952048      1.20695451     -6.63510441     -1.94695659     -8.58206100      0.59073668      0.24834158      0.68507875      0.09845611 md_running
   837    418.50000000    270.66398474      7.82137755   7249.58456212    300.00000000      0.99952050      1.20530002     -6.62982638     -1.94695668     -8.57678306      0.60721360      0.24893340      0.69725498      0.10120227 md_running
   838    419.00000000    270.91843358      7.80740911   7249.22955354    300.00000000      0.99952053      1.20524100     -6.62719751     -1.94695675     -8.57415426      0.61817407      0.24937873      0.70473928      0.10302901 md_running
   839    419.50000000    271.17668367      7.79728800   7276.53248970    300.00000000      0.99952050      1.20978032     -6.63028080     -1.94695679     -8.57723759      0.61468256      0.24970240      0.69964153      0.10244709 md_running
   840    420.00000000    271.43598068      7.79011979   7340.07604044    300.00000000      0.99952037      1.22034493     -6.64034985     -1.94695682     -8.58730667      0.59476173      0.24993215      0.68057887      0.09912696 md_running
   841    420.50000000    271.69784944      7.78505554   7434.40184892    300.00000000      0.99952015      1.23602734     -6.65609230     -1.94695684     -8.60304914      0.56481662      0.25009472      0.65375030      0.09413610 md_running
   842    421.00000000    271.96212410      7.78115514   7550.99246072    300.00000000      0.99951986      1.25541144     -6.67579806     -1.94695685     -8.62275490      0.52882705      0.25022008      0.62286898      0.08813784 md_running
   843    421.50000000    272.22099138      7.77733969   7682.32563384    300.00000000      0.99951953      1.27724660     -6.69807358     -1.94695686     -8.64503044      0.48581306      0.25034283      0.58699190      0.08096884 md_running
   844    422.00000000    272.47823977      7.77259361   7813.01785884    300.00000000      0.99951918      1.29897520     -6.72017996     -1.94695687     -8.66713683      0.44485920      0.25049568      0.55338353      0.07414320 md_running
   845    422.50000000    272.73484295      7.76620636   7919.39914936    300.00000000      0.99951888      1.31666192     -6.73776658     -1.94695689     -8.68472348      0.43316473      0.25070168      0.54320822      0.07219412 md_running
   846    423.00000000    272.98472155      7.75781040   7981.84891027    300.00000000      0.99951867      1.32704468     -6.74743411     -1.94695693     -8.69439104      0.47912150      0.25097298      0.57902458      0.07985358 md_running
   847    423.50000000    273.22086479      7.74736472   7993.25579059    300.00000000      0.99951858      1.32894117     -6.74797218     -1.94695697     -8.69492916      0.58497195      0.25131134      0.66739417      0.09749532 md_running
   848    424.00000000    273.47838967      7.73506209   7959.61610919    300.00000000      0.99951861      1.32334831     -6.74047537     -1.94695703     -8.68743240      0.72749033      0.25171101      0.79363621      0.12124839 md_running
   849    424.50000000    273.73473772      7.72108679   7896.44466611    300.00000000      0.99951873      1.31284556     -6.72755712     -1.94695710     -8.67451421      0.87266657      0.25216656      0.92765017      0.14544443 md_running
   850    425.00000000    273.99385605      7.70519561   7834.32499921    300.00000000      0.99951890      1.30251768     -6.71387265     -1.94695718     -8.66082982      0.98492635      0.25268657      1.03441020      0.16415439 md_running
   851    425.50000000    274.23845873      7.68630986   7839.95886646    300.00000000      0.99951900      1.30345436     -6.71018130     -1.94695727     -8.65713857      1.03275909      0.25330737      1.08155729      0.17212651 md_running
   852    426.00000000    274.47941311      7.66318235   7998.14913821    300.00000000      0.99951884      1.32975472     -6.73177826     -1.94695739     -8.67873565      0.98976496      0.25407176      1.04185881      0.16496083 md_running
   853    426.50000000    274.71114846      7.63643246   8309.02964378    300.00000000      0.99951826      1.38144103     -6.77960047     -1.94695753     -8.72655800      0.86669911      0.25496165      0.92585444      0.14444985 md_running
   854    427.00000000    274.96495541      7.60917181   8655.57697486    300.00000000      0.99951749      1.43905723     -6.83291650     -1.94695768     -8.77987417      0.73285461      0.25587497      0.80186381      0.12214244 md_running
   855    427.50000000    275.22212378      7.58469801   8930.89180504    300.00000000      0.99951685      1.48483047     -6.87383991     -1.94695781     -8.82079772      0.64704652      0.25670051      0.72513037      0.10784109 md_running
   856    428.00000000    275.47421708      7.56453426   9120.63645861    300.00000000      0.99951642      1.51637700     -6.90112632     -1.94695792     -8.84808424      0.60530802      0.25738467      0.68939946      0.10088467 md_running
   857    428.50000000    275.72471227      7.54838218   9259.87815795    300.00000000      0.99951614      1.53952702     -6.92130196     -1.94695801     -8.86825997      0.57613281      0.25793535      0.66466922      0.09602214 md_running
   858    429.00000000    275.97192754      7.53485339   9371.85165342    300.00000000      0.99951593      1.55814349     -6.93804575     -1.94695809     -8.88500384      0.55229204      0.25839841      0.64462740      0.09204867 md_running
   859    429.50000000    276.22825298      7.52206113   9451.18661663    300.00000000      0.99951576      1.57133355     -6.94978435     -1.94695817     -8.89674252      0.55000652      0.25883779      0.64425663      0.09166775 md_running
   860    430.00000000    276.48057593      7.50800446   9477.21562883    300.00000000      0.99951566      1.57566107     -6.95233374     -1.94695825     -8.89929200      0.58018715      0.25932233      0.67399872      0.09669786 md_running
   861    430.50000000    276.71656755      7.49074852   9425.68942786    300.00000000      0.99951567      1.56709444     -6.94108289     -1.94695835     -8.88804124      0.65394059      0.25991964      0.74437535      0.10899010 md_running
   862    431.00000000    276.96314678      7.46833492   9284.54190392    300.00000000      0.99951583      1.54362756     -6.91291694     -1.94695846     -8.85987540      0.78316665      0.26069961      0.86670865      0.13052778 md_running
   863    431.50000000    277.22168310      7.43864057   9086.40935792    300.00000000      0.99951615      1.51068648     -6.87260853     -1.94695860     -8.81956713      0.93966903      0.26174018      1.01591317      0.15661150 md_running
   864    432.00000000    277.47515216      7.39940979   8918.32338848    300.00000000      0.99951652      1.48274088     -6.83456563     -1.94695878     -8.78152441      1.05487302      0.26312776      1.12685878      0.17581217 md_running
   865    432.50000000    277.72709121      7.34863987   8874.89107712    300.00000000      0.99951675      1.47551991     -6.81490286     -1.94695900     -8.76186186      1.06993996      0.26494547      1.14217571      0.17832333 md_running
   866    433.00000000    277.98803204      7.28511890   8993.12130450    300.00000000      0.99951668      1.49517661     -6.81954652     -1.94695926     -8.76650578      0.97989040      0.26725540      1.05777629      0.16331507 md_running
   867    433.50000000    278.24193009      7.20868225   9239.09984374    300.00000000      0.99951632      1.53607247     -6.84213330     -1.94695956     -8.78909286      0.83518361      0.27008898      0.92444387      0.13919727 md_running
   868    434.00000000    278.49006387      7.12022868   9549.94156379    300.00000000      0.99951581      1.58775233     -6.87186485     -1.94695987     -8.81882472      0.70213563      0.27344400      0.80659244      0.11702261 md_running
   869    434.50000000    278.74311270      7.02172709   9873.60315131    300.00000000      0.99951528      1.64156359     -6.90043441     -1.94696020     -8.84739461      0.62182843      0.27727964      0.73992708      0.10363807 md_running
   870    435.00000000    278.98473869      6.91627534  10177.29552876    300.00000000      0.99951479      1.69205482     -6.92335956     -1.94696052     -8.87032008      0.59773067      0.28150704      0.72352883      0.09962178 md_running
   871    435.50000000    279.23082582      6.80796470  10436.20167506    300.00000000      0.99951438      1.73509999     -6.93766669     -1.94696081     -8.88462750      0.60751846      0.28598540      0.73598828      0.10125308 md_running
   872    436.00000000    279.49417127      6.70145607  10619.78854824    300.00000000      0.99951407      1.76562274     -6.93983426     -1.94696107     -8.88679534      0.62291191      0.29053044      0.75268213      0.10381865 md_running
   873    436.50000000    279.74587893      6.60142352  10680.08804419    300.00000000      0.99951389      1.77564800     -6.92318276     -1.94696130     -8.87014406      0.63234048      0.29493270      0.76370223      0.10539008 md_running
   874    437.00000000    279.99501305      6.51158813  10569.08698210    300.00000000      0.99951390      1.75719321     -6.87978087     -1.94696148     -8.82674235      0.67060944      0.29900150      0.79862643      0.11176824 md_running
   875    437.50000000    280.23740376      6.43344031  10352.26846809    300.00000000      0.99951416      1.72114544     -6.81868449     -1.94696163     -8.76564612      0.78362898      0.30263338      0.89842767      0.13060483 md_running
   876    438.00000000    280.48117624      6.36597933  10286.78657604    300.00000000      0.99951443      1.71025856     -6.78729880     -1.94696175     -8.73426055      0.81655697      0.30584031      0.92756737      0.13609283 md_running
   877    438.50000000    280.72968880      6.30821756  10468.52948312    300.00000000      0.99951431      1.74047474     -6.80532921     -1.94696184     -8.75229105      0.67201791      0.30864068      0.80072117      0.11200299 md_running
   878    439.00000000    280.95778578      6.26079029  10640.82791315    300.00000000      0.99951400      1.76912070     -6.82278383     -1.94696192     -8.76974574      0.56683513      0.31097865      0.71486602      0.09447252 md_running
   879    439.50000000    281.19826379      6.22382541  10614.27751007    300.00000000      0.99951389      1.76470649     -6.80787692     -1.94696197     -8.75483889      0.58497648      0.31282559      0.73358831      0.09749608 md_running
   880    440.00000000    281.44334519      6.19577611  10404.23960340    300.00000000      0.99951407      1.72978604     -6.76480705     -1.94696201     -8.71176906      0.66001796      0.31424176      0.80078778      0.11000299 md_running
   881    440.50000000    281.67310090      6.17417193  10090.04883577    300.00000000      0.99951446      1.67754938     -6.70652655     -1.94696204     -8.65348858      0.75798639      0.31534131      0.88984433      0.12633106 md_running
   882    441.00000000    281.92180764      6.15640358   9749.83099970    300.00000000      0.99951496      1.62098551     -6.64510271     -1.94696205     -8.59206477      0.86083948      0.31625142      0.98555788      0.14347325 md_running
   883    441.50000000    282.15847749      6.13996730   9458.99150042    300.00000000      0.99951548      1.57263117     -6.59229095     -1.94696207     -8.53925302      0.94096413      0.31709799      1.06225177      0.15682735 md_running
   884    442.00000000    282.37989454      6.12271421   9283.77145138    300.00000000      0.99951588      1.54349947     -6.55879611     -1.94696208     -8.50575819      0.96952576      0.31799152      1.09187973      0.16158763 md_running
   885    442.50000000    282.59709655      6.10319545   9255.80715547    300.00000000      0.99951606      1.53885019     -6.54964263     -1.94696210     -8.49660473      0.93455092      0.31900848      1.06276917      0.15575849 md_running
   886    443.00000000    282.81308346      6.08058388   9358.84018438    300.00000000      0.99951598      1.55598023     -6.56160648     -1.94696213     -8.50856860      0.84996384      0.32019474      0.98860771      0.14166064 md_running
   887    443.50000000    283.03307036      6.05432018   9549.81149939    300.00000000      0.99951572      1.58773070     -6.58688742     -1.94696215     -8.53384957      0.74768207      0.32158373      0.89981122      0.12461368 md_running
   888    444.00000000    283.27556939      6.02393700   9793.48056749    300.00000000      0.99951536      1.62824259     -6.61932889     -1.94696219     -8.56629108      0.65945759      0.32320568      0.82453762      0.10990960 md_running
   889    444.50000000    283.53203276      5.98937724  10074.51560686    300.00000000      0.99951494      1.67496686     -6.65660742     -1.94696222     -8.60356964      0.60010499      0.32507060      0.77329214      0.10001750 md_running
   890    445.00000000    283.77934712      5.95171646  10378.90071551    300.00000000      0.99951451      1.72557326     -6.69706284     -1.94696226     -8.64402510      0.56565828      0.32712752      0.74044917      0.09427638 md_running
   891    445.50000000    284.02207492      5.91368308  10668.15059502    300.00000000      0.99951408      1.77366331     -6.73534084     -1.94696230     -8.68230314      0.54988417      0.32923138      0.72017268      0.09164736 md_running
   892    446.00000000    284.27545201      5.87923461  10864.73990102    300.00000000      0.99951373      1.80634781     -6.75986979     -1.94696233     -8.70683212      0.55560624      0.33116042      0.71580036      0.09260104 md_running
   893    446.50000000    284.53421077      5.85194987  10861.72555714    300.00000000      0.99951357      1.80584666     -6.75337069     -1.94696236     -8.70033305      0.61607488      0.33270444      0.75936539      0.10267915 md_running
   894    447.00000000    284.79455537      5.83200443  10617.46984049    300.00000000      0.99951373      1.76523724     -6.70606303     -1.94696237     -8.65302540      0.78960172      0.33384228      0.91056068      0.13160029 md_running
   895    447.50000000    285.05069633      5.81391076  10353.11642363    300.00000000      0.99951415      1.72128642     -6.65270797     -1.94696239     -8.59967035      0.97637989      0.33488123      1.08483535      0.16272998 md_running
   896    448.00000000    285.29267426      5.79245514  10395.23347543    300.00000000      0.99951436      1.72828871     -6.65646495     -1.94696241     -8.60342736      0.91982631      0.33612163      1.03564061      0.15330439 md_running
   897    448.50000000    285.53370974      5.77365188  10608.71707844    300.00000000      0.99951408      1.76378202     -6.69138151     -1.94696242     -8.63834393      0.75003822      0.33721627      0.88529593      0.12500637 md_running
   898    449.00000000    285.78358796      5.76843452  10664.85083394    300.00000000      0.99951386      1.77311470     -6.70019458     -1.94696243     -8.64715701      0.68730907      0.33752127      0.83540501      0.11455151 md_running
   899    449.50000000    286.04554223      5.78133595  10514.72280992    300.00000000      0.99951395      1.74815474     -6.67971552     -1.94696241     -8.62667794      0.68468218      0.33676808      0.84006671      0.11411370 md_running
   900    450.00000000    286.31168221      5.81000340  10253.50622956    300.00000000      0.99951426      1.70472544     -6.64669631     -1.94696238     -8.59365869      0.68426912      0.33510645      0.84678802      0.11404485 md_running
   901    450.50000000    286.56818319      5.84885269   9954.82961755    300.00000000      0.99951468      1.65506813     -6.61128053     -1.94696233     -8.55824286      0.68386795      0.33288066      0.85249324      0.11397799 md_running
   902    451.00000000    286.82580806      5.89159094   9654.19943154    300.00000000      0.99951513      1.60508601     -6.57678593     -1.94696227     -8.52374821      0.69118972      0.33046596      0.86371093      0.11519829 md_running
   903    451.50000000    287.08023921      5.93226422   9376.04926362    300.00000000      0.99951561      1.55884138     -6.54515689     -1.94696222     -8.49211911      0.70414662      0.32820024      0.87886726      0.11735777 md_running
   904    452.00000000    287.33037616      5.96567918   9146.27402605    300.00000000      0.99951604      1.52063945     -6.51911279     -1.94696217     -8.46607497      0.71425814      0.32636197      0.89107934      0.11904302 md_running
   905    452.50000000    287.58561939      5.98761503   8988.71793285    300.00000000      0.99951640      1.49444452     -6.50132825     -1.94696214     -8.44829040      0.71535394      0.32516636      0.89540308      0.11922566 md_running
   906    453.00000000    287.83587554      5.99494726   8919.42856134    300.00000000      0.99951661      1.48292462     -6.49355795     -1.94696214     -8.44052009      0.70640536      0.32476867      0.89113033      0.11773423 md_running
   907    453.50000000    288.09124127      5.98579569   8945.64250308    300.00000000      0.99951665      1.48728289     -6.49638480     -1.94696215     -8.44334695      0.68992369      0.32526519      0.88039643      0.11498728 md_running
   908    454.00000000    288.35131608      5.95976598   9065.62864916    300.00000000      0.99951651      1.50723152     -6.50948275     -1.94696219     -8.45644494      0.66809012      0.32668577      0.86483005      0.11134835 md_running
   909    454.50000000    288.61080803      5.91834472   9262.62612979    300.00000000      0.99951621      1.53998389     -6.53062552     -1.94696225     -8.47758777      0.64253838      0.32897211      0.84539299      0.10708973 md_running
   910    455.00000000    288.84320710      5.86520511   9495.91518256    300.00000000      0.99951582      1.57877002     -6.55415195     -1.94696233     -8.50111427      0.62369464      0.33195257      0.82999568      0.10394911 md_running
   911    455.50000000    289.08209521      5.80581838   9712.65356407    300.00000000      0.99951543      1.61480447     -6.57226046     -1.94696240     -8.51922286      0.63908845      0.33534798      0.84022996      0.10651474 md_running
   912    456.00000000    289.35488428      5.74604034   9904.92791309    300.00000000      0.99951512      1.64677158     -6.58465401     -1.94696248     -8.53161649      0.70441566      0.33883664      0.89106573      0.11740261 md_running
   913    456.50000000    289.61476361      5.69035247  10160.59965257    300.00000000      0.99951481      1.68927900     -6.60854023     -1.94696254     -8.55550277      0.75751808      0.34215256      0.93471733      0.12625301 md_running
   914    457.00000000    289.85941514      5.64191781  10560.83251234    300.00000000      0.99951434      1.75582084     -6.66141598     -1.94696259     -8.60837857      0.71560339      0.34508981      0.89961137      0.11926723 md_running
   915    457.50000000    290.10301400      5.60491539  11013.70809031    300.00000000      0.99951372      1.83111494     -6.72821335     -1.94696263     -8.67517598      0.61842705      0.34736797      0.81813288      0.10307118 md_running
   916    458.00000000    290.34933607      5.58505802  11326.25529864    300.00000000      0.99951321      1.88307835     -6.77654734     -1.94696265     -8.72350999      0.55737477      0.34860300      0.76377034      0.09289579 md_running
   917    458.50000000    290.59468637      5.58679451  11372.77309752    300.00000000      0.99951298      1.89081230     -6.78694836     -1.94696265     -8.73391101      0.56549376      0.34849464      0.76064238      0.09424896 md_running
   918    459.00000000    290.85129466      5.61050593  11136.61399780    300.00000000      0.99951310      1.85154900     -6.75689488     -1.94696263     -8.70385751      0.63580576      0.34702184      0.80851685      0.10596763 md_running
   919    459.50000000    291.10685221      5.65106891  10714.47050099    300.00000000      0.99951353      1.78136435     -6.70018000     -1.94696260     -8.64714260      0.74123612      0.34453098      0.89353756      0.12353935 md_running
   920    460.00000000    291.36632956      5.69813673  10310.88409387    300.00000000      0.99951412      1.71426496     -6.64862029     -1.94696255     -8.59558284      0.82705975      0.34168512      0.96886628      0.13784329 md_running
   921    460.50000000    291.61532566      5.74040218  10117.94783790    300.00000000      0.99951457      1.68218780     -6.63268396     -1.94696252     -8.57964648      0.84548886      0.33916940      0.98499471      0.14091481 md_running
   922    461.00000000    291.86549843      5.77265760  10139.84597213    300.00000000      0.99951465      1.68582854     -6.65109779     -1.94696249     -8.59806028      0.80231297      0.33727427      0.94363344      0.13371883 md_running
   923    461.50000000    292.12471934      5.79765179  10208.34240393    300.00000000      0.99951454      1.69721661     -6.67376453     -1.94696247     -8.62072700      0.77947961      0.33582027      0.91865849      0.12991327 md_running
   924    462.00000000    292.37702908      5.82072241  10194.04320582    300.00000000      0.99951449      1.69483925     -6.68035871     -1.94696246     -8.62732117      0.80197293      0.33448925      0.93393882      0.13366215 md_running
   925    462.50000000    292.62139006      5.84534811  10091.06562392    300.00000000      0.99951459      1.67771843     -6.67232147     -1.94696244     -8.61928391      0.82885434      0.33308010      0.95436490      0.13814239 md_running
   926    463.00000000    292.86094436      5.87257025   9942.24735164    300.00000000      0.99951480      1.65297623     -6.65782167     -1.94696242     -8.60478409      0.83565564      0.33153614      0.95750817      0.13927594 md_running
   927    463.50000000    293.10818405      5.90189516   9774.68925636    300.00000000      0.99951504      1.62511839     -6.64119507     -1.94696239     -8.58815746      0.82399583      0.32988885      0.94454797      0.13733264 md_running
   928    464.00000000    293.36867967      5.93181651   9594.73149156    300.00000000      0.99951531      1.59519900     -6.62261600     -1.94696236     -8.56957836      0.80634677      0.32822485      0.92697782      0.13439113 md_running
   929    464.50000000    293.60303191      5.95994143   9411.16635390    300.00000000      0.99951561      1.56467987     -6.60253831     -1.94696233     -8.54950063      0.79484857      0.32667599      0.91600726      0.13247476 md_running
   930    465.00000000    293.85416646      5.98313241   9253.58380034    300.00000000      0.99951591      1.53848054     -6.58489247     -1.94696230     -8.53185477      0.79203317      0.32540980      0.91381360      0.13200553 md_running
   931    465.50000000    294.11450170      5.99797674   9167.34087806    300.00000000      0.99951614      1.52414198     -6.57651432     -1.94696228     -8.52347661      0.78593755      0.32460447      0.90934650      0.13098959 md_running
   932    466.00000000    294.38577958      6.00159116   9184.81023408    300.00000000      0.99951620      1.52704639     -6.58210734     -1.94696228     -8.52906962      0.76705764      0.32440898      0.89410303      0.12784294 md_running
   933    466.50000000    294.65514488      5.99243644   9306.27038437    300.00000000      0.99951607      1.54724009     -6.60113795     -1.94696229     -8.54810024      0.73683654      0.32490457      0.86957588      0.12280609 md_running
   934    467.00000000    294.91399268      5.97098168   9504.30116950    300.00000000      0.99951579      1.58016426     -6.62909238     -1.94696231     -8.57605470      0.69940561      0.32607199      0.83976007      0.11656760 md_running
   935    467.50000000    295.17104961      5.93984415   9733.86402533    300.00000000      0.99951542      1.61833087     -6.65920194     -1.94696235     -8.60616429      0.66174981      0.32778127      0.81098520      0.11029163 md_running
   936    468.00000000    295.43415971      5.90311761   9943.36906972    300.00000000      0.99951506      1.65316272     -6.68412693     -1.94696239     -8.63108932      0.63118561      0.32982053      0.78941622      0.10519760 md_running
   937    468.50000000    295.68623094      5.86533269  10079.96145433    300.00000000      0.99951478      1.67587227     -6.69672293     -1.94696244     -8.64368536      0.61216070      0.33194522      0.77868239      0.10202678 md_running
   938    469.00000000    295.94179747      5.83019986  10092.05869848    300.00000000      0.99951465      1.67788353     -6.68911553     -1.94696247     -8.63607801      0.62290466      0.33394549      0.79382948      0.10381744 md_running
   939    469.50000000    296.18460119      5.79885895   9980.34559502    300.00000000      0.99951473      1.65931036     -6.66031441     -1.94696250     -8.60727691      0.69632018      0.33575032      0.86248393      0.11605336 md_running
   940    470.00000000    296.43792293      5.76864027   9893.73863428    300.00000000      0.99951495      1.64491127     -6.63441353     -1.94696253     -8.58137606      0.78829988      0.33750910      0.94817557      0.13138331 md_running
   941    470.50000000    296.69241308      5.73664966  10033.16860707    300.00000000      0.99951494      1.66809260     -6.64935132     -1.94696257     -8.59631389      0.76818473      0.33939120      0.93529675      0.12803079 md_running
   942    471.00000000    296.95280622      5.70813142  10334.77427694    300.00000000      0.99951454      1.71823689     -6.69506333     -1.94696259     -8.64202593      0.66844652      0.34108680      0.85358485      0.11140775 md_running
   943    471.50000000    297.20883993      5.69504530  10535.46163397    300.00000000      0.99951413      1.75160273     -6.72684192     -1.94696260     -8.67380452      0.60795612      0.34187054      0.80741056      0.10132602 md_running
   944    472.00000000    297.46989979      5.70528961  10507.46215660    300.00000000      0.99951402      1.74694760     -6.72607874     -1.94696259     -8.67304133      0.60261915      0.34125669      0.80719743      0.10043653 md_running
   945    472.50000000    297.73050962      5.73798228  10327.15533055    300.00000000      0.99951420      1.71697018     -6.70673161     -1.94696256     -8.65369416      0.61899664      0.33931239      0.82226601      0.10316611 md_running
   946    473.00000000    297.98536849      5.78675555  10143.81056394    300.00000000      0.99951450      1.68648768     -6.69349375     -1.94696251     -8.64045626      0.60580434      0.33645257      0.81024151      0.10096739 md_running
   947    473.50000000    298.24621200      5.84527615  10024.98785380    300.00000000      0.99951472      1.66673248     -6.69557658     -1.94696244     -8.64253902      0.55345987      0.33308420      0.76592920      0.09224331 md_running
   948    474.00000000    298.50077189      5.90961312   9927.22574116    300.00000000      0.99951486      1.65047877     -6.70304250     -1.94696237     -8.65000487      0.49652516      0.32945804      0.71991419      0.08275419 md_running
   949    474.50000000    298.75431494      5.97721826   9780.91425852    300.00000000      0.99951503      1.62615334     -6.70265926     -1.94696228     -8.64962154      0.46690429      0.32573180      0.69575373      0.07781738 md_running
   950    475.00000000    298.99174723      6.04529805   9557.89274806    300.00000000      0.99951532      1.58907427     -6.68887722     -1.94696219     -8.63583941      0.47454626      0.32206362      0.69831741      0.07909104 md_running
   951    475.50000000    299.23994812      6.11025190   9279.04058587    300.00000000      0.99951574      1.54271293     -6.66425469     -1.94696210     -8.61121679      0.50610907      0.31864008      0.71746188      0.08435151 md_running
   952    476.00000000    299.49354461      6.16829090   8989.54806994    300.00000000      0.99951625      1.49458253     -6.63552682     -1.94696201     -8.58248883      0.54892302      0.31564199      0.74493637      0.09148717 md_running
   953    476.50000000    299.74832147      6.21628175   8736.41861486    300.00000000      0.99951677      1.45249779     -6.60953672     -1.94696193     -8.55649865      0.59965267      0.31320525      0.77943195      0.09994211 md_running
   954    477.00000000    300.00963519      6.25228638   8561.42404503    300.00000000      0.99951720      1.42340357     -6.59279826     -1.94696187     -8.53976013      0.64556816      0.31140167      0.81165182      0.10759469 md_running
   955    477.50000000    300.25595027      6.27601937   8487.39912991    300.00000000      0.99951745      1.41109635     -6.58944542     -1.94696183     -8.53640725      0.66819733      0.31022414      0.82559405      0.11136622 md_running
   956    478.00000000    300.50945406      6.28913616   8496.67733096    300.00000000      0.99951750      1.41263893     -6.59694789     -1.94696181     -8.54390969      0.67028136      0.30957715      0.82260585      0.11171356 md_running
   957    478.50000000    300.77168637      6.29460848   8544.24878775    300.00000000      0.99951743      1.42054805     -6.60823650     -1.94696180     -8.55519830      0.66989629      0.30930802      0.81767294      0.11164938 md_running
   958    479.00000000    301.02730995      6.29532085   8599.02192802    300.00000000      0.99951732      1.42965452     -6.61887894     -1.94696180     -8.56584074      0.67462855      0.30927302      0.81726260      0.11243809 md_running
   959    479.50000000    301.28313263      6.29292390   8658.74528328    300.00000000      0.99951721      1.43958399     -6.62933892     -1.94696180     -8.57630072      0.67923638      0.30939082      0.81680448      0.11320606 md_running
   960    480.00000000    301.53919464      6.28757957   8729.32755725    300.00000000      0.99951708      1.45131884     -6.64092323     -1.94696181     -8.58788504      0.68165805      0.30965379      0.81443276      0.11360967 md_running
   961    480.50000000    301.79059962      6.27847651   8802.69929042    300.00000000      0.99951693      1.46351747     -6.65198413     -1.94696182     -8.59894595      0.69106834      0.31010274      0.81844196      0.11517806 md_running
   962    481.00000000    302.05035395      6.26443978   8860.89143978    300.00000000      0.99951680      1.47319237     -6.65884167     -1.94696184     -8.60580352      0.71749406      0.31079756      0.83868495      0.11958234 md_running
   963    481.50000000    302.29314274      6.24415630   8898.34546914    300.00000000      0.99951671      1.47941939     -6.65997911     -1.94696188     -8.60694099      0.75718899      0.31180713      0.87316733      0.12619817 md_running
   964    482.00000000    302.54570918      6.21625505   8934.18056195    300.00000000      0.99951665      1.48537725     -6.65831720     -1.94696192     -8.60527913      0.79248645      0.31320661      0.90674811      0.13208107 md_running
   965    482.50000000    302.81227690      6.17953569   8997.75448997    300.00000000      0.99951656      1.49594692     -6.65874270     -1.94696198     -8.60570469      0.80569934      0.31506765      0.92378034      0.13428322 md_running
   966    483.00000000    303.07849802      6.13324724   9100.64581585    300.00000000      0.99951641      1.51305340     -6.66305049     -1.94696206     -8.61001255      0.79059973      0.31744544      0.91975275      0.13176662 md_running
   967    483.50000000    303.33378313      6.07690188   9226.00219217    300.00000000      0.99951619      1.53389488     -6.66786218     -1.94696214     -8.61482432      0.76006161      0.32038873      0.90805312      0.12667694 md_running
   968    484.00000000    303.59078622      6.00969954   9360.72159798    300.00000000      0.99951595      1.55629303     -6.66984834     -1.94696224     -8.61681058      0.74250383      0.32397133      0.91112083      0.12375064 md_running
   969    484.50000000    303.85348914      5.93102131   9538.87317636    300.00000000      0.99951570      1.58591212     -6.67501225     -1.94696234     -8.62197459      0.72950256      0.32826888      0.91260731      0.12158376 md_running
   970    485.00000000    304.09891066      5.84331034   9784.77844920    300.00000000      0.99951535      1.62679579     -6.68942274     -1.94696245     -8.63638519      0.69379819      0.33319625      0.88317032      0.11563303 md_running
   971    485.50000000    304.34873390      5.75431012  10032.87512772    300.00000000      0.99951493      1.66804380     -6.70347266     -1.94696255     -8.65043521      0.67810514      0.33834959      0.86265248      0.11301752 md_running
   972    486.00000000    304.60739964      5.67425948  10186.81616498    300.00000000      0.99951461      1.69363770     -6.70398852     -1.94696263     -8.65095115      0.71429489      0.34312284      0.88704886      0.11904915 md_running
   973    486.50000000    304.87003116      5.61148766  10192.41623327    300.00000000      0.99951449      1.69456876     -6.68470332     -1.94696270     -8.63166602      0.79886184      0.34696105      0.95858296      0.13314364 md_running
   974    487.00000000    305.13304577      5.57011999  10067.04522662    300.00000000      0.99951460      1.67372485     -6.65003155     -1.94696274     -8.59699428      0.90527665      0.34953779      1.05421678      0.15087944 md_running
   975    487.50000000    305.39368826      5.55027933   9891.92078667    300.00000000      0.99951485      1.64460904     -6.61460462     -1.94696276     -8.56156738      0.99345803      0.35078726      1.13573441      0.16557634 md_running
   976    488.00000000    305.65914653      5.55000269   9743.71659869    300.00000000      0.99951511      1.61996894     -6.59126175     -1.94696276     -8.53822451      1.03785113      0.35080474      1.17656119      0.17297519 md_running
   977    488.50000000    305.92585344      5.56701306   9644.04187342    300.00000000      0.99951530      1.60339724     -6.58243356     -1.94696275     -8.52939631      1.03434874      0.34973285      1.17146091      0.17239146 md_running
   978    489.00000000    306.18715397      5.59886294   9574.65400566    300.00000000      0.99951543      1.59186096     -6.58374746     -1.94696272     -8.53071018      0.99182045      0.34774337      1.12915808      0.16530341 md_running
   979    489.50000000    306.45760014      5.64229992   9511.40802311    300.00000000      0.99951553      1.58134583     -6.58989359     -1.94696269     -8.53685628      0.92469499      0.34506632      1.06407041      0.15411583 md_running
   980    490.00000000    306.72411375      5.69310039   9438.42010846    300.00000000      0.99951564      1.56921101     -6.59670942     -1.94696264     -8.54367206      0.85021595      0.34198728      0.99288128      0.14170266 md_running
   981    490.50000000    306.98412207      5.74635006   9352.27194832    300.00000000      0.99951578      1.55488821     -6.60178280     -1.94696259     -8.54874540      0.78547082      0.33881824      0.93158355      0.13091180 md_running
   982    491.00000000    307.24950880      5.79679253   9268.44836695    300.00000000      0.99951593      1.54095189     -6.60596248     -1.94696254     -8.55292502      0.73526182      0.33586997      0.88430375      0.12254364 md_running
   983    491.50000000    307.51320162      5.83945841   9212.43726153    300.00000000      0.99951607      1.53163960     -6.61224961     -1.94696250     -8.55921210      0.69139597      0.33341599      0.84351266      0.11523266 md_running
   984    492.00000000    307.77146308      5.87034911   9195.98258163    300.00000000      0.99951613      1.52890388     -6.62137156     -1.94696246     -8.56833402      0.64916846      0.33166153      0.80527148      0.10819474 md_running
   985    492.50000000    308.02990267      5.88672116   9210.08025775    300.00000000      0.99951613      1.53124773     -6.63082138     -1.94696244     -8.57778382      0.61513507      0.33073914      0.77542936      0.10252251 md_running
   986    493.00000000    308.29018081      5.88698877   9239.27022795    300.00000000      0.99951608      1.53610079     -6.63736908     -1.94696244     -8.58433152      0.59846192      0.33072411      0.76152236      0.09974365 md_running
   987    493.50000000    308.56087887      5.87068117   9272.88246309    300.00000000      0.99951603      1.54168909     -6.63919792     -1.94696246     -8.58616038      0.60240039      0.33164278      0.76582269      0.10040007 md_running
   988    494.00000000    308.83103731      5.83867552   9298.21305525    300.00000000      0.99951597      1.54590050     -6.63472910     -1.94696249     -8.58169159      0.62186939      0.33346070      0.78402377      0.10364490 md_running
   989    494.50000000    309.10038525      5.79348365   9284.66739722    300.00000000      0.99951594      1.54364843     -6.61947785     -1.94696253     -8.56644038      0.66321428      0.33606181      0.82168128      0.11053571 md_running
   990    495.00000000    309.36508435      5.73880950   9208.58749516    300.00000000      0.99951601      1.53099955     -6.58936068     -1.94696259     -8.53632326      0.76591546      0.33926344      0.91301150      0.12765258 md_running
   991    495.50000000    309.62362834      5.67825611   9159.62533013    300.00000000      0.99951617      1.52285921     -6.55958726     -1.94696264     -8.50654990      0.90658420      0.34288132      1.04035062      0.15109737 md_running
   992    496.00000000    309.87830020      5.61531930   9320.70364892    300.00000000      0.99951612      1.54963973     -6.56645700     -1.94696270     -8.51341970      0.93562675      0.34672430      1.06831634      0.15593779 md_running
   993    496.50000000    310.13109182      5.55609850   9665.31941373    300.00000000      0.99951562      1.60693480     -6.60790528     -1.94696275     -8.55486802      0.84294586      0.35041988      0.98640920      0.14049098 md_running
   994    497.00000000    310.36443836      5.50895813   9951.34064044    300.00000000      0.99951505      1.65448806     -6.64158918     -1.94696278     -8.58855196      0.76858079      0.35341839      0.92196682      0.12809680 md_running
   995    497.50000000    310.60120762      5.47992892  10051.43738628    300.00000000      0.99951476      1.67112992     -6.64872142     -1.94696280     -8.59568422      0.74841933      0.35529056      0.90534946      0.12473655 md_running
   996    498.00000000    310.85889659      5.47028741  10015.44863057    300.00000000      0.99951474      1.66514651     -6.63955234     -1.94696281     -8.58651515      0.74860667      0.35591676      0.90637361      0.12476778 md_running
   997    498.50000000    311.11268115      5.47805676   9948.68980125    300.00000000      0.99951485      1.65404733     -6.63219530     -1.94696280     -8.57915811      0.73196788      0.35541198      0.89195574      0.12199465 md_running
   998    499.00000000    311.36901678      5.50176211   9892.37408600    300.00000000      0.99951494      1.64468441     -6.63389369     -1.94696278     -8.58085647      0.68648498      0.35388065      0.85094973      0.11441416 md_running
   999    499.50000000    311.63103430      5.54280238   9777.72607961    300.00000000      0.99951503      1.62562328     -6.63190243     -1.94696275     -8.57886518      0.67029209      0.35126046      0.83351261      0.11171535 md_running
  1000    500.00000000    311.89544911      5.60284252   9542.11300051    300.00000000      0.99951530      1.58645077     -6.61453218     -1.94696270     -8.56149488      0.72683015      0.34749640      0.87929651      0.12113836 max_step
