  step         time_fs     wall_time_s        rti_dist          temp_K     temp_bath_K   thermo_lambda          kin_Ha     pot_real_Ha     pot_rtip_Ha    pot_total_Ha          f_real          f_rtip         f_total      rms_f_real state_decision
     1      0.50000000     10.46600483     33.53352852      0.32838341    300.00000000      1.13973681      0.00005460   -786.78730037     -0.00285149   -786.79015186      0.07841309      0.00009371      0.07841874      0.01306885 md_running
     2      1.00000000     21.68192483     33.53176860      3.00233404    300.00000000      1.12169341      0.00049916   -786.78764771     -0.00570300   -786.79335070      0.07522074      0.00018742      0.07523159      0.01253679 md_running
     3      1.50000000     40.64747153     33.52816744      7.17771032    300.00000000      1.02999449      0.00119335   -786.78828253     -0.00855456   -786.79683709      0.06884735      0.00028114      0.06886178      0.01147456 md_running
     4      2.00000000     40.90999656     33.52314148     11.78760491    300.00000000      1.01520794      0.00195978   -786.78900001     -0.01140621   -786.80040622      0.06045829      0.00037486      0.06047293      0.01007638 md_running
     5      2.50000000     41.15448322     33.51706645     15.72990757    300.00000000      1.01018692      0.00261522   -786.78960890     -0.01425796   -786.80386686      0.05161042      0.00046860      0.05161875      0.00860174 md_running
     6      3.00000000     41.40144228     33.51036213     18.15281428    300.00000000      1.00814482      0.00301805   -786.78996290     -0.01710981   -786.80707271      0.04466756      0.00056235      0.04465875      0.00744459 md_running
     7      3.50000000     41.67077918     33.50347639     18.71401235    300.00000000      1.00745297      0.00311135   -786.79000248     -0.01996175   -786.80996423      0.04233376      0.00065612      0.04229674      0.00705563 md_running
     8      4.00000000     45.80622590     33.49685574     17.70517825    300.00000000      1.00759410      0.00294362   -786.78977622     -0.02281376   -786.81258998      0.04542527      0.00074991      0.04535861      0.00757088 md_running
     9      4.50000000     46.06773168     33.49091176     15.97424311    300.00000000      1.00833960      0.00265584   -786.78942735     -0.02566580   -786.81509314      0.05172416      0.00084373      0.05163381      0.00862069 md_running
    10      5.00000000     46.31413857     33.48598910     14.64120379    300.00000000      1.00935252      0.00243421   -786.78914541     -0.02851783   -786.81766324      0.05826743      0.00093759      0.05815811      0.00971124 md_running
    11      5.50000000     46.55648259     33.48233947     14.68995952    300.00000000      1.00989454      0.00244232   -786.78909715     -0.03136983   -786.82046698      0.06307686      0.00103149      0.06295057      0.01051281 md_running
    12      6.00000000     46.80016764     33.48010337     16.58628150    300.00000000      1.00925657      0.00275760   -786.78936215     -0.03422174   -786.82358389      0.06530906      0.00112543      0.06516653      0.01088484 md_running
    13      6.50000000     47.02670247     33.47929817     20.09052315    300.00000000      1.00774984      0.00334021   -786.78990165     -0.03707353   -786.82697518      0.06503947      0.00121941      0.06488173      0.01083991 md_running
    14      7.00000000     47.26611150     33.47981403     24.36058711    300.00000000      1.00623604      0.00405014   -786.79057408     -0.03992519   -786.83049928      0.06302793      0.00131345      0.06285796      0.01050465 md_running
    15      7.50000000     47.51705204     33.48142510     28.29251178    300.00000000      1.00514355      0.00470385   -786.79119207     -0.04277672   -786.83396878      0.06041290      0.00140753      0.06023727      0.01006882 md_running
    16      8.00000000     47.76648718     33.48381532     30.93607255    300.00000000      1.00449817      0.00514336   -786.79159413     -0.04562812   -786.83722224      0.05830216      0.00150165      0.05813156      0.00971703 md_running
    17      8.50000000     48.03941650     33.48661117     31.81529830    300.00000000      1.00421599      0.00528954   -786.79169895     -0.04847942   -786.84017837      0.05738120      0.00159580      0.05722837      0.00956353 md_running
    18      9.00000000     53.10111675     33.48941704     31.05466503    300.00000000      1.00421883      0.00516308   -786.79152694     -0.05133066   -786.84285760      0.05770031      0.00168998      0.05757588      0.00961672 md_running
    19      9.50000000     53.35699681     33.49184942     29.30092899    300.00000000      1.00443894      0.00487151   -786.79118664     -0.05418190   -786.84536854      0.05878427      0.00178417      0.05869392      0.00979738 md_running
    20     10.00000000     53.60420514     33.49356740     27.49720349    300.00000000      1.00478111      0.00457162   -786.79083656     -0.05703318   -786.84786974      0.05995522      0.00187838      0.05989971      0.00999254 md_running
    21     10.50000000     53.84798497     33.49429881     26.59165189    300.00000000      1.00507927      0.00442107   -786.79063583     -0.05988455   -786.85052038      0.06061859      0.00197259      0.06059540      0.01010310 md_running
    22     11.00000000     54.10217493     33.49386035     27.26235258    300.00000000      1.00512299      0.00453258   -786.79069828     -0.06273604   -786.85343432      0.06040857      0.00206680      0.06041326      0.01006810 md_running
    23     11.50000000     54.37545511     33.49217160     29.72404878    300.00000000      1.00480990      0.00494186   -786.79106013     -0.06558771   -786.85664783      0.05925017      0.00216099      0.05927684      0.00987503 md_running
    24     12.00000000     59.63383751     33.48926266     33.66128837    300.00000000      1.00425368      0.00559645   -786.79166885     -0.06843955   -786.86010840      0.05740669      0.00225517      0.05744783      0.00956778 md_running
    25     12.50000000     59.89891880     33.48527354     38.30748996    300.00000000      1.00366390      0.00636892   -786.79239615     -0.07129157   -786.86368772      0.05552040      0.00234934      0.05556628      0.00925340 md_running
    26     13.00000000     60.15241151     33.48044443     42.65792569    300.00000000      1.00318358      0.00709221   -786.79307264     -0.07414374   -786.86721638      0.05455516      0.00244348      0.05459391      0.00909253 md_running
    27     13.50000000     60.40818962     33.47509746     45.77067484    300.00000000      1.00286234      0.00760973   -786.79353908     -0.07699602   -786.87053510      0.05547022      0.00253761      0.05549010      0.00924504 md_running
    28     14.00000000     60.66047862     33.46961169     47.07635590    300.00000000      1.00269931      0.00782681   -786.79369920     -0.07984834   -786.87354754      0.05863694      0.00263173      0.05863035      0.00977282 md_running
    29     14.50000000     60.91223001     33.46439322     46.60081050    300.00000000      1.00267530      0.00774775   -786.79355723     -0.08270062   -786.87625785      0.06345694      0.00272586      0.06342237      0.01057616 md_running
    30     15.00000000     61.16541427     33.45984203     45.00829920    300.00000000      1.00275861      0.00748298   -786.79322631     -0.08555277   -786.87877908      0.06856866      0.00281999      0.06850868      0.01142811 md_running
    31     15.50000000     61.41483343     33.45631699     43.41092469    300.00000000      1.00289313      0.00721741   -786.79289605     -0.08840471   -786.88130076      0.07240060      0.00291416      0.07231894      0.01206677 md_running
    32     16.00000000     61.69502381     33.45410296     42.98233944    300.00000000      1.00298897      0.00714615   -786.79276716     -0.09125634   -786.88402350      0.07363783      0.00300836      0.07353793      0.01227297 md_running
    33     16.50000000     68.28249852     33.45338235     44.51242025    300.00000000      1.00295218      0.00740054   -786.79297542     -0.09410759   -786.88708301      0.07150468      0.00310262      0.07138941      0.01191745 md_running
    34     17.00000000     68.55274479     33.45421465     48.08870800    300.00000000      1.00275663      0.00799512   -786.79353685     -0.09695842   -786.89049527      0.06590994      0.00319695      0.06578214      0.01098499 md_running
    35     17.50000000     68.81211901     33.45652692     53.04900057    300.00000000      1.00246954      0.00881981   -786.79433953     -0.09980882   -786.89414835      0.05751218      0.00329135      0.05737594      0.00958536 md_running
    36     18.00000000     69.07229183     33.46011744     58.22566494    300.00000000      1.00218695      0.00968047   -786.79518494     -0.10265880   -786.89784374      0.04778514      0.00338583      0.04764890      0.00796419 md_running
    37     18.50000000     69.32865969     33.46467260     62.36823753    300.00000000      1.00197111      0.01036921   -786.79586003     -0.10550844   -786.90136847      0.03920429      0.00348039      0.03908779      0.00653405 md_running
    38     19.00000000     69.69508871     33.46979471     64.56360262    300.00000000      1.00184412      0.01073420   -786.79620875     -0.10835782   -786.90456657      0.03516384      0.00357501      0.03510122      0.00586064 md_running
    39     19.50000000     69.93783546     33.47503586     64.50460235    300.00000000      1.00180592      0.01072439   -786.79617728     -0.11120704   -786.90738432      0.03767578      0.00366971      0.03768464      0.00627930 md_running
    40     20.00000000     70.18485263     33.47993479     62.54310054    300.00000000      1.00184685      0.01039828   -786.79582374     -0.11405625   -786.90987999      0.04474841      0.00376446      0.04481031      0.00745807 md_running
    41     20.50000000     70.43881047     33.48405271     59.54240666    300.00000000      1.00194950      0.00989939   -786.79529209     -0.11690556   -786.91219765      0.05310753      0.00385926      0.05319885      0.00885125 md_running
    42     21.00000000     70.69616563     33.48700559     56.60054866    300.00000000      1.00208378      0.00941028   -786.79476625     -0.11975511   -786.91452136      0.06063178      0.00395410      0.06073639      0.01010530 md_running
    43     21.50000000     70.95791359     33.48849135     54.73406416    300.00000000      1.00220355      0.00909997   -786.79441620     -0.12260500   -786.91702121      0.06622835      0.00404898      0.06633503      0.01103806 md_running
    44     22.00000000     71.21251924     33.48831043     54.60401489    300.00000000      1.00225716      0.00907834   -786.79435241     -0.12545533   -786.91980774      0.06940024      0.00414389      0.06949964      0.01156671 md_running
    45     22.50000000     71.47483718     33.48637894     56.34641347    300.00000000      1.00221560      0.00936803   -786.79459760     -0.12830615   -786.92290375      0.07004582      0.00423884      0.07012857      0.01167430 md_running
    46     23.00000000     71.73532045     33.48273407     59.54415721    300.00000000      1.00209373      0.00989968   -786.79508130     -0.13115748   -786.92623878      0.06841675      0.00433381      0.06847207      0.01140279 md_running
    47     23.50000000     71.99005347     33.47753127     63.34995562    300.00000000      1.00193814      0.01053242   -786.79566114     -0.13400931   -786.92967045      0.06513793      0.00442882      0.06515280      0.01085632 md_running
    48     24.00000000     72.24477610     33.47103275     66.73712225    300.00000000      1.00179659      0.01109557   -786.79616418     -0.13686158   -786.93302576      0.06122329      0.00452387      0.06118292      0.01020388 md_running
    49     24.50000000     72.50655550     33.46358784     68.81863492    300.00000000      1.00169976      0.01144164   -786.79644116     -0.13971421   -786.93615536      0.05795948      0.00461897      0.05785095      0.00965991 md_running
    50     25.00000000     72.76596648     33.45560635     69.14462874    300.00000000      1.00166047      0.01149583   -786.79641695     -0.14256707   -786.93898402      0.05647179      0.00471415      0.05629137      0.00941197 md_running
    51     25.50000000     73.02631863     33.44752690     67.87720701    300.00000000      1.00167792      0.01128512   -786.79612052     -0.14542001   -786.94154054      0.05704233      0.00480942      0.05679998      0.00950705 md_running
    52     26.00000000     73.28133862     33.43978192     65.75964299    300.00000000      1.00173881      0.01093305   -786.79567994     -0.14827289   -786.94395283      0.05882207      0.00490481      0.05853589      0.00980368 md_running
    53     26.50000000     73.52965897     33.43276130     63.86160336    300.00000000      1.00181544      0.01061749   -786.79527918     -0.15112553   -786.94640471      0.06035371      0.00500035      0.06004105      0.01005895 md_running
    54     27.00000000     73.78515133     33.42677858     63.17978100    300.00000000      1.00186834      0.01050413   -786.79508984     -0.15397781   -786.94906766      0.06035046      0.00509606      0.06002525      0.01005841 md_running
    55     27.50000000     74.04477984     33.42204264     64.24999845    300.00000000      1.00186267      0.01068206   -786.79520492     -0.15682962   -786.95203453      0.05819352      0.00519199      0.05786897      0.00969892 md_running
    56     28.00000000     74.29233621     33.41863851     66.93518403    300.00000000      1.00179164      0.01112850   -786.79560218     -0.15968089   -786.95528306      0.05411432      0.00528813      0.05380825      0.00901905 md_running
    57     28.50000000     74.54066436     33.41652022     70.47919806    300.00000000      1.00168161      0.01171772   -786.79615326     -0.16253160   -786.95868487      0.04922752      0.00538451      0.04896916      0.00820459 md_running
    58     29.00000000     74.78262501     33.41551695     73.79570587    300.00000000      1.00157184      0.01226911   -786.79667279     -0.16538181   -786.96205460      0.04539592      0.00548113      0.04522890      0.00756599 md_running
    59     29.50000000     75.03328316     33.41535200     75.86202237    300.00000000      1.00149324      0.01261265   -786.79698586     -0.16823161   -786.96521746      0.04458302      0.00557798      0.04454850      0.00743050 md_running
    60     30.00000000     75.28457178     33.41567159     76.06135561    300.00000000      1.00146208      0.01264579   -786.79698577     -0.17108111   -786.96806688      0.04753173      0.00567504      0.04763537      0.00792196 md_running
    61     30.50000000     75.53558293     33.41607910     74.36498024    300.00000000      1.00148290      0.01236376   -786.79666530     -0.17393049   -786.97059579      0.05317642      0.00577229      0.05338860      0.00886274 md_running
    62     31.00000000     75.79374622     33.41617143     71.31602630    300.00000000      1.00155129      0.01185685   -786.79611394     -0.17677990   -786.97289385      0.05969260      0.00586970      0.05997746      0.00994877 md_running
    63     31.50000000     76.02829515     33.41557355     67.84413439    300.00000000      1.00165309      0.01127962   -786.79548646     -0.17962951   -786.97511597      0.06553194      0.00596725      0.06586144      0.01092199 md_running
    64     32.00000000     76.27607358     33.41396891     64.98517209    300.00000000      1.00176199      0.01080429   -786.79495562     -0.18247947   -786.97743509      0.06966002      0.00606489      0.07001344      0.01161000 md_running
    65     32.50000000     76.52917772     33.41112444     63.58783542    300.00000000      1.00184167      0.01057197   -786.79466340     -0.18532988   -786.97999329      0.07148269      0.00616259      0.07184300      0.01191378 md_running
    66     33.00000000     76.77867059     33.40690853     64.08114014    300.00000000      1.00185955      0.01065399   -786.79468137     -0.18818084   -786.98286220      0.07077316      0.00626034      0.07112355      0.01179553 md_running
    67     33.50000000     77.03536533     33.40130166     66.35748659    300.00000000      1.00180673      0.01103245   -786.79499126     -0.19103235   -786.98602361      0.06766100      0.00635809      0.06798134      0.01127683 md_running
    68     34.00000000     77.28589097     33.39439907     69.80072881    300.00000000      1.00170446      0.01160492   -786.79548979     -0.19388442   -786.98937421      0.06268924      0.00645583      0.06295174      0.01044821 md_running
    69     34.50000000     77.54263266     33.38640529     73.45799799    300.00000000      1.00158935      0.01221297   -786.79601720     -0.19673698   -786.99275419      0.05692524      0.00655355      0.05708946      0.00948754 md_running
    70     35.00000000     77.80304592     33.37762076     76.31738423    300.00000000      1.00149380      0.01268836   -786.79640391     -0.19958992   -786.99599383      0.05202154      0.00665123      0.05203470      0.00867026 md_running
    71     35.50000000     78.05332167     33.36842103     77.61916041    300.00000000      1.00143744      0.01290479   -786.79652328     -0.20244308   -786.99896637      0.04989021      0.00674887      0.04970838      0.00831503 md_running
    72     36.00000000     78.28477982     33.35923017     77.10726898    300.00000000      1.00142768      0.01281969   -786.79633412     -0.20529629   -787.00163040      0.05158837      0.00684649      0.05121373      0.00859806 md_running
    73     36.50000000     78.52754163     33.35048945     75.12887260    300.00000000      1.00146199      0.01249076   -786.79589820     -0.20814933   -787.00404753      0.05635091      0.00694411      0.05582968      0.00939182 md_running
    74     37.00000000     78.77240312     33.34262262     72.52665862    300.00000000      1.00152774      0.01205812   -786.79536157     -0.21100202   -787.00636359      0.06225652      0.00704176      0.06163911      0.01037609 md_running
    75     37.50000000     79.03249026     33.33600034     70.34811233    300.00000000      1.00160117      0.01169592   -786.79490517     -0.21385415   -787.00875932      0.06748142      0.00713946      0.06680322      0.01124690 md_running
    76     38.00000000     79.29593917     33.33090650     69.47540940    300.00000000      1.00165109      0.01155083   -786.79468131     -0.21670557   -787.01138688      0.07086122      0.00723727      0.07014587      0.01181020 md_running
    77     38.50000000     79.55480604     33.32751002     70.31603197    300.00000000      1.00165226      0.01169059   -786.79476091     -0.21955617   -787.01431708      0.07192573      0.00733521      0.07119349      0.01198762 md_running
    78     39.00000000     79.81229396     33.32584602     72.67341111    300.00000000      1.00160131      0.01208252   -786.79511133     -0.22240593   -787.01751726      0.07078692      0.00743330      0.07006142      0.01179782 md_running
    79     39.50000000     80.07860220     33.32580919     75.84226613    300.00000000      1.00151849      0.01260937   -786.79561219     -0.22525488   -787.02086707      0.06798488      0.00753157      0.06729821      0.01133081 md_running
    80     40.00000000     80.33961946     33.32716107     78.87761093    300.00000000      1.00143311      0.01311402   -786.79610165     -0.22810312   -787.02420477      0.06431936      0.00763002      0.06371534      0.01071989 md_running
    81     40.50000000     80.59031047     33.32955043     80.92448749    300.00000000      1.00136871      0.01345433   -786.79643188     -0.23095081   -787.02738269      0.06065376      0.00772864      0.06018674      0.01010896 md_running
    82     41.00000000     80.85207531     33.33254369     81.48867965    300.00000000      1.00133774      0.01354813   -786.79651623     -0.23379818   -787.03031440      0.05769189      0.00782744      0.05741793      0.00961532 md_running
    83     41.50000000     81.11191411     33.33566108     80.56549981    300.00000000      1.00134287      0.01339464   -786.79634989     -0.23664546   -787.03299534      0.05579244      0.00792640      0.05575436      0.00929874 md_running
    84     42.00000000     81.37340168     33.33841474     78.60316776    300.00000000      1.00137896      0.01306839   -786.79600500     -0.23949290   -787.03549790      0.05489854      0.00802551      0.05511407      0.00914976 md_running
    85     42.50000000     81.63318718     33.34034513     76.33298126    300.00000000      1.00143391      0.01269095   -786.79560139     -0.24234073   -787.03794212      0.05465008      0.00812476      0.05511167      0.00910835 md_running
    86     43.00000000     81.88557978     33.34105319     74.53118893    300.00000000      1.00148965      0.01239139   -786.79526698     -0.24518918   -787.04045616      0.05460128      0.00822413      0.05528436      0.00910021 md_running
    87     43.50000000     82.13908544     33.34022693     73.78273338    300.00000000      1.00152611      0.01226696   -786.79509783     -0.24803839   -787.04313622      0.05444281      0.00832364      0.05531365      0.00907380 md_running
    88     44.00000000     82.40049375     33.33766107     74.30964553    300.00000000      1.00152921      0.01235456   -786.79512965     -0.25088848   -787.04601813      0.05414442      0.00842327      0.05516181      0.00902407 md_running
    89     44.50000000     82.65524871     33.33326892     75.90902606    300.00000000      1.00149839      0.01262047   -786.79532711     -0.25373950   -787.04906661      0.05400777      0.00852304      0.05511901      0.00900129 md_running
    90     45.00000000     82.90976237     33.32708631     78.01808060    300.00000000      1.00144686      0.01297111   -786.79559535     -0.25659145   -787.05218680      0.05459634      0.00862296      0.05573374      0.00909939 md_running
    91     45.50000000     83.16380006     33.31926738     79.89252391    300.00000000      1.00139429      0.01328276   -786.79580884     -0.25944425   -787.05525309      0.05649406      0.00872304      0.05758083      0.00941568 md_running
    92     46.00000000     83.41781864     33.31007207     80.85244671    300.00000000      1.00135842      0.01344235   -786.79585432     -0.26229776   -787.05815208      0.05994305      0.00882331      0.06091275      0.00999051 md_running
    93     46.50000000     83.66724550     33.29984608     80.52126010    300.00000000      1.00135039      0.01338729   -786.79567020     -0.26515181   -787.06082200      0.06459336      0.00892382      0.06540861      0.01076556 md_running
    94     47.00000000     83.91931920     33.28899445     78.97527744    300.00000000      1.00137337      0.01313026   -786.79527248     -0.26800617   -787.06327865      0.06959187      0.00902460      0.07024630      0.01159864 md_running
    95     47.50000000     84.18056766     33.27794937     76.74409824    300.00000000      1.00142188      0.01275931   -786.79475455     -0.27086062   -787.06561517      0.07388116      0.00912571      0.07438839      0.01231353 md_running
    96     48.00000000     84.44511616     33.26713396     74.64990402    300.00000000      1.00148099      0.01241113   -786.79425987     -0.27371490   -787.06797477      0.07649137      0.00922721      0.07687368      0.01274856 md_running
    97     48.50000000     84.69920655     33.25692487     73.53578136    300.00000000      1.00152779      0.01222590   -786.79393533     -0.27656880   -787.07050414      0.07671355      0.00932915      0.07699606      0.01278559 md_running
    98     49.00000000     84.95612779     33.24761660     73.97536985    300.00000000      1.00153899      0.01229898   -786.79388156     -0.27942217   -787.07330373      0.07419364      0.00943158      0.07440266      0.01236561 md_running
    99     49.50000000     85.21552115     33.23939210     76.06639583    300.00000000      1.00150368      0.01264663   -786.79411770     -0.28227489   -787.07639260      0.06898733      0.00953454      0.06915155      0.01149789 md_running
   100     50.00000000     85.45014337     33.23230371     79.38486579    300.00000000      1.00143075      0.01319835   -786.79457290     -0.28512696   -787.07969986      0.06160730      0.00963806      0.06176088      0.01026788 md_running
   101     50.50000000     85.70152018     33.22626792     83.11728329    300.00000000      1.00134296      0.01381890   -786.79510884     -0.28797844   -787.08308728      0.05310990      0.00974215      0.05329704      0.00885165 md_running
   102     51.00000000     85.95871219     33.22107469     86.32285436    300.00000000      1.00126407      0.01435185   -786.79556400     -0.29082947   -787.08639347      0.04524480      0.00984680      0.04552101      0.00754080 md_running
   103     51.50000000     86.21752224     33.21641011     88.23154828    300.00000000      1.00121038      0.01466918   -786.79580493     -0.29368026   -787.08948518      0.04043331      0.00995199      0.04084481      0.00673888 md_running
   104     52.00000000     86.47347247     33.21188855     88.47398209    300.00000000      1.00118923      0.01470949   -786.79576486     -0.29653104   -787.09229590      0.04066244      0.01005768      0.04119696      0.00677707 md_running
   105     52.50000000     86.72861987     33.20708996     87.17258787    300.00000000      1.00120071      0.01449312   -786.79546037     -0.29938207   -787.09484244      0.04552162      0.01016386      0.04611748      0.00758694 md_running
   106     53.00000000     86.99377331     33.20159764     84.87960326    300.00000000      1.00123884      0.01411190   -786.79498036     -0.30223359   -787.09721395      0.05269229      0.01027047      0.05330210      0.00878205 md_running
   107     53.50000000     87.24651498     33.19503335     82.39648583    300.00000000      1.00129180      0.01369906   -786.79445619     -0.30508582   -787.09954201      0.06000264      0.01037747      0.06060506      0.01000044 md_running
   108     54.00000000     87.49934485     33.18708724     80.53696273    300.00000000      1.00134271      0.01338990   -786.79402189     -0.30793892   -787.10196081      0.06608377      0.01048483      0.06666914      0.01101396 md_running
   109     54.50000000     87.75479559     33.17754163     79.90193079    300.00000000      1.00137332      0.01328432   -786.79377648     -0.31079300   -787.10456948      0.07020907      0.01059251      0.07077035      0.01170151 md_running
   110     55.00000000     88.01167857     33.16628750     80.72569622    300.00000000      1.00137123      0.01342128   -786.79375810     -0.31364810   -787.10740620      0.07210793      0.01070048      0.07263686      0.01201799 md_running
   111     55.50000000     88.25653119     33.15333303     82.83160764    300.00000000      1.00133607      0.01377140   -786.79393670     -0.31650418   -787.11044089      0.07187627      0.01080870      0.07236113      0.01197938 md_running
   112     56.00000000     88.51398688     33.13880451     85.70434907    300.00000000      1.00127919      0.01424902   -786.79422620     -0.31936117   -787.11358737      0.06992307      0.01091715      0.07034708      0.01165384 md_running
   113     56.50000000     88.78006635     33.12293927     88.65593908    300.00000000      1.00121709      0.01473974   -786.79451258     -0.32221891   -787.11673150      0.06691271      0.01102582      0.06725321      0.01115212 md_running
   114     57.00000000     89.04171269     33.10607124     91.03516558    300.00000000      1.00116420      0.01513531   -786.79468916     -0.32507721   -787.11976637      0.06367048      0.01113470      0.06390044      0.01061175 md_running
   115     57.50000000     89.29969748     33.08860959     92.41619498    300.00000000      1.00112922      0.01536491   -786.79468822     -0.32793583   -787.12262406      0.06103215      0.01124378      0.06112644      0.01017202 md_running
   116     58.00000000     89.55345324     33.07101073     92.71230487    300.00000000      1.00111477      0.01541414   -786.79450023     -0.33079453   -787.12529475      0.05964776      0.01135309      0.05959399      0.00994129 md_running
   117     58.50000000     89.80614059     33.05374481     92.18564081    300.00000000      1.00111809      0.01532658   -786.79417479     -0.33365305   -787.12782784      0.05978045      0.01146264      0.05958907      0.00996341 md_running
   118     59.00000000     90.06169963     33.03725793     91.35342858    300.00000000      1.00113201      0.01518822   -786.79380504     -0.33651117   -787.13031621      0.06121322      0.01157245      0.06091835      0.01020220 md_running
   119     59.50000000     90.32091480     33.02193336     90.81759657    300.00000000      1.00114622      0.01509913   -786.79349761     -0.33936872   -787.13286633      0.06335536      0.01168255      0.06300627      0.01055923 md_running
   120     60.00000000     90.57794185     33.00805513     91.06421369    300.00000000      1.00115012      0.01514014   -786.79333863     -0.34222559   -787.13556422      0.06551804      0.01179295      0.06516897      0.01091967 md_running
   121     60.50000000     90.84262403     32.99577954     92.29648636    300.00000000      1.00113693      0.01534501   -786.79336510     -0.34508176   -787.13844686      0.06717419      0.01190368      0.06687942      0.01119570 md_running
   122     61.00000000     91.10403836     32.98511876     94.36509694    300.00000000      1.00110696      0.01568893   -786.79355205     -0.34793729   -787.14148934      0.06810118      0.01201473      0.06791401      0.01135020 md_running
   123     61.50000000     91.35512478     32.97593924     96.82859808    300.00000000      1.00106722      0.01609851   -786.79382316     -0.35079233   -787.14461549      0.06837164      0.01212612      0.06834307      0.01139527 md_running
   124     62.00000000     91.60922182     32.96797512     99.12368832    300.00000000      1.00102758      0.01648009   -786.79407943     -0.35364709   -787.14772652      0.06821738      0.01223782      0.06839249      0.01136956 md_running
   125     62.50000000     91.86929739     32.96085427    100.77534574    300.00000000      1.00099646      0.01675469   -786.79423559     -0.35650184   -787.15073743      0.06785818      0.01234984      0.06827073      0.01130970 md_running
   126     63.00000000     92.13422886     32.95413311    101.56323383    300.00000000      1.00097833      0.01688568   -786.79424895     -0.35935686   -787.15360581      0.06736423      0.01246216      0.06803318      0.01122737 md_running
   127     63.50000000     92.39687220     32.94733539    101.58598805    300.00000000      1.00097316      0.01688946   -786.79413020     -0.36221245   -787.15634265      0.06663092      0.01257477      0.06756048      0.01110515 md_running
   128     64.00000000     92.65499107     32.93999067    101.21159443    300.00000000      1.00097701      0.01682722   -786.79393592     -0.36506885   -787.15900477      0.06544917      0.01268765      0.06663187      0.01090820 md_running
   129     64.50000000     92.91499461     32.93166966    100.94308088    300.00000000      1.00098315      0.01678258   -786.79374587     -0.36792629   -787.16167217      0.06361613      0.01280081      0.06503639      0.01060269 md_running
   130     65.00000000     93.17723148     32.92201438    101.25049849    300.00000000      1.00098399      0.01683369   -786.79363499     -0.37078495   -787.16441994      0.06105283      0.01291425      0.06268801      0.01017547 md_running
   131     65.50000000     93.43276065     32.91076199    102.42327039    300.00000000      1.00097365      0.01702867   -786.79364874     -0.37364491   -787.16729364      0.05790140      0.01302795      0.05971763      0.00965023 md_running
   132     66.00000000     93.66726760     32.89776122    104.48545139    300.00000000      1.00095028      0.01737152   -786.79378905     -0.37650621   -787.17029527      0.05457828      0.01314195      0.05651918      0.00909638 md_running
   133     66.50000000     93.91768878     32.88298111    107.19316159    300.00000000      1.00091666      0.01782170   -786.79401410     -0.37936885   -787.17338295      0.05177394      0.01325623      0.05374448      0.00862899 md_running
   134     67.00000000     94.17418811     32.86651185    110.10872110    300.00000000      1.00087879      0.01830643   -786.79425061     -0.38223273   -787.17648334      0.05031634      0.01337081      0.05217758      0.00838606 md_running
   135     67.50000000     94.42609634     32.84855780    112.72552392    300.00000000      1.00084344      0.01874150   -786.79441560     -0.38509774   -787.17951334      0.05086588      0.01348571      0.05246315      0.00847765 md_running
   136     68.00000000     94.68555844     32.82942248    114.60715298    300.00000000      1.00081608      0.01905433   -786.79443890     -0.38796371   -787.18240261      0.05358682      0.01360096      0.05480772      0.00893114 md_running
   137     68.50000000     94.94709668     32.80948575    115.50953497    300.00000000      1.00079991      0.01920436   -786.79428360     -0.39083046   -787.18511406      0.05809350      0.01371656      0.05890310      0.00968225 md_running
   138     69.00000000     95.20844844     32.78917383    115.46236766    300.00000000      1.00079545      0.01919652   -786.79396011     -0.39369780   -787.18765791      0.06365422      0.01383256      0.06408341      0.01060904 md_running
   139     69.50000000     95.46992734     32.76892315    114.78817927    300.00000000      1.00080043      0.01908443   -786.79352813     -0.39656557   -787.19009370      0.06940659      0.01394900      0.06951951      0.01156776 md_running
   140     70.00000000     95.73576524     32.74914078    114.04120204    300.00000000      1.00080984      0.01896024   -786.79308680     -0.39943364   -787.19252044      0.07447169      0.01406590      0.07434075      0.01241195 md_running
   141     70.50000000     95.99536919     32.73016497    113.86241655    300.00000000      1.00081652      0.01893052   -786.79274963     -0.40230192   -787.19505156      0.07803861      0.01418333      0.07773319      0.01300643 md_running
   142     71.00000000     96.25683752     32.71223018    114.77974153    300.00000000      1.00081316      0.01908303   -786.79260984     -0.40517043   -787.19778027      0.07948982      0.01430131      0.07907369      0.01324830 md_running
   143     71.50000000     96.51689248     32.69544182    117.02249178    300.00000000      1.00079534      0.01945590   -786.79270840     -0.40803921   -787.20074762      0.07854021      0.01441988      0.07807424      0.01309003 md_running
   144     72.00000000     96.78035797     32.67976443    120.43134185    300.00000000      1.00076378      0.02002265   -786.79301813     -0.41090843   -787.20392656      0.07531044      0.01453910      0.07485841      0.01255174 md_running
   145     72.50000000     97.03905517     32.66502528    124.50849005    300.00000000      1.00072398      0.02070051   -786.79345236     -0.41377826   -787.20723063      0.07033400      0.01465898      0.06996925      0.01172233 md_running
   146     73.00000000     97.30267684     32.65093226    128.58729141    300.00000000      1.00068337      0.02137864   -786.79389372     -0.41664896   -787.21054268      0.06449506      0.01477957      0.06430576      0.01074918 md_running
   147     73.50000000     97.55917927     32.63710333    132.05098281    300.00000000      1.00064831      0.02195451   -786.79423229     -0.41952077   -787.21375306      0.05890780      0.01490088      0.05899383      0.00981797 md_running
   148     74.00000000     97.81116012     32.62310351    134.51573369    300.00000000      1.00062248      0.02236429   -786.79439690     -0.42239392   -787.21679082      0.05470534      0.01502294      0.05515618      0.00911756 md_running
   149     74.50000000     98.07255669     32.60848396    135.91939888    300.00000000      1.00060664      0.02259766   -786.79437061     -0.42526862   -787.21963923      0.05270241      0.01514576      0.05355604      0.00878374 md_running
   150     75.00000000     98.32964150     32.59281957    136.50347647    300.00000000      1.00059915      0.02269477   -786.79418807     -0.42814502   -787.22233309      0.05305324      0.01526936      0.05427049      0.00884221 md_running
   151     75.50000000     98.58302878     32.57574213    136.71229616    300.00000000      1.00059673      0.02272949   -786.79391884     -0.43102319   -787.22494203      0.05522041      0.01539372      0.05670894      0.00920340 md_running
   152     76.00000000     98.83610630     32.55696790    137.05234435    300.00000000      1.00059527      0.02278602   -786.79364426     -0.43390315   -787.22754741      0.05833832      0.01551885      0.05999685      0.00972305 md_running
   153     76.50000000     99.09774492     32.53631842    137.95445051    300.00000000      1.00059086      0.02293600   -786.79343399     -0.43678485   -787.23021884      0.06159052      0.01564473      0.06333361      0.01026509 md_running
   154     77.00000000     99.36647171     32.51373374    139.67074215    300.00000000      1.00058077      0.02322135   -786.79332946     -0.43966815   -787.23299761      0.06437723      0.01577134      0.06613815      0.01072954 md_running
   155     77.50000000     99.63112945     32.48927805    142.22339162    300.00000000      1.00056425      0.02364575   -786.79333508     -0.44255291   -787.23588799      0.06631786      0.01589864      0.06804329      0.01105298 md_running
   156     78.00000000     99.87523954     32.46313768    145.40526446    300.00000000      1.00054260      0.02417476   -786.79341884     -0.44543892   -787.23885776      0.06724392      0.01602659      0.06888686      0.01120732 md_running
   157     78.50000000    100.12982763     32.43561147    148.82913504    300.00000000      1.00051860      0.02474401   -786.79351960     -0.44832596   -787.24184556      0.06723914      0.01615514      0.06875295      0.01120652 md_running
   158     79.00000000    100.37650213     32.40709275    152.02433225    300.00000000      1.00049560      0.02527523   -786.79356388     -0.45121382   -787.24477770      0.06668009      0.01628421      0.06801371      0.01111335 md_running
   159     79.50000000    100.61895477     32.37804325    154.57380850    300.00000000      1.00047654      0.02569910   -786.79348749     -0.45410228   -787.24758977      0.06618321      0.01641376      0.06728283      0.01103053 md_running
   160     80.00000000    100.87702584     32.34895970    156.26339759    300.00000000      1.00046314      0.02598001   -786.79326128     -0.45699117   -787.25025245      0.06636258      0.01654369      0.06718270      0.01106043 md_running
   161     80.50000000    101.13893796     32.32033474    157.18706240    300.00000000      1.00045541      0.02613358   -786.79290847     -0.45988039   -787.25278886      0.06747187      0.01667395      0.06799322      0.01124531 md_running
   162     81.00000000    101.40390418     32.29261575    157.74899771    300.00000000      1.00045151      0.02622700   -786.79250448     -0.46276987   -787.25527435      0.06918360      0.01680448      0.06942171      0.01153060 md_running
   163     81.50000000    101.66677440     32.26616447    158.53515945    300.00000000      1.00044815      0.02635771   -786.79215515     -0.46565962   -787.25781478      0.07075131      0.01693520      0.07074772      0.01179188 md_running
   164     82.00000000    101.91829642     32.24122347    160.09143018    300.00000000      1.00044169      0.02661645   -786.79195775     -0.46854973   -787.26050748      0.07141824      0.01706609      0.07122524      0.01190304 md_running
   165     82.50000000    102.17416461     32.21789400    162.70591482    300.00000000      1.00042964      0.02705113   -786.79196346     -0.47144033   -787.26340379      0.07077124      0.01719713      0.07044252      0.01179521 md_running
   166     83.00000000    102.43650240     32.19612860    166.29532347    300.00000000      1.00041182      0.02764790   -786.79215757     -0.47433160   -787.26648917      0.06888665      0.01732830      0.06847581      0.01148111 md_running
   167     83.50000000    102.68601293     32.17573927    170.44131893    300.00000000      1.00039033      0.02833720   -786.79246603     -0.47722374   -787.26968978      0.06630433      0.01745963      0.06586727      0.01105072 md_running
   168     84.00000000    102.93775065     32.15641944    174.55327833    300.00000000      1.00036846      0.02902085   -786.79278347     -0.48011697   -787.27290044      0.06385314      0.01759114      0.06344918      0.01064219 md_running
   169     84.50000000    103.18976406     32.13777635    178.08156140    300.00000000      1.00034924      0.02960745   -786.79301018     -0.48301146   -787.27602164      0.06235364      0.01772288      0.06204071      0.01039227 md_running
   170     85.00000000    103.44410897     32.11936876    180.69630129    300.00000000      1.00033458      0.03004217   -786.79308297     -0.48590734   -787.27899030      0.06230286      0.01785490      0.06212571      0.01038381 md_running
   171     85.50000000    103.70352301     32.10074517    182.37804274    300.00000000      1.00032484      0.03032177   -786.79299110     -0.48880468   -787.28179578      0.06366644      0.01798724      0.06364651      0.01061107 md_running
   172     86.00000000    103.96290760     32.08147913    183.40867991    300.00000000      1.00031909      0.03049312   -786.79277503     -0.49170350   -787.28447853      0.06594187      0.01811995      0.06607796      0.01099031 md_running
   173     86.50000000    104.21072191     32.06119965    184.28319397    300.00000000      1.00031532      0.03063852   -786.79251191     -0.49460374   -787.28711565      0.06839363      0.01825309      0.06867208      0.01139894 md_running
   174     87.00000000    104.46202109     32.03961605    185.57218061    300.00000000      1.00031101      0.03085282   -786.79229347     -0.49750532   -787.28979879      0.07028485      0.01838669      0.07068726      0.01171414 md_running
   175     87.50000000    104.71981300     32.01653691    187.77087028    300.00000000      1.00030377      0.03121837   -786.79219997     -0.50040810   -787.29260807      0.07100178      0.01852078      0.07151174      0.01183363 md_running
   176     88.00000000    104.97875990     31.99188198    191.16544513    300.00000000      1.00029201      0.03178275   -786.79227844     -0.50331194   -787.29559038      0.07010518      0.01865538      0.07071160      0.01168420 md_running
   177     88.50000000    105.23381111     31.96568710    195.73791190    300.00000000      1.00027555      0.03254296   -786.79252706     -0.50621669   -787.29874375      0.06739235      0.01879048      0.06808987      0.01123206 md_running
   178     89.00000000    105.49340665     31.93810143    201.13590209    300.00000000      1.00025569      0.03344041   -786.79288920     -0.50912223   -787.30201142      0.06301566      0.01892605      0.06380424      0.01050261 md_running
   179     89.50000000    105.75002533     31.90937638    206.73406821    300.00000000      1.00023482      0.03437115   -786.79326341     -0.51202845   -787.30529186      0.05765116      0.01906205      0.05853256      0.00960853 md_running
   180     90.00000000    106.00017152     31.87984556    211.79408484    300.00000000      1.00021564      0.03521242   -786.79353005     -0.51493532   -787.30846536      0.05263991      0.01919843      0.05360625      0.00877332 md_running
   181     90.50000000    106.26186432     31.84989649    215.69146044    300.00000000      1.00020035      0.03586039   -786.79358952     -0.51784286   -787.31143238      0.04982078      0.01933512      0.05083468      0.00830346 md_running
   182     91.00000000    106.51243044     31.81993561    218.13659591    300.00000000      1.00019008      0.03626691   -786.79339901     -0.52075116   -787.31415017      0.05060618      0.01947205      0.05160703      0.00843436 md_running
   183     91.50000000    106.76625517     31.79034879    219.29737097    300.00000000      1.00018463      0.03645990   -786.79299340     -0.52366041   -787.31665380      0.05478668      0.01960917      0.05574134      0.00913111 md_running
   184     92.00000000    107.01861464     31.76146085    219.75696633    300.00000000      1.00018254      0.03653631   -786.79247714     -0.52657085   -787.31904799      0.06071245      0.01974646      0.06164276      0.01011874 md_running
   185     92.50000000    107.27689596     31.73349853    220.31038611    300.00000000      1.00018145      0.03662832   -786.79198982     -0.52948283   -787.32147265      0.06658362      0.01988392      0.06754573      0.01109727 md_running
   186     93.00000000    107.54052152     31.70656216    221.68192312    300.00000000      1.00017883      0.03685635   -786.79165594     -0.53239673   -787.32405267      0.07119387      0.02002160      0.07225555      0.01186564 md_running
   187     93.50000000    107.79989945     31.68061054    224.28309678    300.00000000      1.00017290      0.03728882   -786.79154449     -0.53531296   -787.32685744      0.07401432      0.02015958      0.07524536      0.01233572 md_running
   188     94.00000000    108.04693321     31.65546151    228.10335903    300.00000000      1.00016322      0.03792396   -786.79164964     -0.53823196   -787.32988160      0.07503895      0.02029801      0.07650625      0.01250649 md_running
   189     94.50000000    108.29454666     31.63080803    232.76181130    300.00000000      1.00015074      0.03869847   -786.79190056     -0.54115412   -787.33305468      0.07457688      0.02043706      0.07634068      0.01242948 md_running
   190     95.00000000    108.54827154     31.60624718    237.67791132    300.00000000      1.00013718      0.03951581   -786.79219072     -0.54407978   -787.33627050      0.07306712      0.02057690      0.07517351      0.01217785 md_running
   191     95.50000000    108.80126293     31.58131745    242.28192420    300.00000000      1.00012431      0.04028126   -786.79241473     -0.54700918   -787.33942391      0.07095358      0.02071773      0.07342655      0.01182560 md_running
   192     96.00000000    109.05168081     31.55553936    246.19358271    300.00000000      1.00011332      0.04093160   -786.79249879     -0.54994246   -787.34244125      0.06862358      0.02085974      0.07145860      0.01143726 md_running
   193     96.50000000    109.31465652     31.52845404    249.32410901    300.00000000      1.00010465      0.04145208   -786.79241910     -0.55287963   -787.34529873      0.06637342      0.02100311      0.06953092      0.01106224 md_running
   194     97.00000000    109.57790129     31.49965784    251.88870520    300.00000000      1.00009794      0.04187846   -786.79220396     -0.55582060   -787.34802455      0.06437438      0.02114796      0.06778007      0.01072906 md_running
   195     97.50000000    109.83395486     31.46883123    254.33676929    300.00000000      1.00009226      0.04228547   -786.79192308     -0.55876515   -787.35068822      0.06264209      0.02129442      0.06619416      0.01044035 md_running
   196     98.00000000    110.08503973     31.43576161    257.21801972    300.00000000      1.00008632      0.04276450   -786.79166538     -0.56171301   -787.35337839      0.06103001      0.02144253      0.06461273      0.01017167 md_running
   197     98.50000000    110.33999543     31.40035904    261.01161833    300.00000000      1.00007893      0.04339522   -786.79151047     -0.56466386   -787.35617432      0.05929967      0.02159232      0.06279488      0.00988328 md_running
   198     99.00000000    110.59295245     31.36266473    265.95741105    300.00000000      1.00006936      0.04421750   -786.79150012     -0.56761732   -787.35911744      0.05730665      0.02174374      0.06059682      0.00955111 md_running
   199     99.50000000    110.84264523     31.32285123    271.94074329    300.00000000      1.00005766      0.04521227   -786.79161908     -0.57057305   -787.36219213      0.05525339      0.02189670      0.05820529      0.00920890 md_running
   200    100.00000000    111.09532327     31.28121388    278.48295461    300.00000000      1.00004473      0.04629996   -786.79179187     -0.57353073   -787.36532260      0.05386497      0.02205104      0.05631531      0.00897750 md_running
   201    100.50000000    111.34544537     31.23815294    284.86559139    300.00000000      1.00003196      0.04736113   -786.79190466     -0.57649009   -787.36839475      0.05425166      0.02220656      0.05603150      0.00904194 md_running
   202    101.00000000    111.59276676     31.19414693    290.36547645    300.00000000      1.00002075      0.04827553   -786.79184335     -0.57945096   -787.37129431      0.05726002      0.02236301      0.05828174      0.00954334 md_running
   203    101.50000000    111.82881883     31.14971817    294.52280702    300.00000000      1.00001207      0.04896672   -786.79153958     -0.58241326   -787.37395285      0.06273687      0.02252014      0.06305813      0.01045615 md_running
   204    102.00000000    112.07182962     31.10539215    297.33382305    300.00000000      1.00000613      0.04943407   -786.79100270     -0.58537705   -787.37637974      0.06950756      0.02267766      0.06928408      0.01158459 md_running
   205    102.50000000    112.32036865     31.06165415    299.27818762    300.00000000      1.00000232      0.04975733   -786.79032389     -0.58834247   -787.37866636      0.07599176      0.02283531      0.07538961      0.01266529 md_running
   206    103.00000000    112.57334300     31.01890717    301.16436090    300.00000000      0.99999940      0.05007093   -786.78964866     -0.59130979   -787.38095845      0.08076326      0.02299289      0.07992408      0.01346054 md_running
   207    103.50000000    112.80851005     30.97743483    303.84479805    300.00000000      0.99999587      0.05051657   -786.78912799     -0.59427937   -787.38340736      0.08283154      0.02315024      0.08186957      0.01380526 md_running
   208    104.00000000    113.06342334     30.93737640    307.91059592    300.00000000      0.99999051      0.05119254   -786.78886550     -0.59725160   -787.38611710      0.08174016      0.02330729      0.08075849      0.01362336 md_running
   209    104.50000000    113.33150461     30.89871683    313.48746020    300.00000000      0.99998286      0.05211974   -786.78888229     -0.60022692   -787.38910921      0.07758068      0.02346403      0.07668615      0.01293011 md_running
   210    105.00000000    113.59096994     30.86129407    320.20368756    300.00000000      0.99997332      0.05323636   -786.78911187     -0.60320571   -787.39231758      0.07096433      0.02362057      0.07028682      0.01182739 md_running
   211    105.50000000    113.84482280     30.82482160    327.33000155    300.00000000      0.99996297      0.05442117   -786.78942424     -0.60618828   -787.39561251      0.06301059      0.02377704      0.06272350      0.01050177 md_running
   212    106.00000000    114.07595924     30.78892192    334.02499714    300.00000000      0.99995309      0.05553426   -786.78966888     -0.60917480   -787.39884368      0.05539157      0.02393365      0.05571916      0.00923193 md_running
   213    106.50000000    114.32020733     30.75316528    339.59691961    300.00000000      0.99994471      0.05646064   -786.78971928     -0.61216530   -787.40188458      0.05029736      0.02409063      0.05144256      0.00838289 md_running
   214    107.00000000    114.55530157     30.71710942    343.70724699    300.00000000      0.99993838      0.05714401   -786.78950845     -0.61515965   -787.40466810      0.04968412      0.02424822      0.05164464      0.00828069 md_running
   215    107.50000000    114.79200949     30.68033593    346.47336265    300.00000000      0.99993410      0.05760390   -786.78904703     -0.61815757   -787.40720460      0.05374730      0.02440662      0.05627259      0.00895788 md_running
   216    108.00000000    115.04348361     30.64248116    348.44744469    300.00000000      0.99993132      0.05793211   -786.78842038     -0.62115865   -787.40957904      0.06068006      0.02456605      0.06349392      0.01011334 md_running
   217    108.50000000    115.30012049     30.60326225    350.47020692    300.00000000      0.99992906      0.05826841   -786.78776468     -0.62416241   -787.41192710      0.06816496      0.02472666      0.07110493      0.01136083 md_running
   218    109.00000000    115.55968625     30.56249710    353.43218391    300.00000000      0.99992621      0.05876086   -786.78722716     -0.62716833   -787.41439550      0.07439592      0.02488856      0.07739449      0.01239932 md_running
   219    109.50000000    115.82192902     30.52011736    358.00378605    300.00000000      0.99992180      0.05952092   -786.78692046     -0.63017590   -787.41709636      0.07825366      0.02505179      0.08129036      0.01304228 md_running
   220    110.00000000    116.05636194     30.47617406    364.41586187    300.00000000      0.99991538      0.06058698   -786.78688530     -0.63318464   -787.42006994      0.07926967      0.02521632      0.08233769      0.01321161 md_running
   221    110.50000000    116.30019752     30.43083536    372.38069743    300.00000000      0.99990716      0.06191120   -786.78707672     -0.63619420   -787.42327092      0.07754580      0.02538206      0.08063990      0.01292430 md_running
   222    111.00000000    116.54881385     30.38437412    381.18794983    300.00000000      0.99989792      0.06337547   -786.78738036     -0.63920431   -787.42658468      0.07371072      0.02554881      0.07681151      0.01228512 md_running
   223    111.50000000    116.80945393     30.33714626    389.93951746    300.00000000      0.99988868      0.06483049   -786.78765148     -0.64221489   -787.42986637      0.06880669      0.02571635      0.07186311      0.01146778 md_running
   224    112.00000000    117.07151599     30.28956148    397.84725758    300.00000000      0.99988035      0.06614521   -786.78776527     -0.64522602   -787.43299129      0.06407679      0.02588438      0.06699501      0.01067946 md_running
   225    112.50000000    117.33702082     30.24204718    404.48573735    300.00000000      0.99987342      0.06724891   -786.78765903     -0.64823797   -787.43589700      0.06062243      0.02605260      0.06327144      0.01010374 md_running
   226    113.00000000    117.59670536     30.19500836    409.91158233    300.00000000      0.99986794      0.06815100   -786.78735137     -0.65125120   -787.43860257      0.05896211      0.02622071      0.06122496      0.00982702 md_running
   227    113.50000000    117.84894727     30.14878577    414.60902192    300.00000000      0.99986354      0.06893199   -786.78693246     -0.65426636   -787.44119882      0.05881137      0.02638845      0.06064243      0.00980189 md_running
   228    114.00000000    118.09224288     30.10361754    419.28107897    300.00000000      0.99985957      0.06970875   -786.78652721     -0.65728422   -787.44381143      0.05938692      0.02655563      0.06082806      0.00989782 md_running
   229    114.50000000    118.35013042     30.05960947    424.56908833    300.00000000      0.99985541      0.07058792   -786.78624676     -0.66030570   -787.44655245      0.05999219      0.02672216      0.06114063      0.00999870 md_running
   230    115.00000000    118.60685340     30.01671917    430.81464413    300.00000000      0.99985064      0.07162630   -786.78614778     -0.66333173   -787.44947951      0.06039130      0.02688808      0.06137152      0.01006522 md_running
   231    115.50000000    118.87135283     29.97475672    437.94946701    300.00000000      0.99984519      0.07281252   -786.78621328     -0.66636325   -787.45257653      0.06081897      0.02705353      0.06175548      0.01013649 md_running
   232    116.00000000    119.13434649     29.93340211    445.54339761    300.00000000      0.99983935      0.07407507   -786.78636179     -0.66940108   -787.45576287      0.06175891      0.02721877      0.06276288      0.01029315 md_running
   233    116.50000000    119.37387551     29.89223575    452.97945383    300.00000000      0.99983359      0.07531137   -786.78647761     -0.67244589   -787.45892350      0.06362379      0.02738412      0.06477668      0.01060396 md_running
   234    117.00000000    119.62476811     29.85077747    459.68318441    300.00000000      0.99982835      0.07642592   -786.78645077     -0.67549810   -787.46194887      0.06651174      0.02754998      0.06786116      0.01108529 md_running
   235    117.50000000    119.86794730     29.80852801    465.32922398    300.00000000      0.99982395      0.07736462   -786.78621356     -0.67855789   -787.46477145      0.07014650      0.02771676      0.07170811      0.01169108 md_running
   236    118.00000000    120.11923989     29.76500814    469.97139521    300.00000000      0.99982042      0.07813641   -786.78576248     -0.68162517   -787.46738765      0.07394354      0.02788487      0.07572174      0.01232392 md_running
   237    118.50000000    120.38063252     29.71979217    474.04944753    300.00000000      0.99981754      0.07881442   -786.78516143     -0.68469961   -787.46986104      0.07714944      0.02805466      0.07913630      0.01285824 md_running
   238    119.00000000    120.63624369     29.67253654    478.26874499    300.00000000      0.99981487      0.07951591   -786.78452137     -0.68778070   -787.47230207      0.07897188      0.02822646      0.08116885      0.01316198 md_running
   239    119.50000000    120.89456596     29.62300217    483.38031708    300.00000000      0.99981189      0.08036575   -786.78396433     -0.69086782   -787.47483215      0.07876585      0.02840052      0.08118146      0.01312764 md_running
   240    120.00000000    121.15611605     29.57107041    489.92723745    300.00000000      0.99980820      0.08145423   -786.78357933     -0.69396028   -787.47753960      0.07621065      0.02857696      0.07886826      0.01270178 md_running
   241    120.50000000    121.42110757     29.51674984    498.05451566    300.00000000      0.99980361      0.08280545   -786.78339193     -0.69705737   -787.48044929      0.07143583      0.02875583      0.07436415      0.01190597 md_running
   242    121.00000000    121.68456781     29.46017541    507.45565553    300.00000000      0.99979826      0.08436846   -786.78335334     -0.70015847   -787.48351181      0.06513060      0.02893705      0.06836112      0.01085510 md_running
   243    121.50000000    121.94651805     29.40159665    517.47355028    300.00000000      0.99979252      0.08603402   -786.78335830     -0.70326309   -787.48662139      0.05857946      0.02912042      0.06210363      0.00976324 md_running
   244    122.00000000    122.20233924     29.34135831    527.30549929    300.00000000      0.99978688      0.08766866   -786.78327926     -0.70637088   -787.48965014      0.05358735      0.02930565      0.05727739      0.00893123 md_running
   245    122.50000000    122.43915297     29.27987560    536.25071551    300.00000000      0.99978176      0.08915587   -786.78300749     -0.70948174   -787.49248923      0.05193653      0.02949235      0.05550061      0.00865609 md_running
   246    123.00000000    122.69497833     29.21760311    543.92534106    300.00000000      0.99977741      0.09043183   -786.78248891     -0.71259575   -787.49508465      0.05424619      0.02968006      0.05736883      0.00904103 md_running
   247    123.50000000    122.95208617     29.15499690    550.38397490    300.00000000      0.99977385      0.09150563   -786.78174368     -0.71571325   -787.49745693      0.05941034      0.02986832      0.06196672      0.00990172 md_running
   248    124.00000000    123.21407381     29.09247177    556.09292316    300.00000000      0.99977090      0.09245479   -786.78086150     -0.71883482   -787.49969632      0.06549607      0.03005664      0.06752750      0.01091601 md_running
   249    124.50000000    123.47166775     29.03036332    561.75833611    300.00000000      0.99976821      0.09339671   -786.77997041     -0.72196124   -787.50193164      0.07077315      0.03024462      0.07238001      0.01179553 md_running
   250    125.00000000    123.73367180     28.96889758    568.08095168    300.00000000      0.99976542      0.09444789   -786.77919485     -0.72509342   -787.50428827      0.07410845      0.03043193      0.07540135      0.01235141 md_running
   251    125.50000000    123.99125051     28.90816974    575.50742714    300.00000000      0.99976225      0.09568260   -786.77861299     -0.72823238   -787.50684537      0.07500363      0.03061838      0.07607105      0.01250061 md_running
   252    126.00000000    124.25633468     28.84814022    584.07089124    300.00000000      0.99975861      0.09710634   -786.77822849     -0.73137909   -787.50960758      0.07350740      0.03080391      0.07441884      0.01225123 md_running
   253    126.50000000    124.52448671     28.78864595    593.38677302    300.00000000      0.99975464      0.09865518   -786.77797160     -0.73453436   -787.51250597      0.07013519      0.03098859      0.07094648      0.01168920 md_running
   254    127.00000000    124.77967617     28.72942419    602.77875693    300.00000000      0.99975059      0.10021667   -786.77771971     -0.73769878   -787.51541849      0.06580559      0.03117262      0.06653045      0.01096760 md_running
   255    127.50000000    125.03991549     28.67015081    611.49305731    300.00000000      0.99974680      0.10166549   -786.77733597     -0.74087256   -787.51820853      0.06171544      0.03135631      0.06231029      0.01028591 md_running
   256    128.00000000    125.30397640     28.61048237    618.94393589    300.00000000      0.99974352      0.10290426   -786.77671152     -0.74405549   -787.52076701      0.05908281      0.03153999      0.05946283      0.00984714 md_running
   257    128.50000000    125.55679399     28.55009180    624.89909678    300.00000000      0.99974089      0.10389435   -786.77579807     -0.74724691   -787.52304498      0.05867863      0.03172404      0.05874217      0.00977977 md_running
   258    129.00000000    125.79605641     28.48869785    629.53402717    300.00000000      0.99973889      0.10466495   -786.77461881     -0.75044581   -787.52506462      0.06038565      0.03190883      0.06003467      0.01006427 md_running
   259    129.50000000    126.04582200     28.42609070    633.34917988    300.00000000      0.99973733      0.10529924   -786.77325343     -0.75365085   -787.52690428      0.06330447      0.03209468      0.06246339      0.01055075 md_running
   260    130.00000000    126.31090066     28.36214999    636.97716829    300.00000000      0.99973598      0.10590243   -786.77180770     -0.75686049   -787.52866819      0.06636785      0.03228184      0.06495638      0.01106131 md_running
   261    130.50000000    126.56983525     28.29685639    640.95449833    300.00000000      0.99973460      0.10656369   -786.77037276     -0.76007314   -787.53044590      0.06886300      0.03247047      0.06678372      0.01147717 md_running
   262    131.00000000    126.82301956     28.23029764    645.56254009    300.00000000      0.99973304      0.10732981   -786.76899946     -0.76328720   -787.53228666      0.07056536      0.03266063      0.06772953      0.01176089 md_running
   263    131.50000000    127.07242913     28.16266556    650.76489504    300.00000000      0.99973126      0.10819474   -786.76768812     -0.76650120   -787.53418932      0.07166863      0.03285224      0.06800063      0.01194477 md_running
   264    132.00000000    127.32331078     28.09424558    656.23554634    300.00000000      0.99972935      0.10910428   -786.76639238     -0.76971387   -787.53610625      0.07259472      0.03304509      0.06804673      0.01209912 md_running
   265    132.50000000    127.58702529     28.02540017    661.47334796    300.00000000      0.99972745      0.10997511   -786.76503843     -0.77292421   -787.53796265      0.07378279      0.03323885      0.06835849      0.01229713 md_running
   266    133.00000000    127.84350020     27.95654712    665.95863628    300.00000000      0.99972575      0.11072082   -786.76355055     -0.77613157   -787.53968213      0.07552258      0.03343308      0.06928949      0.01258710 md_running
   267    133.50000000    128.10406227     27.88813118    669.30398384    300.00000000      0.99972441      0.11127701   -786.76187647     -0.77933564   -787.54121210      0.07783603      0.03362726      0.07090686      0.01297267 md_running
   268    134.00000000    128.36436363     27.82059134    671.36741247    300.00000000      0.99972350      0.11162007   -786.76000474     -0.78253647   -787.54254122      0.08042706      0.03382081      0.07292474      0.01340451 md_running
   269    134.50000000    128.61398302     27.75432227    672.28994133    300.00000000      0.99972302      0.11177345   -786.75797092     -0.78573452   -787.54370544      0.08275684      0.03401316      0.07477340      0.01379281 md_running
   270    135.00000000    128.86195183     27.68963592    672.42710794    300.00000000      0.99972287      0.11179626   -786.75584478     -0.78893061   -787.54477539      0.08420867      0.03420378      0.07577370      0.01403478 md_running
   271    135.50000000    129.11079205     27.62673129    672.18984115    300.00000000      0.99972291      0.11175681   -786.75370211     -0.79212583   -787.54582794      0.08427869      0.03439227      0.07535297      0.01404645 md_running
   272    136.00000000    129.37194702     27.56567458    671.85290991    300.00000000      0.99972302      0.11170079   -786.75159161     -0.79532151   -787.54691312      0.08278128      0.03457835      0.07326660      0.01379688 md_running
   273    136.50000000    129.62690242     27.50639514    671.40821065    300.00000000      0.99972314      0.11162686   -786.74950944     -0.79851901   -787.54802845      0.07998349      0.03476192      0.06974332      0.01333058 md_running
   274    137.00000000    129.88056105     27.44869921    670.53912039    300.00000000      0.99972333      0.11148236   -786.74739521     -0.80171959   -787.54911480      0.07659658      0.03494307      0.06551771      0.01276610 md_running
   275    137.50000000    130.14233010     27.39229506    668.71805282    300.00000000      0.99972374      0.11117960   -786.74514977     -0.80492423   -787.55007400      0.07370087      0.03512206      0.06177583      0.01228348 md_running
   276    138.00000000    130.40083265     27.33682942    665.38575205    300.00000000      0.99972456      0.11062557   -786.74266685     -0.80813351   -787.55080036      0.07242312      0.03529927      0.05985070      0.01207052 md_running
   277    138.50000000    130.65334401     27.28192557    660.15272984    300.00000000      0.99972600      0.10975554   -786.73986825     -0.81134750   -787.55121575      0.07350304      0.03547521      0.06065674      0.01225051 md_running
   278    139.00000000    130.90627273     27.22721923    652.94547680    300.00000000      0.99972814      0.10855728   -786.73673012     -0.81456574   -787.55129585      0.07690750      0.03565044      0.06413353      0.01281792 md_running
   279    139.50000000    131.15924523     27.17238829    644.04611272    300.00000000      0.99973100      0.10707769   -786.73329087     -0.81778731   -787.55107818      0.08189759      0.03582553      0.06933106      0.01364960 md_running
   280    140.00000000    131.40903436     27.11717544    634.00689710    300.00000000      0.99973446      0.10540860   -786.72963727     -0.82101093   -787.55064820      0.08747028      0.03600102      0.07503653      0.01457838 md_running
   281    140.50000000    131.66888586     27.06140465    623.47455419    300.00000000      0.99973834      0.10365751   -786.72587429     -0.82423509   -787.55010938      0.09279475      0.03617741      0.08030398      0.01546579 md_running
   282    141.00000000    131.93059063     27.00499121    612.99282260    300.00000000      0.99974242      0.10191484   -786.72209271     -0.82745820   -787.54955091      0.09741746      0.03635504      0.08465628      0.01623624 md_running
   283    141.50000000    132.19924297     26.94794526    602.86242193    300.00000000      0.99974655      0.10023058   -786.71834441     -0.83067873   -787.54902314      0.10126708      0.03653416      0.08804785      0.01687785 md_running
   284    142.00000000    132.46260219     26.89036928    593.09877390    300.00000000      0.99975064      0.09860730   -786.71463570     -0.83389534   -787.54853104      0.10455883      0.03671485      0.09075163      0.01742647 md_running
   285    142.50000000    132.70874578     26.83244998    583.48606250    300.00000000      0.99975474      0.09700911   -786.71093616     -0.83710698   -787.54804314      0.10764796      0.03689701      0.09319761      0.01794133 md_running
   286    143.00000000    132.94980905     26.77444519    573.70853923    300.00000000      0.99975898      0.09538352   -786.70720064     -0.84031292   -787.54751356      0.11086924      0.03708040      0.09578972      0.01847821 md_running
   287    143.50000000    133.20170842     26.71666711    563.51646983    300.00000000      0.99976352      0.09368901   -786.70339625     -0.84351286   -787.54690911      0.11438752      0.03726463      0.09873055      0.01906459 md_running
   288    144.00000000    133.44152340     26.65946265    552.87568376    300.00000000      0.99976844      0.09191990   -786.69952776     -0.84670680   -787.54623456      0.11807155      0.03744916      0.10187628      0.01967859 md_running
   289    144.50000000    133.69776526     26.60319088    542.03812737    300.00000000      0.99977374      0.09011807   -786.69564939     -0.84989511   -787.54554450      0.12147650      0.03763340      0.10471793      0.02024608 md_running
   290    145.00000000    133.93263714     26.54819767    531.47836534    300.00000000      0.99977925      0.08836243   -786.69185357     -0.85307835   -787.54493192      0.12399624      0.03781672      0.10655886      0.02066604 md_running
   291    145.50000000    134.17566123     26.49478973    521.70364472    300.00000000      0.99978469      0.08673730   -786.68823721     -0.85625724   -787.54449445      0.12515294      0.03799849      0.10684359      0.02085882 md_running
   292    146.00000000    134.42896899     26.44321034    513.02541324    300.00000000      0.99978979      0.08529448   -786.68486194     -0.85943258   -787.54429452      0.12488543      0.03817820      0.10548686      0.02081424 md_running
   293    146.50000000    134.68134832     26.39361982    505.41876100    300.00000000      0.99979440      0.08402981   -786.68172884     -0.86260511   -787.54433395      0.12368863      0.03835541      0.10305537      0.02061477 md_running
   294    147.00000000    134.93136651     26.34608376    498.55592871    300.00000000      0.99979859      0.08288881   -786.67878375     -0.86577550   -787.54455925      0.12250140      0.03852990      0.10067961      0.02041690 md_running
   295    147.50000000    135.19187240     26.30057111    492.00083847    300.00000000      0.99980259      0.08179898   -786.67595058     -0.86894428   -787.54489487      0.12233018      0.03870159      0.09963153      0.02038836 md_running
   296    148.00000000    135.45462497     26.25696357    485.45765492    300.00000000      0.99980662      0.08071112   -786.67317473     -0.87211177   -787.54528650      0.12376229      0.03887059      0.10068980      0.02062705 md_running
   297    148.50000000    135.71297020     26.21507496    478.94310465    300.00000000      0.99981080      0.07962803   -786.67045303     -0.87527807   -787.54573110      0.12666767      0.03903717      0.10371022      0.02111128 md_running
   298    149.00000000    135.96422415     26.17467740    472.80290659    300.00000000      0.99981499      0.07860717   -786.66783716     -0.87844303   -787.54628019      0.13030212      0.03920172      0.10775354      0.02171702 md_running
   299    149.50000000    136.21125997     26.13552996    467.57220857    300.00000000      0.99981886      0.07773753   -786.66541148     -0.88160620   -787.54701768      0.13368675      0.03936471      0.11160587      0.02228112 md_running
   300    150.00000000    136.46400864     26.09740537    463.75749348    300.00000000      0.99982202      0.07710330   -786.66325543     -0.88476691   -787.54802234      0.13598593      0.03952661      0.11425921      0.02266432 md_running
   301    150.50000000    136.71745299     26.06011257    461.63857906    300.00000000      0.99982410      0.07675102   -786.66141153     -0.88792427   -787.54933580      0.13672830      0.03968790      0.11515382      0.02278805 md_running
   302    151.00000000    136.97148729     26.02351360    461.17350351    300.00000000      0.99982498      0.07667369   -786.65986899     -0.89107726   -787.55094626      0.13586392      0.03984901      0.11421839      0.02264399 md_running
   303    151.50000000    137.23324008     25.98753512    462.03416597    300.00000000      0.99982478      0.07681679   -786.65857063     -0.89422480   -787.55279542      0.13371850      0.04001024      0.11180944      0.02228642 md_running
   304    152.00000000    137.47537404     25.95217484    463.74750539    300.00000000      0.99982381      0.07710164   -786.65743722     -0.89736579   -787.55480301      0.13086512      0.04017180      0.10857038      0.02181085 md_running
   305    152.50000000    137.72803171     25.91750439    465.87993666    300.00000000      0.99982243      0.07745618   -786.65639880     -0.90049922   -787.55689803      0.12794767      0.04033375      0.10524083      0.02132461 md_running
   306    153.00000000    137.98723405     25.88366895    468.17868232    300.00000000      0.99982088      0.07783836   -786.65541955     -0.90362414   -787.55904369      0.12548521      0.04049601      0.10243073      0.02091420 md_running
   307    153.50000000    138.24800561     25.85088396    470.61195368    300.00000000      0.99981927      0.07824291   -786.65450402     -0.90673963   -787.56124365      0.12376826      0.04065836      0.10049174      0.02062804 md_running
   308    154.00000000    138.51212009     25.81942706    473.30087712    300.00000000      0.99981756      0.07868997   -786.65368498     -0.90984489   -787.56352986      0.12287315      0.04082047      0.09952284      0.02047886 md_running
   309    154.50000000    138.75274877     25.78962343    476.39321978    300.00000000      0.99981565      0.07920409   -786.65300136     -0.91293911   -787.56594047      0.12275231      0.04098188      0.09947897      0.02045872 md_running
   310    155.00000000    139.00774873     25.76182226    479.95934283    300.00000000      0.99981345      0.07979699   -786.65247930     -0.91602160   -787.56850090      0.12330977      0.04114207      0.10026309      0.02055163 md_running
   311    155.50000000    139.27468888     25.73636398    483.95152594    300.00000000      0.99981098      0.08046072   -786.65212435     -0.91909180   -787.57121615      0.12439270      0.04130052      0.10171371      0.02073212 md_running
   312    156.00000000    139.51879295     25.71354194    488.22040300    300.00000000      0.99980831      0.08117045   -786.65192323     -0.92214941   -787.57407263      0.12575968      0.04145671      0.10356325      0.02095995 md_running
   313    156.50000000    139.76951458     25.69356475    492.56070407    300.00000000      0.99980557      0.08189206   -786.65184981     -0.92519446   -787.57704427      0.12707545      0.04161022      0.10543219      0.02117924 md_running
   314    157.00000000    140.01503560     25.67652550    496.75820546    300.00000000      0.99980291      0.08258993   -786.65187173     -0.92822745   -787.58009918      0.12797765      0.04176075      0.10691057      0.02132961 md_running
   315    157.50000000    140.26730183     25.66238394    500.63043919    300.00000000      0.99980044      0.08323372   -786.65195685     -0.93124930   -787.58320615      0.12816729      0.04190816      0.10766649      0.02136121 md_running
   316    158.00000000    140.52200343     25.65096400    504.05629709    300.00000000      0.99979824      0.08380329   -786.65207745     -0.93426136   -787.58633881      0.12748031      0.04205249      0.10752144      0.02124672 md_running
   317    158.50000000    140.77740661     25.64196769    506.99511151    300.00000000      0.99979636      0.08429189   -786.65221493     -0.93726529   -787.58948022      0.12588229      0.04219393      0.10643207      0.02098038 md_running
   318    159.00000000    141.03845081     25.63500324    509.49717953    300.00000000      0.99979478      0.08470788   -786.65236115     -0.94026290   -787.59262405      0.12339249      0.04233285      0.10440611      0.02056542 md_running
   319    159.50000000    141.30309945     25.62962084    511.67344819    300.00000000      0.99979344      0.08506970   -786.65251759     -0.94325600   -787.59577359      0.12004109      0.04246973      0.10144783      0.02000685 md_running
   320    160.00000000    141.55761989     25.62535134    513.60293278    300.00000000      0.99979226      0.08539050   -786.65267947     -0.94624624   -787.59892571      0.11590308      0.04260511      0.09760502      0.01931718 md_running
   321    160.50000000    141.79187612     25.62174180    515.22734323    300.00000000      0.99979123      0.08566057   -786.65281915     -0.94923499   -787.60205413      0.11123197      0.04273957      0.09313075      0.01853866 md_running
   322    161.00000000    142.04401737     25.61838499    516.30011741    300.00000000      0.99979043      0.08583892   -786.65287883     -0.95222328   -787.60510211      0.10659774      0.04287368      0.08865592      0.01776629 md_running
   323    161.50000000    142.31032290     25.61494210    516.42751714    300.00000000      0.99979004      0.08586011   -786.65277774     -0.95521179   -787.60798953      0.10290221      0.04300795      0.08522954      0.01715037 md_running
   324    162.00000000    142.57277895     25.61115763    515.20780425    300.00000000      0.99979030      0.08565732   -786.65243661     -0.95820083   -787.61063743      0.10114826      0.04314281      0.08403964      0.01685804 md_running
   325    162.50000000    142.82304068     25.60686808    512.41474920    300.00000000      0.99979142      0.08519295   -786.65180958     -0.96119040   -787.61299998      0.10199528      0.04327857      0.08582398      0.01699921 md_running
   326    163.00000000    143.08280305     25.60200602    508.12484428    300.00000000      0.99979347      0.08447972   -786.65090680     -0.96418022   -787.61508703      0.10536892      0.04341541      0.09037965      0.01756149 md_running
   327    163.50000000    143.33531022     25.59660040    502.71998836    300.00000000      0.99979633      0.08358112   -786.64979430     -0.96716977   -787.61696407      0.11050413      0.04355339      0.09670960      0.01841736 md_running
   328    164.00000000    143.58720675     25.59077253    496.77080622    300.00000000      0.99979977      0.08259202   -786.64857400     -0.97015829   -787.61873229      0.11635502      0.04369241      0.10358690      0.01939250 md_running
   329    164.50000000    143.84168122     25.58472523    490.86589928    300.00000000      0.99980343      0.08161029   -786.64735422     -0.97314486   -787.62049908      0.12198991      0.04383227      0.11000295      0.02033165 md_running
   330    165.00000000    144.08488364     25.57872340    485.46199481    300.00000000      0.99980698      0.08071185   -786.64622315     -0.97612848   -787.62235163      0.12676018      0.04397264      0.11530489      0.02112670 md_running
   331    165.50000000    144.33644502     25.57306631    480.79950596    300.00000000      0.99981020      0.07993667   -786.64523381     -0.97910816   -787.62434198      0.13030092      0.04411312      0.11916147      0.02171682 md_running
   332    166.00000000    144.57112777     25.56805312    476.90194696    300.00000000      0.99981296      0.07928867   -786.64440204     -0.98208310   -787.62648514      0.13243957      0.04425328      0.12143916      0.02207326 md_running
   333    166.50000000    144.80716963     25.56394535    473.62888387    300.00000000      0.99981530      0.07874450   -786.64371504     -0.98505277   -787.62876781      0.13312647      0.04439268      0.12212543      0.02218775 md_running
   334    167.00000000    145.06377494     25.56093012    470.74134214    300.00000000      0.99981732      0.07826442   -786.64314033     -0.98801712   -787.63115745      0.13243374      0.04453096      0.12132864      0.02207229 md_running
   335    167.50000000    145.32201412     25.55908960    467.96599965    300.00000000      0.99981920      0.07780300   -786.64263480     -0.99097662   -787.63361142      0.13060156      0.04466784      0.11932565      0.02176693 md_running
   336    168.00000000    145.58659468     25.55838427    465.05647918    300.00000000      0.99982112      0.07731927   -786.64215465     -0.99393232   -787.63608697      0.12805901      0.04480320      0.11659058      0.02134317 md_running
   337    168.50000000    145.83962802     25.55865267    461.86054402    300.00000000      0.99982322      0.07678792   -786.64166579     -0.99688578   -787.63855156      0.12536334      0.04493703      0.11373528      0.02089389 md_running
   338    169.00000000    146.10019582     25.55962718    458.38166466    300.00000000      0.99982558      0.07620953   -786.64115629     -0.99983891   -787.64099520      0.12304039      0.04506950      0.11133498      0.02050673 md_running
   339    169.50000000    146.36031536     25.56096334    454.79769678    300.00000000      0.99982813      0.07561367   -786.64064021     -1.00279383   -787.64343405      0.12138402      0.04520089      0.10970206      0.02023067 md_running
   340    170.00000000    146.59448434     25.56227833    451.40784812    300.00000000      0.99983070      0.07505008   -786.64015113     -1.00575263   -787.64590376      0.12034870      0.04533158      0.10876623      0.02005812 md_running
   341    170.50000000    146.85013857     25.56319051    448.51073820    300.00000000      0.99983305      0.07456841   -786.63972313     -1.00871711   -787.64844024      0.11964565      0.04546198      0.10818294      0.01994094 md_running
   342    171.00000000    147.10478716     25.56335510    446.26275213    300.00000000      0.99983497      0.07419467   -786.63936774     -1.01168865   -787.65105639      0.11898338      0.04559255      0.10760761      0.01983056 md_running
   343    171.50000000    147.36877296     25.56249145    444.60010493    300.00000000      0.99983642      0.07391824   -786.63906183     -1.01466808   -787.65372991      0.11826892      0.04572371      0.10692193      0.01971149 md_running
   344    172.00000000    147.62629408     25.56040033    443.27881795    300.00000000      0.99983751      0.07369856   -786.63875447     -1.01765560   -787.65641007      0.11763000      0.04585584      0.10625850      0.01960500 md_running
   345    172.50000000    147.87936160     25.55697249    442.01328722    300.00000000      0.99983846      0.07348816   -786.63839202     -1.02065083   -787.65904284      0.11727560      0.04598925      0.10584525      0.01954593 md_running
   346    173.00000000    148.12725895     25.55219134    440.63451209    300.00000000      0.99983946      0.07325893   -786.63794537     -1.02365285   -787.66159822      0.11730909      0.04612418      0.10579916      0.01955152 md_running
   347    173.50000000    148.38629377     25.54613090    439.18234486    300.00000000      0.99984057      0.07301749   -786.63742538     -1.02666031   -787.66408569      0.11764530      0.04626075      0.10603195      0.01960755 md_running
   348    174.00000000    148.64960175     25.53895050    437.89120426    300.00000000      0.99984168      0.07280283   -786.63688011     -1.02967150   -787.66655161      0.11806678      0.04639897      0.10630990      0.01967780 md_running
   349    174.50000000    148.91579720     25.53088611    437.09047662    300.00000000      0.99984255      0.07266970   -786.63637731     -1.03268447   -787.66906178      0.11835387      0.04653874      0.10639619      0.01972564 md_running
   350    175.00000000    149.17083599     25.52223763    437.07854160    300.00000000      0.99984291      0.07266772   -786.63598200     -1.03569713   -787.67167913      0.11838844      0.04667986      0.10616760      0.01973141 md_running
   351    175.50000000    149.42539111     25.51335015    438.02707762    300.00000000      0.99984255      0.07282542   -786.63573968     -1.03870741   -787.67444709      0.11818173      0.04682202      0.10564800      0.01969696 md_running
   352    176.00000000    149.68390421     25.50458808    439.94043180    300.00000000      0.99984143      0.07314353   -786.63566825     -1.04171342   -787.67738166      0.11783349      0.04696484      0.10496281      0.01963892 md_running
   353    176.50000000    149.94587698     25.49630448    442.67093686    300.00000000      0.99983960      0.07359750   -786.63575914     -1.04471355   -787.68047268      0.11744640      0.04710787      0.10424461      0.01957440 md_running
   354    177.00000000    150.20148986     25.48880739    445.96684725    300.00000000      0.99983726      0.07414547   -786.63598415     -1.04770669   -787.68369084      0.11709158      0.04725069      0.10359220      0.01951526 md_running
   355    177.50000000    150.45802096     25.48232895    449.52419634    300.00000000      0.99983464      0.07473691   -786.63630304     -1.05069234   -787.68699537      0.11682993      0.04739290      0.10309451      0.01947166 md_running
   356    178.00000000    150.70980668     25.47700160    453.03767473    300.00000000      0.99983198      0.07532105   -786.63667017     -1.05367065   -787.69034081      0.11673647      0.04753417      0.10285935      0.01945608 md_running
   357    178.50000000    150.94995412     25.47284538    456.25437112    300.00000000      0.99982949      0.07585585   -786.63704319     -1.05664245   -787.69368565      0.11691888      0.04767429      0.10302781      0.01948648 md_running
   358    179.00000000    151.19691796     25.46976856    459.02939104    300.00000000      0.99982733      0.07631722   -786.63739244     -1.05960918   -787.69700162      0.11747724      0.04781315      0.10372041      0.01957954 md_running
   359    179.50000000    151.43079352     25.46758270    461.37296864    300.00000000      0.99982552      0.07670686   -786.63770954     -1.06257268   -787.70028223      0.11840790      0.04795080      0.10492707      0.01973465 md_running
   360    180.00000000    151.68268597     25.46602859    463.46082011    300.00000000      0.99982400      0.07705398   -786.63801131     -1.06553505   -787.70354636      0.11951992      0.04808735      0.10641585      0.01991999 md_running
   361    180.50000000    151.93480641     25.46480830    465.57975214    300.00000000      0.99982257      0.07740627   -786.63833180     -1.06849839   -787.70683019      0.12045169      0.04822305      0.10775657      0.02007528 md_running
   362    181.00000000    152.19529631     25.46361905    468.01309802    300.00000000      0.99982103      0.07781083   -786.63870478     -1.07146457   -787.71016934      0.12079062      0.04835817      0.10846979      0.02013177 md_running
   363    181.50000000    152.45996985     25.46218257    470.90593973    300.00000000      0.99981921      0.07829179   -786.63914216     -1.07443506   -787.71357721      0.12026965      0.04849303      0.10824621      0.02004494 md_running
   364    182.00000000    152.71149297     25.46026735    474.18201667    300.00000000      0.99981710      0.07883646   -786.63961968     -1.07741080   -787.71703048      0.11890480      0.04862796      0.10709672      0.01981747 md_running
   365    182.50000000    152.96951236     25.45770280    477.56720810    300.00000000      0.99981484      0.07939928   -786.64008274     -1.08039218   -787.72047492      0.11699540      0.04876325      0.10534735      0.01949923 md_running
   366    183.00000000    153.22946149     25.45438644    480.70930476    300.00000000      0.99981265      0.07992167   -786.64046644     -1.08337897   -787.72384541      0.11498585      0.04889917      0.10348297      0.01916431 md_running
   367    183.50000000    153.48954547     25.45028682    483.32671602    300.00000000      0.99981076      0.08035684   -786.64072214     -1.08637048   -787.72709262      0.11324553      0.04903595      0.10190409      0.01887426 md_running
   368    184.00000000    153.72879581     25.44544442    485.30541467    300.00000000      0.99980928      0.08068581   -786.64083347     -1.08936554   -787.73019901      0.11190993      0.04917371      0.10075331      0.01865165 md_running
   369    184.50000000    153.97068796     25.43996933    486.69308675    300.00000000      0.99980823      0.08091652   -786.64081555     -1.09236263   -787.73317818      0.11090886      0.04931253      0.09993972      0.01848481 md_running
   370    185.00000000    154.21482554     25.43403736    487.61185800    300.00000000      0.99980751      0.08106928   -786.64069927     -1.09535996   -787.73605923      0.11012079      0.04945236      0.09931657      0.01835346 md_running
   371    185.50000000    154.46378430     25.42788126    488.15671696    300.00000000      0.99980706      0.08115986   -786.64051301     -1.09835557   -787.73886857      0.10954715      0.04959308      0.09887366      0.01825786 md_running
   372    186.00000000    154.69828920     25.42177673    488.33756924    300.00000000      0.99980682      0.08118993   -786.64027236     -1.10134743   -787.74161980      0.10936836      0.04973448      0.09880357      0.01822806 md_running
   373    186.50000000    154.95013794     25.41602221    488.09723943    300.00000000      0.99980683      0.08114998   -786.63998231     -1.10433366   -787.74431598      0.10983834      0.04987626      0.09939102      0.01830639 md_running
   374    187.00000000    155.20924798     25.41091050    487.37429460    300.00000000      0.99980713      0.08102978   -786.63964669     -1.10731262   -787.74695932      0.11111557      0.05001808      0.10082034      0.01851926 md_running
   375    187.50000000    155.46794978     25.40669680    486.15640034    300.00000000      0.99980774      0.08082730   -786.63927600     -1.11028315   -787.74955916      0.11314736      0.05015960      0.10304410      0.01885789 md_running
   376    188.00000000    155.72259937     25.40356852    484.49711258    300.00000000      0.99980866      0.08055143   -786.63888863     -1.11324469   -787.75213332      0.11566545      0.05030048      0.10578197      0.01927757 md_running
   377    188.50000000    155.97216183     25.40162042    482.48477472    300.00000000      0.99980984      0.08021686   -786.63850417     -1.11619741   -787.75470158      0.11829616      0.05044046      0.10864035      0.01971603 md_running
   378    189.00000000    156.23237264     25.40083987    480.18855852    300.00000000      0.99981123      0.07983510   -786.63813320     -1.11914218   -787.75727538      0.12070546      0.05057938      0.11126826      0.02011758 md_running
   379    189.50000000    156.48985242     25.40110517    477.62288284    300.00000000      0.99981280      0.07940853   -786.63777124     -1.12208061   -787.75985185      0.12269723      0.05071719      0.11346142      0.02044954 md_running
   380    190.00000000    156.75320861     25.40219602    474.76311151    300.00000000      0.99981458      0.07893307   -786.63740147     -1.12501483   -787.76241631      0.12422022      0.05085394      0.11516330      0.02070337 md_running
   381    190.50000000    157.00916371     25.40381505    471.60685821    300.00000000      0.99981658      0.07840832   -786.63700676     -1.12794742   -787.76495417      0.12529004      0.05098981      0.11637989      0.02088167 md_running
   382    191.00000000    157.26393426     25.40561726    468.24036433    300.00000000      0.99981879      0.07784862   -786.63658247     -1.13088108   -787.76746355      0.12588786      0.05112502      0.11707242      0.02098131 md_running
   383    191.50000000    157.52255108     25.40724303    464.85623702    300.00000000      0.99982112      0.07728598   -786.63614252     -1.13381848   -787.76996100      0.12591791      0.05125989      0.11711575      0.02098632 md_running
   384    192.00000000    157.75837844     25.40834977    461.70083586    300.00000000      0.99982342      0.07676137   -786.63571045     -1.13676202   -787.77247247      0.12525886      0.05139474      0.11635440      0.02087648 md_running
   385    192.50000000    158.00952693     25.40864009    458.98422469    300.00000000      0.99982550      0.07630971   -786.63530655     -1.13971358   -787.77502014      0.12384573      0.05152990      0.11469392      0.02064096 md_running
   386    193.00000000    158.25732634     25.40788390    456.79749320    300.00000000      0.99982725      0.07594615   -786.63493439     -1.14267442   -787.77760882      0.12173452      0.05166566      0.11216491      0.02028909 md_running
   387    193.50000000    158.51000399     25.40593479    455.07744440    300.00000000      0.99982863      0.07566018   -786.63457577     -1.14564501   -787.78022078      0.11910111      0.05180228      0.10892224      0.01985018 md_running
   388    194.00000000    158.76701012     25.40274099    453.62061432    300.00000000      0.99982975      0.07541797   -786.63419435     -1.14862498   -787.78281934      0.11622985      0.05193998      0.10524587      0.01937164 md_running
   389    194.50000000    159.02061773     25.39834985    452.13086669    300.00000000      0.99983078      0.07517029   -786.63374299     -1.15161318   -787.78535617      0.11352107      0.05207889      0.10155948      0.01892018 md_running
   390    195.00000000    159.25380589     25.39290580    450.28286283    300.00000000      0.99983196      0.07486304   -786.63317539     -1.15460769   -787.78778309      0.11149765      0.05221906      0.09845053      0.01858294 md_running
   391    195.50000000    159.48443234     25.38664296    447.79566151    300.00000000      0.99983353      0.07444952   -786.63245703     -1.15760600   -787.79006303      0.11073808      0.05236046      0.09661321      0.01845635 md_running
   392    196.00000000    159.73295698     25.37987111    444.51158678    300.00000000      0.99983568      0.07390352   -786.63157828     -1.16060518   -787.79218347      0.11168771      0.05250294      0.09663403      0.01861462 md_running
   393    196.50000000    159.99046421     25.37295545    440.45633875    300.00000000      0.99983849      0.07322930   -786.63056322     -1.16360215   -787.79416537      0.11443461      0.05264627      0.09869716      0.01907243 md_running
   394    197.00000000    160.25205664     25.36629071    435.85534269    300.00000000      0.99984188      0.07246435   -786.62947111     -1.16659386   -787.79606498      0.11860567      0.05279011      0.10243452      0.01976761 md_running
   395    197.50000000    160.51507617     25.36027038    431.09361313    300.00000000      0.99984564      0.07167268   -786.62838848     -1.16957762   -787.79796610      0.12347288      0.05293407      0.10704480      0.02057881 md_running
   396    198.00000000    160.75756675     25.35525446    426.62172936    300.00000000      0.99984943      0.07092919   -786.62741100     -1.17255124   -787.79996224      0.12817066      0.05307772      0.11156492      0.02136178 md_running
   397    198.50000000    161.01542722     25.35153908    422.83050348    300.00000000      0.99985289      0.07029887   -786.62662092     -1.17551326   -787.80213418      0.13190802      0.05322061      0.11512426      0.02198467 md_running
   398    199.00000000    161.26088824     25.34933210    419.93285402    300.00000000      0.99985571      0.06981711   -786.62606520     -1.17846304   -787.80452824      0.13413593      0.05336237      0.11712830      0.02235599 md_running
   399    199.50000000    161.51033364     25.34873733    417.88720483    300.00000000      0.99985778      0.06947701   -786.62574260     -1.18140078   -787.80714338      0.13465091      0.05350267      0.11736559      0.02244182 md_running
   400    200.00000000    161.76390800     25.34974968    416.39424151    300.00000000      0.99985924      0.06922879   -786.62560149     -1.18432750   -787.80992899      0.13365354      0.05364130      0.11606962      0.02227559 md_running
   401    200.50000000    162.01416889     25.35226186    414.99161999    300.00000000      0.99986041      0.06899560   -786.62555651     -1.18724494   -787.81280145      0.13172132      0.05377815      0.11389341      0.02195355 md_running
   402    201.00000000    162.26464808     25.35608168    413.23757468    300.00000000      0.99986172      0.06870397   -786.62552066     -1.19015535   -787.81567601      0.12965469      0.05391320      0.11174246      0.02160912 md_running
   403    201.50000000    162.52340930     25.36095710    410.91544740    300.00000000      0.99986350      0.06831790   -786.62544196     -1.19306130   -787.81850327      0.12818026      0.05404653      0.11043437      0.02136338 md_running
   404    202.00000000    162.78985049     25.36660597    408.16208134    300.00000000      0.99986581      0.06786013   -786.62532712     -1.19596540   -787.82129252      0.12763329      0.05417831      0.11031911      0.02127222 md_running
   405    202.50000000    163.05341644     25.37274670    405.44506935    300.00000000      0.99986837      0.06740841   -786.62523996     -1.19887000   -787.82410996      0.12780119      0.05430873      0.11109940      0.02130020 md_running
   406    203.00000000    163.31514753     25.37912583    403.37793088    300.00000000      0.99987066      0.06706473   -786.62527179     -1.20177699   -787.82704878      0.12807747      0.05443804      0.11202450      0.02134625 md_running
   407    203.50000000    163.57143784     25.38554086    402.45549292    300.00000000      0.99987209      0.06691137   -786.62549621     -1.20468753   -787.83018374      0.12780122      0.05456651      0.11230269      0.02130020 md_running
   408    204.00000000    163.82401553     25.39185660    402.83304602    300.00000000      0.99987233      0.06697414   -786.62593324     -1.20760192   -787.83353516      0.12657084      0.05469440      0.11145556      0.02109514 md_running
   409    204.50000000    164.07694415     25.39801464    404.25469055    300.00000000      0.99987142      0.06721050   -786.62653698     -1.21051955   -787.83705654      0.12438859      0.05482198      0.10947010      0.02073143 md_running
   410    205.00000000    164.33807837     25.40403520    406.16125962    300.00000000      0.99986978      0.06752748   -786.62721461     -1.21343900   -787.84065361      0.12161428      0.05494949      0.10673445      0.02026905 md_running
   411    205.50000000    164.58220076     25.41001239    407.91067835    300.00000000      0.99986801      0.06781833   -786.62786361     -1.21635812   -787.84422173      0.11876648      0.05507711      0.10382493      0.01979441 md_running
   412    206.00000000    164.83082612     25.41610374    409.00061654    300.00000000      0.99986667      0.06799954   -786.62840923     -1.21927430   -787.84768354      0.11630641      0.05520495      0.10126798      0.01938440 md_running
   413    206.50000000    165.08137681     25.42251468    409.21065312    300.00000000      0.99986607      0.06803447   -786.62882738     -1.22218472   -787.85101210      0.11451028      0.05533305      0.09939396      0.01908505 md_running
   414    207.00000000    165.33892722     25.42947865    408.62914125    300.00000000      0.99986627      0.06793778   -786.62914795     -1.22508661   -787.85423456      0.11342277      0.05546137      0.09828207      0.01890379 md_running
   415    207.50000000    165.60343977     25.43723391    407.57961874    300.00000000      0.99986707      0.06776329   -786.62944011     -1.22797751   -787.85741762      0.11291701      0.05558976      0.09781661      0.01881950 md_running
   416    208.00000000    165.86869826     25.44599880    406.49071772    300.00000000      0.99986810      0.06758225   -786.62978983     -1.23085553   -787.86064536      0.11278425      0.05571803      0.09778649      0.01879738 md_running
   417    208.50000000    166.12342911     25.45594775    405.74734025    300.00000000      0.99986898      0.06745866   -786.63027215     -1.23371950   -787.86399165      0.11282266      0.05584593      0.09799274      0.01880378 md_running
   418    209.00000000    166.37964961     25.46719041    405.56333480    300.00000000      0.99986942      0.06742807   -786.63092987     -1.23656913   -787.86749901      0.11291422      0.05597323      0.09833171      0.01881904 md_running
   419    209.50000000    166.64024647     25.47975596    405.89893328    300.00000000      0.99986932      0.06748387   -786.63175753     -1.23940506   -787.87116259      0.11308513      0.05609967      0.09886052      0.01884752 md_running
   420    210.00000000    166.89560495     25.49358528    406.44270095    300.00000000      0.99986885      0.06757427   -786.63269856     -1.24222886   -787.87492742      0.11352575      0.05622506      0.09981447      0.01892096 md_running
   421    210.50000000    167.15408264     25.50853121    406.68679346    300.00000000      0.99986840      0.06761485   -786.63365701     -1.24504296   -787.87869997      0.11457026      0.05634928      0.10156825      0.01909504 md_running
   422    211.00000000    167.40598151     25.52436765    406.09204008    300.00000000      0.99986848      0.06751597   -786.63452639     -1.24785051   -787.88237690      0.11658412      0.05647227      0.10449802      0.01943069 md_running
   423    211.50000000    167.65559221     25.54080623    404.30555124    300.00000000      0.99986953      0.06721895   -786.63522758     -1.25065516   -787.88588274      0.11976007      0.05659402      0.10875508      0.01996001 md_running
   424    212.00000000    167.91322198     25.55751866    401.35634345    300.00000000      0.99987174      0.06672862   -786.63574407     -1.25346084   -787.88920492      0.12390514      0.05671461      0.11405295      0.02065086 md_running
   425    212.50000000    168.16979389     25.57416287    397.73191918    300.00000000      0.99987492      0.06612604   -786.63613647     -1.25627143   -787.89240790      0.12839314      0.05683419      0.11965722      0.02139886 md_running
   426    213.00000000    168.42142322     25.59041004    394.27546428    300.00000000      0.99987844      0.06555137   -786.63652779     -1.25909047   -787.89561826      0.13232887      0.05695293      0.12458679      0.02205481 md_running
   427    213.50000000    168.67841813     25.60597035    391.92416483    300.00000000      0.99988140      0.06516045   -786.63705979     -1.26192088   -787.89898068      0.13482813      0.05707104      0.12790971      0.02247136 md_running
   428    214.00000000    168.92647238     25.62061525    391.38516536    300.00000000      0.99988290      0.06507084   -786.63783942     -1.26476470   -787.90260412      0.13528714      0.05718876      0.12900960      0.02254786 md_running
   429    214.50000000    169.17024684     25.63419369    392.88230882    300.00000000      0.99988242      0.06531975   -786.63889611     -1.26762290   -787.90651901      0.13356130      0.05730632      0.12775736      0.02226022 md_running
   430    215.00000000    169.40794653     25.64664010    396.09184652    300.00000000      0.99988003      0.06585336   -786.64017144     -1.27049537   -787.91066681      0.13000622      0.05742394      0.12453502      0.02166770 md_running
   431    215.50000000    169.64366197     25.65797392    400.28712138    300.00000000      0.99987634      0.06655086   -786.64154370     -1.27338097   -787.91492467      0.12538513      0.05754182      0.12013959      0.02089752 md_running
   432    216.00000000    169.89299417     25.66829173    404.61164827    300.00000000      0.99987221      0.06726984   -786.64287434     -1.27627769   -787.91915203      0.12068152      0.05766011      0.11559550      0.02011359 md_running
   433    216.50000000    170.15213164     25.67775258    408.35945117    300.00000000      0.99986841      0.06789295   -786.64405435     -1.27918295   -787.92323729      0.11684646      0.05777890      0.11189744      0.01947441 md_running
   434    217.00000000    170.41449319     25.68655905    411.16203294    300.00000000      0.99986544      0.06835890   -786.64503507     -1.28209386   -787.92712893      0.11455132      0.05789823      0.10975393      0.01909189 md_running
   435    217.50000000    170.66851059     25.69493553    413.03918985    300.00000000      0.99986339      0.06867099   -786.64583484     -1.28500760   -787.93084244      0.11401966      0.05801804      0.10940471      0.01900328 md_running
   436    218.00000000    170.92113125     25.70310620    414.32139039    300.00000000      0.99986208      0.06888417   -786.64652403     -1.28792161   -787.93444564      0.11500485      0.05813824      0.11059796      0.01916747 md_running
   437    218.50000000    171.18447435     25.71127361    415.49173207    300.00000000      0.99986109      0.06907874   -786.64719753     -1.29083386   -787.93803140      0.11692916      0.05825868      0.11273912      0.01948819 md_running
   438    219.00000000    171.44419245     25.71959940    417.00254361    300.00000000      0.99985998      0.06932993   -786.64794181     -1.29374306   -787.94168486      0.11909300      0.05837918      0.11511525      0.01984883 md_running
   439    219.50000000    171.70023677     25.72818833    419.11135466    300.00000000      0.99985845      0.06968053   -786.64880690     -1.29664866   -787.94545556      0.12086507      0.05849955      0.11709277      0.02014418 md_running
   440    220.00000000    171.95438932     25.73707650    421.77559417    300.00000000      0.99985638      0.07012348   -786.64978781     -1.29955098   -787.94933879      0.12183524      0.05861964      0.11826427      0.02030587 md_running
   441    220.50000000    172.21487754     25.74622604    424.63999848    300.00000000      0.99985398      0.07059971   -786.65082120     -1.30245116   -787.95327237      0.12190288      0.05873934      0.11853770      0.02031715 md_running
   442    221.00000000    172.47529296     25.75552691    427.12384654    300.00000000      0.99985166      0.07101267   -786.65180146     -1.30535106   -787.95715252      0.12130753      0.05885858      0.11816446      0.02021792 md_running
   443    221.50000000    172.71387779     25.76480603    428.59366614    300.00000000      0.99984995      0.07125704   -786.65260923     -1.30825311   -787.96086235      0.12055878      0.05897736      0.11766274      0.02009313 md_running
   444    222.00000000    172.96779348     25.77384337    428.58861188    300.00000000      0.99984931      0.07125620   -786.65315089     -1.31116016   -787.96431105      0.12023626      0.05909575      0.11761084      0.02003938 md_running
   445    222.50000000    173.22066850     25.78239425    427.02277805    300.00000000      0.99984998      0.07099587   -786.65339511     -1.31407518   -787.96747029      0.12071327      0.05921385      0.11836853      0.02011888 md_running
   446    223.00000000    173.48028097     25.79021557    424.26678941    300.00000000      0.99985185      0.07053767   -786.65338865     -1.31700103   -787.97038968      0.12195761      0.05933179      0.11987724      0.02032627 md_running
   447    223.50000000    173.73414751     25.79709326    421.04496863    300.00000000      0.99985447      0.07000201   -786.65324105     -1.31994015   -787.97318120      0.12353837      0.05944970      0.12167475      0.02058973 md_running
   448    224.00000000    173.97909362     25.80286743    418.17771406    300.00000000      0.99985717      0.06952531   -786.65308145     -1.32289428   -787.97597573      0.12485023      0.05956772      0.12313360      0.02080837 md_running
   449    224.50000000    174.23321940     25.80745073    416.28803686    300.00000000      0.99985928      0.06921114   -786.65301043     -1.32586425   -787.97887467      0.12538806      0.05968592      0.12373895      0.02089801 md_running
   450    225.00000000    174.46960658     25.81083701    415.59762130    300.00000000      0.99986038      0.06909635   -786.65306479     -1.32884987   -787.98191466      0.12494738      0.05980437      0.12328723      0.02082456 md_running
   451    225.50000000    174.71633526     25.81310013    415.88792921    300.00000000      0.99986049      0.06914461   -786.65321194     -1.33184991   -787.98506184      0.12366892      0.05992312      0.12192982      0.02061149 md_running
   452    226.00000000    174.95212138     25.81438327    416.63096300    300.00000000      0.99985993      0.06926815   -786.65337118     -1.33486223   -787.98823341      0.12195741      0.06004218      0.12009228      0.02032623 md_running
   453    226.50000000    175.20396421     25.81488079    417.21957633    300.00000000      0.99985926      0.06936601   -786.65345197     -1.33788400   -787.99133598      0.12032884      0.06016155      0.11831388      0.02005481 md_running
   454    227.00000000    175.44348912     25.81481675    417.20027055    300.00000000      0.99985896      0.06936280   -786.65339233     -1.34091200   -787.99430434      0.11923536      0.06028123      0.11707005      0.01987256 md_running
   455    227.50000000    175.68909341     25.81442282    416.42042798    300.00000000      0.99985930      0.06923315   -786.65318220     -1.34394292   -787.99712512      0.11893782      0.06040120      0.11664741      0.01982297 md_running
   456    228.00000000    175.93708545     25.81391679    415.05574082    300.00000000      0.99986027      0.06900626   -786.65286613     -1.34697366   -787.99983979      0.11946440      0.06052145      0.11709064      0.01991073 md_running
   457    228.50000000    176.19384420     25.81348392    413.53931858    300.00000000      0.99986161      0.06875414   -786.65252993     -1.35000160   -788.00253153      0.12063363      0.06064195      0.11822934      0.02010560 md_running
   458    229.00000000    176.45036507     25.81326142    412.42777639    300.00000000      0.99986285      0.06856934   -786.65227725     -1.35302481   -788.00530206      0.12212306      0.06076270      0.11974464      0.02035384 md_running
   459    229.50000000    176.69595051     25.81332734    412.24612274    300.00000000      0.99986349      0.06853914   -786.65220254     -1.35604216   -788.00824470      0.12355044      0.06088367      0.12125428      0.02059174 md_running
   460    230.00000000    176.95027250     25.81369400    413.34948896    300.00000000      0.99986313      0.06872258   -786.65236682     -1.35905338   -788.01142020      0.12456257      0.06100490      0.12240366      0.02076043 md_running
   461    230.50000000    177.20052693     25.81430650    415.83241837    300.00000000      0.99986155      0.06913539   -786.65278278     -1.36205908   -788.01484185      0.12492732      0.06112640      0.12296032      0.02082122 md_running
   462    231.00000000    177.45746783     25.81504604    419.50939712    300.00000000      0.99985883      0.06974671   -786.65341142     -1.36506064   -788.01847206      0.12461092      0.06124824      0.12289051      0.02076849 md_running
   463    231.50000000    177.70672475     25.81573836    423.98294637    300.00000000      0.99985530      0.07049047   -786.65417341     -1.36806017   -788.02223357      0.12380988      0.06137051      0.12238826      0.02063498 md_running
   464    232.00000000    177.96750359     25.81616701    428.78867826    300.00000000      0.99985136      0.07128946   -786.65497553     -1.37106026   -788.02603579      0.12288216      0.06149331      0.12180288      0.02048036 md_running
   465    232.50000000    178.23136991     25.81609108    433.56571954    300.00000000      0.99984743      0.07208369   -786.65574009     -1.37406387   -788.02980396      0.12218835      0.06161678      0.12147558      0.02036472 md_running
   466    233.00000000    178.49383856     25.81526656    438.17719638    300.00000000      0.99984369      0.07285038   -786.65642772     -1.37707407   -788.03350179      0.12194410      0.06174100      0.12159446      0.02032402 md_running
   467    233.50000000    178.75624534     25.81346920    442.72804702    300.00000000      0.99984015      0.07360699   -786.65704119     -1.38009376   -788.03713495      0.12217929      0.06186608      0.12215903      0.02036322 md_running
   468    234.00000000    179.02241486     25.81051616    447.49174905    300.00000000      0.99983664      0.07439900   -786.65761462     -1.38312547   -788.04074008      0.12279384      0.06199207      0.12304286      0.02046564 md_running
   469    234.50000000    179.28333823     25.80628347    452.78890668    300.00000000      0.99983292      0.07527969   -786.65819349     -1.38617105   -788.04436453      0.12364686      0.06211898      0.12408601      0.02060781 md_running
   470    235.00000000    179.53996345     25.80071690    458.87060462    300.00000000      0.99982879      0.07629082   -786.65881635     -1.38923154   -788.04804789      0.12459186      0.06224678      0.12513329      0.02076531 md_running
   471    235.50000000    179.79904937     25.79383387    465.84368298    300.00000000      0.99982415      0.07745015   -786.65950165     -1.39230703   -788.05180868      0.12550370      0.06237542      0.12605868      0.02091728 md_running
   472    236.00000000    180.06466449     25.78571720    473.64855366    300.00000000      0.99981903      0.07874777   -786.66024441     -1.39539667   -788.05564108      0.12630887      0.06250484      0.12679156      0.02105148 md_running
   473    236.50000000    180.32695741     25.77650274    482.09182470    300.00000000      0.99981358      0.08015153   -786.66102082     -1.39849873   -788.05951955      0.12700942      0.06263500      0.12734302      0.02116824 md_running
   474    237.00000000    180.59259395     25.76636206    490.91866468    300.00000000      0.99980798      0.08161906   -786.66179939     -1.40161084   -788.06341023      0.12767887      0.06276586      0.12779875      0.02127981 md_running
   475    237.50000000    180.84077540     25.75548322    499.90300463    300.00000000      0.99980242      0.08311278   -786.66255455     -1.40473023   -788.06728477      0.12839569      0.06289744      0.12824505      0.02139928 md_running
   476    238.00000000    181.10389732     25.74405334    508.93615692    300.00000000      0.99979702      0.08461461   -786.66328097     -1.40785398   -788.07113494      0.12914826      0.06302975      0.12869331      0.02152471 md_running
   477    238.50000000    181.37093920     25.73224177    518.05935429    300.00000000      0.99979178      0.08613141   -786.66399839     -1.41097935   -788.07497775      0.12978338      0.06316285      0.12900252      0.02163056 md_running
   478    239.00000000    181.63499120     25.72018725    527.41480485    300.00000000      0.99978665      0.08768683   -786.66474140     -1.41410401   -788.07884541      0.13004060      0.06329680      0.12891667      0.02167343 md_running
   479    239.50000000    181.89076845     25.70798938    537.16421264    300.00000000      0.99978152      0.08930774   -786.66554502     -1.41722617   -788.08277120      0.12962764      0.06343165      0.12813893      0.02160461 md_running
   480    240.00000000    182.14578782     25.69570451    547.40289659    300.00000000      0.99977634      0.09101000   -786.66643035     -1.42034471   -788.08677506      0.12831420      0.06356748      0.12643989      0.02138570 md_running
   481    240.50000000    182.39507970     25.68334443    558.09671714    300.00000000      0.99977110      0.09278794   -786.66739311     -1.42345920   -788.09085231      0.12599703      0.06370434      0.12372858      0.02099950 md_running
   482    241.00000000    182.65913770     25.67087708    569.06203301    300.00000000      0.99976587      0.09461100   -786.66840017     -1.42656991   -788.09497008      0.12275831      0.06384228      0.12010070      0.02045972 md_running
   483    241.50000000    182.92123447     25.65823095    579.99194816    300.00000000      0.99976078      0.09642819   -786.66939516     -1.42967770   -788.09907286      0.11889619      0.06398135      0.11586096      0.01981603 md_running
   484    242.00000000    183.17979968     25.64530491    590.53026439    300.00000000      0.99975597      0.09818027   -786.67031009     -1.43278394   -788.10309403      0.11488069      0.06412159      0.11148375      0.01914678 md_running
   485    242.50000000    183.41945475     25.63198296    600.36787690    300.00000000      0.99975158      0.09981585   -786.67108453     -1.43589032   -788.10697485      0.11124634      0.06426301      0.10750908      0.01854106 md_running
   486    243.00000000    183.66158735     25.61815216    609.32148092    300.00000000      0.99974766      0.10130445   -786.67167893     -1.43899867   -788.11067759      0.10846104      0.06440560      0.10440437      0.01807684 md_running
   487    243.50000000    183.91585857     25.60372219    617.35419175    300.00000000      0.99974424      0.10263995   -786.67208027     -1.44211073   -788.11419100      0.10683498      0.06454929      0.10247575      0.01780583 md_running
   488    244.00000000    184.17080177     25.58864287    624.54358727    300.00000000      0.99974126      0.10383525   -786.67229742     -1.44522800   -788.11752542      0.10653758      0.06469396      0.10188531      0.01775626 md_running
   489    244.50000000    184.43042501     25.57291701    631.04827364    300.00000000      0.99973864      0.10491670   -786.67235537     -1.44835149   -788.12070687      0.10762129      0.06483940      0.10268888      0.01793688 md_running
   490    245.00000000    184.69086768     25.55660544    637.09330589    300.00000000      0.99973630      0.10592173   -786.67229444     -1.45148168   -788.12377612      0.10996997      0.06498537      0.10476727      0.01832833 md_running
   491    245.50000000    184.95383976     25.53982405    642.96943764    300.00000000      0.99973412      0.10689869   -786.67216963     -1.45461838   -788.12678801      0.11319041      0.06513156      0.10771157      0.01886507 md_running
   492    246.00000000    185.21081622     25.52273367    649.02208452    300.00000000      0.99973198      0.10790499   -786.67204907     -1.45776077   -788.12980985      0.11661748      0.06527768      0.11083233      0.01943625 md_running
   493    246.50000000    185.46784266     25.50552464    655.59859101    300.00000000      0.99972975      0.10899838   -786.67200412     -1.46090743   -788.13291155      0.11947789      0.06542345      0.11333559      0.01991298 md_running
   494    247.00000000    185.73566003     25.48839737    662.95663788    300.00000000      0.99972734      0.11022172   -786.67209234     -1.46405644   -788.13614878      0.12114920      0.06556867      0.11457803      0.02019153 md_running
   495    247.50000000    185.99633465     25.47154382    671.17455208    300.00000000      0.99972468      0.11158801   -786.67234099     -1.46720556   -788.13954656      0.12136049      0.06571320      0.11426861      0.02022675 md_running
   496    248.00000000    186.26399109     25.45513203    680.12472812    300.00000000      0.99972181      0.11307604   -786.67274077     -1.47035241   -788.14309318      0.12023459      0.06585702      0.11252562      0.02003910 md_running
   497    248.50000000    186.50441610     25.43929299    689.52904765    300.00000000      0.99971882      0.11463959   -786.67325456     -1.47349466   -788.14674922      0.11820779      0.06600020      0.10980826      0.01970130 md_running
   498    249.00000000    186.76165816     25.42411085    699.05677649    300.00000000      0.99971581      0.11622365   -786.67383369     -1.47663025   -788.15046394      0.11588664      0.06614291      0.10676516      0.01931444 md_running
   499    249.50000000    187.01977537     25.40961816    708.41284193    300.00000000      0.99971290      0.11777916   -786.67443249     -1.47975754   -788.15419003      0.11388513      0.06628537      0.10407377      0.01898086 md_running
   500    250.00000000    187.26142286     25.39579558    717.38636290    300.00000000      0.99971016      0.11927108   -786.67501558     -1.48287544   -788.15789103      0.11268621      0.06642785      0.10229207      0.01878104 md_running
   501    250.50000000    187.52191491     25.38257642    725.85574814    300.00000000      0.99970761      0.12067918   -786.67556011     -1.48598345   -788.16154356      0.11252876      0.06657066      0.10173318      0.01875479 md_running
   502    251.00000000    187.78196534     25.36985216    733.75371442    300.00000000      0.99970528      0.12199228   -786.67604865     -1.48908167   -788.16513032      0.11339986      0.06671408      0.10241822      0.01889998 md_running
   503    251.50000000    188.03851323     25.35748060    741.02751645    300.00000000      0.99970317      0.12320161   -786.67646358     -1.49217079   -788.16863437      0.11511794      0.06685841      0.10415197      0.01918632 md_running
   504    252.00000000    188.27562929     25.34529845    747.62472468    300.00000000      0.99970127      0.12429845   -786.67678471     -1.49525198   -788.17203670      0.11740312      0.06700391      0.10662035      0.01956719 md_running
   505    252.50000000    188.53436418     25.33313378    753.50355935    300.00000000      0.99969960      0.12527585   -786.67699287     -1.49832680   -788.17531967      0.11993629      0.06715078      0.10945240      0.01998938 md_running
   506    253.00000000    188.79763432     25.32082013    758.65210815    300.00000000      0.99969814      0.12613183   -786.67707399     -1.50139708   -788.17847107      0.12237476      0.06729914      0.11224509      0.02039579 md_running
   507    253.50000000    189.06233898     25.30821119    763.08441385    300.00000000      0.99969689      0.12686874   -786.67701999     -1.50446479   -788.18148478      0.12439197      0.06744906      0.11461398      0.02073200 md_running
   508    254.00000000    189.32105485     25.29519396    766.80548663    300.00000000      0.99969584      0.12748740   -786.67682286     -1.50753193   -788.18435479      0.12578948      0.06760047      0.11632175      0.02096491 md_running
   509    254.50000000    189.58302292     25.28169692    769.78130660    300.00000000      0.99969499      0.12798215   -786.67647050     -1.51060037   -788.18707088      0.12659921      0.06775322      0.11738758      0.02109987 md_running
   510    255.00000000    189.85297135     25.26769194    771.95512563    300.00000000      0.99969433      0.12834357   -786.67594872     -1.51367183   -788.18962055      0.12709329      0.06790706      0.11808988      0.02118222 md_running
   511    255.50000000    190.12245248     25.25319025    773.31366385    300.00000000      0.99969389      0.12856943   -786.67525342     -1.51674775   -788.19200117      0.12764673      0.06806165      0.11882341      0.02127445 md_running
   512    256.00000000    190.38776500     25.23823198    773.96958073    300.00000000      0.99969364      0.12867848   -786.67440381     -1.51982932   -788.19423313      0.12852687      0.06821665      0.11986585      0.02142114 md_running
   513    256.50000000    190.64553526     25.22287289    774.19436272    300.00000000      0.99969355      0.12871586   -786.67344812     -1.52291741   -788.19636553      0.12975928      0.06837170      0.12123773      0.02162655 md_running
   514    257.00000000    190.89923629     25.20716990    774.35888447    300.00000000      0.99969352      0.12874321   -786.67245206     -1.52601259   -788.19846465      0.13117570      0.06852651      0.12275299      0.02186262 md_running
   515    257.50000000    191.15607227     25.19116863    774.81114393    300.00000000      0.99969345      0.12881840   -786.67147736     -1.52911509   -788.20059246      0.13260154      0.06868087      0.12422080      0.02210026 md_running
   516    258.00000000    191.42277325     25.17489420    775.76420644    300.00000000      0.99969328      0.12897685   -786.67056155     -1.53222489   -788.20278644      0.13401067      0.06883472      0.12561150      0.02233511 md_running
   517    258.50000000    191.69228184     25.15834562    777.25711702    300.00000000      0.99969297      0.12922506   -786.66971051     -1.53534169   -788.20505220      0.13555233      0.06898811      0.12708579      0.02259206 md_running
   518    259.00000000    191.95764587     25.14149381    779.20431395    300.00000000      0.99969254      0.12954880   -786.66890765     -1.53846506   -788.20737271      0.13743693      0.06914121      0.12887392      0.02290616 md_running
   519    259.50000000    192.21553117     25.12428353    781.49335763    300.00000000      0.99969201      0.12992937   -786.66813027     -1.54159449   -788.20972475      0.13977738      0.06929428      0.13110312      0.02329623 md_running
   520    260.00000000    192.47941307     25.10663808    784.06914192    300.00000000      0.99969142      0.13035761   -786.66736445     -1.54472948   -788.21209393      0.14249550      0.06944767      0.13369917      0.02374925 md_running
   521    260.50000000    192.74834838     25.08846533    786.96597598    300.00000000      0.99969075      0.13083924   -786.66661081     -1.54786965   -788.21448046      0.14533691      0.06960175      0.13640279      0.02422282 md_running
   522    261.00000000    193.01370263     25.06966370    790.29110353    300.00000000      0.99969001      0.13139206   -786.66588102     -1.55101476   -788.21689578      0.14796795      0.06975688      0.13886936      0.02466132 md_running
   523    261.50000000    193.27268225     25.05012807    794.19002670    300.00000000      0.99968915      0.13204029   -786.66519313     -1.55416473   -788.21935786      0.15007295      0.06991342      0.14077432      0.02501216 md_running
   524    262.00000000    193.54186854     25.02975545    798.81583596    300.00000000      0.99968814      0.13280937   -786.66456580     -1.55731972   -788.22188552      0.15141647      0.07007166      0.14187545      0.02523608 md_running
   525    262.50000000    193.80418451     25.00845080    804.31375008    300.00000000      0.99968696      0.13372344   -786.66401668     -1.56048007   -788.22449674      0.15184629      0.07023186      0.14201167      0.02530772 md_running
   526    263.00000000    194.06937922     24.98613359    810.81735993    300.00000000      0.99968558      0.13480471   -786.66356202     -1.56364630   -788.22720832      0.15125564      0.07039417      0.14106021      0.02520927 md_running
   527    263.50000000    194.33018532     24.96274624    818.42922001    300.00000000      0.99968397      0.13607025   -786.66321498     -1.56681906   -788.23003404      0.14956027      0.07055864      0.13891374      0.02492671 md_running
   528    264.00000000    194.57053242     24.93826298    827.16733288    300.00000000      0.99968214      0.13752303   -786.66297687     -1.56999906   -788.23297593      0.14675843      0.07072524      0.13554537      0.02445974 md_running
   529    264.50000000    194.82676208     24.91269757    836.89724449    300.00000000      0.99968011      0.13914070   -786.66282552     -1.57318699   -788.23601251      0.14304659      0.07089379      0.13113856      0.02384110 md_running
   530    265.00000000    195.06718889     24.88610775    847.30441326    300.00000000      0.99967794      0.14087097   -786.66271092     -1.57638340   -788.23909433      0.13890951      0.07106399      0.12619818      0.02315159 md_running
   531    265.50000000    195.32444745     24.85859397    857.95287095    300.00000000      0.99967572      0.14264136   -786.66256482     -1.57958870   -788.24215352      0.13508296      0.07123545      0.12152466      0.02251383 md_running
   532    266.00000000    195.58653735     24.83029288    868.42308478    300.00000000      0.99967356      0.14438212   -786.66232388     -1.58280305   -788.24512693      0.13234262      0.07140770      0.11799936      0.02205710 md_running
   533    266.50000000    195.84197810     24.80136594    878.46674934    300.00000000      0.99967152      0.14605195   -786.66195608     -1.58602632   -788.24798240      0.13118120      0.07158023      0.11621761      0.02186353 md_running
   534    267.00000000    196.10057170     24.77198574    888.09100376    300.00000000      0.99966961      0.14765206   -786.66147446     -1.58925813   -788.25073259      0.13158259      0.07175259      0.11620398      0.02193043 md_running
   535    267.50000000    196.35769822     24.74232246    897.52025522    300.00000000      0.99966781      0.14921975   -786.66092954     -1.59249773   -788.25342727      0.13307268      0.07192436      0.11744575      0.02217878 md_running
   536    268.00000000    196.61316118     24.71253244    907.05816456    300.00000000      0.99966606      0.15080550   -786.66038479     -1.59574408   -788.25612887      0.13500523      0.07209527      0.11922290      0.02250087 md_running
   537    268.50000000    196.87496049     24.68274905    916.92785258    300.00000000      0.99966429      0.15244641   -786.65988854     -1.59899581   -788.25888434      0.13686156      0.07226516      0.12095518      0.02281026 md_running
   538    269.00000000    197.14252973     24.65307746    927.17288110    300.00000000      0.99966250      0.15414973   -786.65945658     -1.60225131   -788.26170788      0.13840629      0.07243404      0.12238309      0.02306771 md_running
   539    269.50000000    197.40394951     24.62359269    937.66335228    300.00000000      0.99966069      0.15589385   -786.65907323     -1.60550879   -788.26458202      0.13964962      0.07260206      0.12352507      0.02327494 md_running
   540    270.00000000    197.65766741     24.59434086    948.18517708    300.00000000      0.99965889      0.15764319   -786.65870641     -1.60876642   -788.26747283      0.14071210      0.07276947      0.12453161      0.02345202 md_running
   541    270.50000000    197.92171581     24.56534063    958.55062488    300.00000000      0.99965714      0.15936652   -786.65832753     -1.61202241   -788.27034993      0.14169346      0.07293661      0.12552955      0.02361558 md_running
   542    271.00000000    198.18482970     24.53658595    968.67860573    300.00000000      0.99965547      0.16105038   -786.65792366     -1.61527515   -788.27319881      0.14261704      0.07310388      0.12656029      0.02376951 md_running
   543    271.50000000    198.43826403     24.50804834    978.62695781    300.00000000      0.99965387      0.16270437   -786.65750427     -1.61852331   -788.27602758      0.14343312      0.07327168      0.12757692      0.02390552 md_running
   544    272.00000000    198.69844338     24.47968029    988.58709272    300.00000000      0.99965232      0.16436032   -786.65709921     -1.62176593   -788.27886514      0.14404585      0.07344039      0.12847795      0.02400764 md_running
   545    272.50000000    198.96231451     24.45141866    998.85197801    300.00000000      0.99965078      0.16606694   -786.65675421     -1.62500244   -788.28175666      0.14433253      0.07361039      0.12912380      0.02405542 md_running
   546    273.00000000    199.21842326     24.42318967   1009.76217946    300.00000000      0.99964920      0.16788084   -786.65652174     -1.62823273   -788.28475447      0.14414849      0.07378195      0.12933781      0.02402475 md_running
   547    273.50000000    199.47701096     24.39491683   1021.63143702    300.00000000      0.99964753      0.16985420   -786.65644974     -1.63145707   -788.28790682      0.14333526      0.07395529      0.12892246      0.02388921 md_running
   548    274.00000000    199.73748453     24.36652943   1034.65318020    300.00000000      0.99964575      0.17201917   -786.65656583     -1.63467613   -788.29124196      0.14177167      0.07413052      0.12771999      0.02362861 md_running
   549    274.50000000    200.00334171     24.33796968   1048.81846810    300.00000000      0.99964384      0.17437426   -786.65686426     -1.63789084   -788.29475510      0.13946815      0.07430762      0.12571920      0.02324469 md_running
   550    275.00000000    200.25132809     24.30919657   1063.89065189    300.00000000      0.99964184      0.17688013   -786.65730097     -1.64110240   -788.29840337      0.13663479      0.07448648      0.12313566      0.02277246 md_running
   551    275.50000000    200.51079900     24.28018490   1079.46200064    300.00000000      0.99963980      0.17946898   -786.65780384     -1.64431214   -788.30211598      0.13368000      0.07466688      0.12041075      0.02228000 md_running
   552    276.00000000    200.78042509     24.25092047   1095.08318714    300.00000000      0.99963778      0.18206613   -786.65829405     -1.64752148   -788.30581553      0.13109586      0.07484855      0.11808559      0.02184931 md_running
   553    276.50000000    201.04421276     24.22139296   1110.41558693    300.00000000      0.99963584      0.18461526   -786.65871143     -1.65073188   -788.30944330      0.12928523      0.07503118      0.11660862      0.02154754 md_running
   554    277.00000000    201.30270654     24.19158770   1125.34708321    300.00000000      0.99963400      0.18709774   -786.65903449     -1.65394474   -788.31297923      0.12840882      0.07521449      0.11615429      0.02140147 md_running
   555    277.50000000    201.54827647     24.16147955   1140.02964177    300.00000000      0.99963226      0.18953883   -786.65928569     -1.65716137   -788.31644707      0.12830990      0.07539827      0.11653951      0.02138498 md_running
   556    278.00000000    201.81598187     24.13103015   1154.81079303    300.00000000      0.99963056      0.19199631   -786.65952106     -1.66038287   -788.31990392      0.12858776      0.07558238      0.11730257      0.02143129 md_running
   557    278.50000000    202.07291797     24.10019007   1170.07025880    300.00000000      0.99962888      0.19453331   -786.65980113     -1.66361003   -788.32341116      0.12878359      0.07576680      0.11790635      0.02146393 md_running
   558    279.00000000    202.33128106     24.06890712   1186.07056783    300.00000000      0.99962717      0.19719349   -786.66016546     -1.66684328   -788.32700875      0.12852379      0.07595161      0.11797243      0.02142063 md_running
   559    279.50000000    202.58942211     24.03712828   1202.84371027    300.00000000      0.99962543      0.19998216   -786.66061769     -1.67008263   -788.33070032      0.12773659      0.07613700      0.11741449      0.02128943 md_running
   560    280.00000000    202.84442582     24.00480856   1220.13541434    300.00000000      0.99962365      0.20285704   -786.66111035     -1.67332766   -788.33443801      0.12664001      0.07632323      0.11643162      0.02110667 md_running
   561    280.50000000    203.10509244     23.97192468   1237.53211270    300.00000000      0.99962190      0.20574937   -786.66157108     -1.67657754   -788.33814862      0.12551370      0.07651059      0.11538041      0.02091895 md_running
   562    281.00000000    203.36991150     23.93847401   1254.61900260    300.00000000      0.99962020      0.20859020   -786.66193188     -1.67983111   -788.34176299      0.12466458      0.07669938      0.11460712      0.02077743 md_running
   563    281.50000000    203.63352420     23.90447630   1271.06991131    300.00000000      0.99961860      0.21132529   -786.66213963     -1.68308704   -788.34522666      0.12428379      0.07688987      0.11434209      0.02071397 md_running
   564    282.00000000    203.90466011     23.86997075   1286.71445544    300.00000000      0.99961711      0.21392632   -786.66216955     -1.68634389   -788.34851345      0.12444257      0.07708230      0.11467114      0.02074043 md_running
   565    282.50000000    204.17164917     23.83501116   1301.55013992    300.00000000      0.99961573      0.21639287   -786.66202695     -1.68960031   -788.35162727      0.12508039      0.07727683      0.11554618      0.02084673 md_running
   566    283.00000000    204.43751344     23.79965486   1315.69319819    300.00000000      0.99961445      0.21874426   -786.66173651     -1.69285514   -788.35459165      0.12607726      0.07747357      0.11683255      0.02101288 md_running
   567    283.50000000    204.69404178     23.76395130   1329.30419280    300.00000000      0.99961325      0.22100720   -786.66132993     -1.69610752   -788.35743745      0.12725494      0.07767257      0.11834834      0.02120916 md_running
   568    284.00000000    204.93957851     23.72792854   1342.50586020    300.00000000      0.99961212      0.22320208   -786.66083063     -1.69935705   -788.36018768      0.12848379      0.07787386      0.11993845      0.02141396 md_running
   569    284.50000000    205.17382903     23.69158595   1355.32753612    300.00000000      0.99961103      0.22533378   -786.66024247     -1.70260383   -788.36284630      0.12970706      0.07807743      0.12153190      0.02161784 md_running
   570    285.00000000    205.42283835     23.65488944   1367.72050402    300.00000000      0.99961000      0.22739421   -786.65955357     -1.70584842   -788.36540199      0.13095044      0.07828330      0.12314801      0.02182507 md_running
   571    285.50000000    205.67548431     23.61777117   1379.62316481    300.00000000      0.99960903      0.22937312   -786.65874628     -1.70909185   -788.36783814      0.13225409      0.07849145      0.12482670      0.02204235 md_running
   572    286.00000000    205.93731691     23.58013212   1391.04383584    300.00000000      0.99960811      0.23127190   -786.65781229     -1.71233555   -788.37014783      0.13359024      0.07870193      0.12654098      0.02226504 md_running
   573    286.50000000    206.19642984     23.54184707   1402.12165362    300.00000000      0.99960724      0.23311367   -786.65676342     -1.71558118   -788.37234460      0.13483203      0.07891476      0.12816025      0.02247201 md_running
   574    287.00000000    206.46061515     23.50277110   1413.13757491    300.00000000      0.99960641      0.23494515   -786.65563361     -1.71883061   -788.37446422      0.13579037      0.07913004      0.12948716      0.02263173 md_running
   575    287.50000000    206.72315470     23.46274786   1424.47892663    300.00000000      0.99960557      0.23683074   -786.65447415     -1.72208568   -788.37655983      0.13627960      0.07934788      0.13032297      0.02271327 md_running
   576    288.00000000    206.97580666     23.42161877   1436.58127960    300.00000000      0.99960471      0.23884285   -786.65334401     -1.72534816   -788.37869217      0.13615590      0.07956844      0.13050677      0.02269265 md_running
   577    288.50000000    207.23423169     23.37923302   1449.85866850    300.00000000      0.99960380      0.24105032   -786.65229945     -1.72861955   -788.38091900      0.13531488      0.07979192      0.12991263      0.02255248 md_running
   578    289.00000000    207.47487997     23.33545835   1464.62428731    300.00000000      0.99960280      0.24350522   -786.65138185     -1.73190096   -788.38328280      0.13370335      0.08001855      0.12846613      0.02228389 md_running
   579    289.50000000    207.72373004     23.29019151   1481.01724636    300.00000000      0.99960171      0.24623068   -786.65060575     -1.73519300   -788.38579875      0.13137111      0.08024858      0.12620100      0.02189518 md_running
   580    290.00000000    207.98235377     23.24336678   1498.96990542    300.00000000      0.99960054      0.24921545   -786.64995367     -1.73849573   -788.38844940      0.12852760      0.08048229      0.12332196      0.02142127 md_running
   581    290.50000000    208.24513185     23.19496061   1518.23840666    300.00000000      0.99959929      0.25241899   -786.64938192     -1.74180864   -788.39119056      0.12553351      0.08071995      0.12020166      0.02092225 md_running
   582    291.00000000    208.51185796     23.14499107   1538.49599798    300.00000000      0.99959800      0.25578697   -786.64883613     -1.74513070   -788.39396683      0.12281753      0.08096179      0.11729689      0.02046959 md_running
   583    291.50000000    208.77618344     23.09351085   1559.45300164    300.00000000      0.99959669      0.25927123   -786.64827171     -1.74846050   -788.39673221      0.12073836      0.08120804      0.11500719      0.02012306 md_running
   584    292.00000000    209.03985482     23.04059443   1580.93249567    300.00000000      0.99959538      0.26284237   -786.64766542     -1.75179639   -788.39946182      0.11947428      0.08145891      0.11354849      0.01991238 md_running
   585    292.50000000    209.29874187     22.98632354   1602.86894130    300.00000000      0.99959408      0.26648947   -786.64701392     -1.75513669   -788.40215061      0.11902108      0.08171460      0.11294745      0.01983685 md_running
   586    293.00000000    209.55153691     22.93077220   1625.24683957    300.00000000      0.99959279      0.27020997   -786.64632185     -1.75847980   -788.40480166      0.11928319      0.08197531      0.11311979      0.01988053 md_running
   587    293.50000000    209.80774664     22.87399650   1648.00704077    300.00000000      0.99959151      0.27399403   -786.64558500     -1.76182438   -788.40740938      0.12019302      0.08224124      0.11399299      0.02003217 md_running
   588    294.00000000    210.06881963     22.81603241   1670.97929975    300.00000000      0.99959024      0.27781335   -786.64477764     -1.76516938   -788.40994702      0.12176226      0.08251262      0.11557093      0.02029371 md_running
   589    294.50000000    210.33132971     22.75689999   1693.90048878    300.00000000      0.99958901      0.28162418   -786.64385604     -1.76851409   -788.41237012      0.12401965      0.08278963      0.11787438      0.02066994 md_running
   590    295.00000000    210.58675537     22.69661056   1716.50461403    300.00000000      0.99958782      0.28538229   -786.64277495     -1.77185807   -788.41463302      0.12689143      0.08307242      0.12081989      0.02114857 md_running
   591    295.50000000    210.82622130     22.63517354   1738.63833834    300.00000000      0.99958668      0.28906219   -786.64150745     -1.77520118   -788.41670863      0.13009367      0.08336107      0.12411147      0.02168228 md_running
   592    296.00000000    211.08159067     22.57260051   1760.33442307    300.00000000      0.99958559      0.29266934   -786.64005918     -1.77854348   -788.41860266      0.13312453      0.08365560      0.12722483      0.02218742 md_running
   593    296.50000000    211.33241080     22.50890580   1781.78657914    300.00000000      0.99958455      0.29623593   -786.63846293     -1.78188520   -788.42034813      0.13540876      0.08395598      0.12955631      0.02256813 md_running
   594    297.00000000    211.59805215     22.44410554   1803.24959698    300.00000000      0.99958354      0.29980432   -786.63676227     -1.78522670   -788.42198897      0.13651593      0.08426211      0.13063896      0.02275265 md_running
   595    297.50000000    211.85958779     22.37821787   1824.93179866    300.00000000      0.99958255      0.30340916   -786.63499208     -1.78856844   -788.42356052      0.13629421      0.08457389      0.13029474      0.02271570 md_running
   596    298.00000000    212.12105667     22.31126605   1846.93771779    300.00000000      0.99958156      0.30706781   -786.63317003     -1.79191086   -788.42508089      0.13489585      0.08489119      0.12865388      0.02248264 md_running
   597    298.50000000    212.37896908     22.24328467   1869.27371050    300.00000000      0.99958059      0.31078135   -786.63129780     -1.79525434   -788.42655214      0.13269817      0.08521385      0.12605742      0.02211636 md_running
   598    299.00000000    212.63458212     22.17432908   1891.88635243    300.00000000      0.99957962      0.31454087   -786.62936944     -1.79859908   -788.42796852      0.13012179      0.08554166      0.12288960      0.02168697 md_running
   599    299.50000000    212.88893426     22.10448456   1914.69399291    300.00000000      0.99957867      0.31833282   -786.62737701     -1.80194504   -788.42932205      0.12752962      0.08587438      0.11947921      0.02125494 md_running
   600    300.00000000    213.15058615     22.03387239   1937.59592098    300.00000000      0.99957774      0.32214045   -786.62531348     -1.80529184   -788.43060532      0.12521625      0.08621169      0.11610688      0.02086937 md_running
   601    300.50000000    213.41623639     21.96265025   1960.47808095    300.00000000      0.99957682      0.32594478   -786.62317186     -1.80863882   -788.43181068      0.12346967      0.08655320      0.11308193      0.02057828 md_running
   602    301.00000000    213.68155060     21.89100734   1983.24472018    300.00000000      0.99957593      0.32972991   -786.62095164     -1.81198501   -788.43293665      0.12257810      0.08689848      0.11075601      0.02042968 md_running
   603    301.50000000    213.94635282     21.81915550   2005.87787163    300.00000000      0.99957506      0.33349285   -786.61866721     -1.81532925   -788.43399647      0.12273301      0.08724703      0.10942313      0.02045550 md_running
   604    302.00000000    214.21608439     21.74731802   2028.48802814    300.00000000      0.99957422      0.33725197   -786.61635666     -1.81867028   -788.43502694      0.12391177      0.08759833      0.10916588      0.02065196 md_running
   605    302.50000000    214.49112558     21.67571862   2051.30221322    300.00000000      0.99957340      0.34104500   -786.61407869     -1.82200679   -788.43608548      0.12588864      0.08795185      0.10983366      0.02098144 md_running
   606    303.00000000    214.75510161     21.60457209   2074.58142482    300.00000000      0.99957258      0.34491536   -786.61189748     -1.82533759   -788.43723508      0.12839453      0.08830704      0.11120396      0.02139909 md_running
   607    303.50000000    215.01620197     21.53407624   2098.52700240    300.00000000      0.99957176      0.34889649   -786.60986511     -1.82866162   -788.43852673      0.13129669      0.08866338      0.11318547      0.02188278 md_running
   608    304.00000000    215.27955730     21.46440510   2123.24868793    300.00000000      0.99957093      0.35300667   -786.60801563     -1.83197803   -788.43999366      0.13465210      0.08902037      0.11588086      0.02244202 md_running
   609    304.50000000    215.54549701     21.39570298   2148.83011550    300.00000000      0.99957009      0.35725978   -786.60637514     -1.83528621   -788.44166135      0.13854639      0.08937755      0.11940718      0.02309106 md_running
   610    305.00000000    215.80653501     21.32807933   2175.44573830    300.00000000      0.99956925      0.36168483   -786.60498303     -1.83858581   -788.44356884      0.14288356      0.08973452      0.12365160      0.02381393 md_running
   611    305.50000000    216.07134592     21.26160473   2203.42699360    300.00000000      0.99956838      0.36633694   -786.60390170     -1.84187675   -788.44577844      0.14731064      0.09009096      0.12819179      0.02455177 md_running
   612    306.00000000    216.32692441     21.19630862   2233.22876849    300.00000000      0.99956749      0.37129171   -786.60321247     -1.84515920   -788.44837166      0.15133573      0.09044666      0.13244451      0.02522262 md_running
   613    306.50000000    216.57533902     21.13217991   2265.27255832    300.00000000      0.99956657      0.37661924   -786.60298829     -1.84843356   -788.45142185      0.15459977      0.09080148      0.13599679      0.02576663 md_running
   614    307.00000000    216.83523500     21.06916908   2299.77940833    300.00000000      0.99956559      0.38235628   -786.60326148     -1.85170043   -788.45496191      0.15703540      0.09115544      0.13876970      0.02617257 md_running
   615    307.50000000    217.09433736     21.00719389   2336.74165650    300.00000000      0.99956458      0.38850154   -786.60402461     -1.85496053   -788.45898513      0.15885445      0.09150863      0.14098986      0.02647574 md_running
   616    308.00000000    217.35680182     20.94615001   2375.97618076    300.00000000      0.99956353      0.39502459   -786.60523689     -1.85821468   -788.46345157      0.16042638      0.09186124      0.14305747      0.02673773 md_running
   617    308.50000000    217.61941186     20.88592368   2417.27772643    300.00000000      0.99956246      0.40189129   -786.60685199     -1.86146371   -788.46831571      0.16202719      0.09221351      0.14524274      0.02700453 md_running
   618    309.00000000    217.88199888     20.82640821   2460.51956605    300.00000000      0.99956138      0.40908058   -786.60884024     -1.86470839   -788.47354864      0.16377930      0.09256564      0.14765074      0.02729655 md_running
   619    309.50000000    218.13684326     20.76751457   2505.64548501    300.00000000      0.99956028      0.41658312   -786.61118524     -1.86794938   -788.47913462      0.16557780      0.09291783      0.15013222      0.02759630 md_running
   620    310.00000000    218.37276553     20.70917764   2552.62613149    300.00000000      0.99955918      0.42439402   -786.61387776     -1.87118718   -788.48506494      0.16717312      0.09327021      0.15240199      0.02786219 md_running
   621    310.50000000    218.63043514     20.65135647   2601.35753458    300.00000000      0.99955808      0.43249600   -786.61689745     -1.87442212   -788.49131957      0.16830328      0.09362285      0.15418302      0.02805055 md_running
   622    311.00000000    218.89833827     20.59402796   2651.62508219    300.00000000      0.99955698      0.44085337   -786.62020651     -1.87765437   -788.49786089      0.16882201      0.09397579      0.15532666      0.02813700 md_running
   623    311.50000000    219.16237517     20.53717520   2703.14066334    300.00000000      0.99955589      0.44941823   -786.62375545     -1.88088397   -788.50463942      0.16867396      0.09432909      0.15579783      0.02811233 md_running
   624    312.00000000    219.42613318     20.48077160   2755.59314476    300.00000000      0.99955483      0.45813887   -786.62749021     -1.88411083   -788.51160104      0.16780195      0.09468289      0.15557103      0.02796699 md_running
   625    312.50000000    219.68373760     20.42476520   2808.70538763    300.00000000      0.99955378      0.46696919   -786.63135976     -1.88733486   -788.51869463      0.16612646      0.09503745      0.15459229      0.02768774 md_running
   626    313.00000000    219.94235717     20.36906579   2862.24825970    300.00000000      0.99955277      0.47587111   -786.63531924     -1.89055598   -788.52587522      0.16356181      0.09539325      0.15279446      0.02726030 md_running
   627    313.50000000    220.20682507     20.31353896   2915.98738996    300.00000000      0.99955178      0.48480566   -786.63931798     -1.89377414   -788.53309212      0.16013781      0.09575094      0.15022245      0.02668963 md_running
   628    314.00000000    220.46666310     20.25800897   2969.63410002    300.00000000      0.99955084      0.49372485   -786.64329102     -1.89698938   -788.54028039      0.15610352      0.09611138      0.14714819      0.02601725 md_running
   629    314.50000000    220.73073319     20.20226832   3022.86335262    300.00000000      0.99954993      0.50257463   -786.64716488     -1.90020178   -788.54736666      0.15189429      0.09647559      0.14402753      0.02531572 md_running
   630    315.00000000    220.98491151     20.14609189   3075.33678873    300.00000000      0.99954906      0.51129875   -786.65086139     -1.90341147   -788.55427285      0.14797985      0.09684468      0.14134900      0.02466331 md_running
   631    315.50000000    221.21863308     20.08924948   3126.76358680    300.00000000      0.99954823      0.51984885   -786.65430459     -1.90661860   -788.56092320      0.14473262      0.09721982      0.13948071      0.02412210 md_running
   632    316.00000000    221.46821099     20.03151719   3177.09321688    300.00000000      0.99954745      0.52821655   -786.65746520     -1.90982336   -788.56728856      0.14230596      0.09760215      0.13850601      0.02371766 md_running
   633    316.50000000    221.72143417     19.97268959   3226.48750986    300.00000000      0.99954671      0.53642873   -786.66035029     -1.91302591   -788.57337619      0.14055755      0.09799276      0.13824416      0.02342626 md_running
   634    317.00000000    221.95814831     19.91258348   3275.12406518    300.00000000      0.99954601      0.54451494   -786.66297559     -1.91622646   -788.57920205      0.13928443      0.09839263      0.13845623      0.02321407 md_running
   635    317.50000000    222.20784263     19.85104156   3322.98960304    300.00000000      0.99954533      0.55247296   -786.66531736     -1.91942521   -788.58474258      0.13834044      0.09880267      0.13894705      0.02305674 md_running
   636    318.00000000    222.47222121     19.78794143   3369.81238105    300.00000000      0.99954469      0.56025761   -786.66731615     -1.92262234   -788.58993849      0.13775617      0.09922362      0.13969136      0.02295936 md_running
   637    318.50000000    222.73572644     19.72320656   3415.27394321    300.00000000      0.99954408      0.56781595   -786.66891088     -1.92581800   -788.59472888      0.13770598      0.09965602      0.14080762      0.02295100 md_running
   638    319.00000000    222.98091163     19.65681520   3459.06865195    300.00000000      0.99954350      0.57509716   -786.67004225     -1.92901226   -788.59905451      0.13833585      0.10010018      0.14239388      0.02305598 md_running
   639    319.50000000    223.21666069     19.58880790   3500.93832620    300.00000000      0.99954296      0.58205832   -786.67066820     -1.93220512   -788.60287332      0.13967710      0.10055611      0.14447693      0.02327952 md_running
   640    320.00000000    223.46445007     19.51928509   3540.83271414    300.00000000      0.99954246      0.58869108   -786.67078633     -1.93539649   -788.60618282      0.14151086      0.10102353      0.14681669      0.02358514 md_running
   641    320.50000000    223.72589681     19.44840132   3578.90712854    300.00000000      0.99954200      0.59502125   -786.67043853     -1.93858620   -788.60902473      0.14342556      0.10150191      0.14902096      0.02390426 md_running
   642    321.00000000    223.96778865     19.37635316   3615.37453918    300.00000000      0.99954156      0.60108424   -786.66967846     -1.94177401   -788.61145247      0.14499215      0.10199050      0.15071943      0.02416536 md_running
   643    321.50000000    224.22611389     19.30336110   3650.35798358    300.00000000      0.99954115      0.60690051   -786.66854915     -1.94495962   -788.61350877      0.14591463      0.10248839      0.15168997      0.02431910 md_running
   644    322.00000000    224.49615885     19.22965293   3683.78925283    300.00000000      0.99954077      0.61245872   -786.66705967     -1.94814274   -788.61520241      0.14610633      0.10299462      0.15191025      0.02435105 md_running
   645    322.50000000    224.76080962     19.15545234   3715.44007933    300.00000000      0.99954041      0.61772091   -786.66519145     -1.95132305   -788.61651451      0.14567120      0.10350823      0.15148673      0.02427853 md_running
   646    323.00000000    225.01940930     19.08097653   3745.09401939    300.00000000      0.99954007      0.62265111   -786.66292723     -1.95450026   -788.61742749      0.14486607      0.10402824      0.15067300      0.02414434 md_running
   647    323.50000000    225.27496463     19.00644004   3772.68805116    300.00000000      0.99953977      0.62723884   -786.66027989     -1.95767407   -788.61795396      0.14395728      0.10455365      0.14973482      0.02399288 md_running
   648    324.00000000    225.53706277     18.93206410   3798.35489418    300.00000000      0.99953949      0.63150615   -786.65729106     -1.96084417   -788.61813523      0.14319869      0.10508339      0.14894377      0.02386645 md_running
   649    324.50000000    225.78822378     18.85808575   3822.45323801    300.00000000      0.99953923      0.63551269   -786.65404774     -1.96401028   -788.61805802      0.14275923      0.10561625      0.14846490      0.02379320 md_running
   650    325.00000000    226.03693056     18.78476684   3845.57174056    300.00000000      0.99953899      0.63935632   -786.65067687     -1.96717208   -788.61784895      0.14268613      0.10615087      0.14831438      0.02378102 md_running
   651    325.50000000    226.29178497     18.71239818   3868.37716468    300.00000000      0.99953876      0.64314790   -786.64732011     -1.97032925   -788.61764936      0.14300162      0.10668563      0.14853271      0.02383360 md_running
   652    326.00000000    226.55250936     18.64129314   3891.49575980    300.00000000      0.99953853      0.64699155   -786.64411797     -1.97348150   -788.61759947      0.14365431      0.10721874      0.14907342      0.02394239 md_running
   653    326.50000000    226.81246698     18.57177643   3915.46344174    300.00000000      0.99953830      0.65097636   -786.64119723     -1.97662853   -788.61782576      0.14457446      0.10774829      0.14987079      0.02409574 md_running
   654    327.00000000    227.05981839     18.50416878   3940.61852688    300.00000000      0.99953806      0.65515859   -786.63865266     -1.97977012   -788.61842278      0.14573997      0.10827229      0.15091553      0.02429000 md_running
   655    327.50000000    227.31653583     18.43877194   3966.92088824    300.00000000      0.99953781      0.65953156   -786.63651598     -1.98290610   -788.61942208      0.14721327      0.10878878      0.15229802      0.02453555 md_running
   656    328.00000000    227.56860315     18.37585401   3993.92683662    300.00000000      0.99953755      0.66402151   -786.63473959     -1.98603639   -788.62077597      0.14914890      0.10929594      0.15414805      0.02485815 md_running
   657    328.50000000    227.82550258     18.31564395   4021.10445443    300.00000000      0.99953730      0.66854000   -786.63325395     -1.98916096   -788.62241490      0.15169526      0.10979209      0.15656767      0.02528254 md_running
   658    329.00000000    228.09084448     18.25832541   4048.14751619    300.00000000      0.99953705      0.67303612   -786.63204433     -1.99227989   -788.62432421      0.15478705      0.11027577      0.15945000      0.02579784 md_running
   659    329.50000000    228.35051966     18.20403494   4074.80331623    300.00000000      0.99953680      0.67746786   -786.63108398     -1.99539331   -788.62647728      0.15823128      0.11074576      0.16263316      0.02637188 md_running
   660    330.00000000    228.59070872     18.15285336   4100.93326252    300.00000000      0.99953656      0.68181216   -786.63035204     -1.99850142   -788.62885346      0.16153744      0.11120115      0.16562450      0.02692291 md_running
   661    330.50000000    228.84053046     18.10480192   4126.72377215    300.00000000      0.99953633      0.68610004   -786.62989581     -2.00160449   -788.63150030      0.16416715      0.11164136      0.16788184      0.02736119 md_running
   662    331.00000000    229.10783796     18.05984067   4152.41178299    300.00000000      0.99953610      0.69037087   -786.62975449     -2.00470283   -788.63445732      0.16560476      0.11206620      0.16889564      0.02760079 md_running
   663    331.50000000    229.37495121     18.01787087   4178.05759292    300.00000000      0.99953588      0.69463469   -786.62993121     -2.00779679   -788.63772800      0.16553906      0.11247583      0.16835344      0.02758984 md_running
   664    332.00000000    229.63283220     17.97874329   4203.42012310    300.00000000      0.99953566      0.69885141   -786.63037265     -2.01088674   -788.64125939      0.16397842      0.11287077      0.16626763      0.02732974 md_running
   665    332.50000000    229.88461014     17.94226971   4227.90942599    300.00000000      0.99953545      0.70292294   -786.63096121     -2.01397305   -788.64493426      0.16124792      0.11325181      0.16294864      0.02687465 md_running
   666    333.00000000    230.14427797     17.90824050   4250.68507421    300.00000000      0.99953525      0.70670957   -786.63153291     -2.01705606   -788.64858897      0.15788779      0.11361992      0.15891837      0.02631463 md_running
   667    333.50000000    230.40237550     17.87644424   4270.82746516    300.00000000      0.99953507      0.71005840   -786.63191088     -2.02013610   -788.65204699      0.15457311      0.11397612      0.15483863      0.02576218 md_running
   668    334.00000000    230.64819532     17.84668811   4287.54264709    300.00000000      0.99953492      0.71283743   -786.63193992     -2.02321344   -788.65515336      0.15196081      0.11432137      0.15133713      0.02532680 md_running
   669    334.50000000    230.90001781     17.81881697   4300.36313490    300.00000000      0.99953479      0.71496894   -786.63152564     -2.02628827   -788.65781391      0.15044272      0.11465644      0.14881115      0.02507379 md_running
   670    335.00000000    231.15711612     17.79272422   4309.22139355    300.00000000      0.99953471      0.71644169   -786.63064626     -2.02936074   -788.66000700      0.15008599      0.11498181      0.14736853      0.02501433 md_running
   671    335.50000000    231.42106896     17.76835621   4314.42719490    300.00000000      0.99953465      0.71730720   -786.62934688     -2.03243092   -788.66177781      0.15061426      0.11529768      0.14681366      0.02510238 md_running
   672    336.00000000    231.68002144     17.74569719   4316.59513084    300.00000000      0.99953462      0.71766763   -786.62773236     -2.03549885   -788.66323121      0.15156425      0.11560400      0.14672906      0.02526071 md_running
   673    336.50000000    231.93416104     17.72475173   4316.46695536    300.00000000      0.99953462      0.71764632   -786.62592861     -2.03856452   -788.66449313      0.15239466      0.11590063      0.14660662      0.02539911 md_running
   674    337.00000000    232.19378483     17.70552320   4314.70157799    300.00000000      0.99953462      0.71735282   -786.62404952     -2.04162794   -788.66567746      0.15270692      0.11618741      0.14606104      0.02545115 md_running
   675    337.50000000    232.45083381     17.68799230   4311.72052136    300.00000000      0.99953464      0.71685719   -786.62216310     -2.04468913   -788.66685224      0.15238670      0.11646436      0.14498917      0.02539778 md_running
   676    338.00000000    232.70347441     17.67209901   4307.64422836    300.00000000      0.99953467      0.71617948   -786.62028204     -2.04774815   -788.66803019      0.15163821      0.11673175      0.14360032      0.02527304 md_running
   677    338.50000000    232.96576068     17.65773373   4302.43062107    300.00000000      0.99953471      0.71531267   -786.61838775     -2.05080508   -788.66919283      0.15084305      0.11699017      0.14224660      0.02514051 md_running
   678    339.00000000    233.20876027     17.64474315   4296.02161152    300.00000000      0.99953476      0.71424713   -786.61645001     -2.05386008   -788.67031009      0.15034454      0.11724052      0.14127792      0.02505742 md_running
   679    339.50000000    233.45824242     17.63293799   4288.42560949    300.00000000      0.99953481      0.71298423   -786.61444908     -2.05691332   -788.67136240      0.15034161      0.11748391      0.14088666      0.02505693 md_running
   680    340.00000000    233.71574267     17.62210270   4279.83318614    300.00000000      0.99953488      0.71155567   -786.61239087     -2.05996502   -788.67235588      0.15085301      0.11772168      0.14107316      0.02514217 md_running
   681    340.50000000    233.97360479     17.61200818   4270.62427939    300.00000000      0.99953495      0.71002462   -786.61031547     -2.06301540   -788.67333087      0.15172009      0.11795521      0.14166263      0.02528668 md_running
   682    341.00000000    234.23102606     17.60242371   4261.21370601    300.00000000      0.99953503      0.70846004   -786.60826352     -2.06606472   -788.67432824      0.15265459      0.11818596      0.14238423      0.02544243 md_running
   683    341.50000000    234.49791569     17.59312041   4252.04288285    300.00000000      0.99953511      0.70693532   -786.60627928     -2.06911322   -788.67539250      0.15348627      0.11841535      0.14300191      0.02558104 md_running
   684    342.00000000    234.76282326     17.58389177   4243.54480391    300.00000000      0.99953518      0.70552245   -786.60441773     -2.07216116   -788.67657889      0.15407034      0.11864469      0.14333828      0.02567839 md_running
   685    342.50000000    235.01946086     17.57456747   4235.89340003    300.00000000      0.99953525      0.70425034   -786.60268422     -2.07520875   -788.67789297      0.15446745      0.11887505      0.14350357      0.02574457 md_running
   686    343.00000000    235.26356961     17.56501830   4228.94985732    300.00000000      0.99953531      0.70309592   -786.60104107     -2.07825618   -788.67929725      0.15492322      0.11910725      0.14375540      0.02582054 md_running
   687    343.50000000    235.52055713     17.55517051   4222.36071187    300.00000000      0.99953537      0.70200043   -786.59941906     -2.08130357   -788.68072264      0.15578285      0.11934177      0.14447775      0.02596381 md_running
   688    344.00000000    235.78452419     17.54501635   4215.67716538    300.00000000      0.99953542      0.70088923   -786.59774063     -2.08435101   -788.68209164      0.15732944      0.11957865      0.14598808      0.02622157 md_running
   689    344.50000000    236.05296786     17.53461940   4208.52331074    300.00000000      0.99953548      0.69969985   -786.59594905     -2.08739848   -788.68334753      0.15961401      0.11981746      0.14836813      0.02660234 md_running
   690    345.00000000    236.29475653     17.52410745   4200.72097288    300.00000000      0.99953554      0.69840265   -786.59402986     -2.09044593   -788.68447579      0.16237988      0.12005736      0.15137709      0.02706331 md_running
   691    345.50000000    236.54532712     17.51365280   4192.30485393    300.00000000      0.99953561      0.69700341   -786.59200992     -2.09349324   -788.68550316      0.16511417      0.12029720      0.15449814      0.02751903 md_running
   692    346.00000000    236.80612342     17.50344349   4183.42427293    300.00000000      0.99953569      0.69552694   -786.58993923     -2.09654027   -788.68647950      0.16724475      0.12053574      0.15715433      0.02787413 md_running
   693    346.50000000    237.06131455     17.49365087   4174.20086927    300.00000000      0.99953576      0.69399348   -786.58785938     -2.09958689   -788.68744626      0.16833258      0.12077182      0.15890773      0.02805543 md_running
   694    347.00000000    237.31774058     17.48439419   4164.55123377    300.00000000      0.99953584      0.69238915   -786.58577444     -2.10263297   -788.68840741      0.16830254      0.12100462      0.15971405      0.02805042 md_running
   695    347.50000000    237.57864515     17.47571622   4154.12357625    300.00000000      0.99953593      0.69065547   -786.58362640     -2.10567845   -788.68930485      0.16745704      0.12123385      0.15988418      0.02790951 md_running
   696    348.00000000    237.82994041     17.46757554   4142.48530133    300.00000000      0.99953603      0.68872052   -786.58133795     -2.10872333   -788.69006127      0.16635769      0.12145978      0.15993689      0.02772628 md_running
   697    348.50000000    238.09358941     17.45985435   4129.30152443    300.00000000      0.99953613      0.68652861   -786.57883686     -2.11176765   -788.69060451      0.16550130      0.12168318      0.16035653      0.02758355 md_running
   698    349.00000000    238.35449169     17.45236730   4114.49599320    300.00000000      0.99953626      0.68406707   -786.57608663     -2.11481153   -788.69089816      0.16515464      0.12190529      0.16131846      0.02752577 md_running
   699    349.50000000    238.61330965     17.44488559   4098.33255644    300.00000000      0.99953639      0.68137978   -786.57310490     -2.11785511   -788.69096001      0.16526117      0.12212768      0.16272711      0.02754353 md_running
   700    350.00000000    238.87771677     17.43715343   4081.34453125    300.00000000      0.99953654      0.67855539   -786.56994917     -2.12089855   -788.69084773      0.16553986      0.12235207      0.16424660      0.02758998 md_running
   701    350.50000000    239.13691230     17.42890754   4064.22863784    300.00000000      0.99953670      0.67570973   -786.56670513     -2.12394207   -788.69064720      0.16563328      0.12258028      0.16546901      0.02760555 md_running
   702    351.00000000    239.39424073     17.41989911   4047.67296878    300.00000000      0.99953685      0.67295723   -786.56345769     -2.12698585   -788.69044354      0.16526880      0.12281403      0.16611049      0.02754480 md_running
   703    351.50000000    239.65675935     17.40991564   4032.21790074    300.00000000      0.99953700      0.67038770   -786.56027129     -2.13003009   -788.69030138      0.16438254      0.12305479      0.16610748      0.02739709 md_running
   704    352.00000000    239.91117363     17.39880409   4018.16616458    300.00000000      0.99953714      0.66805149   -786.55717792     -2.13307493   -788.69025285      0.16316158      0.12330365      0.16563205      0.02719360 md_running
   705    352.50000000    240.17512163     17.38649419   4005.54725098    300.00000000      0.99953726      0.66595350   -786.55417201     -2.13612049   -788.69029250      0.16202132      0.12356114      0.16507744      0.02700355 md_running
   706    353.00000000    240.42536931     17.37301719   3994.18458176    300.00000000      0.99953737      0.66406436   -786.55122659     -2.13916680   -788.69039339      0.16154435      0.12382709      0.16501414      0.02692406 md_running
   707    353.50000000    240.67584564     17.35851567   3983.83497201    300.00000000      0.99953747      0.66234366   -786.54831587     -2.14221383   -788.69052969      0.16231547      0.12410057      0.16603606      0.02705258 md_running
   708    354.00000000    240.94388207     17.34324113   3974.35128224    300.00000000      0.99953757      0.66076692   -786.54544494     -2.14526144   -788.69070638      0.16470495      0.12437987      0.16853708      0.02745082 md_running
   709    354.50000000    241.22017080     17.32753820   3965.80578504    300.00000000      0.99953765      0.65934617   -786.54266800     -2.14830945   -788.69097745      0.16861463      0.12466261      0.17247595      0.02810244 md_running
   710    355.00000000    241.49347001     17.31180781   3958.54166554    300.00000000      0.99953773      0.65813845   -786.54009225     -2.15135760   -788.69144985      0.17345272      0.12494602      0.17733120      0.02890879 md_running
   711    355.50000000    241.76402969     17.29645786   3953.09074426    300.00000000      0.99953779      0.65723219   -786.53786073     -2.15440563   -788.69226636      0.17827847      0.12522722      0.18225514      0.02971308 md_running
   712    356.00000000    242.00785669     17.28184399   3949.93225100    300.00000000      0.99953783      0.65670707   -786.53610099     -2.15745328   -788.69355427      0.18213648      0.12550368      0.18634519      0.03035608 md_running
   713    356.50000000    242.25518828     17.26821422   3949.27651987    300.00000000      0.99953785      0.65659805   -786.53487976     -2.16050036   -788.69538012      0.18436020      0.12577361      0.18896204      0.03072670 md_running
   714    357.00000000    242.51172161     17.25566607   3950.96563013    300.00000000      0.99953785      0.65687888   -786.53418596     -2.16354674   -788.69773270      0.18474068      0.12603628      0.18987182      0.03079011 md_running
   715    357.50000000    242.76779851     17.24412666   3954.49385300    300.00000000      0.99953782      0.65746547   -786.53392399     -2.16659242   -788.70051641      0.18347524      0.12629216      0.18921102      0.03057921 md_running
   716    358.00000000    243.03610180     17.23335618   3959.19055407    300.00000000      0.99953778      0.65824633   -786.53395046     -2.16963746   -788.70358792      0.18099708      0.12654294      0.18734296      0.03016618 md_running
   717    358.50000000    243.30191474     17.22297079   3964.45454036    300.00000000      0.99953773      0.65912151   -786.53411660     -2.17268204   -788.70679863      0.17775877      0.12679135      0.18463172      0.02962646 md_running
   718    359.00000000    243.56943771     17.21248079   3969.88986583    300.00000000      0.99953768      0.66002518   -786.53429338     -2.17572639   -788.71001976      0.17409767      0.12704093      0.18134741      0.02901628 md_running
   719    359.50000000    243.82520997     17.20133295   3975.36962365    300.00000000      0.99953763      0.66093623   -786.53439019     -2.17877078   -788.71316097      0.17025217      0.12729568      0.17765372      0.02837536 md_running
   720    360.00000000    244.08628552     17.18895866   3980.96173400    300.00000000      0.99953757      0.66186596   -786.53434812     -2.18181552   -788.71616363      0.16638657      0.12755979      0.17364629      0.02773110 md_running
   721    360.50000000    244.35299788     17.17482114   3986.80127844    300.00000000      0.99953752      0.66283683   -786.53412006     -2.18486088   -788.71898094      0.16270443      0.12783725      0.16949887      0.02711741 md_running
   722    361.00000000    244.60680406     17.15845918   3992.99821307    300.00000000      0.99953746      0.66386712   -786.53366487     -2.18790713   -788.72157200      0.15948120      0.12813153      0.16544297      0.02658020 md_running
   723    361.50000000    244.86220936     17.13953045   3999.54586566    300.00000000      0.99953740      0.66495572   -786.53293704     -2.19095444   -788.72389149      0.15705077      0.12844531      0.16178979      0.02617513 md_running
   724    362.00000000    245.10123897     17.11784651   4006.27906694    300.00000000      0.99953734      0.66607517   -786.53188323     -2.19400294   -788.72588617      0.15578141      0.12878018      0.15889923      0.02596357 md_running
   725    362.50000000    245.34892880     17.09340001   4012.87181514    300.00000000      0.99953728      0.66717126   -786.53044507     -2.19705262   -788.72749769      0.15600725      0.12913643      0.15714576      0.02600121 md_running
   726    363.00000000    245.59598532     17.06637579   4018.93416253    300.00000000      0.99953722      0.66817917   -786.52857529     -2.20010340   -788.72867870      0.15798350      0.12951294      0.15691208      0.02633058 md_running
   727    363.50000000    245.83890249     17.03714823   4024.18579756    300.00000000      0.99953717      0.66905230   -786.52627367     -2.20315509   -788.72942876      0.16173728      0.12990718      0.15841875      0.02695621 md_running
   728    364.00000000    246.09277330     17.00624658   4028.56298478    300.00000000      0.99953712      0.66978004   -786.52359463     -2.20620740   -788.72980203      0.16703475      0.13031543      0.16161200      0.02783912 md_running
   729    364.50000000    246.35437152     16.97430504   4032.23702945    300.00000000      0.99953708      0.67039088   -786.52064949     -2.20925999   -788.72990949      0.17333557      0.13073308      0.16611051      0.02888926 md_running
   730    365.00000000    246.61861532     16.94199485   4035.57327498    300.00000000      0.99953705      0.67094556   -786.51758635     -2.21231253   -788.72989888      0.17983350      0.13115519      0.17117941      0.02997225 md_running
   731    365.50000000    246.88210598     16.90995692   4038.99613581    300.00000000      0.99953702      0.67151463   -786.51456181     -2.21536468   -788.72992649      0.18560654      0.13157692      0.17593103      0.03093442 md_running
   732    366.00000000    247.13579525     16.87873041   4042.80350984    300.00000000      0.99953699      0.67214764   -786.51169867     -2.21841617   -788.73011483      0.18992780      0.13199410      0.17961156      0.03165463 md_running
   733    366.50000000    247.37696873     16.84869527   4047.02501240    300.00000000      0.99953695      0.67284950   -786.50905289     -2.22146678   -788.73051967      0.19241226      0.13240374      0.18177442      0.03206871 md_running
   734    367.00000000    247.63794874     16.82004266   4051.42441883    300.00000000      0.99953691      0.67358093   -786.50661079     -2.22451642   -788.73112721      0.19305916      0.13280423      0.18238635      0.03217653 md_running
   735    367.50000000    247.90783910     16.79277305   4055.60752820    300.00000000      0.99953687      0.67427641   -786.50430678     -2.22756508   -788.73187186      0.19217193      0.13319543      0.18174831      0.03202865 md_running
   736    368.00000000    248.18010411     16.76671654   4059.20634245    300.00000000      0.99953684      0.67487474   -786.50205612     -2.23061282   -788.73266894      0.19021566      0.13357852      0.18028612      0.03170261 md_running
   737    368.50000000    248.42167648     16.74157457   4062.08456753    300.00000000      0.99953681      0.67535327   -786.49979419     -2.23365976   -788.73345395      0.18767162      0.13395575      0.17842051      0.03127860 md_running
   738    369.00000000    248.67151255     16.71697297   4064.37486553    300.00000000      0.99953678      0.67573405   -786.49749730     -2.23670605   -788.73420335      0.18495689      0.13432999      0.17655199      0.03082615 md_running
   739    369.50000000    248.93595824     16.69250947   4066.39182047    300.00000000      0.99953676      0.67606938   -786.49516394     -2.23975187   -788.73491581      0.18236830      0.13470438      0.17494906      0.03039472 md_running
   740    370.00000000    249.20817336     16.66779871   4068.53429540    300.00000000      0.99953675      0.67642558   -786.49280976     -2.24279737   -788.73560712      0.18009068      0.13508200      0.17375522      0.03001511 md_running
   741    370.50000000    249.47177000     16.64251472   4071.14624317    300.00000000      0.99953672      0.67685984   -786.49044902     -2.24584268   -788.73629170      0.17821421      0.13546549      0.17299859      0.02970237 md_running
   742    371.00000000    249.73827141     16.61643205   4074.39818072    300.00000000      0.99953670      0.67740050   -786.48807983     -2.24888790   -788.73696772      0.17675877      0.13585672      0.17265214      0.02945980 md_running
   743    371.50000000    250.00271011     16.58945584   4078.20990721    300.00000000      0.99953667      0.67803423   -786.48567546     -2.25193305   -788.73760851      0.17571877      0.13625657      0.17266464      0.02928646 md_running
   744    372.00000000    250.26223861     16.56164385   4082.22880175    300.00000000      0.99953663      0.67870240   -786.48318394     -2.25497811   -788.73816206      0.17510705      0.13666467      0.17302351      0.02918451 md_running
   745    372.50000000    250.52425186     16.53321682   4085.90320928    300.00000000      0.99953659      0.67931330   -786.48054024     -2.25802299   -788.73856323      0.17495270      0.13707932      0.17375940      0.02915878 md_running
   746    373.00000000    250.78660836     16.50454642   4088.61836312    300.00000000      0.99953656      0.67976472   -786.47769225     -2.26106753   -788.73875978      0.17527055      0.13749755      0.17491262      0.02921176 md_running
   747    373.50000000    251.03756978     16.47612515   4089.82894651    300.00000000      0.99953655      0.67996599   -786.47461409     -2.26411154   -788.73872563      0.17598350      0.13791534      0.17645322      0.02933058 md_running
   748    374.00000000    251.30088832     16.44851466   4089.22025765    300.00000000      0.99953654      0.67986479   -786.47133003     -2.26715480   -788.73848482      0.17686427      0.13832801      0.17826668      0.02947738 md_running
   749    374.50000000    251.55944251     16.42226937   4086.78333534    300.00000000      0.99953656      0.67945963   -786.46791760     -2.27019711   -788.73811471      0.17757504      0.13873084      0.18011361      0.02959584 md_running
   750    375.00000000    251.81557559     16.39785721   4082.72813950    300.00000000      0.99953659      0.67878542   -786.46447883     -2.27323832   -788.73771716      0.17782328      0.13911976      0.18177031      0.02963721 md_running
   751    375.50000000    252.07198359     16.37559353   4077.38654995    300.00000000      0.99953663      0.67789734   -786.46111529     -2.27627836   -788.73739365      0.17747667      0.13949192      0.18313913      0.02957944 md_running
   752    376.00000000    252.30929805     16.35559950   4071.13528778    300.00000000      0.99953668      0.67685802   -786.45790905     -2.27931722   -788.73722627      0.17659109      0.13984606      0.18429030      0.02943185 md_running
   753    376.50000000    252.56590995     16.33778485   4064.35348374    300.00000000      0.99953674      0.67573049   -786.45491234     -2.28235499   -788.73726733      0.17545242      0.14018272      0.18545309      0.02924207 md_running
   754    377.00000000    252.82819461     16.32186368   4057.42924536    300.00000000      0.99953680      0.67457928   -786.45215084     -2.28539185   -788.73754270      0.17433108      0.14050410      0.18678908      0.02905518 md_running
   755    377.50000000    253.08463993     16.30739335   4050.80257293    300.00000000      0.99953687      0.67347755   -786.44963576     -2.28842802   -788.73806377      0.17328467      0.14081381      0.18826605      0.02888078 md_running
   756    378.00000000    253.34559394     16.29381883   4045.00891909    300.00000000      0.99953692      0.67251431   -786.44738022     -2.29146374   -788.73884396      0.17218498      0.14111645      0.18970159      0.02869750 md_running
   757    378.50000000    253.59215652     16.28052137   4040.58923597    300.00000000      0.99953697      0.67177950   -786.44538951     -2.29449929   -788.73988880      0.17079268      0.14141724      0.19081783      0.02846545 md_running
   758    379.00000000    253.85013595     16.26686216   4037.94594944    300.00000000      0.99953700      0.67134003   -786.44364047     -2.29753493   -788.74117540      0.16892807      0.14172165      0.19140768      0.02815468 md_running
   759    379.50000000    254.11466616     16.25222074   4037.26870400    300.00000000      0.99953702      0.67122744   -786.44207763     -2.30057092   -788.74264855      0.16657312      0.14203506      0.19140994      0.02776219 md_running
   760    380.00000000    254.38062989     16.23602727   4038.48017244    300.00000000      0.99953702      0.67142885   -786.44060632     -2.30360746   -788.74421379      0.16391464      0.14236246      0.19097813      0.02731911 md_running
   761    380.50000000    254.64346796     16.21778607   4041.24646564    300.00000000      0.99953700      0.67188877   -786.43909863     -2.30664475   -788.74574338      0.16132720      0.14270831      0.19042789      0.02688787 md_running
   762    381.00000000    254.91188239     16.19709297   4045.03264899    300.00000000      0.99953697      0.67251825   -786.43740473     -2.30968293   -788.74708766      0.15930999      0.14307631      0.19014665      0.02655167 md_running
   763    381.50000000    255.16712167     16.17364702   4049.21808227    300.00000000      0.99953693      0.67321411   -786.43537392     -2.31272210   -788.74809602      0.15838357      0.14346936      0.19056777      0.02639726 md_running
   764    382.00000000    255.42456480     16.14725029   4053.29751514    300.00000000      0.99953689      0.67389235   -786.43289056     -2.31576234   -788.74865290      0.15896995      0.14388951      0.19207290      0.02649499 md_running
   765    382.50000000    255.68982578     16.11779283   4057.03246124    300.00000000      0.99953685      0.67451331   -786.42989263     -2.31880369   -788.74869632      0.16128094      0.14433809      0.19489391      0.02688016 md_running
   766    383.00000000    255.95224097     16.08523181   4060.53999889    300.00000000      0.99953682      0.67509647   -786.42639182     -2.32184616   -788.74823798      0.16512105      0.14481588      0.19892441      0.02752017 md_running
   767    383.50000000    256.20856713     16.04956118   4064.29914331    300.00000000      0.99953679      0.67572146   -786.42246207     -2.32488979   -788.74735186      0.16992416      0.14532339      0.20376341      0.02832069 md_running
   768    384.00000000    256.46131434     16.01077329   4069.09991184    300.00000000      0.99953675      0.67651962   -786.41823348     -2.32793462   -788.74616810      0.17484715      0.14586116      0.20878163      0.02914119 md_running
   769    384.50000000    256.70171601     15.96880736   4075.83926798    300.00000000      0.99953670      0.67764009   -786.41384677     -2.33098072   -788.74482749      0.17916520      0.14643025      0.21332756      0.02986087 md_running
   770    385.00000000    256.96264596     15.92352988   4085.29697932    300.00000000      0.99953663      0.67921251   -786.40940393     -2.33402822   -788.74343215      0.18252398      0.14703242      0.21707665      0.03042066 md_running
   771    385.50000000    257.22706005     15.87472723   4097.99310662    300.00000000      0.99953653      0.68132334   -786.40495742     -2.33707725   -788.74203466      0.18494218      0.14767028      0.21999709      0.03082370 md_running
   772    386.00000000    257.48235897     15.82212316   4114.29072832    300.00000000      0.99953640      0.68403295   -786.40051851     -2.34012799   -788.74064650      0.18634620      0.14834710      0.22198715      0.03105770 md_running
   773    386.50000000    257.73947571     15.76539580   4134.45664288    300.00000000      0.99953624      0.68738569   -786.39607979     -2.34318060   -788.73926039      0.18680705      0.14906675      0.22300403      0.03113451 md_running
   774    387.00000000    257.99793793     15.70421877   4158.53930813    300.00000000      0.99953605      0.69138962   -786.39158931     -2.34623520   -788.73782452      0.18646147      0.14983331      0.22310689      0.03107691 md_running
   775    387.50000000    258.25285455     15.63829967   4186.52681823    300.00000000      0.99953582      0.69604276   -786.38699160     -2.34929188   -788.73628347      0.18554935      0.15065078      0.22254789      0.03092489 md_running
   776    388.00000000    258.50656701     15.56740683   4218.41213141    300.00000000      0.99953556      0.70134394   -786.38223725     -2.35235062   -788.73458787      0.18461672      0.15152281      0.22185214      0.03076945 md_running
   777    388.50000000    258.74576956     15.49138296   4254.29632214    300.00000000      0.99953528      0.70730997   -786.37730569     -2.35541135   -788.73271704      0.18444332      0.15245255      0.22181027      0.03074055 md_running
   778    389.00000000    258.98275611     15.41014489   4294.56000324    300.00000000      0.99953496      0.71400412   -786.37223407     -2.35847392   -788.73070799      0.18569819      0.15344267      0.22309907      0.03094970 md_running
   779    389.50000000    259.24275130     15.32367764   4340.02369280    300.00000000      0.99953462      0.72156282   -786.36713782     -2.36153814   -788.72867596      0.18840091      0.15449536      0.22591371      0.03140015 md_running
   780    390.00000000    259.50330466     15.23201819   4391.96208904    300.00000000      0.99953423      0.73019798   -786.36222834     -2.36460376   -788.72683209      0.19181307      0.15561249      0.22977177      0.03196884 md_running
   781    390.50000000    259.76284592     15.13524823   4451.60191056    300.00000000      0.99953380      0.74011356   -786.35771372     -2.36767052   -788.72538425      0.19501740      0.15679561      0.23394345      0.03250290 md_running
   782    391.00000000    260.01769945     15.03349885   4519.46013243    300.00000000      0.99953332      0.75139552   -786.35368789     -2.37073816   -788.72442606      0.19768528      0.15804595      0.23806970      0.03294755 md_running
   783    391.50000000    260.27279897     14.92697080   4595.14566612    300.00000000      0.99953279      0.76397883   -786.35009099     -2.37380640   -788.72389739      0.20039481      0.15936407      0.24249456      0.03339914 md_running
   784    392.00000000    260.53016359     14.81595665   4677.88543809    300.00000000      0.99953222      0.77773497   -786.34681300     -2.37687494   -788.72368794      0.20411515      0.16074965      0.24785098      0.03401919 md_running
   785    392.50000000    260.78887290     14.70086329   4767.33100717    300.00000000      0.99953163      0.79260599   -786.34383480     -2.37994349   -788.72377828      0.20927484      0.16220112      0.25437992      0.03487914 md_running
   786    393.00000000    261.05053040     14.58221211   4864.07162424    300.00000000      0.99953102      0.80868987   -786.34132599     -2.38301175   -788.72433774      0.21558471      0.16371550      0.26181155      0.03593078 md_running
   787    393.50000000    261.31794540     14.46061973   4969.67249303    300.00000000      0.99953038      0.82624684   -786.33962780     -2.38607944   -788.72570724      0.22228177      0.16528852      0.26951969      0.03704696 md_running
   788    394.00000000    261.58371174     14.33677488   5086.35213129    300.00000000      0.99952971      0.84564574   -786.33922461     -2.38914632   -788.72837093      0.22836940      0.16691473      0.27672755      0.03806157 md_running
   789    394.50000000    261.84545873     14.21139582   5215.85692297    300.00000000      0.99952900      0.86717693   -786.34054823     -2.39221217   -788.73276040      0.23301715      0.16858783      0.28271988      0.03883619 md_running
   790    395.00000000    262.11005780     14.08520727   5358.34475917    300.00000000      0.99952825      0.89086664   -786.34370818     -2.39527681   -788.73898499      0.23584038      0.17030095      0.28711845      0.03930673 md_running
   791    395.50000000    262.37812317     13.95892158   5512.74038843    300.00000000      0.99952747      0.91653612   -786.34866682     -2.39834010   -788.74700692      0.23699417      0.17204674      0.29009628      0.03949903 md_running
   792    396.00000000    262.63592304     13.83321700   5676.60221518    300.00000000      0.99952668      0.94377943   -786.35511139     -2.40140195   -788.75651335      0.23709823      0.17381765      0.29214130      0.03951637 md_running
   793    396.50000000    262.89587898     13.70875599   5846.59661347    300.00000000      0.99952590      0.97204232   -786.36259116     -2.40446228   -788.76705344      0.23683858      0.17560570      0.29388893      0.03947310 md_running
   794    397.00000000    263.14914827     13.58617164   6019.88273675    300.00000000      0.99952515      1.00085249   -786.37074669     -2.40752102   -788.77826771      0.23698069      0.17740262      0.29606536      0.03949678 md_running
   795    397.50000000    263.39973507     13.46604547   6194.24322701    300.00000000      0.99952443      1.02984129   -786.37932465     -2.41057816   -788.78990281      0.23858263      0.17920019      0.29954935      0.03976377 md_running
   796    398.00000000    263.65482514     13.34893941   6367.97221987    300.00000000      0.99952374      1.05872509   -786.38816328     -2.41363367   -788.80179694      0.24247937      0.18098982      0.30502803      0.04041323 md_running
   797    398.50000000    263.91364686     13.23540861   6538.79082839    300.00000000      0.99952310      1.08712501   -786.39702436     -2.41668753   -788.81371189      0.24849043      0.18276242      0.31214424      0.04141507 md_running
   798    399.00000000    264.16935709     13.12601345   6702.28971170    300.00000000      0.99952251      1.11430798   -786.40528127     -2.41973976   -788.82502103      0.25500699      0.18450823      0.31934992      0.04250116 md_running
   799    399.50000000    264.43490253     13.02130811   6852.78232186    300.00000000      0.99952198      1.13932855   -786.41205728     -2.42279036   -788.83484764      0.26086418      0.18621698      0.32563461      0.04347736 md_running
   800    400.00000000    264.70322793     12.92178217   6985.66206243    300.00000000      0.99952153      1.16142084   -786.41668582     -2.42583935   -788.84252517      0.26560003      0.18787879      0.33074553      0.04426667 md_running
   801    400.50000000    264.96376308     12.82779160   7098.57334185    300.00000000      0.99952115      1.18019323   -786.41884374     -2.42888679   -788.84773053      0.26826535      0.18948528      0.33401415      0.04471089 md_running
   802    401.00000000    265.22816551     12.73951287   7191.85548140    300.00000000      0.99952084      1.19570211   -786.41868312     -2.43193275   -788.85061587      0.26963236      0.19103044      0.33620454      0.04493873 md_running
   803    401.50000000    265.49174418     12.65697525   7267.38454106    300.00000000      0.99952060      1.20825941   -786.41655996     -2.43497734   -788.85153730      0.27000129      0.19251042      0.33762978      0.04500021 md_running
   804    402.00000000    265.75291674     12.58010579   7327.01918211    300.00000000      0.99952041      1.21817413   -786.41276667     -2.43802065   -788.85078732      0.26903094      0.19392299      0.33801044      0.04483849 md_running
   805    402.50000000    266.01669646     12.50877579   7372.63661565    300.00000000      0.99952026      1.22575838   -786.40763828     -2.44106279   -788.84870107      0.26727349      0.19526695      0.33770240      0.04454558 md_running
   806    403.00000000    266.26226211     12.44287450   7404.84808243    300.00000000      0.99952016      1.23111379   -786.40128894     -2.44410386   -788.84539280      0.26572944      0.19654103      0.33746400      0.04428824 md_running
   807    403.50000000    266.51908601     12.38231420   7423.39981697    300.00000000      0.99952009      1.23419816   -786.39359883     -2.44714394   -788.84074277      0.26510056      0.19774380      0.33783968      0.04418343 md_running
   808    404.00000000    266.77701849     12.32700544   7428.78800121    300.00000000      0.99952005      1.23509399   -786.38470864     -2.45018311   -788.83489175      0.26573927      0.19887405      0.33916389      0.04428988 md_running
   809    404.50000000    267.01720048     12.27683352   7421.74076726    300.00000000      0.99952006      1.23392233   -786.37470199     -2.45322145   -788.82792344      0.26798356      0.19993119      0.34179102      0.04466393 md_running
   810    405.00000000    267.27757450     12.23162121   7403.28981818    300.00000000      0.99952009      1.23085472   -786.36373183     -2.45625902   -788.81999085      0.27197600      0.20091587      0.34592874      0.04532933 md_running
   811    405.50000000    267.53842605     12.19109002   7374.99778441    300.00000000      0.99952016      1.22615095   -786.35201764     -2.45929592   -788.81131356      0.27748727      0.20183063      0.35141521      0.04624788 md_running
   812    406.00000000    267.79779010     12.15483597   7338.72872235    300.00000000      0.99952025      1.22012093   -786.33979819     -2.46233222   -788.80213041      0.28409473      0.20268043      0.35789755      0.04734912 md_running
   813    406.50000000    268.05689266     12.12231579   7296.78228340    300.00000000      0.99952036      1.21314701   -786.32735379     -2.46536802   -788.79272181      0.29115242      0.20347286      0.36488091      0.04852540 md_running
   814    407.00000000    268.32016086     12.09282618   7251.56823246    300.00000000      0.99952048      1.20562982   -786.31495890     -2.46840342   -788.78336232      0.29777865      0.20421855      0.37157930      0.04962977 md_running
   815    407.50000000    268.58007474     12.06550751   7205.36955826    300.00000000      0.99952061      1.19794893   -786.30281278     -2.47143852   -788.77425130      0.30334508      0.20493115      0.37740629      0.05055751 md_running
   816    408.00000000    268.83484594     12.03937167   7160.54032158    300.00000000      0.99952075      1.19049572   -786.29110971     -2.47447344   -788.76558315      0.30766221      0.20562686      0.38226123      0.05127704 md_running
   817    408.50000000    269.07120663     12.01333025   7119.45761790    300.00000000      0.99952087      1.18366540   -786.28002984     -2.47750829   -788.75753813      0.31090015      0.20632401      0.38648874      0.05181669 md_running
   818    409.00000000    269.32168778     11.98622678   7084.09260634    300.00000000      0.99952099      1.17778569   -786.26966310     -2.48054319   -788.75020628      0.31285429      0.20704252      0.38977197      0.05214238 md_running
   819    409.50000000    269.57794581     11.95690177   7055.82912864    300.00000000      0.99952108      1.17308667   -786.25999781     -2.48357823   -788.74357604      0.31322356      0.20780281      0.39168257      0.05220393 md_running
   820    410.00000000    269.84595727     11.92425817   7035.25674716    300.00000000      0.99952116      1.16966635   -786.25091039     -2.48661352   -788.73752390      0.31235891      0.20862478      0.39245278      0.05205982 md_running
   821    410.50000000    270.10501708     11.88730352   7022.04397804    300.00000000      0.99952121      1.16746962   -786.24211262     -2.48964912   -788.73176174      0.31094543      0.20952707      0.39264126      0.05182424 md_running
   822    411.00000000    270.35970840     11.84517982   7015.69641078    300.00000000      0.99952124      1.16641429   -786.23332512     -2.49268510   -788.72601022      0.30962996      0.21052665      0.39281879      0.05160499 md_running
   823    411.50000000    270.62164709     11.79718191   7016.10415385    300.00000000      0.99952125      1.16648208   -786.22436983     -2.49572150   -788.72009133      0.30865674      0.21163849      0.39319653      0.05144279 md_running
   824    412.00000000    270.86621760     11.74277268   7023.88615147    300.00000000      0.99952123      1.16777590   -786.21520741     -2.49875833   -788.71396574      0.30794083      0.21287538      0.39368957      0.05132347 md_running
   825    412.50000000    271.09872353     11.68159773   7040.63878566    300.00000000      0.99952120      1.17056115   -786.20601245     -2.50179559   -788.70780804      0.30744753      0.21424759      0.39423378      0.05124125 md_running
   826    413.00000000    271.35219593     11.61349860   7068.84242956    300.00000000      0.99952113      1.17525023   -786.19713966     -2.50483326   -788.70197292      0.30692270      0.21576262      0.39456114      0.05115378 md_running
   827    413.50000000    271.60874725     11.53851956   7111.00217402    300.00000000      0.99952103      1.18225962   -786.18902283     -2.50787130   -788.69689412      0.30691859      0.21742491      0.39514824      0.05115310 md_running
   828    414.00000000    271.86738211     11.45689720   7168.32711073    300.00000000      0.99952088      1.19179033   -786.18187784     -2.51090965   -788.69278748      0.30770383      0.21923583      0.39622946      0.05128397 md_running
   829    414.50000000    272.12601300     11.36907056   7240.66921896    300.00000000      0.99952069      1.20381777   -786.17572745     -2.51394824   -788.68967569      0.30963710      0.22119326      0.39806197      0.05160618 md_running
   830    415.00000000    272.38114907     11.27569342   7327.26089104    300.00000000      0.99952047      1.21821432   -786.17054997     -2.51698699   -788.68753696      0.31342320      0.22329095      0.40137064      0.05223720 md_running
   831    415.50000000    272.64193035     11.17759060   7427.20945282    300.00000000      0.99952021      1.23483154   -786.16634652     -2.52002582   -788.68637233      0.31871717      0.22551894      0.40593412      0.05311953 md_running
   832    416.00000000    272.90220480     11.07571148   7539.97607120    300.00000000      0.99951992      1.25357988   -786.16320065     -2.52306463   -788.68626527      0.32502480      0.22786404      0.41147290      0.05417080 md_running
   833    416.50000000    273.16783984     10.97106154   7665.76208664    300.00000000      0.99951960      1.27449278   -786.16134740     -2.52610334   -788.68745074      0.33128877      0.23031089      0.41726520      0.05521479 md_running
   834    417.00000000    273.40824114     10.86456704   7805.89374959    300.00000000      0.99951926      1.29779076   -786.16120874     -2.52914190   -788.69035064      0.33608939      0.23284446      0.42201309      0.05601490 md_running
   835    417.50000000    273.66650250     10.75699457   7962.61552538    300.00000000      0.99951890      1.32384698   -786.16331529     -2.53218025   -788.69549553      0.33878760      0.23545189      0.42532407      0.05646460 md_running
   836    418.00000000    273.92489928     10.64887600   8138.60151981    300.00000000      0.99951851      1.35310603   -786.16825646     -2.53521836   -788.70347482      0.33951205      0.23812432      0.42761676      0.05658534 md_running
   837    418.50000000    274.16511995     10.54048353   8335.66967018    300.00000000      0.99951809      1.38587015   -786.17641854     -2.53825623   -788.71467477      0.33841507      0.24085796      0.42915810      0.05640251 md_running
   838    419.00000000    274.42467782     10.43190909   8553.23552130    300.00000000      0.99951764      1.42204217   -786.18772745     -2.54129385   -788.72902130      0.33577295      0.24365279      0.43030347      0.05596216 md_running
   839    419.50000000    274.68096066     10.32314779   8787.18116314    300.00000000      0.99951717      1.46093746   -786.20150841     -2.54433123   -788.74583965      0.33189892      0.24651099      0.43134241      0.05531649 md_running
   840    420.00000000    274.93497476     10.21419900   9029.40002232    300.00000000      0.99951670      1.50120823   -786.21637873     -2.54736838   -788.76374711      0.32758567      0.24943477      0.43268203      0.05459761 md_running
   841    420.50000000    275.20133826     10.10515870   9269.03854073    300.00000000      0.99951626      1.54105001   -786.23054402     -2.55040528   -788.78094930      0.32336094      0.25242401      0.43427648      0.05389349 md_running
   842    421.00000000    275.45620567      9.99627514   9493.25852465    300.00000000      0.99951585      1.57832833   -786.24191266     -2.55344195   -788.79535460      0.31987924      0.25547460      0.43617378      0.05331321 md_running
   843    421.50000000    275.71326231      9.88794123   9688.08589799    300.00000000      0.99951549      1.61071990   -786.24819237     -2.55647836   -788.80467073      0.32147250      0.25857814      0.44140269      0.05357875 md_running
   844    422.00000000    275.96761798      9.78062047   9842.41553561    300.00000000      0.99951521      1.63637841   -786.24758876     -2.55951452   -788.80710327      0.33426484      0.26172348      0.45462785      0.05571081 md_running
   845    422.50000000    276.22476082      9.67464967   9952.29046028    300.00000000      0.99951500      1.65464597   -786.23951857     -2.56255042   -788.80206898      0.36314474      0.26490179      0.47988548      0.06052412 md_running
   846    423.00000000    276.47335580      9.57010323  10022.76145722    300.00000000      0.99951487      1.66636233   -786.22484051     -2.56558608   -788.79042659      0.40979751      0.26811073      0.51974233      0.06829959 md_running
   847    423.50000000    276.73274307      9.46674222  10067.25951297    300.00000000      0.99951479      1.67376047   -786.20578143     -2.56862152   -788.77440294      0.47090050      0.27135671      0.57284203      0.07848342 md_running
   848    424.00000000    276.99651032      9.36408355  10106.78541512    300.00000000      0.99951473      1.68033196   -786.18569277     -2.57165676   -788.75734953      0.53757763      0.27465387      0.63244521      0.08959627 md_running
   849    424.50000000    277.26059571      9.26150540  10167.82734650    300.00000000      0.99951467      1.69048066   -786.16880250     -2.57469184   -788.74349434      0.59540678      0.27802182      0.68545150      0.09923446 md_running
   850    425.00000000    277.51817484      9.15842307  10277.16618334    300.00000000      0.99951455      1.70865910   -786.15961499     -2.57772677   -788.73734176      0.62976238      0.28148078      0.71798881      0.10496040 md_running
   851    425.50000000    277.78801177      9.05442900  10452.41463516    300.00000000      0.99951435      1.73779552   -786.16101667     -2.58076157   -788.74177824      0.63030454      0.28504728      0.72020198      0.10505076 md_running
   852    426.00000000    278.05422710      8.94943956  10692.27785192    300.00000000      0.99951406      1.77767465   -786.17280749     -2.58379626   -788.75660375      0.59292273      0.28872885      0.68845606      0.09882045 md_running
   853    426.50000000    278.31607285      8.84375951  10972.87150132    300.00000000      0.99951371      1.82432554   -786.19107804     -2.58683081   -788.77790885      0.52237028      0.29252074      0.62800459      0.08706171 md_running
   854    427.00000000    278.58091673      8.73806457  11245.58206330    300.00000000      0.99951335      1.86966580   -786.20807527     -2.58986524   -788.79794051      0.43255512      0.29640494      0.55244754      0.07209252 md_running
   855    427.50000000    278.84574466      8.63333737  11441.38994586    300.00000000      0.99951306      1.90222038   -786.21209129     -2.59289953   -788.80499082      0.35276892      0.30035069      0.48443202      0.05879482 md_running
   856    428.00000000    279.08223272      8.53040962  11503.86829223    300.00000000      0.99951290      1.91260790   -786.19323337     -2.59593367   -788.78916703      0.34608290      0.30432922      0.46536576      0.05768048 md_running
   857    428.50000000    279.34151644      8.42933908  11451.97637506    300.00000000      0.99951291      1.90398046   -786.15411417     -2.59896767   -788.75308184      0.42602664      0.30833708      0.51308931      0.07100444 md_running
   858    429.00000000    279.60107679      8.32969124  11392.86875850    300.00000000      0.99951300      1.89415336   -786.11417907     -2.60200154   -788.71618061      0.47541819      0.31238894      0.55055961      0.07923636 md_running
   859    429.50000000    279.86551841      8.23173753  11402.74709629    300.00000000      0.99951303      1.89579571   -786.08751814     -2.60503530   -788.69255344      0.43291306      0.31647386      0.52795164      0.07215218 md_running
   860    430.00000000    280.12166788      8.13659913  11439.00732626    300.00000000      0.99951299      1.90182426   -786.06591200     -2.60806894   -788.67398094      0.37283068      0.32054631      0.50645257      0.06213845 md_running
   861    430.50000000    280.38158333      8.04512771  11433.13522671    300.00000000      0.99951296      1.90084797   -786.03716255     -2.61110247   -788.64826502      0.36000999      0.32456718      0.52361232      0.06000166 md_running
   862    431.00000000    280.65013955      7.95721086  11376.75189173    300.00000000      0.99951300      1.89147380   -786.00046785     -2.61413591   -788.61460375      0.37692257      0.32853379      0.55527491      0.06282043 md_running
   863    431.50000000    280.91074221      7.87217406  11298.06199839    300.00000000      0.99951309      1.87839099   -785.96075408     -2.61716927   -788.57792335      0.39568488      0.33246740      0.58183102      0.06594748 md_running
   864    432.00000000    281.16547623      7.78945124  11224.55645206    300.00000000      0.99951319      1.86617012   -785.92244911     -2.62020257   -788.54265168      0.40697552      0.33638701      0.59837390      0.06782925 md_running
   865    432.50000000    281.42792752      7.70881116  11174.71666024    300.00000000      0.99951326      1.85788387   -785.88860177     -2.62323581   -788.51183758      0.41148750      0.34029885      0.60772897      0.06858125 md_running
   866    433.00000000    281.69611399      7.63034199  11156.95541480    300.00000000      0.99951330      1.85493092   -785.86057081     -2.62626900   -788.48683981      0.41250285      0.34419547      0.61342693      0.06875047 md_running
   867    433.50000000    281.95903864      7.55448171  11174.13677566    300.00000000      0.99951331      1.85778746   -785.83899796     -2.62930214   -788.46830010      0.41210569      0.34805287      0.61682960      0.06868428 md_running
   868    434.00000000    282.20229544      7.48214759  11226.06795909    300.00000000      0.99951326      1.86642142   -785.82419247     -2.63233523   -788.45652770      0.41366853      0.35182268      0.61971605      0.06894475 md_running
   869    434.50000000    282.45161613      7.41486552  11306.09025524    300.00000000      0.99951318      1.87972575   -785.81577977     -2.63536826   -788.45114803      0.42115079      0.35542381      0.62543089      0.07019180 md_running
   870    435.00000000    282.70937151      7.35466962  11401.46108438    300.00000000      0.99951307      1.89558190   -785.81218883     -2.63840123   -788.45059006      0.43509314      0.35874496      0.63596582      0.07251552 md_running
   871    435.50000000    282.97191677      7.30370979  11499.30659848    300.00000000      0.99951296      1.91184948   -785.81208979     -2.64143412   -788.45352391      0.45318761      0.36166305      0.65007115      0.07553127 md_running
   872    436.00000000    283.20819568      7.26397434  11590.03348899    300.00000000      0.99951285      1.92693353   -785.81477461     -2.64446694   -788.45924155      0.47213838      0.36405879      0.66536630      0.07868973 md_running
   873    436.50000000    283.46538487      7.23709461  11664.88754040    300.00000000      0.99951276      1.93937860   -785.81950700     -2.64749967   -788.46700668      0.48810879      0.36582996      0.67795886      0.08135146 md_running
   874    437.00000000    283.72884570      7.22422469  11709.01401306    300.00000000      0.99951268      1.94671497   -785.82436868     -2.65053232   -788.47490100      0.49720809      0.36690148      0.68457832      0.08286801 md_running
   875    437.50000000    283.99157436      7.22549449  11699.55592780    300.00000000      0.99951266      1.94514249   -785.82554363     -2.65356488   -788.47910851      0.49749005      0.36725681      0.68360903      0.08291501 md_running
   876    438.00000000    284.23005003      7.23934732  11610.77139451    300.00000000      0.99951270      1.93038137   -785.81808014     -2.65659737   -788.47467751      0.49237707      0.36697310      0.67678119      0.08206284 md_running
   877    438.50000000    284.47978851      7.26186186  11433.42987042    300.00000000      0.99951285      1.90089696   -785.79821977     -2.65962980   -788.45784957      0.49903792      0.36625315      0.67620735      0.08317299 md_running
   878    439.00000000    284.72403484      7.28677491  11220.40469098    300.00000000      0.99951310      1.86547986   -785.77216176     -2.66266222   -788.43482398      0.52894489      0.36541734      0.69278715      0.08815748 md_running
   879    439.50000000    284.98019602      7.30767386  11090.61963032    300.00000000      0.99951333      1.84390208   -785.75889295     -2.66569467   -788.42458762      0.54372249      0.36478747      0.70119485      0.09062042 md_running
   880    440.00000000    285.24141083      7.32139612  11118.15476283    300.00000000      0.99951340      1.84848001   -785.77117821     -2.66872717   -788.43990539      0.50550452      0.36451810      0.67551467      0.08425075 md_running
   881    440.50000000    285.49486049      7.32866219  11243.42998935    300.00000000      0.99951328      1.86930800   -785.79801974     -2.67175973   -788.46977948      0.44678066      0.36457059      0.64277849      0.07446344 md_running
   882    441.00000000    285.75181837      7.33083945  11355.56940476    300.00000000      0.99951311      1.88795205   -785.81972411     -2.67479234   -788.49451646      0.41933116      0.36487603      0.63562495      0.06988853 md_running
   883    441.50000000    286.01621213      7.32723479  11412.71451325    300.00000000      0.99951302      1.89745287   -785.82932939     -2.67782501   -788.50715440      0.42272371      0.36546941      0.64612585      0.07045395 md_running
   884    442.00000000    286.25870986      7.31539690  11439.19833616    300.00000000      0.99951298      1.90185601   -785.83085590     -2.68085775   -788.51171365      0.43267703      0.36647531      0.65538373      0.07211284 md_running
   885    442.50000000    286.51233860      7.29287767  11467.54444996    300.00000000      0.99951295      1.90656877   -785.82889437     -2.68389059   -788.51278496      0.44128665      0.36802261      0.65938009      0.07354777 md_running
   886    443.00000000    286.75645492      7.25812962  11518.22671405    300.00000000      0.99951291      1.91499510   -785.82619793     -2.68692351   -788.51312144      0.44951310      0.37020210      0.66230793      0.07491885 md_running
   887    443.50000000    286.99382209      7.21014466  11604.62381132    300.00000000      0.99951284      1.92935929   -785.82440349     -2.68995653   -788.51436002      0.45613420      0.37308617      0.66573114      0.07602237 md_running
   888    444.00000000    287.25021218      7.14806490  11742.77535886    300.00000000      0.99951272      1.95232806   -785.82573042     -2.69298963   -788.51872004      0.45880066      0.37675025      0.66919535      0.07646678 md_running
   889    444.50000000    287.52037013      7.07113330  11950.34108369    300.00000000      0.99951254      1.98683748   -785.83284120     -2.69602279   -788.52886399      0.45771148      0.38127760      0.67183694      0.07628525 md_running
   890    445.00000000    287.78806217      6.97918018  12242.37689785    300.00000000      0.99951228      2.03539072   -785.84786893     -2.69905601   -788.54692494      0.45691493      0.38673511      0.67580630      0.07615249 md_running
   891    445.50000000    288.03460852      6.87302265  12629.22125766    300.00000000      0.99951194      2.09970661   -785.87305152     -2.70208925   -788.57514077      0.45917722      0.39314916      0.68165718      0.07652954 md_running
   892    446.00000000    288.28187401      6.75482932  13106.33609687    300.00000000      0.99951153      2.17903068   -785.90781145     -2.70512249   -788.61293395      0.46348932      0.40047677      0.68648697      0.07724822 md_running
   893    446.50000000    288.53889401      6.62857511  13653.83378611    300.00000000      0.99951108      2.27005644   -785.95046446     -2.70815570   -788.65862016      0.46685925      0.40856164      0.68878103      0.07780987 md_running
   894    447.00000000    288.79364951      6.49974899  14241.93242407    300.00000000      0.99951062      2.36783243   -785.99787334     -2.71118886   -788.70906219      0.46677443      0.41712551      0.68721055      0.07779574 md_running
   895    447.50000000    289.05676662      6.37508563  14832.16206055    300.00000000      0.99951018      2.46596272   -786.04644120     -2.71422194   -788.76066314      0.46531193      0.42575760      0.68405983      0.07755199 md_running
   896    448.00000000    289.32302028      6.26217791  15377.63890835    300.00000000      0.99950978      2.55665250   -786.09190949     -2.71725494   -788.80916443      0.46352103      0.43391800      0.68101386      0.07725350 md_running
   897    448.50000000    289.58256876      6.16893771  15815.14309033    300.00000000      0.99950946      2.62939098   -786.12756649     -2.72028786   -788.84785434      0.45988394      0.44096779      0.67851273      0.07664732 md_running
   898    449.00000000    289.84041241      6.10237741  16054.34644253    300.00000000      0.99950924      2.66916041   -786.14211921     -2.72332069   -788.86543990      0.45850363      0.44627433      0.68079284      0.07641727 md_running
   899    449.50000000    290.10002501      6.06696717  15984.90221687    300.00000000      0.99950918      2.65761476   -786.11823325     -2.72635344   -788.84458669      0.52265381      0.44937880      0.73478273      0.08710897 md_running
   900    450.00000000    290.34229357      6.06169737  15616.68338848    300.00000000      0.99950932      2.59639551   -786.05328309     -2.72938612   -788.78266921      0.72239357      0.45026974      0.90103381      0.12039893 md_running
   901    450.50000000    290.59379963      6.07779147  15284.56083987    300.00000000      0.99950959      2.54117754   -786.00319780     -2.73241876   -788.73561656      0.83831728      0.44957640      1.00170116      0.13971955 md_running
   902    451.00000000    290.83011362      6.10338240  15264.41602992    300.00000000      0.99950970      2.53782831   -786.01805066     -2.73545138   -788.75350204      0.66071937      0.44818827      0.85171787      0.11011989 md_running
   903    451.50000000    291.06556923      6.13100653  15327.85349962    300.00000000      0.99950964      2.54837529   -786.04536576     -2.73848400   -788.78384976      0.47063052      0.44666357      0.71122144      0.07843842 md_running
   904    452.00000000    291.32324394      6.15641764  15261.84091095    300.00000000      0.99950965      2.53740018   -786.04700450     -2.74151661   -788.78852111      0.42716576      0.44531256      0.68779165      0.07119429 md_running
   905    452.50000000    291.56645026      6.17658476  15104.35956996    300.00000000      0.99950973      2.51121768   -786.03099112     -2.74454924   -788.77554036      0.43304744      0.44434959      0.69632618      0.07217457 md_running
   906    453.00000000    291.82274208      6.19008673  14943.03287165    300.00000000      0.99950985      2.48439585   -786.01195959     -2.74758188   -788.75954147      0.43941903      0.44387030      0.69906214      0.07323650 md_running
   907    453.50000000    292.08814831      6.19849818  14808.00859937    300.00000000      0.99950995      2.46194701   -785.99615147     -2.75061452   -788.74676599      0.47542444      0.44375722      0.72202419      0.07923741 md_running
   908    454.00000000    292.34826834      6.20398043  14680.95149721    300.00000000      0.99951003      2.44082278   -785.98017873     -2.75364717   -788.73382590      0.53736255      0.44385391      0.76573883      0.08956043 md_running
   909    454.50000000    292.60573035      6.20813048  14545.78793924    300.00000000      0.99951012      2.41835078   -785.96181077     -2.75667982   -788.71849059      0.61577281      0.44404570      0.82439537      0.10262880 md_running
   910    455.00000000    292.86157142      6.21227383  14408.00618255    300.00000000      0.99951022      2.39544349   -785.94290226     -2.75971246   -788.70261472      0.69970970      0.44423772      0.89117370      0.11661828 md_running
   911    455.50000000    293.12912701      6.21756380  14283.09680502    300.00000000      0.99951032      2.37467633   -785.92680620     -2.76274510   -788.68955130      0.76943342      0.44434753      0.94903183      0.12823890 md_running
   912    456.00000000    293.39514629      6.22504020  14172.74119836    300.00000000      0.99951040      2.35632885   -785.91445720     -2.76577773   -788.68023493      0.80807101      0.44430105      0.98255693      0.13467850 md_running
   913    456.50000000    293.65317046      6.23557940  14051.93792533    300.00000000      0.99951048      2.33624436   -785.90208938     -2.76881035   -788.67089973      0.81724440      0.44403649      0.99255398      0.13620740 md_running
   914    457.00000000    293.89680666      6.24991874  13870.67352797    300.00000000      0.99951058      2.30610774   -785.88141660     -2.77184296   -788.65325956      0.84236437      0.44350300      1.01814458      0.14039406 md_running
   915    457.50000000    294.15015888      6.26862439  13575.71528991    300.00000000      0.99951076      2.25706863   -785.84325910     -2.77487555   -788.61813465      0.98260688      0.44266342      1.14549746      0.16376781 md_running
   916    458.00000000    294.40661126      6.29205273  13164.87049332    300.00000000      0.99951105      2.18876248   -785.78657942     -2.77790813   -788.56448755      1.28060793      0.44149723      1.41948206      0.21343465 md_running
   917    458.50000000    294.66855893      6.32061162  12739.19599070    300.00000000      0.99951143      2.11799077   -785.72856068     -2.78094069   -788.50950137      1.62644143      0.43998227      1.74573312      0.27107357 md_running
   918    459.00000000    294.93013425      6.35478900  12473.74187892    300.00000000      0.99951178      2.07385695   -785.70021108     -2.78397323   -788.48418431      1.83836265      0.43809328      1.94725654      0.30639377 md_running
   919    459.50000000    295.18515318      6.39471030  12473.08921604    300.00000000      0.99951190      2.07374844   -785.72094103     -2.78700575   -788.50794679      1.77968704      0.43583269      1.88745959      0.29661451 md_running
   920    460.00000000    295.43664068      6.43919433  12661.46105667    300.00000000      0.99951178      2.10506673   -785.77509610     -2.79003825   -788.56513435      1.48444111      0.43329293      1.60295395      0.24740685 md_running
   921    460.50000000    295.69970347      6.48490562  12962.98022106    300.00000000      0.99951156      2.15519664   -785.84512102     -2.79307075   -788.63819176      1.16559212      0.43070649      1.30486797      0.19426535 md_running
   922    461.00000000    295.96008035      6.53000157  13412.77366923    300.00000000      0.99951123      2.22997832   -785.94400841     -2.79610324   -788.74011165      0.90464748      0.42819661      1.06620576      0.15077458 md_running
   923    461.50000000    296.22011742      6.58014539  13829.88504602    300.00000000      0.99951082      2.29932634   -786.04071370     -2.79913572   -788.83984942      0.68948461      0.42539459      0.87560169      0.11491410 md_running
   924    462.00000000    296.48174202      6.64295912  13942.05587325    300.00000000      0.99951059      2.31797561   -786.08791588     -2.80216814   -788.89008402      0.59037557      0.42182892      0.78848703      0.09839593 md_running
   925    462.50000000    296.73522580      6.72117049  13697.31240471    300.00000000      0.99951065      2.27728510   -786.08152427     -2.80520050   -788.88672476      0.56944142      0.41737174      0.75898219      0.09490690 md_running
   926    463.00000000    296.98762383      6.81288734  13148.71312874    300.00000000      0.99951098      2.18607619   -786.02929079     -2.80823278   -788.83752357      0.65379728      0.41219843      0.80900660      0.10896621 md_running
   927    463.50000000    297.24022475      6.91212904  12452.78734636    300.00000000      0.99951156      2.07037310   -785.95159904     -2.81126500   -788.76286405      0.83885092      0.40671935      0.95797499      0.13980849 md_running
   928    464.00000000    297.49128317      7.01045514  11940.14779460    300.00000000      0.99951221      1.98514277   -785.90631355     -2.81429720   -788.72061075      0.89074878      0.40144781      1.00071793      0.14845813 md_running
   929    464.50000000    297.75335143      7.10488850  11711.48055377    300.00000000      0.99951256      1.94712506   -785.91217867     -2.81732940   -788.72950807      0.75059593      0.39653925      0.87543032      0.12509932 md_running
   930    465.00000000    298.01801145      7.19910776  11511.29589495    300.00000000      0.99951274      1.91384279   -785.91871988     -2.82036157   -788.73908145      0.64163939      0.39177113      0.78421669      0.10693990 md_running
   931    465.50000000    298.28962421      7.29524788  11207.86409868    300.00000000      0.99951303      1.86339489   -785.90632327     -2.82339369   -788.72971696      0.59532721      0.38702431      0.74769780      0.09922120 md_running
   932    466.00000000    298.55222314      7.39223618  10849.90232723    300.00000000      0.99951345      1.80388095   -785.88501584     -2.82642577   -788.71144161      0.56202984      0.38235713      0.72044099      0.09367164 md_running
   933    466.50000000    298.80316295      7.48796389  10498.56618429    300.00000000      0.99951391      1.74546857   -785.86432484     -2.82945781   -788.69378265      0.53452487      0.37787446      0.69588558      0.08908748 md_running
   934    467.00000000    299.06552445      7.58076139  10183.02813296    300.00000000      0.99951437      1.69300791   -785.84829903     -2.83248982   -788.68078885      0.52080086      0.37364936      0.68092451      0.08680014 md_running
   935    467.50000000    299.33133471      7.66981364   9909.32383600    300.00000000      0.99951480      1.64750244   -785.83753572     -2.83552182   -788.67305755      0.52325077      0.36970689      0.67842740      0.08720846 md_running
   936    468.00000000    299.58651307      7.75506095   9673.27042390    300.00000000      0.99951518      1.60825671   -785.83130817     -2.83855382   -788.66986198      0.53606159      0.36603443      0.68493990      0.08934360 md_running
   937    468.50000000    299.84265457      7.83699646   9467.67940948    300.00000000      0.99951553      1.57407560   -785.82858008     -2.84158580   -788.67016588      0.55129212      0.36259501      0.69474279      0.09188202 md_running
   938    469.00000000    300.10083034      7.91640431   9286.96170124    300.00000000      0.99951585      1.54402987   -785.82871062     -2.84461777   -788.67332839      0.56232454      0.35934146      0.70243340      0.09372076 md_running
   939    469.50000000    300.35624208      7.99410590   9130.70340173    300.00000000      0.99951615      1.51805071   -785.83195949     -2.84764973   -788.67960922      0.56504448      0.35622856      0.70402808      0.09417408 md_running
   940    470.00000000    300.59767335      8.07076320   9002.08357750    300.00000000      0.99951640      1.49666666   -785.83918758     -2.85068167   -788.68986925      0.55712668      0.35322130      0.69768722      0.09285445 md_running
   941    470.50000000    300.85374858      8.14678398   8903.92103793    300.00000000      0.99951661      1.48034637   -785.85105043     -2.85371359   -788.70476402      0.53812419      0.35029801      0.68274867      0.08968737 md_running
   942    471.00000000    301.11948821      8.22238173   8834.97875245    300.00000000      0.99951677      1.46888418   -785.86747093     -2.85674548   -788.72421641      0.51124223      0.34744665      0.66186448      0.08520704 md_running
   943    471.50000000    301.37521245      8.29772506   8786.54536075    300.00000000      0.99951688      1.46083175   -785.88705721     -2.85977736   -788.74683457      0.48332613      0.34465783      0.64064125      0.08055435 md_running
   944    472.00000000    301.62329040      8.37306457   8744.81124611    300.00000000      0.99951696      1.45389313   -785.90751791     -2.86280920   -788.77032711      0.46209744      0.34191938      0.62499403      0.07701624 md_running
   945    472.50000000    301.88112520      8.44876102   8696.18448327    300.00000000      0.99951704      1.44580855   -785.92672066     -2.86584101   -788.79256168      0.45242900      0.33921545      0.61824720      0.07540483 md_running
   946    473.00000000    302.13998684      8.52523057   8631.43104681    300.00000000      0.99951715      1.43504278   -785.94321107     -2.86887278   -788.81208385      0.45398598      0.33652906      0.61977103      0.07566433 md_running
   947    473.50000000    302.37900638      8.60286574   8546.65164264    300.00000000      0.99951730      1.42094755   -785.95650133     -2.87190448   -788.82840580      0.46255142      0.33384523      0.62612178      0.07709190 md_running
   948    474.00000000    302.62514708      8.68196373   8441.89931510    300.00000000      0.99951750      1.40353165   -785.96672229     -2.87493611   -788.84165840      0.47263168      0.33115364      0.63272322      0.07877195 md_running
   949    474.50000000    302.87363104      8.76269625   8316.36700174    300.00000000      0.99951774      1.38266093   -785.97390908     -2.87796765   -788.85187672      0.48019965      0.32844943      0.63616824      0.08003327 md_running
   950    475.00000000    303.12280925      8.84505180   8163.56982894    300.00000000      0.99951803      1.35725720   -785.97690211     -2.88099910   -788.85790121      0.48399993      0.32573487      0.63547192      0.08066666 md_running
   951    475.50000000    303.38137304      8.92870217   7972.98458965    300.00000000      0.99951841      1.32557092   -785.97369411     -2.88403045   -788.85772456      0.48538706      0.32302361      0.63137433      0.08089784 md_running
   952    476.00000000    303.63517913      9.01284942   7735.44663924    300.00000000      0.99951891      1.28607838   -785.96289018     -2.88706171   -788.84995189      0.48849745      0.32034507      0.62702541      0.08141624 md_running
   953    476.50000000    303.89390273      9.09602994   7398.11153017    300.00000000      0.99951957      1.22999379   -785.93705254     -2.89009290   -788.82714544      0.52014998      0.31774990      0.65164203      0.08669166 md_running
   954    477.00000000    304.15162806      9.17284143   6909.51069674    300.00000000      0.99952065      1.14876009   -785.87717043     -2.89312413   -788.77029456      0.72162133      0.31542059      0.83698682      0.12027022 md_running
   955    477.50000000    304.41558302      9.22857397   6753.62188254    300.00000000      0.99952213      1.12284235   -785.86417467     -2.89615573   -788.76033040      0.81910225      0.31384496      0.92189470      0.13651704 md_running
   956    478.00000000    304.67949485      9.26253899   7126.30854610    300.00000000      0.99952142      1.18480442   -785.94737043     -2.89918777   -788.84655820      0.56707130      0.31302188      0.68497006      0.09451188 md_running
   957    478.50000000    304.94458884      9.29063550   7465.79435518    300.00000000      0.99952027      1.24124659   -786.01141771     -2.90221991   -788.91363762      0.47892112      0.31240196      0.61266947      0.07982019 md_running
   958    479.00000000    305.20258606      9.31923977   7695.47746285    300.00000000      0.99951959      1.27943320   -786.05931583     -2.90525202   -788.96456785      0.44900237      0.31176881      0.59274554      0.07483373 md_running
   959    479.50000000    305.45090160      9.35122550   7858.43944038    300.00000000      0.99951909      1.30652690   -786.09788100     -2.90828403   -789.00616503      0.42811195      0.31102709      0.57867973      0.07135199 md_running
   960    480.00000000    305.69510233      9.38818035   7937.66414865    300.00000000      0.99951879      1.31969862   -786.12392949     -2.91131591   -789.03524540      0.41245536      0.31012627      0.56706776      0.06874256 md_running
   961    480.50000000    305.94906838      9.43008999   7924.20339951    300.00000000      0.99951871      1.31746067   -786.13573377     -2.91434763   -789.05008140      0.40131897      0.30907012      0.55779857      0.06688649 md_running
   962    481.00000000    306.21034059      9.47532162   7831.98795898    300.00000000      0.99951885      1.30212913   -786.13527279     -2.91737924   -789.05265202      0.39556427      0.30791540      0.55198868      0.06592738 md_running
   963    481.50000000    306.47521493      9.52114699   7687.53598482    300.00000000      0.99951915      1.27811286   -786.12627105     -2.92041077   -789.04668182      0.39474949      0.30675257      0.54945955      0.06579158 md_running
   964    482.00000000    306.74174348      9.56432147   7517.73029594    300.00000000      0.99951956      1.24988134   -786.11221234     -2.92344232   -789.03565466      0.39761616      0.30568557      0.54940762      0.06626936 md_running
   965    482.50000000    307.00088874      9.60159388   7345.60630593    300.00000000      0.99952003      1.22126438   -786.09595865     -2.92647398   -789.02243262      0.40272335      0.30481536      0.55097746      0.06712056 md_running
   966    483.00000000    307.25382002      9.63006069   7188.50608221    300.00000000      0.99952049      1.19514525   -786.07953225     -2.92950581   -789.00903806      0.40951670      0.30422970      0.55397256      0.06825278 md_running
   967    483.50000000    307.51389940      9.64735240   7057.91173053    300.00000000      0.99952091      1.17343292   -786.06412421     -2.93253790   -788.99666211      0.41842664      0.30399909      0.55881577      0.06973777 md_running
   968    484.00000000    307.77937918      9.65171548   6961.20113406    300.00000000      0.99952126      1.15735402   -786.05041999     -2.93557030   -788.98599028      0.42991300      0.30417603      0.56595508      0.07165217 md_running
   969    484.50000000    308.03423658      9.64203210   6904.02731043    300.00000000      0.99952150      1.14784843   -786.03900290     -2.93860304   -788.97760594      0.44342466      0.30479600      0.57508152      0.07390411 md_running
   970    485.00000000    308.29212317      9.61779844   6891.79528502    300.00000000      0.99952161      1.14581476   -786.03061563     -2.94163614   -788.97225177      0.45712505      0.30587907      0.58482417      0.07618751 md_running
   971    485.50000000    308.55116392      9.57913987   6929.18035441    300.00000000      0.99952157      1.15203032   -786.02606486     -2.94466957   -788.97073443      0.46850622      0.30742966      0.59317448      0.07808437 md_running
   972    486.00000000    308.79403107      9.52685616   7018.09620935    300.00000000      0.99952137      1.16681327   -786.02587633     -2.94770332   -788.97357965      0.47608582      0.30943457      0.59887652      0.07934764 md_running
   973    486.50000000    309.03568669      9.46248115   7154.89608595    300.00000000      0.99952103      1.18955732   -786.02991119     -2.95073731   -788.98064850      0.47992170      0.31185944      0.60185787      0.07998695 md_running
   974    487.00000000    309.30074229      9.38833854   7327.50579709    300.00000000      0.99952056      1.21825503   -786.03678067     -2.95377147   -788.99055214      0.48200588      0.31464445      0.60357039      0.08033431 md_running
   975    487.50000000    309.56269341      9.30745367   7516.11810430    300.00000000      0.99952005      1.24961330   -786.04402463     -2.95680573   -789.00083035      0.48678253      0.31770372      0.60745540      0.08113042 md_running
   976    488.00000000    309.81709932      9.22321819   7701.87181339    300.00000000      0.99951955      1.28049631   -786.04922817     -2.95983999   -789.00906815      0.49951809      0.32093316      0.61767280      0.08325302 md_running
   977    488.50000000    310.06992033      9.13884905   7885.73471896    300.00000000      0.99951909      1.31106495   -786.05342455     -2.96287418   -789.01629873      0.51766455      0.32422692      0.63223589      0.08627742 md_running
   978    489.00000000    310.33301042      9.05686186   8093.91080094    300.00000000      0.99951864      1.34567585   -786.06231822     -2.96590827   -789.02822649      0.52210729      0.32749596      0.63556558      0.08701788 md_running
   979    489.50000000    310.59055081      8.97925044   8339.72203940    300.00000000      0.99951812      1.38654388   -786.07958953     -2.96894222   -789.04853175      0.49805812      0.33066360      0.61710546      0.08300969 md_running
   980    490.00000000    310.84670489      8.90817376   8584.36302350    300.00000000      0.99951756      1.42721736   -786.09890795     -2.97197601   -789.07088396      0.46422323      0.33364164      0.59471939      0.07737054 md_running
   981    490.50000000    311.10970435      8.84599286   8768.99920539    300.00000000      0.99951710      1.45791456   -786.11049091     -2.97500961   -789.08550052      0.44245389      0.33632914      0.58528492      0.07374232 md_running
   982    491.00000000    311.37399843      8.79442685   8866.64829822    300.00000000      0.99951682      1.47414949   -786.11062692     -2.97804301   -789.08866993      0.43261180      0.33864558      0.58539359      0.07210197 md_running
   983    491.50000000    311.63595676      8.75404906   8880.06698207    300.00000000      0.99951672      1.47638045   -786.10049716     -2.98107621   -789.08157338      0.42980701      0.34055366      0.58936652      0.07163450 md_running
   984    492.00000000    311.89635965      8.72435324   8820.00843660    300.00000000      0.99951677      1.46639525   -786.08158909     -2.98410924   -789.06569833      0.43479282      0.34206021      0.59748228      0.07246547 md_running
   985    492.50000000    312.15403209      8.70395370   8702.01065843    300.00000000      0.99951695      1.44677720   -786.05605855     -2.98714212   -789.04320068      0.44909193      0.34321019      0.61135074      0.07484865 md_running
   986    493.00000000    312.40986420      8.69090592   8550.57862370    300.00000000      0.99951723      1.42160044   -786.02735387     -2.99017490   -789.01752877      0.47128669      0.34407433      0.62993640      0.07854778 md_running
   987    493.50000000    312.67357487      8.68315379   8394.78684225    300.00000000      0.99951756      1.39569884   -785.99985024     -2.99320759   -788.99305783      0.49706946      0.34473075      0.65006910      0.08284491 md_running
   988    494.00000000    312.93116322      8.67882871   8252.20498171    300.00000000      0.99951788      1.37199349   -785.97616111     -2.99624024   -788.97240135      0.51797291      0.34525199      0.66623201      0.08632882 md_running
   989    494.50000000    313.19331179      8.67583752   8116.63831736    300.00000000      0.99951817      1.34945447   -785.95439570     -2.99927288   -788.95366858      0.52573168      0.34572059      0.67427150      0.08762195 md_running
   990    495.00000000    313.45416979      8.67070604   7962.87611931    300.00000000      0.99951847      1.32389031   -785.92873724     -3.00230556   -788.93104279      0.52721698      0.34627494      0.68288834      0.08786950 md_running
   991    495.50000000    313.70829629      8.65710238   7791.19704071    300.00000000      0.99951886      1.29534732   -785.89593292     -3.00533839   -788.90127131      0.54922782      0.34716927      0.71257863      0.09153797 md_running
   992    496.00000000    313.96785288      8.62647500   7681.88799185    300.00000000      0.99951926      1.27717384   -785.86689814     -3.00837151   -788.87526966      0.58606787      0.34875310      0.75342653      0.09767798 md_running
   993    496.50000000    314.23236403      8.57165942   7750.50839703    300.00000000      0.99951936      1.28858252   -785.86005891     -3.01140504   -788.87146395      0.58476145      0.35133659      0.75712066      0.09746024 md_running
   994    497.00000000    314.49216048      8.49082436   8024.76546459    300.00000000      0.99951891      1.33417990   -785.87937906     -3.01443894   -788.89381800      0.53559181      0.35503774      0.71543292      0.08926530 md_running
   995    497.50000000    314.74736222      8.38749213   8427.92955481    300.00000000      0.99951809      1.40120907   -785.91169935     -3.01747310   -788.92917245      0.48556769      0.35977228      0.67050082      0.08092795 md_running
   996    498.00000000    315.01112169      8.26737065   8874.06327122    300.00000000      0.99951717      1.47538229   -785.94394621     -3.02050738   -788.96445358      0.46071288      0.36536532      0.64588342      0.07678548 md_running
   997    498.50000000    315.27285817      8.13595759   9327.94316402    300.00000000      0.99951632      1.55084336   -785.97228705     -3.02354165   -788.99582870      0.45801260      0.37163836      0.64137465      0.07633543 md_running
   998    499.00000000    315.51099916      7.99765471   9785.78052215    300.00000000      0.99951554      1.62696239   -785.99833807     -3.02657585   -789.02491392      0.46417436      0.37844316      0.64405542      0.07736239 md_running
   999    499.50000000    315.75694440      7.85671985  10228.15418785    300.00000000      0.99951482      1.70051047   -786.02088278     -3.02960992   -789.05049269      0.47336080      0.38561669      0.64686391      0.07889347 md_running
  1000    500.00000000    316.01980491      7.71774675  10552.66659635    300.00000000      0.99951422      1.75446319   -786.02526636     -3.03264382   -789.05791018      0.50662264      0.39295249      0.65884630      0.08443711 max_step
