  step         time_fs     wall_time_s        rti_dist          temp_K     temp_bath_K   thermo_lambda          kin_Ha     pot_real_Ha     pot_rtip_Ha    pot_total_Ha          f_real          f_rtip         f_total      rms_f_real state_decision
     1      0.50000000      8.99877805      8.25789563    328.39019061    300.00000000      1.00000000      0.03743824     -5.74430333      1.70482101     -4.03948232      0.07179448      0.58392140      0.57548951      0.01435890 md_running
     2      1.00000000     20.12923823      8.22994831    424.11993629    300.00000000      0.99990533      0.04835194     -5.74371336      1.69330123     -4.05041213      0.07877293      0.58194523      0.57259431      0.01575459 md_running
     3      1.50000000     39.19226423      8.18737395    570.43401291    300.00000000      0.99980522      0.06503253     -5.74295776      1.67582731     -4.06713045      0.08627401      0.57893476      0.56763886      0.01725480 md_running
     4      2.00000000     44.20794155      8.13033112    765.52616734    300.00000000      0.99972634      0.08727408     -5.74199444      1.65255710     -4.08943734      0.09475013      0.57490123      0.56076476      0.01895003 md_running
     5      2.50000000     50.91446789      8.05904055   1006.87335723    300.00000000      0.99967011      0.11478895     -5.74075345      1.62370336     -4.11705009      0.10515540      0.56986022      0.55227711      0.02103108 md_running
     6      3.00000000     55.00806690      7.97378191   1291.33603452    300.00000000      0.99963092      0.14721922     -5.73914447      1.58952995     -4.14961452      0.11848612      0.56383153      0.54264333      0.02369722 md_running
     7      3.50000000     55.25130901      7.87488982   1615.31525394    300.00000000      0.99960335      0.18415458     -5.73707070      1.55034724     -4.18672346      0.13530444      0.55683880      0.53244494      0.02706089 md_running
     8      4.00000000     60.12384940      7.76274865   1974.95663005    300.00000000      0.99958357      0.22515563     -5.73444640      1.50650666     -4.22793974      0.15542184      0.54890922      0.52229073      0.03108437 md_running
     9      4.50000000     60.35387158      7.63778563   2366.37339869    300.00000000      0.99956905      0.26977923     -5.73121667      1.45839423     -4.27282244      0.17785547      0.54007300      0.51266021      0.03557109 md_running
    10      5.00000000     60.57335096      7.50046225   2785.84119078    300.00000000      0.99955814      0.31760081     -5.72737244      1.40642335     -4.32094909      0.20096322      0.53036277      0.50373223      0.04019264 md_running
    11      5.50000000     60.79184327      7.35126378   3229.90431530    300.00000000      0.99954976      0.36822638     -5.72295585      1.35102698     -4.37192887      0.22277736      0.51981285      0.49526016      0.04455547 md_running
    12      6.00000000     61.00895838      7.19068822   3695.31609564    300.00000000      0.99954320      0.42128581     -5.71804624      1.29264993     -4.42539632      0.24128896      0.50845844      0.48651343      0.04825779 md_running
    13      6.50000000     61.23253848      7.01923667   4178.84159994    300.00000000      0.99953797      0.47641031     -5.71272745      1.23174209     -4.48098536      0.25476790      0.49633499      0.47652638      0.05095358 md_running
    14      7.00000000     61.45510054      6.83740485   4677.04604508    300.00000000      0.99953374      0.53320828     -5.70706101      1.16875263     -4.53830838      0.26208490      0.48347753      0.46445273      0.05241698 md_running
    15      7.50000000     61.68558344      6.64567555   5186.00280715    300.00000000      0.99953028      0.59123208     -5.70104764      1.10412509     -4.59692255      0.26300640      0.46992022      0.44968505      0.05260128 md_running
    16      8.00000000     61.90676428      6.44451856   5701.08255633    300.00000000      0.99952742      0.64995393     -5.69459224      1.03829549     -4.65629675      0.25830671      0.45569628      0.43223955      0.05166134 md_running
    17      8.50000000     62.11177027      6.23439331   6217.12638441    300.00000000      0.99952503      0.70878568     -5.68753413      0.97169150     -4.71584263      0.24968728      0.44083818      0.41290739      0.04993746 md_running
    18      9.00000000     62.32772536      6.01575076   6729.01585300    300.00000000      0.99952303      0.76714382     -5.67969405      0.90473143     -4.77496262      0.23926816      0.42537782      0.39307214      0.04785363 md_running
    19      9.50000000     62.53523874      5.78902868   7231.87958040    300.00000000      0.99952135      0.82447298     -5.67093588      0.83782133     -4.83311455      0.22950559      0.40934614      0.37382716      0.04590112 md_running
    20     10.00000000     62.75066630      5.55466240   7721.32203109    300.00000000      0.99951992      0.88027204     -5.66113989      0.77135686     -4.88978303      0.22214011      0.39277395      0.35628378      0.04442802 md_running
    21     10.50000000     62.96717033      5.31308491   8193.34978565    300.00000000      0.99951871      0.93408573     -5.65026560      0.70572178     -4.94454382      0.21825211      0.37569184      0.34049463      0.04365042 md_running
    22     11.00000000     63.18143108      5.06474673   8644.03572518    300.00000000      0.99951768      0.98546634     -5.63815766      0.64129149     -4.99686618      0.21755347      0.35813168      0.32614333      0.04351069 md_running
    23     11.50000000     63.39854438      4.81012467   9070.78400405    300.00000000      0.99951679      1.03411793     -5.62499607      0.57843248     -5.04656359      0.21856540      0.34012718      0.31361813      0.04371308 md_running
    24     12.00000000     63.61461854      4.54969035   9471.80101165    300.00000000      0.99951604      1.07983601     -5.61080992      0.51749206     -5.09331786      0.22093021      0.32171169      0.30206007      0.04418604 md_running
    25     12.50000000     63.83191122      4.28392812   9846.48589817    300.00000000      0.99951539      1.12255209     -5.59591330      0.45880100     -5.13711230      0.22367168      0.30291946      0.29273997      0.04473434 md_running
    26     13.00000000     64.05420900      4.01328890  10194.94991346    300.00000000      0.99951483      1.16227886     -5.58064604      0.40266220     -5.17798384      0.22785304      0.28378238      0.28508283      0.04557061 md_running
    27     13.50000000     64.27127308      3.73822801  10515.67071336    300.00000000      0.99951435      1.19884274     -5.56509063      0.34935872     -5.21573191      0.23426760      0.26433264      0.27900454      0.04685352 md_running
    28     14.00000000     64.49085265      3.45923349  10806.68916312    300.00000000      0.99951393      1.23202041     -5.54927901      0.29915741     -5.25012160      0.24259351      0.24460475      0.27487818      0.04851870 md_running
    29     14.50000000     64.70907522      3.17681935  11066.40161360    300.00000000      0.99951358      1.26162902     -5.53327587      0.25230453     -5.28097134      0.25234747      0.22463505      0.27284954      0.05046949 md_running
    30     15.00000000     64.91629564      2.89152007  11293.49018663    300.00000000      0.99951328      1.28751833     -5.51714546      0.20902221     -5.30812325      0.26267402      0.20446134      0.27264886      0.05253480 md_running
    31     15.50000000     65.12919244      2.60388490  11486.57917871    300.00000000      0.99951303      1.30953151     -5.50094573      0.16950541     -5.33144031      0.27242539      0.18412247      0.27320674      0.05448508 md_running
    32     16.00000000     65.35234561      2.31448706  11643.28716164    300.00000000      0.99951283      1.32739706     -5.48455116      0.13392126     -5.35062990      0.28064475      0.16365895      0.27328816      0.05612895 md_running
    33     16.50000000     65.57202255      2.02394697  11761.46997884    300.00000000      0.99951268      1.34087053     -5.46781232      0.10240903     -5.36540329      0.28499947      0.14311466      0.27131007      0.05699989 md_running
    34     17.00000000     65.78884308      1.73290010  11842.43150227    300.00000000      0.99951257      1.35010058     -5.45097471      0.07507357     -5.37590114      0.28327055      0.12253454      0.26612361      0.05665411 md_running
    35     17.50000000     66.00986719      1.44192465  11893.32846378    300.00000000      0.99951251      1.35590310     -5.43484097      0.05197867     -5.38286230      0.27454877      0.10195947      0.25759491      0.05490975 md_running
    36     18.00000000     66.22912635      1.15144821  11928.20187969    300.00000000      0.99951247      1.35987886     -5.42115804      0.03314582     -5.38801221      0.26052135      0.08141968      0.24761949      0.05210427 md_running
    37     18.50000000     66.44973877      0.86167874  11963.04409523    300.00000000      0.99951243      1.36385106     -5.41171907      0.01856226     -5.39315681      0.24551237      0.06092989      0.23858236      0.04910247 md_running
    38     19.00000000     66.66801658      0.57273833  12010.57279155    300.00000000      0.99951239      1.36926958     -5.40806012      0.00820073     -5.39985939      0.23439197      0.04049872      0.23307183      0.04687839 md_running
    39     19.50000000     66.87871292      0.28537028  12072.16095511    300.00000000      0.99951233      1.37629096     -5.41049413      0.00203590     -5.40845823      0.22963889      0.02017873      0.23039681      0.04592778 md_running
    40     20.00000000     67.09829936      0.04754609  12127.30485346    300.00000000      0.99951227      1.38257766     -5.41654959      0.00005652     -5.41649307      0.22659635      0.00336202      0.22681372      0.04531927 md_running
    41     20.50000000     67.31414962      0.30004159  12130.59425623    300.00000000      0.99951222      1.38295267     -5.42112910      0.00225062     -5.41887848      0.22446439      0.02121614      0.22755919      0.04489288 md_running
    42     21.00000000     67.53344086      0.58513556  12012.33578577    300.00000000      0.99951226      1.36947057     -5.41623489      0.00855959     -5.40767530      0.24857609      0.04137533      0.26658678      0.04971522 md_running
    43     21.50000000     67.75259328      0.86721204  11668.17824278    300.00000000      0.99951246      1.33023477     -5.39012739      0.01880142     -5.37132597      0.37331181      0.06132115      0.41558936      0.07466236 md_running
    44     22.00000000     67.97252636      1.14084597  10934.61428355    300.00000000      0.99951300      1.24660455     -5.32384246      0.03253824     -5.29130422      0.71105019      0.08066999      0.77438848      0.14221004 md_running
    45     22.50000000     68.19396389      1.39745228   9620.81381559    300.00000000      0.99951421      1.09682427     -5.19296323      0.04882182     -5.14414141      1.37808914      0.09881480      1.45741568      0.27561783 md_running
    46     23.00000000     68.40982895      1.62254422   7790.28141497    300.00000000      0.99951680      0.88813378     -4.99743410      0.06581624     -4.93161786      2.34163634      0.11473120      2.43283742      0.46832727 md_running
    47     23.50000000     68.63325716      1.79730223   6228.50028842    300.00000000      0.99952145      0.71008237     -4.82462688      0.08075738     -4.74386950      3.15732178      0.12708846      3.25531964      0.63146436 md_running
    48     24.00000000     68.83815276      1.90979678   6073.51422125    300.00000000      0.99952520      0.69241313     -4.81719566      0.09118309     -4.72601256      3.20814880      0.13504303      3.30657807      0.64162976 md_running
    49     24.50000000     69.05362904      1.96853519   7414.49423514    300.00000000      0.99952241      0.84529203     -4.98667033      0.09687827     -4.88979206      2.45749409      0.13919646      2.55020400      0.49149882 md_running
    50     25.00000000     69.27273232      1.99992348   9150.63735620    300.00000000      0.99951767      1.04322164     -5.19478487      0.09999235     -5.09479253      1.44704872      0.14141595      1.52977361      0.28940974 md_running
    51     25.50000000     69.49524868      2.03201710  10367.44383071    300.00000000      0.99951493      1.18194409     -5.33682124      0.10322734     -5.23359390      0.69457298      0.14368531      0.76805243      0.13891460 md_running
    52     26.00000000     69.71488045      2.08175555  10915.98780877    300.00000000      0.99951377      1.24448104     -5.40354370      0.10834265     -5.29520104      0.29515137      0.14720235      0.37868249      0.05903027 md_running
    53     26.50000000     69.93927840      2.15401941  10962.75676285    300.00000000      0.99951346      1.24981295     -5.41625305      0.11599499     -5.30025806      0.20932657      0.15231217      0.32791330      0.04186531 md_running
    54     27.00000000     70.16000387      2.24557314  10663.87962647    300.00000000      0.99951365      1.21573935     -5.39254697      0.12606497     -5.26648200      0.34271159      0.15878600      0.47925640      0.06854232 md_running
    55     27.50000000     70.38204142      2.34848522  10133.26252962    300.00000000      0.99951423      1.15524617     -5.34426162      0.13788457     -5.20637705      0.54393405      0.16606298      0.69899894      0.10878681 md_running
    56     28.00000000     70.59998489      2.45255966   9473.50947999    300.00000000      0.99951513      1.08003079     -5.28170928      0.15037622     -5.13133306      0.78777346      0.17342216      0.95695309      0.15755469 md_running
    57     28.50000000     70.81321391      2.54717089   8816.01250650    300.00000000      0.99951627      1.00507261     -5.21829719      0.16220199     -5.05609521      1.02751545      0.18011218      1.20560420      0.20550309 md_running
    58     29.00000000     71.03175935      2.62327270   8323.32085840    300.00000000      0.99951744      0.94890313     -5.17184735      0.17203899     -4.99980836      1.18595596      0.18549339      1.36880368      0.23719119 md_running
    59     29.50000000     71.23833865      2.67561090   8122.21232913    300.00000000      0.99951821      0.92597568     -5.15667947      0.17897234     -4.97770713      1.19711643      0.18919426      1.38130203      0.23942329 md_running
    60     30.00000000     71.45067978      2.70424926   8219.59999281    300.00000000      0.99951830      0.93707839     -5.17354458      0.18282410     -4.99072048      1.05326982      0.19121930      1.23570585      0.21065396 md_running
    61     30.50000000     71.67395857      2.71431762   8494.69880217    300.00000000      0.99951782      0.96844113     -5.20847444      0.18418800     -5.02428644      0.81595192      0.19193124      0.99324150      0.16319038 md_running
    62     31.00000000     71.88914482      2.71389524   8784.54945343    300.00000000      0.99951718      1.00148566     -5.24324578      0.18413068     -5.05911510      0.58186524      0.19190137      0.74683396      0.11637305 md_running
    63     31.50000000     72.10206591      2.71133163   8972.04892651    300.00000000      0.99951669      1.02286160     -5.26549025      0.18378298     -5.08170727      0.44812605      0.19172010      0.58085077      0.08962521 md_running
    64     32.00000000     72.31390604      2.71332138   9011.61256764    300.00000000      0.99951648      1.02737207     -5.27111554      0.18405282     -5.08706272      0.46210279      0.19186079      0.54492851      0.09242056 md_running
    65     32.50000000     72.53413696      2.72392583   8913.33088675    300.00000000      0.99951654      1.01616743     -5.26198694      0.18549430     -5.07649264      0.55469214      0.19261064      0.60731332      0.11093843 md_running
    66     33.00000000     72.74789259      2.74437210   8716.64322293    300.00000000      0.99951684      0.99374398     -5.24296151      0.18828946     -5.05467206      0.65342586      0.19405641      0.70173226      0.13068517 md_running
    67     33.50000000     72.96472393      2.77344468   8466.97175821    300.00000000      0.99951729      0.96528010     -5.21919848      0.19229988     -5.02689860      0.73625453      0.19611215      0.79486147      0.14725091 md_running
    68     34.00000000     73.17952427      2.80817438   8203.17679375    300.00000000      0.99951784      0.93520606     -5.19468200      0.19714608     -4.99753592      0.80731074      0.19856791      0.88179856      0.16146215 md_running
    69     34.50000000     73.38611401      2.84465951   7962.36606862    300.00000000      0.99951842      0.90775235     -5.17298295      0.20230219     -4.97068075      0.87194810      0.20114780      0.96297211      0.17438962 md_running
    70     35.00000000     73.60636677      2.87875531   7787.24937135    300.00000000      0.99951892      0.88778811     -5.15846043      0.20718080     -4.95127963      0.92234844      0.20355874      1.02738302      0.18446969 md_running
    71     35.50000000     73.82518930      2.90682313   7718.74530869    300.00000000      0.99951924      0.87997828     -5.15540879      0.21124052     -4.94416827      0.93637136      0.20554343      1.05220621      0.18727427 md_running
    72     36.00000000     74.04597438      2.92640747   7775.09378490    300.00000000      0.99951925      0.88640231     -5.16570775      0.21409652     -4.95161123      0.89382078      0.20692826      1.01817128      0.17876416 md_running
    73     36.50000000     74.25968627      2.93664347   7933.78850371    300.00000000      0.99951897      0.90449435     -5.18660587      0.21559687     -4.97100900      0.79636062      0.20765205      0.92789693      0.15927212 md_running
    74     37.00000000     74.46482260      2.93822388   8137.62282992    300.00000000      0.99951851      0.92773256     -5.21144441      0.21582899     -4.99561542      0.67029054      0.20776380      0.80733429      0.13405811 md_running
    75     37.50000000     74.67279521      2.93298461   8321.41131439    300.00000000      0.99951805      0.94868543     -5.23284916      0.21505997     -5.01778919      0.55416517      0.20739333      0.69221607      0.11083303 md_running
    76     38.00000000     74.88733170      2.92333310   8438.06120182    300.00000000      0.99951771      0.96198414     -5.24573388      0.21364691     -5.03208697      0.48215586      0.20671087      0.61181068      0.09643117 md_running
    77     38.50000000     75.11214315      2.91173929   8469.40210360    300.00000000      0.99951756      0.96555717     -5.24842326      0.21195564     -5.03646762      0.46487744      0.20589106      0.57604399      0.09297549 md_running
    78     39.00000000     75.33306121      2.90040307   8422.06181955    300.00000000      0.99951758      0.96016013     -5.24209259      0.21030845     -5.03178414      0.48427448      0.20508947      0.57418117      0.09685490 md_running
    79     39.50000000     75.54619094      2.89110253   8315.91816671    300.00000000      0.99951776      0.94805918     -5.22934169      0.20896185     -5.02037985      0.51649017      0.20443182      0.58885519      0.10329803 md_running
    80     40.00000000     75.75021236      2.88517174   8173.93997226    300.00000000      0.99951804      0.93187291     -5.21301843      0.20810540     -5.00491304      0.54729161      0.20401245      0.60745815      0.10945832 md_running
    81     40.50000000     75.96569193      2.88352667   8016.70712405    300.00000000      0.99951838      0.91394752     -5.19560453      0.20786815     -4.98773638      0.57091307      0.20389613      0.62334926      0.11418261 md_running
    82     41.00000000     76.18264292      2.88672335   7860.10255058    300.00000000      0.99951876      0.89609376     -5.17897934      0.20832929     -4.97065005      0.58634943      0.20412217      0.63421406      0.11726989 md_running
    83     41.50000000     76.39712520      2.89502487   7715.57736660    300.00000000      0.99951913      0.87961712     -5.16447843      0.20952922     -4.95494921      0.59384724      0.20470917      0.63942610      0.11876945 md_running
    84     42.00000000     76.61108140      2.90845166   7591.35079586    300.00000000      0.99951947      0.86545462     -5.15304542      0.21147728     -4.94156814      0.59378964      0.20565859      0.63888405      0.11875793 md_running
    85     42.50000000     76.82421409      2.92682039   7492.72331497    300.00000000      0.99951976      0.85421056     -5.14528153      0.21415694     -4.93112459      0.58699341      0.20695745      0.63296630      0.11739868 md_running
    86     43.00000000     77.04241616      2.94979316   7421.43618061    300.00000000      0.99951999      0.84608345     -5.14135124      0.21753199     -4.92381924      0.57436946      0.20858187      0.62224782      0.11487389 md_running
    87     43.50000000     77.25169301      2.97692636   7375.78465659    300.00000000      0.99952014      0.84087893     -5.14100418      0.22155226     -4.91945191      0.55633117      0.21050048      0.60704864      0.11126623 md_running
    88     44.00000000     77.46411375      3.00770357   7351.39122950    300.00000000      0.99952024      0.83809795     -5.14367786      0.22615702     -4.91752084      0.53329845      0.21267676      0.58785791      0.10665969 md_running
    89     44.50000000     77.67878995      3.04155515   7341.45785050    300.00000000      0.99952028      0.83696549     -5.14853915      0.23127644     -4.91726270      0.50615592      0.21507043      0.56544205      0.10123118 md_running
    90     45.00000000     77.89247812      3.07788842   7336.95369321    300.00000000      0.99952030      0.83645199     -5.15447053      0.23683493     -4.91763560      0.47709078      0.21763958      0.54186426      0.09541816 md_running
    91     45.50000000     78.11188585      3.11610201   7326.58612015    300.00000000      0.99952031      0.83527003     -5.16010687      0.24275229     -4.91735457      0.45184236      0.22034169      0.52196172      0.09036847 md_running
    92     46.00000000     78.32827204      3.15561126   7298.58207768    300.00000000      0.99952036      0.83207742     -5.16399089      0.24894706     -4.91504383      0.44162444      0.22313541      0.51508557      0.08832489 md_running
    93     46.50000000     78.53527000      3.19585419   7244.52534065    300.00000000      0.99952047      0.82591466     -5.16503743      0.25533710     -4.90970033      0.46080678      0.22598102      0.53304265      0.09216136 md_running
    94     47.00000000     78.75499151      3.23630366   7163.85765617    300.00000000      0.99952066      0.81671812     -5.16306131      0.26184153     -4.90121978      0.51597610      0.22884123      0.58231092      0.10319522 md_running
    95     47.50000000     78.96820771      3.27646435   7067.88464142    300.00000000      0.99952093      0.80577668     -5.15926983      0.26838047     -4.89088936      0.59694748      0.23168102      0.65547833      0.11938950 md_running
    96     48.00000000     79.18265634      3.31588309   6980.22076177    300.00000000      0.99952122      0.79578253     -5.15630875      0.27487702     -4.88143173      0.68088348      0.23446834      0.73255607      0.13617670 md_running
    97     48.50000000     79.39871592      3.35415844   6931.54244282    300.00000000      0.99952145      0.79023294     -5.15769801      0.28125947     -4.87643854      0.74219154      0.23717482      0.78930283      0.14843831 md_running
    98     49.00000000     79.60467172      3.39094146   6947.83011112    300.00000000      0.99952151      0.79208982     -5.16645328      0.28746210     -4.87899118      0.76189982      0.23977577      0.80694374      0.15237996 md_running
    99     49.50000000     79.82309274      3.42594466   7037.36250066    300.00000000      0.99952134      0.80229699     -5.18352526      0.29342742     -4.89009784      0.73232746      0.24225087      0.77760734      0.14646549 md_running
   100     50.00000000     80.04384191      3.45896313   7183.52383318    300.00000000      0.99952097      0.81896017     -5.20696202      0.29911065     -4.90785137      0.65924051      0.24458563      0.70628897      0.13184810 md_running
   101     50.50000000     80.26450481      3.48993626   7347.27662330    300.00000000      0.99952049      0.83762886     -5.23222195      0.30449138     -4.92773057      0.56062577      0.24677576      0.60886838      0.11212515 md_running
   102     51.00000000     80.48373383      3.51904849   7477.36176329    300.00000000      0.99952005      0.85245926     -5.25338554      0.30959256     -4.94379299      0.47217417      0.24883431      0.51504234      0.09443483 md_running
   103     51.50000000     80.69727378      3.54685944   7524.01072982    300.00000000      0.99951979      0.85777749     -5.26473199      0.31450530     -4.95022669      0.45962682      0.25080084      0.48033370      0.09192536 md_running
   104     52.00000000     80.91424099      3.57442240   7456.01229591    300.00000000      0.99951981      0.85002531     -5.26272640      0.31941239     -4.94331402      0.57428783      0.25274983      0.56283957      0.11485757 md_running
   105     52.50000000     81.13337838      3.60331103   7278.90690320    300.00000000      0.99952015      0.82983435     -5.24815735      0.32459626     -4.92356109      0.77985899      0.25479257      0.74481776      0.15597180 md_running
   106     53.00000000     81.34896852      3.63550736   7046.82661740    300.00000000      0.99952077      0.80337595     -5.22759947      0.33042284     -4.89717663      0.99804529      0.25706919      0.94926465      0.19960906 md_running
   107     53.50000000     81.56170652      3.67302022   6851.81672360    300.00000000      0.99952147      0.78114378     -5.21229415      0.33727694     -4.87501721      1.14956712      0.25972175      1.09336658      0.22991342 md_running
   108     54.00000000     81.77781749      3.71725280   6777.61835236    300.00000000      0.99952193      0.77268477     -5.21257108      0.34544921     -4.86712187      1.17730689      0.26284947      1.11839776      0.23546138 md_running
   109     54.50000000     81.98346987      3.76840913   6844.72924479    300.00000000      0.99952193      0.78033577     -5.23096366      0.35502268     -4.87594098      1.07327449      0.26646677      1.01668991      0.21465490 md_running
   110     55.00000000     82.19674444      3.82530247   7000.60193124    300.00000000      0.99952153      0.79810609     -5.26090445      0.36582347     -4.89508097      0.88202753      0.27048973      0.83523651      0.17640551 md_running
   111     55.50000000     82.40995107      3.88567282   7164.20640665    300.00000000      0.99952100      0.81675788     -5.29236740      0.37746133     -4.91490606      0.67334285      0.27475856      0.64873169      0.13466857 md_running
   112     56.00000000     82.62800359      3.94679119   7276.19041696    300.00000000      0.99952058      0.82952465     -5.31797173      0.38942902     -4.92854272      0.50885337      0.27908028      0.52318541      0.10177067 md_running
   113     56.50000000     82.84633384      4.00600207   7315.97152570    300.00000000      0.99952037      0.83405991     -5.33495658      0.40120131     -4.93375526      0.42104922      0.28326712      0.48279197      0.08420984 md_running
   114     57.00000000     83.06446311      4.06100979   7291.83734319    300.00000000      0.99952036      0.83130849     -5.34390572      0.41229501     -4.93161071      0.40198891      0.28715676      0.49973031      0.08039778 md_running
   115     57.50000000     83.28295364      4.10997976   7224.41147158    300.00000000      0.99952050      0.82362158     -5.34684402      0.42229834     -4.92454568      0.41501013      0.29061946      0.53296184      0.08300203 md_running
   116     58.00000000     83.49806082      4.15151988   7133.81043558    300.00000000      0.99952074      0.81329257     -5.34576730      0.43087793     -4.91488936      0.43231570      0.29355679      0.56157275      0.08646314 md_running
   117     58.50000000     83.72013477      4.18459052   7033.67589977    300.00000000      0.99952103      0.80187670     -5.34197541      0.43776995     -4.90420546      0.44382445      0.29589523      0.58047579      0.08876489 md_running
   118     59.00000000     83.93186705      4.20841013   6930.38844896    300.00000000      0.99952134      0.79010138     -5.33596110      0.44276790     -4.89319320      0.44923039      0.29757953      0.59131372      0.08984608 md_running
   119     59.50000000     84.12719013      4.22238533   6825.35769953    300.00000000      0.99952166      0.77812731     -5.32768678      0.44571345     -4.88197333      0.45365236      0.29856773      0.59928408      0.09073047 md_running
   120     60.00000000     84.34186213      4.22605866   6719.33651133    300.00000000      0.99952200      0.76604033     -5.31708500      0.44648929     -4.87059571      0.46472114      0.29882747      0.61109616      0.09294423 md_running
   121     60.50000000     84.56262233      4.21907031   6616.08355731    300.00000000      0.99952235      0.75426894     -5.30450512      0.44501386     -4.85949126      0.48948193      0.29833332      0.63296000      0.09789639 md_running
   122     61.00000000     84.78394915      4.20112902   6523.81988053    300.00000000      0.99952269      0.74375038     -5.29082577      0.44123713     -4.84958864      0.53119919      0.29706468      0.66836709      0.10623984 md_running
   123     61.50000000     84.99469499      4.17199399   6456.11953566    300.00000000      0.99952298      0.73603218     -5.27757417      0.43513835     -4.84243582      0.58559717      0.29500452      0.71474488      0.11711943 md_running
   124     62.00000000     85.19571161      4.13147373   6431.84596052    300.00000000      0.99952316      0.73326487     -5.26693564      0.42672688     -4.84020876      0.64052097      0.29213931      0.76210346      0.12810419 md_running
   125     62.50000000     85.41322306      4.07944832   6471.44575292    300.00000000      0.99952315      0.73777945     -5.26136286      0.41604746     -4.84531540      0.67995357      0.28846056      0.79579425      0.13599071 md_running
   126     63.00000000     85.62916538      4.01591888   6589.12716036    300.00000000      0.99952287      0.75119576     -5.26264012      0.40319011     -4.85945001      0.68943426      0.28396835      0.80164325      0.13788685 md_running
   127     63.50000000     85.84580105      3.94108059   6784.27015363    300.00000000      0.99952233      0.77344311     -5.27089627      0.38830291     -4.88259336      0.66202986      0.27867648      0.77206007      0.13240597 md_running
   128     64.00000000     86.05836610      3.85540217   7036.87027900    300.00000000      0.99952158      0.80224088     -5.28405811      0.37160315     -4.91245497      0.60104598      0.27261810      0.70883648      0.12020920 md_running
   129     64.50000000     86.27607595      3.75969149   7310.23006316    300.00000000      0.99952076      0.83340535     -5.29815185      0.35338200     -4.94476985      0.52040468      0.26585033      0.62291197      0.10408094 md_running
   130     65.00000000     86.49380596      3.65513636   7559.36696171    300.00000000      0.99952000      0.86180829     -5.30834326      0.33400055     -4.97434271      0.44389348      0.25845717      0.53209757      0.08877870 md_running
   131     65.50000000     86.71027227      3.54333191   7740.94601360    300.00000000      0.99951941      0.88250928     -5.31004504      0.31388002     -4.99616502      0.40824503      0.25055140      0.46386608      0.08164901 md_running
   132     66.00000000     86.93060746      3.42629970   7822.23318799    300.00000000      0.99951907      0.89177645     -5.29992141      0.29348824     -5.00643317      0.45286245      0.24227598      0.45919365      0.09057249 md_running
   133     66.50000000     87.14875034      3.30647476   7789.48610970    300.00000000      0.99951901      0.88804311     -5.27680189      0.27331938     -5.00348250      0.58223020      0.23380307      0.54703466      0.11644604 md_running
   134     67.00000000     87.35960337      3.18662476   7657.66297570    300.00000000      0.99951923      0.87301457     -5.24281860      0.25386443     -4.98895417      0.76503816      0.22532840      0.70779169      0.15300763 md_running
   135     67.50000000     87.57342213      3.06966589   7477.65958604    300.00000000      0.99951966      0.85249322     -5.20421706      0.23557122     -4.96864584      0.95743925      0.21705816      0.89121178      0.19148785 md_running
   136     68.00000000     87.77786411      2.95832840   7330.59851511    300.00000000      0.99952014      0.83572747     -5.17083963      0.21879267     -4.95204696      1.10450779      0.20918541      1.03580055      0.22090156 md_running
   137     68.50000000     87.99352782      2.85466084   7296.42886703    300.00000000      0.99952043      0.83183194     -5.15240539      0.20372721     -4.94867818      1.15580896      0.20185500      1.08753880      0.23116179 md_running
   138     69.00000000     88.20947650      2.75959360   7407.85960935    300.00000000      0.99952032      0.84453564     -5.15286030      0.19038392     -4.96247638      1.09191534      0.19513273      1.02530206      0.21838307 md_running
   139     69.50000000     88.42713658      2.67282305   7629.63183373    300.00000000      0.99951983      0.86981887     -5.16778997      0.17859958     -4.98919039      0.93840470      0.18899713      0.87410170      0.18768094 md_running
   140     70.00000000     88.64127001      2.59309996   7884.99632279    300.00000000      0.99951918      0.89893178     -5.18778494      0.16810419     -5.01968075      0.75222948      0.18335986      0.69136113      0.15044590 md_running
   141     70.50000000     88.85946676      2.51874666   8102.54398552    300.00000000      0.99951859      0.92373338     -5.20420702      0.15860212     -5.04560490      0.59267143      0.17810228      0.53819855      0.11853429 md_running
   142     71.00000000     89.08259364      2.44812859   8243.24328998    300.00000000      0.99951817      0.93977386     -5.21237866      0.14983334     -5.06254531      0.49669075      0.17310883      0.45407379      0.09933815 md_running
   143     71.50000000     89.29029798      2.37988503   8300.16548133    300.00000000      0.99951796      0.94626329     -5.21140187      0.14159632     -5.06980555      0.46826881      0.16828328      0.44057380      0.09365376 md_running
   144     72.00000000     89.50477134      2.31300670   8286.30428579    300.00000000      0.99951792      0.94468304     -5.20270117      0.13375000     -5.06895117      0.48137484      0.16355427      0.46552606      0.09627497 md_running
   145     72.50000000     89.71907226      2.24682861   8222.04075372    300.00000000      0.99951802      0.93735665     -5.18856727      0.12620597     -5.06236130      0.50813890      0.15887477      0.49946798      0.10162778 md_running
   146     73.00000000     89.93838237      2.18095712   8126.99922503    300.00000000      0.99951820      0.92652141     -5.17121238      0.11891435     -5.05229803      0.53487979      0.15421696      0.53008514      0.10697596 md_running
   147     73.50000000     90.14766498      2.11518927   8016.78207521    300.00000000      0.99951844      0.91395607     -5.15237863      0.11185064     -5.04052799      0.55764728      0.14956647      0.55478147      0.11152946 md_running
   148     74.00000000     90.36116128      2.04945003   7902.90302782    300.00000000      0.99951871      0.90097324     -5.13335498      0.10500614     -5.02834884      0.57625008      0.14491800      0.57423442      0.11525002 md_running
   149     74.50000000     90.57799849      1.98374522   7794.02096404    300.00000000      0.99951898      0.88856011     -5.11512468      0.09838113     -5.01674355      0.59155589      0.14027197      0.58982476      0.11831118 md_running
   150     75.00000000     90.79523769      1.91812790   7696.79739250    300.00000000      0.99951923      0.87747610     -5.09845217      0.09198037     -5.00647181      0.60484112      0.13563212      0.60319252      0.12096822 md_running
   151     75.50000000     91.00761094      1.85266734   7616.39791335    300.00000000      0.99951946      0.86831013     -5.08392182      0.08580941     -4.99811242      0.61689388      0.13100336      0.61536134      0.12337878 md_running
   152     76.00000000     91.21526148      1.78742418   7557.51321806    300.00000000      0.99951964      0.86159696     -5.07206782      0.07987213     -4.99219569      0.62762012      0.12638998      0.62637398      0.12552402 md_running
   153     76.50000000     91.42904815      1.72243285   7524.77590559    300.00000000      0.99951976      0.85786473     -5.06342258      0.07416937     -4.98925320      0.63631115      0.12179439      0.63560782      0.12726223 md_running
   154     77.00000000     91.64280830      1.65768720   7522.36062769    300.00000000      0.99951981      0.85758937     -5.05848542      0.06869817     -4.98978725      0.64176665      0.11721619      0.64194842      0.12835333 md_running
   155     77.50000000     91.85455668      1.59312434   7552.99502805    300.00000000      0.99951977      0.86108186     -5.05755610      0.06345113     -4.99410497      0.64265456      0.11265090      0.64413927      0.12853091 md_running
   156     78.00000000     92.06698396      1.52860986   7617.50277794    300.00000000      0.99951965      0.86843609     -5.06071390      0.05841620     -5.00229770      0.63796471      0.10808904      0.64120989      0.12759294 md_running
   157     78.50000000     92.28806177      1.46392990   7714.91520932    300.00000000      0.99951944      0.87954163     -5.06784889      0.05357727     -5.01427162      0.62673680      0.10351548      0.63227113      0.12534736 md_running
   158     79.00000000     92.50473864      1.39878254   7842.01626743    300.00000000      0.99951916      0.89403183     -5.07857175      0.04891482     -5.02965694      0.60835699      0.09890886      0.61678917      0.12167140 md_running
   159     79.50000000     92.71830917      1.33277284   7993.56470252    300.00000000      0.99951881      0.91130916     -5.09226435      0.04440709     -5.04785726      0.58322711      0.09424127      0.59518139      0.11664542 md_running
   160     80.00000000     92.93707322      1.26542225   8162.82485102    300.00000000      0.99951844      0.93060572     -5.10813090      0.04003234     -5.06809856      0.55302363      0.08947887      0.56904411      0.11060473 md_running
   161     80.50000000     93.15195132      1.19619292   8342.58927761    300.00000000      0.99951804      0.95109983     -5.12531585      0.03577194     -5.08954391      0.52104483      0.08458361      0.54130783      0.10420897 md_running
   162     81.00000000     93.36669452      1.12454439   8526.89409654    300.00000000      0.99951765      0.97211157     -5.14312585      0.03161500     -5.11151084      0.49098436      0.07951730      0.51494210      0.09819687 md_running
   163     81.50000000     93.58315933      1.05002693   8711.66898222    300.00000000      0.99951727      0.99317689     -5.16111181      0.02756391     -5.13354789      0.46445186      0.07424812      0.49072272      0.09289037 md_running
   164     82.00000000     93.79879929      0.97239004   8893.59509033    300.00000000      0.99951690      1.01391744     -5.17892947      0.02363856     -5.15529091      0.43881478      0.06875836      0.46548368      0.08776296 md_running
   165     82.50000000     94.01801218      0.89168538   9067.28720990    300.00000000      0.99951656      1.03371927     -5.19605131      0.01987757     -5.17617374      0.40942767      0.06305168      0.43455071      0.08188553 md_running
   166     83.00000000     94.23326763      0.80832552   9221.74727354    300.00000000      0.99951626      1.05132855     -5.21128576      0.01633475     -5.19495101      0.37799166      0.05715725      0.39962221      0.07559833 md_running
   167     83.50000000     94.44351613      0.72308079   9340.07535739    300.00000000      0.99951601      1.06481858     -5.22270352      0.01307115     -5.20963237      0.36425841      0.05112953      0.38015158      0.07285168 md_running
   168     84.00000000     94.64846593      0.63698671   9405.90788756    300.00000000      0.99951585      1.07232384     -5.22840167      0.01014380     -5.21825787      0.40036891      0.04504176      0.40928150      0.08007378 md_running
   169     84.50000000     94.86161834      0.55117706   9413.69710655    300.00000000      0.99951579      1.07321186     -5.22770892      0.00759490     -5.22011402      0.49225585      0.03897410      0.49598772      0.09845117 md_running
   170     85.00000000     95.07760525      0.46670847   9376.72245560    300.00000000      0.99951582      1.06899655     -5.22215493      0.00544542     -5.21670951      0.60843306      0.03300127      0.60968308      0.12168661 md_running
   171     85.50000000     95.29468395      0.38443554   9326.05310268    300.00000000      0.99951590      1.06321997     -5.21538320      0.00369477     -5.21168843      0.70904875      0.02718370      0.70942699      0.14180975 md_running
   172     86.00000000     95.51321953      0.30501423   9297.28540592    300.00000000      0.99951598      1.05994030     -5.21159907      0.00232584     -5.20927323      0.76539225      0.02156776      0.76555189      0.15307845 md_running
   173     86.50000000     95.73272815      0.22915446   9312.31803650    300.00000000      0.99951600      1.06165410     -5.21335436      0.00131279     -5.21204157      0.77077303      0.01620367      0.77083431      0.15415461 md_running
   174     87.00000000     95.94989834      0.15855666   9370.47387451    300.00000000      0.99951593      1.06828418     -5.22048546      0.00062851     -5.21985695      0.74024658      0.01121165      0.74002712      0.14804932 md_running
   175     87.50000000     96.16360867      0.09993133   9454.87939331    300.00000000      0.99951580      1.07790686     -5.23093779      0.00024966     -5.23068814      0.69686182      0.00706621      0.69598506      0.13937236 md_running
   176     88.00000000     96.38376778      0.07977620   9544.88962294    300.00000000      0.99951565      1.08816850     -5.24228556      0.00015911     -5.24212646      0.65597431      0.00564103      0.65396561      0.13119486 md_running
   177     88.50000000     96.59204532      0.11767951   9623.79777448    300.00000000      0.99951550      1.09716446     -5.25260684      0.00034621     -5.25226063      0.62260614      0.00832120      0.61899942      0.12452123 md_running
   178     89.00000000     96.80835089      0.17952434   9680.38466989    300.00000000      0.99951539      1.10361567     -5.26062647      0.00080572     -5.25982075      0.59655338      0.01269429      0.59099405      0.11931068 md_running
   179     89.50000000     97.02364497      0.24782409   9707.84078157    300.00000000      0.99951532      1.10674581     -5.26557027      0.00153542     -5.26403485      0.57781400      0.01752381      0.57016680      0.11556280 md_running
   180     90.00000000     97.22677753      0.31827869   9703.18192236    300.00000000      0.99951531      1.10621467     -5.26708900      0.00253253     -5.26455646      0.56720034      0.02250570      0.55762476      0.11344007 md_running
   181     90.50000000     97.43939798      0.38933829   9667.15852371    300.00000000      0.99951534      1.10210781     -5.26526708      0.00378961     -5.26147747      0.56333895      0.02753037      0.55230162      0.11266779 md_running
   182     91.00000000     97.65847777      0.45999513   9603.47389740    300.00000000      0.99951542      1.09484743     -5.26051122      0.00528989     -5.25522133      0.56291148      0.03252657      0.55111660      0.11258230 md_running
   183     91.50000000     97.87108220      0.52925587   9518.14585131    300.00000000      0.99951555      1.08511957     -5.25347076      0.00700279     -5.24646796      0.56209931      0.03742404      0.55040769      0.11241986 md_running
   184     92.00000000     98.09259421      0.59599196   9418.56888847    300.00000000      0.99951570      1.07376726     -5.24497378      0.00888016     -5.23609361      0.55827117      0.04214300      0.54761625      0.11165423 md_running
   185     92.50000000     98.31427473      0.65892611   9312.03022608    300.00000000      0.99951588      1.06162129     -5.23575335      0.01085459     -5.22489876      0.55099620      0.04659311      0.54235450      0.11019924 md_running
   186     93.00000000     98.53122750      0.71667233   9205.47661759    300.00000000      0.99951607      1.04947361     -5.22654927      0.01284048     -5.21370879      0.54080484      0.05067639      0.53512309      0.10816097 md_running
   187     93.50000000     98.74430464      0.76780403   9105.30177033    300.00000000      0.99951625      1.03805314     -5.21797201      0.01473808     -5.20323394      0.52885313      0.05429194      0.52690170      0.10577063 md_running
   188     94.00000000     98.95921632      0.81095316   9017.42557535    300.00000000      0.99951643      1.02803478     -5.21059302      0.01644113     -5.19415189      0.51550109      0.05734305      0.51761027      0.10310022 md_running
   189     94.50000000     99.17027118      0.84494819   8946.33892493    300.00000000      0.99951657      1.01993052     -5.20486895      0.01784844     -5.18702051      0.50070700      0.05974686      0.50655073      0.10014140 md_running
   190     95.00000000     99.38905545      0.86897288   8892.96574331    300.00000000      0.99951669      1.01384569     -5.20081046      0.01887785     -5.18193261      0.48349835      0.06144566      0.49209931      0.09669967 md_running
   191     95.50000000     99.60258148      0.88269917   8854.86349607    300.00000000      0.99951678      1.00950183     -5.19808027      0.01947895     -5.17860132      0.46425907      0.06241626      0.47416777      0.09285181 md_running
   192     96.00000000     99.81013426      0.88635434   8826.00306600    300.00000000      0.99951684      1.00621159     -5.19602122      0.01964060     -5.17638062      0.44589774      0.06267472      0.45546125      0.08917955 md_running
   193     96.50000000    100.02500273      0.88069868   8796.09140714    300.00000000      0.99951689      1.00280150     -5.19343130      0.01939075     -5.17404055      0.43349661      0.06227480      0.44142706      0.08669932 md_running
   194     97.00000000    100.23396059      0.86687954   8752.67619443    300.00000000      0.99951695      0.99785193     -5.18897142      0.01878700     -5.17018442      0.43244982      0.06129764      0.43843785      0.08648996 md_running
   195     97.50000000    100.45437825      0.84618649   8684.32064735    300.00000000      0.99951706      0.99005904     -5.18133109      0.01790079     -5.16343030      0.44891787      0.05983442      0.45370586      0.08978357 md_running
   196     98.00000000    100.67164120      0.81979043   8581.92708767    300.00000000      0.99951722      0.97838562     -5.16962439      0.01680141     -5.15282298      0.48848091      0.05796794      0.49343292      0.09769618 md_running
   197     98.50000000    100.88966105      0.78850809   8438.52855549    300.00000000      0.99951747      0.96203742     -5.15302244      0.01554363     -5.13747881      0.55892817      0.05575594      0.56531766      0.11178563 md_running
   198     99.00000000    101.10096363      0.75259442   8254.60929626    300.00000000      0.99951781      0.94106964     -5.13151511      0.01415996     -5.11735516      0.66186693      0.05321646      0.67020843      0.13237339 md_running
   199     99.50000000    101.31718396      0.71165172   8049.29823220    300.00000000      0.99951825      0.91766308     -5.10720853      0.01266120     -5.09454733      0.78520444      0.05032138      0.79526972      0.15704089 md_running
   200    100.00000000    101.53493926      0.66470733   7865.89028578    300.00000000      0.99951872      0.89675359     -5.08512848      0.01104590     -5.07408259      0.89998003      0.04700191      0.91114324      0.17999601 md_running
   201    100.50000000    101.75257564      0.61052361   7759.49270529    300.00000000      0.99951909      0.88462370     -5.07181556      0.00931848     -5.06249708      0.97007293      0.04317054      0.98155996      0.19401459 md_running
   202    101.00000000    101.97215850      0.54810857   7768.41117173    300.00000000      0.99951922      0.88564045     -5.07190659      0.00751058     -5.06439601      0.96896115      0.03875713      0.98002091      0.19379223 md_running
   203    101.50000000    102.18127817      0.47720526   7887.95133305    300.00000000      0.99951905      0.89926867     -5.08498369      0.00569312     -5.07929057      0.89424685      0.03374351      0.90423599      0.17884937 md_running
   204    102.00000000    102.39686176      0.39854781   8069.14794711    300.00000000      0.99951866      0.91992605     -5.10533170      0.00397101     -5.10136069      0.76916138      0.02818159      0.77764698      0.15383228 md_running
   205    102.50000000    102.61221841      0.31384568   8244.01802538    300.00000000      0.99951822      0.93986218     -5.12506772      0.00246248     -5.12260524      0.63153952      0.02219224      0.63839399      0.12630790 md_running
   206    103.00000000    102.83284231      0.22589251   8356.18534675    300.00000000      0.99951789      0.95264985     -5.13776294      0.00127569     -5.13648725      0.52192042      0.01597301      0.52735857      0.10438408 md_running
   207    103.50000000    103.05175640      0.14060901   8377.05790924    300.00000000      0.99951774      0.95502944     -5.14022290      0.00049427     -5.13972863      0.47297777      0.00994256      0.47735194      0.09459555 md_running
   208    104.00000000    103.26689635      0.08392257   8307.84661143    300.00000000      0.99951780      0.94713898     -5.13268420      0.00017607     -5.13250813      0.49107041      0.00593422      0.49468376      0.09821408 md_running
   209    104.50000000    103.48550708      0.11994347   8174.37808107    300.00000000      0.99951804      0.93192285     -5.11818024      0.00035966     -5.11782058      0.54921251      0.00848128      0.55216762      0.10984250 md_running
   210    105.00000000    103.70584559      0.20726507   8018.01447017    300.00000000      0.99951839      0.91409656     -5.10157325      0.00107397     -5.10049928      0.61271555      0.01465585      0.61488335      0.12254311 md_running
   211    105.50000000    103.91389721      0.30642520   7882.65398254    300.00000000      0.99951875      0.89866474     -5.08799371      0.00234741     -5.08564630      0.65729523      0.02166753      0.65846534      0.13145905 md_running
   212    106.00000000    104.12682674      0.41050917   7801.90408653    300.00000000      0.99951902      0.88945882     -5.08135819      0.00421294     -5.07714524      0.66987505      0.02902738      0.66985453      0.13397501 md_running
   213    106.50000000    104.33267167      0.51802153   7792.43606655    300.00000000      0.99951914      0.88837942     -5.08363819      0.00670866     -5.07692953      0.64637098      0.03662965      0.64498813      0.12927420 md_running
   214    107.00000000    104.54333587      0.62850634   7850.23179340    300.00000000      0.99951907      0.89496844     -5.09442954      0.00987551     -5.08455404      0.59228506      0.04444211      0.58953772      0.11845701 md_running
   215    107.50000000    104.74797166      0.74166071   7954.38729998    300.00000000      0.99951886      0.90684273     -5.11125228      0.01375152     -5.09750076      0.52003787      0.05244333      0.51613099      0.10400757 md_running
   216    108.00000000    104.96188477      0.85711830   8077.47479608    300.00000000      0.99951858      0.92087536     -5.13099462      0.01836629     -5.11262833      0.44694836      0.06060742      0.44262854      0.08938967 md_running
   217    108.50000000    105.17564663      0.97438312   8193.82140449    300.00000000      0.99951829      0.93413950     -5.15068047      0.02373556     -5.12694490      0.38871992      0.06889929      0.38568815      0.07774398 md_running
   218    109.00000000    105.39114376      1.09281397   8284.55090361    300.00000000      0.99951806      0.94448314     -5.16813678      0.02985606     -5.13828072      0.35465333      0.07727362      0.35537055      0.07093067 md_running
   219    109.50000000    105.60845650      1.21165533   8340.69787592    300.00000000      0.99951789      0.95088420     -5.18228749      0.03670272     -5.14558477      0.34500507      0.08567697      0.35150731      0.06900101 md_running
   220    110.00000000    105.82801431      1.33010151   8362.79895509    300.00000000      0.99951781      0.95340384     -5.19320664      0.04422925     -5.14897739      0.35300422      0.09405238      0.36604983      0.07060084 md_running
   221    110.50000000    106.04784509      1.44735728   8356.81694487    300.00000000      0.99951780      0.95272186     -5.20152194      0.05237108     -5.14915086      0.36971639      0.10234361      0.38928328      0.07394328 md_running
   222    111.00000000    106.26326673      1.56266182   8330.70827271    300.00000000      0.99951784      0.94974533     -5.20807778      0.06104780     -5.14702998      0.38878979      0.11049688      0.41452743      0.07775796 md_running
   223    111.50000000    106.48342078      1.67531112   8292.80254638    300.00000000      0.99951791      0.94542388     -5.21373051      0.07016668     -5.14356382      0.40620020      0.11846239      0.43771950      0.08124004 md_running
   224    112.00000000    106.69976011      1.78467243   8250.67288102    300.00000000      0.99951800      0.94062087     -5.21924505      0.07962639     -5.13961866      0.42046884      0.12619540      0.45731979      0.08409377 md_running
   225    112.50000000    106.91151039      1.89019721   8210.70446216    300.00000000      0.99951809      0.93606426     -5.22524999      0.08932114     -5.13592886      0.43094348      0.13365713      0.47263557      0.08618870 md_running
   226    113.00000000    107.13269979      1.99142830   8177.75571016    300.00000000      0.99951817      0.93230792     -5.23219044      0.09914467     -5.13304577      0.43748422      0.14081525      0.48349148      0.08749684 md_running
   227    113.50000000    107.34927523      2.08800217   8155.22550253    300.00000000      0.99951824      0.92973936     -5.24035084      0.10899383     -5.13135701      0.44036108      0.14764405      0.49008814      0.08807222 md_running
   228    114.00000000    107.57093416      2.17964942   8145.20137885    300.00000000      0.99951828      0.92859655     -5.24987337      0.11877179     -5.13110158      0.43997535      0.15412449      0.49276288      0.08799507 md_running
   229    114.50000000    107.79049886      2.26619199   8148.74025074    300.00000000      0.99951828      0.92900000     -5.26078590      0.12839065     -5.13239525      0.43674726      0.16024397      0.49181613      0.08734945 md_running
   230    115.00000000    108.01113002      2.34754326   8166.27132107    300.00000000      0.99951826      0.93099864     -5.27306482      0.13777398     -5.13529083      0.43122674      0.16599638      0.48767062      0.08624535 md_running
   231    115.50000000    108.22735174      2.42370564   8197.63862008    300.00000000      0.99951820      0.93457468     -5.28662961      0.14685873     -5.13977088      0.42402469      0.17138187      0.48080964      0.08480494 md_running
   232    116.00000000    108.43943852      2.49476619   8241.95539710    300.00000000      0.99951812      0.93962703     -5.30133856      0.15559646     -5.14574210      0.41577841      0.17640661      0.47179448      0.08315568 md_running
   233    116.50000000    108.65870719      2.56088702   8297.42038500    300.00000000      0.99951801      0.94595033     -5.31694965      0.16395356     -5.15299609      0.40742107      0.18108206      0.46152909      0.08148421 md_running
   234    117.00000000    108.88121304      2.62229035   8361.42729617    300.00000000      0.99951788      0.95324747     -5.33314542      0.17191017     -5.16123525      0.40038497      0.18542393      0.45133779      0.08007699 md_running
   235    117.50000000    109.10036751      2.67924595   8430.81537173    300.00000000      0.99951773      0.96115808     -5.34956147      0.17945897     -5.17010250      0.39601923      0.18945130      0.44253938      0.07920385 md_running
   236    118.00000000    109.32077927      2.73205706   8502.14452078    300.00000000      0.99951758      0.96928998     -5.36579139      0.18660339     -5.17918800      0.39555630      0.19318561      0.43661816      0.07911126 md_running
   237    118.50000000    109.54130549      2.78103535   8572.24400774    300.00000000      0.99951744      0.97728170     -5.38152223      0.19335394     -5.18816829      0.39899096      0.19664890      0.43419329      0.07979819 md_running
   238    119.00000000    109.76025978      2.82646792   8638.35288781    300.00000000      0.99951730      0.98481846     -5.39639420      0.19972302     -5.19667118      0.40466501      0.19986146      0.43448530      0.08093300 md_running
   239    119.50000000    109.97827572      2.86857978   8698.70701566    300.00000000      0.99951717      0.99169916     -5.41024585      0.20571875     -5.20452710      0.41128141      0.20283922      0.43693672      0.08225628 md_running
   240    120.00000000    110.19563212      2.90749996   8749.93366214    300.00000000      0.99951705      0.99753927     -5.42270464      0.21133890     -5.21136574      0.41267801      0.20559129      0.43632949      0.08253560 md_running
   241    120.50000000    110.40890238      2.94322395   8787.97139977    300.00000000      0.99951697      1.00187578     -5.43325881      0.21656418     -5.21669463      0.41123991      0.20811736      0.43499468      0.08224798 md_running
   242    121.00000000    110.62274791      2.97560501   8810.24167141    300.00000000      0.99951691      1.00441471     -5.44159338      0.22135563     -5.22023775      0.40887957      0.21040705      0.43486049      0.08177591 md_running
   243    121.50000000    110.83780622      3.00434785   8813.95436661    300.00000000      0.99951688      1.00483797     -5.44729968      0.22565265     -5.22164703      0.41205600      0.21243947      0.44185444      0.08241120 md_running
   244    122.00000000    111.05088095      3.02901407   8798.84942732    300.00000000      0.99951689      1.00311593     -5.45023758      0.22937316     -5.22086442      0.42739893      0.21418364      0.46157199      0.08547979 md_running
   245    122.50000000    111.26987144      3.04904135   8769.93877547    300.00000000      0.99951694      0.99981996     -5.45087059      0.23241633     -5.21845426      0.45478926      0.21559978      0.49296162      0.09095785 md_running
   246    123.00000000    111.49060539      3.06378091   8737.74902480    300.00000000      0.99951700      0.99615016     -5.45031414      0.23466884     -5.21564530      0.48411863      0.21664203      0.52595569      0.09682373 md_running
   247    123.50000000    111.70311116      3.07254186   8715.00109114    300.00000000      0.99951706      0.99355677     -5.44994582      0.23601284     -5.21393299      0.50135685      0.21726152      0.54725438      0.10027137 md_running
   248    124.00000000    111.92369518      3.07463516   8711.32280502    300.00000000      0.99951709      0.99313743     -5.45078375      0.23633453     -5.21444921      0.49630918      0.21740954      0.54725102      0.09926184 md_running
   249    124.50000000    112.13859985      3.06943234   8728.98945907    300.00000000      0.99951707      0.99515152     -5.45300309      0.23553537     -5.21746772      0.46749375      0.21704164      0.52458289      0.09349875 md_running
   250    125.00000000    112.35532461      3.05643503   8762.14786329    300.00000000      0.99951702      0.99893175     -5.45583839      0.23354488     -5.22229352      0.42300806      0.21612259      0.48674580      0.08460161 md_running
   251    125.50000000    112.57343707      3.03533738   8799.50444406    300.00000000      0.99951695      1.00319060     -5.45795227      0.23033183     -5.22762044      0.37788169      0.21463076      0.44683928      0.07557634 md_running
   252    126.00000000    112.77719381      3.00607153   8828.54305766    300.00000000      0.99951688      1.00650116     -5.45789589      0.22591165     -5.23198423      0.34874580      0.21256136      0.41815425      0.06974916 md_running
   253    126.50000000    112.99434470      2.96882908   8839.44908164    300.00000000      0.99951684      1.00774451     -5.45458790      0.22034865     -5.23423925      0.34616894      0.20992792      0.40887330      0.06923379 md_running
   254    127.00000000    113.21096220      2.92405028   8826.97771265    300.00000000      0.99951684      1.00632270     -5.44756099      0.21375175     -5.23380924      0.36853895      0.20676158      0.41905094      0.07370779 md_running
   255    127.50000000    113.42780407      2.87238393   8790.01872168    300.00000000      0.99951688      1.00210918     -5.43682286      0.20626474     -5.23055812      0.40648464      0.20310822      0.44330613      0.08129693 md_running
   256    128.00000000    113.64682449      2.81462583   8731.01794055    300.00000000      0.99951698      0.99538278     -5.42281908      0.19805296     -5.22476612      0.45060093      0.19902410      0.47496690      0.09012019 md_running
   257    128.50000000    113.86666960      2.75165467   8655.09015951    300.00000000      0.99951711      0.98672660     -5.40631266      0.18929009     -5.21702258      0.49479911      0.19457137      0.50889884      0.09895982 md_running
   258    129.00000000    114.08371594      2.68437187   8569.16632474    300.00000000      0.99951728      0.97693083     -5.38826511      0.18014631     -5.20811880      0.53505410      0.18981376      0.54112803      0.10701082 md_running
   259    129.50000000    114.30215258      2.61365123   8481.17131021    300.00000000      0.99951746      0.96689892     -5.36975088      0.17077932     -5.19897156      0.56937291      0.18481305      0.56925446      0.11387458 md_running
   260    130.00000000    114.52022360      2.54031039   8398.82765097    300.00000000      0.99951764      0.95751131     -5.35179022      0.16132942     -5.19046080      0.59663301      0.17962707      0.59177476      0.11932660 md_running
   261    130.50000000    114.73454435      2.46509102   8328.94361099    300.00000000      0.99951780      0.94954415     -5.33529275      0.15191684     -5.18337590      0.61596950      0.17430826      0.60740374      0.12319390 md_running
   262    131.00000000    114.95122195      2.38865694   8276.57917717    300.00000000      0.99951794      0.94357433     -5.32093833      0.14264205     -5.17829628      0.62734662      0.16890355      0.61580366      0.12546932 md_running
   263    131.50000000    115.17237989      2.31159628   8244.65740645    300.00000000      0.99951803      0.93993507     -5.30914333      0.13358693     -5.17555640      0.63109565      0.16345454      0.61715012      0.12621913 md_running
   264    132.00000000    115.39322000      2.23442052   8234.00706430    300.00000000      0.99951808      0.93872088     -5.30007013      0.12481588     -5.17525425      0.62799731      0.15799739      0.61205026      0.12559946 md_running
   265    132.50000000    115.61774646      2.15757273   8243.46845748    300.00000000      0.99951808      0.93979953     -5.29363545      0.11637800     -5.17725745      0.61946543      0.15256343      0.60176881      0.12389309 md_running
   266    133.00000000    115.83003671      2.08144034   8270.29678106    300.00000000      0.99951803      0.94285810     -5.28955957      0.10830985     -5.18124972      0.60733251      0.14718006      0.58808447      0.12146650 md_running
   267    133.50000000    116.03762289      2.00636310   8310.65732693    300.00000000      0.99951796      0.94745942     -5.28743559      0.10063732     -5.18679826      0.59358843      0.14187130      0.57299895      0.11871769 md_running
   268    134.00000000    116.25149462      1.93263741   8360.16296421    300.00000000      0.99951786      0.95310332     -5.28676650      0.09337718     -5.19338931      0.58015459      0.13665810      0.55849300      0.11603092 md_running
   269    134.50000000    116.46475187      1.86051739   8414.79086333    300.00000000      0.99951775      0.95933120     -5.28709826      0.08653812     -5.20056013      0.56857812      0.13155845      0.54617700      0.11371562 md_running
   270    135.00000000    116.66980805      1.79021533   8471.80281966    300.00000000      0.99951763      0.96583087     -5.28811888      0.08012177     -5.20799710      0.55957916      0.12658734      0.53678558      0.11191583 md_running
   271    135.50000000    116.89063747      1.72190453   8529.66882916    300.00000000      0.99951751      0.97242790     -5.28966255      0.07412388     -5.21553866      0.55293567      0.12175704      0.53005961      0.11058713 md_running
   272    136.00000000    117.11040727      1.65572315   8587.23131403    300.00000000      0.99951739      0.97899033     -5.29158903      0.06853548     -5.22305355      0.54758420      0.11707731      0.52483549      0.10951684 md_running
   273    136.50000000    117.32589231      1.59178057   8643.06991316    300.00000000      0.99951727      0.98535623     -5.29373067      0.06334413     -5.23038653      0.54182471      0.11255588      0.51926204      0.10836494 md_running
   274    137.00000000    117.54277383      1.53016650   8694.88131645    300.00000000      0.99951716      0.99126301     -5.29581476      0.05853524     -5.23727953      0.53391787      0.10819911      0.51144651      0.10678357 md_running
   275    137.50000000    117.75712939      1.47096082   8738.93703451    300.00000000      0.99951707      0.99628560     -5.29739545      0.05409314     -5.24330231      0.52363665      0.10401264      0.50107713      0.10472733 md_running
   276    138.00000000    117.97062740      1.41424360   8770.19061807    300.00000000      0.99951699      0.99984867     -5.29788246      0.05000212     -5.24788034      0.51311442      0.10000212      0.49031008      0.10262288 md_running
   277    138.50000000    118.17417472      1.36010552   8783.17017707    300.00000000      0.99951695      1.00132841     -5.29661128      0.04624718     -5.25036410      0.50732052      0.09617398      0.48429153      0.10146410 md_running
   278    139.00000000    118.38770517      1.30865797   8773.90632294    300.00000000      0.99951694      1.00027228     -5.29310043      0.04281464     -5.25028578      0.51303528      0.09253609      0.49012052      0.10260706 md_running
   279    139.50000000    118.59942035      1.26003916   8742.38129966    300.00000000      0.99951698      0.99667826     -5.28730973      0.03969247     -5.24761726      0.53537095      0.08909822      0.51313197      0.10707419 md_running
   280    140.00000000    118.81449637      1.21441692   8694.71209628    300.00000000      0.99951706      0.99124372     -5.27992093      0.03687021     -5.24305072      0.57242859      0.08587224      0.55125162      0.11448572 md_running
   281    140.50000000    119.03306527      1.17199029   8643.30838870    300.00000000      0.99951717      0.98538342     -5.27236532      0.03433903     -5.23802629      0.61421234      0.08287223      0.59401986      0.12284247 md_running
   282    141.00000000    119.25034981      1.13299231   8603.53919961    300.00000000      0.99951726      0.98084952     -5.26643470      0.03209179     -5.23434291      0.64725720      0.08011465      0.62757604      0.12945144 md_running
   283    141.50000000    119.46452526      1.09769200   8588.00803738    300.00000000      0.99951732      0.97907888     -5.26360837      0.03012319     -5.23348517      0.66087996      0.07761855      0.64102691      0.13217599 md_running
   284    142.00000000    119.67113927      1.06639605   8601.11245223    300.00000000      0.99951733      0.98057286     -5.26440428      0.02843001     -5.23597426      0.65182013      0.07540559      0.63104284      0.13036403 md_running
   285    142.50000000    119.88559148      1.03945129   8637.20770987    300.00000000      0.99951727      0.98468791     -5.26815449      0.02701147     -5.24114301      0.62541370      0.07350031      0.60301157      0.12508274 md_running
   286    143.00000000    120.09818806      1.01724727   8683.58833426    300.00000000      0.99951718      0.98997555     -5.27336772      0.02586980     -5.24749792      0.59291533      0.07193024      0.56840848      0.11858307 md_running
   287    143.50000000    120.31170930      1.00021600   8726.22574565    300.00000000      0.99951709      0.99483644     -5.27840833      0.02501080     -5.25339753      0.56626581      0.07072595      0.53959062      0.11325316 md_running
   288    144.00000000    120.52572597      0.98882504   8755.02575044    300.00000000      0.99951702      0.99811980     -5.28211543      0.02444437     -5.25767105      0.55292312      0.06992049      0.52447411      0.11058462 md_running
   289    144.50000000    120.74877368      0.98356113   8766.14557846    300.00000000      0.99951698      0.99938752     -5.28407292      0.02418481     -5.25988811      0.55325432      0.06954827      0.52359897      0.11065086 md_running
   290    145.00000000    120.96438121      0.98490555   8761.24189777    300.00000000      0.99951697      0.99882847     -5.28450081      0.02425097     -5.26024983      0.56305443      0.06964334      0.53261798      0.11261089 md_running
   291    145.50000000    121.17953411      0.99329921   8745.71812543    300.00000000      0.99951700      0.99705868     -5.28405362      0.02466608     -5.25938753      0.57726559      0.07023686      0.54621353      0.11545312 md_running
   292    146.00000000    121.39065803      1.00910458   8726.55675450    300.00000000      0.99951703      0.99487418     -5.28356916      0.02545730     -5.25811186      0.59197956      0.07135447      0.56026013      0.11839591 md_running
   293    146.50000000    121.60418908      1.03257304   8710.45596904    300.00000000      0.99951707      0.99303860     -5.28385010      0.02665518     -5.25719492      0.60467693      0.07301394      0.57211743      0.12093539 md_running
   294    147.00000000    121.82084147      1.06381803   8702.77953557    300.00000000      0.99951709      0.99216345     -5.28554600      0.02829272     -5.25725328      0.61450755      0.07522329      0.58091612      0.12290151 md_running
   295    147.50000000    122.03185877      1.10279943   8706.89086455    300.00000000      0.99951710      0.99263216     -5.28907711      0.03040416     -5.25867295      0.62114152      0.07797970      0.58634977      0.12422830 md_running
   296    148.00000000    122.25169178      1.14931763   8724.08595954    300.00000000      0.99951708      0.99459249     -5.29462304      0.03302328     -5.26159977      0.62428392      0.08126903      0.58817857      0.12485678 md_running
   297    148.50000000    122.46686655      1.20301211   8753.82841776    300.00000000      0.99951703      0.99798329     -5.30215168      0.03618095     -5.26597073      0.62372963      0.08506580      0.58629062      0.12474593 md_running
   298    149.00000000    122.68351077      1.26336262   8794.11686133    300.00000000      0.99951696      1.00257639     -5.31145763      0.03990213     -5.27155550      0.61947187      0.08933323      0.58081491      0.12389437 md_running
   299    149.50000000    122.90228006      1.32969350   8841.91303663    300.00000000      0.99951688      1.00802541     -5.32220746      0.04420212     -5.27800534      0.61147498      0.09402353      0.57189352      0.12229500 md_running
   300    150.00000000    123.10478464      1.40117918   8893.59932513    300.00000000      0.99951678      1.01391792     -5.33398652      0.04908258     -5.28490394      0.59987936      0.09907833      0.55990104      0.11997587 md_running
   301    150.50000000    123.30451451      1.47685215   8945.47356256    300.00000000      0.99951668      1.01983187     -5.34635021      0.05452731     -5.29182290      0.58499069      0.10442922      0.54541437      0.11699814 md_running
   302    151.00000000    123.51513020      1.55561841   8994.37367736    300.00000000      0.99951658      1.02540674     -5.35889856      0.06049872     -5.29839984      0.56773032      0.10999883      0.52961525      0.11354606 md_running
   303    151.50000000    123.72412694      1.63629098   9038.04651843    300.00000000      0.99951650      1.03038568     -5.37131135      0.06693620     -5.30437514      0.54894803      0.11570324      0.51357707      0.10978961 md_running
   304    152.00000000    123.93502629      1.71763364   9075.41347294    300.00000000      0.99951643      1.03464571     -5.38337953      0.07375663     -5.30962290      0.52966904      0.12145504      0.49845782      0.10593381 md_running
   305    152.50000000    124.14054500      1.79841639   9106.73486681    300.00000000      0.99951636      1.03821652     -5.39503444      0.08085754     -5.31417690      0.51064756      0.12716724      0.48486854      0.10212951 md_running
   306    153.00000000    124.34956280      1.87749037   9133.24841895    300.00000000      0.99951631      1.04123920     -5.40630649      0.08812425     -5.31818224      0.49189871      0.13275862      0.47238729      0.09837974 md_running
   307    153.50000000    124.55995007      1.95386960   9156.53176870    300.00000000      0.99951627      1.04389363     -5.41726903      0.09544016     -5.32182887      0.47253701      0.13815944      0.45951172      0.09450740 md_running
   308    154.00000000    124.77588450      2.02680348   9177.29535869    300.00000000      0.99951623      1.04626079     -5.42791165      0.10269831     -5.32521334      0.45107184      0.14331665      0.44411818      0.09021437 md_running
   309    154.50000000    124.99481010      2.09582618   9193.89986961    300.00000000      0.99951620      1.04815379     -5.43796908      0.10981218     -5.32815689      0.42647737      0.14819729      0.42474249      0.08529547 md_running
   310    155.00000000    125.21391798      2.16076696   9201.50583485    300.00000000      0.99951617      1.04902091     -5.44682425      0.11672285     -5.33010140      0.40006238      0.15278930      0.40255158      0.08001248 md_running
   311    155.50000000    125.42847360      2.22171452   9192.74002823    300.00000000      0.99951617      1.04802157     -5.45359160      0.12340039     -5.33019121      0.37701768      0.15709894      0.38282134      0.07540354 md_running
   312    156.00000000    125.64120568      2.27894240   9159.44351265    300.00000000      0.99951620      1.04422559     -5.45730765      0.12983946     -5.32746819      0.36564067      0.16114556      0.37402762      0.07312813 md_running
   313    156.50000000    125.85941234      2.33281342   9095.41145399    300.00000000      0.99951629      1.03692559     -5.45724738      0.13605046     -5.32119692      0.37486528      0.16495482      0.38521685      0.07497306 md_running
   314    157.00000000    126.08172876      2.38368835   8999.41497977    300.00000000      0.99951643      1.02598148     -5.45326509      0.14204925     -5.31121584      0.40793891      0.16855222      0.41977182      0.08158778 md_running
   315    157.50000000    126.29915525      2.43185652   8877.30189815    300.00000000      0.99951664      1.01205993     -5.44602899      0.14784815     -5.29818083      0.45807825      0.17195822      0.47119676      0.09161565 md_running
   316    158.00000000    126.51123095      2.47749707   8742.18965149    300.00000000      0.99951689      0.99665641     -5.43706231      0.15344979     -5.28361251      0.51073526      0.17518550      0.52535390      0.10214705 md_running
   317    158.50000000    126.72455738      2.52066460   8611.04745187    300.00000000      0.99951716      0.98170550     -5.42833781      0.15884375     -5.26949406      0.55056790      0.17823790      0.56720188      0.11011358 md_running
   318    159.00000000    126.93578325      2.56129783   8498.86363693    300.00000000      0.99951741      0.96891594     -5.42158564      0.16400616     -5.25757948      0.56583355      0.18111111      0.58525557      0.11316671 md_running
   319    159.50000000    127.15201958      2.59924315   8412.91173929    300.00000000      0.99951761      0.95911697     -5.41763096      0.16890162     -5.24872934      0.55200043      0.18379425      0.57523075      0.11040009 md_running
   320    160.00000000    127.37205763      2.63428670   8350.00394751    300.00000000      0.99951777      0.95194514     -5.41604992      0.17348666     -5.24256326      0.51296515      0.18627220      0.54129486      0.10259303 md_running
   321    160.50000000    127.58555708      2.66618338   8298.61316854    300.00000000      0.99951788      0.94608632     -5.41543541      0.17771335     -5.23772206      0.45962664      0.18852763      0.49449086      0.09192533 md_running
   322    161.00000000    127.79060957      2.69467826   8244.55465957    300.00000000      0.99951799      0.93992336     -5.41407563      0.18153227     -5.23254336      0.40646202      0.19054253      0.44885118      0.08129240 md_running
   323    161.50000000    128.00786902      2.71952438   8176.52056926    300.00000000      0.99951813      0.93216711     -5.41061537      0.18489532     -5.22572005      0.36708860      0.19229941      0.41656279      0.07341772 md_running
   324    162.00000000    128.22190083      2.74049449   8089.10465688    300.00000000      0.99951830      0.92220123     -5.40438395      0.18775775     -5.21662620      0.34864975      0.19378222      0.40288455      0.06972995 md_running
   325    162.50000000    128.42882229      2.75738870   7983.05221230    300.00000000      0.99951852      0.91011068     -5.39544493      0.19007981     -5.20536512      0.34956077      0.19497683      0.40551790      0.06991215 md_running
   326    163.00000000    128.63979852      2.77003539   7863.52191108    300.00000000      0.99951879      0.89648359     -5.38436541      0.19182740     -5.19253800      0.36265909      0.19587108      0.41813285      0.07253182 md_running
   327    163.50000000    128.85050617      2.77828883   7737.74786599    300.00000000      0.99951909      0.88214467     -5.37195933      0.19297222     -5.17898711      0.38055918      0.19645469      0.43455565      0.07611184 md_running
   328    164.00000000    129.06718817      2.78202639   7613.25255881    300.00000000      0.99951941      0.86795154     -5.35906605      0.19349177     -5.16557428      0.39827868      0.19671897      0.45062671      0.07965574 md_running
   329    164.50000000    129.29620304      2.78114463   7496.82239619    300.00000000      0.99951972      0.85467788     -5.34644782      0.19336914     -5.15307868      0.41351040      0.19665662      0.46440721      0.08270208 md_running
   330    165.00000000    129.52013342      2.77555479   7393.98481972    300.00000000      0.99952002      0.84295384     -5.33472384      0.19259261     -5.14213123      0.42544822      0.19626136      0.47523034      0.08508964 md_running
   331    165.50000000    129.73684744      2.76517845   7309.04948195    300.00000000      0.99952028      0.83327076     -5.32437817      0.19115530     -5.13322287      0.43371849      0.19552764      0.48279425      0.08674370 md_running
   332    166.00000000    129.95579970      2.74994380   7245.25778272    300.00000000      0.99952049      0.82599817     -5.31578064      0.18905477     -5.12672587      0.43799467      0.19445039      0.48681625      0.08759893 md_running
   333    166.50000000    130.17443914      2.72978374   7204.77898792    300.00000000      0.99952064      0.82138337     -5.30918409      0.18629298     -5.12289111      0.43818063      0.19302486      0.48720788      0.08763613 md_running
   334    167.00000000    130.39640979      2.70463538   7188.60691797    300.00000000      0.99952072      0.81953966     -5.30471138      0.18287631     -5.12183506      0.43442720      0.19124660      0.48408766      0.08688544 md_running
   335    167.50000000    130.61726508      2.67444169   7196.50815643    300.00000000      0.99952073      0.82044045     -5.30234978      0.17881596     -5.12353382      0.42715210      0.18911159      0.47778351      0.08543042 md_running
   336    168.00000000    130.83155573      2.63915579   7227.04923162    300.00000000      0.99952068      0.82392229     -5.30195361      0.17412858     -5.12782503      0.41712199      0.18661650      0.46889220      0.08342440 md_running
   337    168.50000000    131.03525749      2.59874847   7277.80087066    300.00000000      0.99952056      0.82970825     -5.30326762      0.16883734     -5.13443028      0.40561067      0.18375927      0.45845450      0.08112213 md_running
   338    169.00000000    131.24430871      2.55321553   7345.57811065    300.00000000      0.99952039      0.83743522     -5.30596163      0.16297274     -5.14298889      0.39401323      0.18053960      0.44757246      0.07880265 md_running
   339    169.50000000    131.45199461      2.50258650   7426.82317373    300.00000000      0.99952018      0.84669759     -5.30966356      0.15657348     -5.15309008      0.38373442      0.17695959      0.43744850      0.07674688 md_running
   340    170.00000000    131.66720776      2.44692684   7517.88875267    300.00000000      0.99951994      0.85707956     -5.31401264      0.14968627     -5.16432636      0.37603350      0.17302386      0.42903282      0.07520670 md_running
   341    170.50000000    131.88323717      2.38634698   7614.92303364    300.00000000      0.99951969      0.86814198     -5.31862072      0.14236630     -5.17625442      0.37172240      0.16874021      0.42280409      0.07434448 md_running
   342    171.00000000    132.09400547      2.32101779   7714.01662247    300.00000000      0.99951944      0.87943918     -5.32310516      0.13467809     -5.18842707      0.37096134      0.16412074      0.41878334      0.07419227 md_running
   343    171.50000000    132.30469839      2.25118371   7811.43941260    300.00000000      0.99951919      0.89054590     -5.32711710      0.12669570     -5.20042140      0.37302545      0.15918273      0.41643711      0.07460509 md_running
   344    172.00000000    132.52833456      2.17716634   7903.51363793    300.00000000      0.99951895      0.90104286     -5.33031953      0.11850133     -5.21181820      0.37644761      0.15394891      0.41463759      0.07528952 md_running
   345    172.50000000    132.74420615      2.09936501   7986.51926690    300.00000000      0.99951874      0.91050594     -5.33237408      0.11018334     -5.22219075      0.38019018      0.14844752      0.41267416      0.07603804 md_running
   346    173.00000000    132.94646671      2.01825353   8056.98039885    300.00000000      0.99951856      0.91853889     -5.33297236      0.10183368     -5.23113868      0.38497223      0.14271208      0.41137663      0.07699445 md_running
   347    173.50000000    133.16461722      1.93438121   8111.98163278    300.00000000      0.99951841      0.92480932     -5.33186582      0.09354577     -5.23832005      0.39327041      0.13678141      0.41325664      0.07865408 md_running
   348    174.00000000    133.38247261      1.84837738   8150.01714511    300.00000000      0.99951830      0.92914558     -5.32896431      0.08541247     -5.24355184      0.40949865      0.13070002      0.42288514      0.08189973 md_running
   349    174.50000000    133.60027834      1.76095534   8172.39149714    300.00000000      0.99951824      0.93169637     -5.32449261      0.07752409     -5.24696852      0.43753429      0.12451835      0.44458931      0.08750686 md_running
   350    175.00000000    133.81739429      1.67291500   8184.57216755    300.00000000      0.99951820      0.93308503     -5.31915279      0.06996611     -5.24918668      0.47622420      0.11829295      0.47776971      0.09524484 md_running
   351    175.50000000    134.03885048      1.58514616   8196.31627016    300.00000000      0.99951818      0.93442392     -5.31415702      0.06281721     -5.25133981      0.51692802      0.11208676      0.51402697      0.10338560 md_running
   352    176.00000000    134.25679592      1.49862877   8219.21550944    300.00000000      0.99951815      0.93703456     -5.31093060      0.05614721     -5.25478339      0.54722430      0.10596906      0.54076482      0.10944486 md_running
   353    176.50000000    134.47032708      1.41442206   8262.33586256    300.00000000      0.99951808      0.94195051     -5.31060360      0.05001474     -5.26058886      0.55611232      0.10001474      0.54663217      0.11122246 md_running
   354    177.00000000    134.68541004      1.33363444   8327.72597812    300.00000000      0.99951796      0.94940533     -5.31347560      0.04446452     -5.26901108      0.53874169      0.09430220      0.52646471      0.10774834 md_running
   355    177.50000000    134.89881522      1.25736993   8408.49220031    300.00000000      0.99951779      0.95861312     -5.31876986      0.03952448     -5.27924538      0.49834248      0.08890948      0.48335015      0.09966850 md_running
   356    178.00000000    135.11451819      1.18664608   8491.20480150    300.00000000      0.99951761      0.96804280     -5.32492174      0.03520322     -5.28971852      0.44533601      0.08390855      0.42794093      0.08906720 md_running
   357    178.50000000    135.32639061      1.12227701   8561.08268949    300.00000000      0.99951745      0.97600925     -5.33019202      0.03148764     -5.29870438      0.39366322      0.07935697      0.37500570      0.07873264 md_running
   358    179.00000000    135.54542885      1.06473156   8606.91871736    300.00000000      0.99951733      0.98123480     -5.33324962      0.02834133     -5.30490829      0.35641208      0.07528789      0.33883271      0.07128242 md_running
   359    179.50000000    135.75215098      1.01401684   8623.49662139    300.00000000      0.99951727      0.98312477     -5.33344209      0.02570575     -5.30773633      0.33940426      0.07170182      0.32596405      0.06788085 md_running
   360    180.00000000    135.96637488      0.96959827   8611.32721890    300.00000000      0.99951726      0.98173739     -5.33075764      0.02350302     -5.30725462      0.34001088      0.06856095      0.33289469      0.06800218 md_running
   361    180.50000000    136.18227576      0.93041066   8575.32648355    300.00000000      0.99951731      0.97763312     -5.32567314      0.02164160     -5.30403154      0.35096744      0.06578997      0.35067143      0.07019349 md_running
   362    181.00000000    136.39783605      0.89498582   8522.89114111    300.00000000      0.99951741      0.97165521     -5.31894967      0.02002499     -5.29892468      0.36542317      0.06328505      0.37112084      0.07308463 md_running
   363    181.50000000    136.61069624      0.86169666   8462.01367252    300.00000000      0.99951753      0.96471485     -5.31142324      0.01856303     -5.29286021      0.37813765      0.06093115      0.38826750      0.07562753 md_running
   364    182.00000000    136.80197658      0.82907700   8399.35195491    300.00000000      0.99951766      0.95757108     -5.30379545      0.01718422     -5.28661124      0.38651539      0.05862460      0.39907075      0.07730308 md_running
   365    182.50000000    137.01938969      0.79616754   8338.17035379    300.00000000      0.99951779      0.95059605     -5.29641773      0.01584707     -5.28057066      0.39025725      0.05629755      0.40297477      0.07805145 md_running
   366    183.00000000    137.23207570      0.76281896   8277.24824053    300.00000000      0.99951792      0.94365060     -5.28912528      0.01454732     -5.27457796      0.39132093      0.05393945      0.40192316      0.07826419 md_running
   367    183.50000000    137.44998193      0.72989089   8212.09604900    300.00000000      0.99951806      0.93622290     -5.28142050      0.01331852     -5.26810198      0.39270305      0.05161108      0.39928594      0.07854061 md_running
   368    184.00000000    137.66642376      0.69930226   8138.09246727    300.00000000      0.99951821      0.92778610     -5.27280674      0.01222559     -5.26058115      0.39702901      0.04944814      0.39847105      0.07940580 md_running
   369    184.50000000    137.87979658      0.67390347   8052.26933376    300.00000000      0.99951839      0.91800180     -5.26304236      0.01135365     -5.25168871      0.40589500      0.04765217      0.40205496      0.08117900 md_running
   370    185.00000000    138.09405494      0.65712473   7953.86639385    300.00000000      0.99951860      0.90678334     -5.25212455      0.01079532     -5.24132923      0.41794000      0.04646574      0.40958546      0.08358800 md_running
   371    185.50000000    138.30653636      0.65234132   7844.64371363    300.00000000      0.99951885      0.89433137     -5.24035115      0.01063873     -5.22971242      0.43059550      0.04612750      0.41900193      0.08611910 md_running
   372    186.00000000    138.52316256      0.66206320   7727.91702349    300.00000000      0.99951913      0.88102390     -5.22818997      0.01095819     -5.21723178      0.44188794      0.04681494      0.42845356      0.08837759 md_running
   373    186.50000000    138.73804746      0.68727361   7606.71769646    300.00000000      0.99951943      0.86720653     -5.21603870      0.01180863     -5.20423008      0.45141247      0.04859758      0.43748947      0.09028249 md_running
   374    187.00000000    138.95439240      0.72726359   7484.20732564    300.00000000      0.99951974      0.85323969     -5.20427617      0.01322281     -5.19105336      0.45726538      0.05142530      0.44393335      0.09145308 md_running
   375    187.50000000    139.16883864      0.78004273   7363.85797740    300.00000000      0.99952007      0.83951922     -5.19333921      0.01521167     -5.17812754      0.45848059      0.05515735      0.44655851      0.09169612 md_running
   376    188.00000000    139.38874020      0.84300437   7247.71842397    300.00000000      0.99952040      0.82627869     -5.18344728      0.01776641     -5.16568087      0.45494656      0.05960941      0.44510778      0.09098931 md_running
   377    188.50000000    139.60234180      0.91347676   7135.77895690    300.00000000      0.99952072      0.81351699     -5.17457249      0.02086099     -5.15371150      0.44596682      0.06459256      0.43898924      0.08919336 md_running
   378    189.00000000    139.80570163      0.98899629   7026.68551465    300.00000000      0.99952105      0.80107976     -5.16650979      0.02445284     -5.14205694      0.43071637      0.06993260      0.42713285      0.08614327 md_running
   379    189.50000000    140.00981264      1.06746701   6917.14632477    300.00000000      0.99952138      0.78859170     -5.15885942      0.02848715     -5.13037228      0.40915032      0.07548132      0.40974729      0.08183006 md_running
   380    190.00000000    140.22161065      1.14713335   6801.04676653    300.00000000      0.99952172      0.77535573     -5.15084953      0.03289787     -5.11795166      0.38424865      0.08111458      0.38999799      0.07684973 md_running
   381    190.50000000    140.43514668      1.22653103   6670.35450087    300.00000000      0.99952212      0.76045612     -5.14146001      0.03760946     -5.10385055      0.36206975      0.08672884      0.37423847      0.07241395 md_running
   382    191.00000000    140.65390018      1.30439934   6517.48559992    300.00000000      0.99952259      0.74302824     -5.12970092      0.04253644     -5.08716448      0.35109570      0.09223496      0.37035663      0.07021914 md_running
   383    191.50000000    140.87486238      1.37964387   6339.03198642    300.00000000      0.99952317      0.72268358     -5.11507723      0.04758543     -5.06749180      0.36001330      0.09755555      0.38536529      0.07200266 md_running
   384    192.00000000    141.08654365      1.45133740   6138.25305070    300.00000000      0.99952389      0.69979370     -5.09784835      0.05265951     -5.04518884      0.39262493      0.10262505      0.42141994      0.07852499 md_running
   385    192.50000000    141.30604563      1.51874239   5925.88446778    300.00000000      0.99952472      0.67558255     -5.07915024      0.05766446     -5.02148577      0.44229533      0.10739130      0.47199393      0.08845907 md_running
   386    193.00000000    141.52487297      1.58131524   5719.13871544    300.00000000      0.99952563      0.65201242     -5.06089017      0.06251395     -4.99837622      0.49444507      0.11181587      0.52380808      0.09888901 md_running
   387    193.50000000    141.73977541      1.63868535   5537.57154915    300.00000000      0.99952654      0.63131280     -5.04528586      0.06713224     -4.97815362      0.53365040      0.11587255      0.56279902      0.10673008 md_running
   388    194.00000000    141.94744308      1.69059587   5396.71755589    300.00000000      0.99952733      0.61525469     -5.03407968      0.07145286     -4.96262682      0.54835364      0.11954318      0.57831992      0.10967073 md_running
   389    194.50000000    142.15497418      1.73684184   5302.90593040    300.00000000      0.99952794      0.60455966     -5.02795353      0.07541549     -4.95253804      0.53384571      0.12281326      0.56602988      0.10676914 md_running
   390    195.00000000    142.36909787      1.77725327   5251.34109948    300.00000000      0.99952831      0.59868099     -5.02629440      0.07896573     -4.94732867      0.49398872      0.12567078      0.53020673      0.09879774 md_running
   391    195.50000000    142.58770873      1.81166819   5228.78435545    300.00000000      0.99952850      0.59610940     -5.02749191      0.08205354     -4.94543837      0.43933279      0.12810429      0.48127643      0.08786656 md_running
   392    196.00000000    142.79651449      1.83995424   5219.31379457    300.00000000      0.99952857      0.59502971     -5.02965187      0.08463579     -4.94501608      0.38400346      0.13010441      0.43253568      0.07680069 md_running
   393    196.50000000    143.01518646      1.86203822   5209.48692849    300.00000000      0.99952861      0.59390939     -5.03118883      0.08667966     -4.94450917      0.34158074      0.13166599      0.39575334      0.06831615 md_running
   394    197.00000000    143.23470368      1.87792210   5191.24337455    300.00000000      0.99952869      0.59182953     -5.03116138      0.08816479     -4.94299659      0.31985741      0.13278915      0.37651193      0.06397148 md_running
   395    197.50000000    143.45604485      1.88769156   5162.03464872    300.00000000      0.99952882      0.58849958     -5.02928930      0.08908449     -4.94020481      0.31765007      0.13347995      0.37286717      0.06353001 md_running
   396    198.00000000    143.67484574      1.89151806   5123.29363390    300.00000000      0.99952901      0.58408290     -5.02575111      0.08944601     -4.93630509      0.32830421      0.13375052      0.37924866      0.06566084 md_running
   397    198.50000000    143.89450374      1.88965273   5078.76065973    300.00000000      0.99952926      0.57900590     -5.02100557      0.08926969     -4.93173588      0.34465292      0.13361863      0.38993751      0.06893058 md_running
   398    199.00000000    144.11265634      1.88242288   5033.05942772    300.00000000      0.99952953      0.57379571     -5.01561808      0.08858790     -4.92703018      0.36198017      0.13310740      0.40112990      0.07239603 md_running
   399    199.50000000    144.32538577      1.87022689   4990.72188690    300.00000000      0.99952979      0.56896901     -5.01015355      0.08744372     -4.92270984      0.37799295      0.13224501      0.41092456      0.07559859 md_running
   400    200.00000000    144.54263179      1.85352796   4955.59592380    300.00000000      0.99953003      0.56496446     -5.00510436      0.08588915     -4.91921522      0.39215838      0.13106422      0.41891925      0.07843168 md_running
   401    200.50000000    144.75836996      1.83284616   4930.69955742    300.00000000      0.99953021      0.56212614     -5.00087238      0.08398313     -4.91688925      0.40466249      0.12960179      0.42536664      0.08093250 md_running
   402    201.00000000    144.97893613      1.80874927   4918.34871809    300.00000000      0.99953033      0.56071808     -4.99778579      0.08178935     -4.91599644      0.41557892      0.12789789      0.43042947      0.08311578 md_running
   403    201.50000000    145.19344925      1.78184188   4920.30516258    300.00000000      0.99953036      0.56094112     -4.99611185      0.07937401     -4.91673784      0.42507882      0.12599525      0.43434615      0.08501576 md_running
   404    202.00000000    145.40552306      1.75275465   4937.95515007    300.00000000      0.99953031      0.56295332     -4.99607630      0.07680372     -4.91927258      0.43337085      0.12393847      0.43736168      0.08667417 md_running
   405    202.50000000    145.61257380      1.72213511   4972.33426595    300.00000000      0.99953015      0.56687272     -4.99786606      0.07414373     -4.92372232      0.44023407      0.12177334      0.43933428      0.08804681 md_running
   406    203.00000000    145.82463872      1.69063201   5023.92999206    300.00000000      0.99952989      0.57275491     -5.00160292      0.07145592     -4.93014700      0.44499114      0.11954574      0.43962549      0.08899823 md_running
   407    203.50000000    146.04113631      1.65887754   5092.40619723    300.00000000      0.99952953      0.58056156     -5.00730859      0.06879687     -4.93851172      0.44683331      0.11730036      0.43745291      0.08936666 md_running
   408    204.00000000    146.25428521      1.62746212   5176.40127744    300.00000000      0.99952909      0.59013745     -5.01487971      0.06621582     -4.94866389      0.44502653      0.11507895      0.43209404      0.08900531 md_running
   409    204.50000000    146.47018773      1.59690223   5273.39700013    300.00000000      0.99952858      0.60119548     -5.02406933      0.06375242     -4.96031691      0.43887527      0.11291804      0.42293507      0.08777505 md_running
   410    205.00000000    146.67485901      1.56759405   5379.69761639    300.00000000      0.99952802      0.61331432     -5.03448311      0.06143378     -4.97304933      0.42784098      0.11084564      0.40957784      0.08556820 md_running
   411    205.50000000    146.88967097      1.53975815   5490.53233936    300.00000000      0.99952746      0.62595007     -5.04558940      0.05927138     -4.98631803      0.41172581      0.10887734      0.39202096      0.08234516 md_running
   412    206.00000000    147.10784929      1.51338256   5600.47190321    300.00000000      0.99952690      0.63848377     -5.05675121      0.05725817     -4.99949304      0.39115590      0.10701231      0.37119250      0.07823118 md_running
   413    206.50000000    147.31804000      1.48817261   5704.13512311    300.00000000      0.99952639      0.65030193     -5.06732670      0.05536644     -5.01196026      0.36748240      0.10522969      0.34882388      0.07349648 md_running
   414    207.00000000    147.52680294      1.46352152   5796.81505987    300.00000000      0.99952593      0.66086794     -5.07672122      0.05354738     -5.02317384      0.34321466      0.10348660      0.32789470      0.06864293 md_running
   415    207.50000000    147.73976622      1.43850810   5875.31526294    300.00000000      0.99952555      0.66981739     -5.08449407      0.05173264     -5.03276143      0.32312271      0.10171788      0.31340799      0.06462454 md_running
   416    208.00000000    147.94486489      1.41194174   5938.79835756    300.00000000      0.99952524      0.67705480     -5.09046251      0.04983949     -5.04062303      0.31380675      0.09983936      0.31139245      0.06276135 md_running
   417    208.50000000    148.15834349      1.38245673   5989.20094764    300.00000000      0.99952500      0.68280096     -5.09476044      0.04777967     -5.04698077      0.32210515      0.09775445      0.32671728      0.06442103 md_running
   418    209.00000000    148.36557938      1.34866293   6031.60212865    300.00000000      0.99952482      0.68763493     -5.09787897      0.04547229     -5.05240668      0.35130612      0.09536487      0.36054745      0.07026122 md_running
   419    209.50000000    148.57809223      1.30930688   6074.36187474    300.00000000      0.99952465      0.69250977     -5.10071887      0.04285711     -5.05786176      0.39803027      0.09258198      0.40876957      0.07960605 md_running
   420    210.00000000    148.79093977      1.26341505   6128.69993455    300.00000000      0.99952446      0.69870460     -5.10453946      0.03990544     -5.06463402      0.45278227      0.08933693      0.46248397      0.09055645 md_running
   421    210.50000000    149.00277559      1.21040400   6207.05849785    300.00000000      0.99952420      0.70763789     -5.11080165      0.03662695     -5.07417470      0.50304824      0.08558849      0.51017695      0.10060965 md_running
   422    211.00000000    149.21981944      1.15012877   6319.35771907    300.00000000      0.99952384      0.72044060     -5.12073021      0.03306990     -5.08766031      0.53624196      0.08132638      0.54002827      0.10724839 md_running
   423    211.50000000    149.42690825      1.08286120   6467.89466857    300.00000000      0.99952334      0.73737461     -5.13469890      0.02931471     -5.10538419      0.54273060      0.07656985      0.54286008      0.10854612 md_running
   424    212.00000000    149.64165100      1.00920191   6643.98545669    300.00000000      0.99952275      0.75744990     -5.15181353      0.02546221     -5.12635132      0.52038244      0.07136135      0.51678601      0.10407649 md_running
   425    212.50000000    149.85737892      0.92994659   6827.93351317    300.00000000      0.99952212      0.77842097     -5.16992335      0.02162002     -5.14830333      0.47504026      0.06575715      0.46775364      0.09500805 md_running
   426    213.00000000    150.07346859      0.84595653   6992.43416596    300.00000000      0.99952154      0.79717492     -5.18595005      0.01789106     -5.16805899      0.42324444      0.05981816      0.41263623      0.08464889 md_running
   427    213.50000000    150.29025271      0.75805144   7109.84241466    300.00000000      0.99952109      0.81056009     -5.19676469      0.01436605     -5.18239864      0.39689441      0.05360233      0.38463187      0.07937888 md_running
   428    214.00000000    150.50802651      0.66693789   7160.98449644    300.00000000      0.99952083      0.81639056     -5.20017796      0.01112015     -5.18905781      0.43458302      0.04715963      0.42380254      0.08691660 md_running
   429    214.50000000    150.72064869      0.57321966   7145.36380382    300.00000000      0.99952079      0.81460972     -5.19609255      0.00821452     -5.18787803      0.54094222      0.04053275      0.53329252      0.10818844 md_running
   430    215.00000000    150.92878128      0.47746813   7089.26910523    300.00000000      0.99952091      0.80821462     -5.18757932      0.00569940     -5.18187993      0.67569993      0.03376210      0.67054559      0.13513999 md_running
   431    215.50000000    151.13332818      0.38044488   7041.94800542    300.00000000      0.99952110      0.80281976     -5.18045310      0.00361846     -5.17683464      0.78816466      0.02690152      0.78441051      0.15763293 md_running
   432    216.00000000    151.35026637      0.28375346   7055.05372349    300.00000000      0.99952118      0.80431389     -5.18090243      0.00201290     -5.17888953      0.83836187      0.02006440      0.83515077      0.16767237 md_running
   433    216.50000000    151.56872271      0.19212694   7154.45174723    300.00000000      0.99952101      0.81564579     -5.19204646      0.00092282     -5.19112364      0.81200290      0.01358543      0.80879527      0.16240058 md_running
   434    217.00000000    151.78611563      0.12397317   7326.02912042    300.00000000      0.99952060      0.83520653     -5.21222386      0.00038423     -5.21183963      0.72639811      0.00876623      0.72304281      0.14527962 md_running
   435    217.50000000    152.00324039      0.13000976   7527.04458642    300.00000000      0.99952005      0.85812337     -5.23636975      0.00042256     -5.23594718      0.62172635      0.00919308      0.61865669      0.12434527 md_running
   436    218.00000000    152.21739891      0.20455782   7711.36126772    300.00000000      0.99951952      0.87913646     -5.25908683      0.00104610     -5.25804073      0.54040406      0.01446442      0.53878029      0.10808081 md_running
   437    218.50000000    152.43602396      0.29953817   7847.04992908    300.00000000      0.99951911      0.89460569     -5.27673932      0.00224308     -5.27449624      0.50020871      0.02118055      0.50135788      0.10004174 md_running
   438    219.00000000    152.66034688      0.39920917   7916.50990807    300.00000000      0.99951885      0.90252450     -5.28737629      0.00398420     -5.28339209      0.48757012      0.02822835      0.49207116      0.09751402 md_running
   439    219.50000000    152.88061963      0.49918302   7905.58467942    300.00000000      0.99951877      0.90127897     -5.28944669      0.00622959     -5.28321710      0.48483596      0.03529757      0.49234322      0.09696719 md_running
   440    220.00000000    153.10116101      0.59794264   7791.35608242    300.00000000      0.99951890      0.88825630     -5.28034636      0.00893838     -5.27140797      0.50007285      0.04228093      0.50906178      0.10001457 md_running
   441    220.50000000    153.31577619      0.69513158   7539.06953461    300.00000000      0.99951933      0.85949428     -5.25593890      0.01208020     -5.24385870      0.58625001      0.04915323      0.59349427      0.11725000 md_running
   442    221.00000000    153.52958093      0.79116938   7123.22552614    300.00000000      0.99952019      0.81208584     -5.21289915      0.01564872     -5.19725042      0.79957912      0.05594412      0.80259027      0.15991582 md_running
   443    221.50000000    153.74001266      0.88710866   6572.18958345    300.00000000      0.99952165      0.74926479     -5.15403938      0.01967404     -5.13436534      1.12638879      0.06272805      1.12523603      0.22527776 md_running
   444    222.00000000    153.95508873      0.98450053   6016.69561345    300.00000000      0.99952367      0.68593550     -5.09427762      0.02423103     -5.07004659      1.46308096      0.06961470      1.45887400      0.29261619 md_running
   445    222.50000000    154.17034269      1.08497396   5671.05942036    300.00000000      0.99952569      0.64653113     -5.05939846      0.02942921     -5.02996924      1.65543126      0.07671924      1.64934461      0.33108625 md_running
   446    223.00000000    154.38489733      1.18951262   5688.07073995    300.00000000      0.99952650      0.64847051     -5.06833549      0.03537351     -5.03296198      1.59518149      0.08411124      1.58865419      0.31903630 md_running
   447    223.50000000    154.60250575      1.29779943   6016.62879055    300.00000000      0.99952557      0.68592789     -5.11483419      0.04210708     -5.07272711      1.31868671      0.09176828      1.31412139      0.26373734 md_running
   448    224.00000000    154.81635357      1.40820193   6452.30791094    300.00000000      0.99952383      0.73559764     -5.17399711      0.04957582     -5.12442129      0.96783114      0.09957491      0.96986305      0.19356623 md_running
   449    224.50000000    155.03027629      1.51836139   6809.39052881    300.00000000      0.99952233      0.77630697     -5.22385682      0.05763553     -5.16622129      0.68404933      0.10736436      0.70034081      0.13680987 md_running
   450    225.00000000    155.23517933      1.62589958   7010.11477112    300.00000000      0.99952143      0.79919060     -5.25573638      0.06608874     -5.18964764      0.53612526      0.11496846      0.57251389      0.10722505 md_running
   451    225.50000000    155.44288224      1.72881622   7061.55761730    300.00000000      0.99952108      0.80505536     -5.27053569      0.07472014     -5.19581555      0.50908818      0.12224577      0.56078018      0.10181764 md_running
   452    226.00000000    155.65724175      1.82563069   7006.10618661    300.00000000      0.99952112      0.79873360     -5.27319569      0.08332319     -5.18987250      0.53722785      0.12909158      0.59603144      0.10744557 md_running
   453    226.50000000    155.86820018      1.91537238   6887.76716540    300.00000000      0.99952141      0.78524232     -5.26856504      0.09171628     -5.17684875      0.58039176      0.13543728      0.64141297      0.11607835 md_running
   454    227.00000000    156.07325726      1.99747661   6741.61891679    300.00000000      0.99952185      0.76858064     -5.26045394      0.09974782     -5.16070612      0.62520823      0.14124293      0.68550920      0.12504165 md_running
   455    227.50000000    156.28725030      2.07172468   6595.23379550    300.00000000      0.99952234      0.75189195     -5.25188493      0.10730108     -5.14458385      0.66361327      0.14649306      0.72120309      0.13272265 md_running
   456    228.00000000    156.50549862      2.13822521   6468.02574636    300.00000000      0.99952282      0.73738955     -5.24503420      0.11430018     -5.13073402      0.68688228      0.15119535      0.74016361      0.13737646 md_running
   457    228.50000000    156.72378192      2.19742832   6366.80729741    300.00000000      0.99952323      0.72585011     -5.24070620      0.12071728     -5.11998892      0.68847538      0.15538165      0.73528457      0.13769508 md_running
   458    229.00000000    156.93844064      2.25018609   6280.59346630    300.00000000      0.99952356      0.71602127     -5.23767931      0.12658344     -5.11109587      0.67539730      0.15911218      0.71137071      0.13507946 md_running
   459    229.50000000    157.14914825      2.29784245   6182.70468210    300.00000000      0.99952388      0.70486143     -5.23288593      0.13200200     -5.10088393      0.68160998      0.16248200      0.69931639      0.13632200 md_running
   460    230.00000000    157.36405741      2.34228836   6046.85671294    300.00000000      0.99952432      0.68937403     -5.22328640      0.13715787     -5.08612853      0.75795146      0.16562480      0.75177834      0.15159029 md_running
   461    230.50000000    157.57476716      2.38589380   5874.20847929    300.00000000      0.99952496      0.66969121     -5.20907486      0.14231223     -5.06676263      0.91213675      0.16870817      0.88561975      0.18242735 md_running
   462    231.00000000    157.79080759      2.43120254   5712.29968587    300.00000000      0.99952574      0.65123274     -5.19608203      0.14776864     -5.04831339      1.08040318      0.17191198      1.04137489      0.21608064 md_running
   463    231.50000000    158.01092170      2.48036856   5638.33624840    300.00000000      0.99952635      0.64280051     -5.19384966      0.15380570     -5.04004396      1.17770932      0.17538854      1.13229132      0.23554186 md_running
   464    232.00000000    158.22732523      2.53450152   5705.36925805    300.00000000      0.99952638      0.65044263     -5.20902820      0.16059245     -5.04843576      1.14948981      0.17921632      1.10231167      0.22989796 md_running
   465    232.50000000    158.43561986      2.59321544   5895.62603904    300.00000000      0.99952575      0.67213292     -5.23951079      0.16811916     -5.07139163      0.99989397      0.18336802      0.95614507      0.19997879 md_running
   466    233.00000000    158.65758364      2.65466143   6129.85837720    300.00000000      0.99952476      0.69883666     -5.27558315      0.17618068     -5.09940246      0.78487091      0.18771291      0.75314418      0.15697418 md_running
   467    233.50000000    158.87430729      2.71601940   6321.99715191    300.00000000      0.99952386      0.72074151     -5.30669943      0.18441903     -5.12228040      0.58275332      0.19205157      0.57835366      0.11655066 md_running
   468    234.00000000    159.08062529      2.77415160   6425.67819761    300.00000000      0.99952330      0.73256171     -5.32709270      0.19239793     -5.13469477      0.46337921      0.19616214      0.50188000      0.09267584 md_running
   469    234.50000000    159.29247404      2.82613556   6442.63985793    300.00000000      0.99952310      0.73449543     -5.33669826      0.19967605     -5.13702220      0.44484447      0.19983796      0.52062041      0.08896889 md_running
   470    235.00000000    159.49907065      2.86954182   6404.24161931    300.00000000      0.99952317      0.73011782     -5.33884915      0.20585676     -5.13299239      0.48199851      0.20290725      0.57758589      0.09639970 md_running
   471    235.50000000    159.71327090      2.90250407   6350.30557367    300.00000000      0.99952337      0.72396882     -5.33785774      0.21061325     -5.12724450      0.52964715      0.20523803      0.63420287      0.10592943 md_running
   472    236.00000000    159.92552033      2.92369421   6315.89478206    300.00000000      0.99952356      0.72004581     -5.33751623      0.21369970     -5.12381653      0.56916098      0.20673640      0.67750579      0.11383220 md_running
   473    236.50000000    160.13324317      2.93227834   6325.30957425    300.00000000      0.99952362      0.72111915     -5.34045146      0.21495641     -5.12549506      0.59439525      0.20734339      0.70370701      0.11887905 md_running
   474    237.00000000    160.35411852      2.92789308   6389.66993724    300.00000000      0.99952348      0.72845657     -5.34788016      0.21431395     -5.13356621      0.60283543      0.20703331      0.71126624      0.12056709 md_running
   475    237.50000000    160.57215430      2.91062966   6505.38643223    300.00000000      0.99952314      0.74164887     -5.35942728      0.21179413     -5.14763315      0.59351436      0.20581260      0.69966024      0.11870287 md_running
   476    238.00000000    160.78398985      2.88100711   6653.35767326    300.00000000      0.99952266      0.75851839     -5.37303199      0.20750505     -5.16552694      0.56836499      0.20371797      0.67075594      0.11367300 md_running
   477    238.50000000    161.00059900      2.83992598   6798.89159616    300.00000000      0.99952213      0.77511003     -5.38491946      0.20162949     -5.18328997      0.53666570      0.20081309      0.63245224      0.10733314 md_running
   478    239.00000000    161.21632277      2.78861737   6892.72020892    300.00000000      0.99952170      0.78580700     -5.38968316      0.19440967     -5.19527349      0.53089178      0.19718503      0.61234660      0.10617836 md_running
   479    239.50000000    161.43200858      2.72859906   6881.74782660    300.00000000      0.99952153      0.78455609     -5.38124660      0.18613132     -5.19511528      0.62026982      0.19294109      0.67554108      0.12405396 md_running
   480    240.00000000    161.63725887      2.66157443   6740.88327083    300.00000000      0.99952176      0.76849677     -5.35672970      0.17709946     -5.17963024      0.84119019      0.18820173      0.87068611      0.16823804 md_running
   481    240.50000000    161.85652941      2.58921239   6516.31787781    300.00000000      0.99952241      0.74289512     -5.32135776      0.16760052     -5.15375724      1.13882704      0.18308496      1.15348145      0.22776541 md_running
   482    241.00000000    162.07519652      2.51286544   6346.08364610    300.00000000      0.99952322      0.72348750     -5.29154990      0.15786232     -5.13368758      1.38606827      0.17768642      1.39494877      0.27721365 md_running
   483    241.50000000    162.29280244      2.43328967   6393.27211359    300.00000000      0.99952354      0.72886724     -5.28736970      0.14802247     -5.13934723      1.45174542      0.17205956      1.45982098      0.29034908 md_running
   484    242.00000000    162.50865504      2.35066373   6703.20378579    300.00000000      0.99952285      0.76420111     -5.31468592      0.13814050     -5.17654542      1.28844374      0.16621703      1.29775764      0.25768875 md_running
   485    242.50000000    162.72385645      2.26503986   7141.78648751    300.00000000      0.99952148      0.81420188     -5.35730141      0.12826014     -5.22904127      0.96766849      0.16016250      0.97748038      0.19353370 md_running
   486    243.00000000    162.93395393      2.17691945   7496.96681165    300.00000000      0.99952021      0.85469434     -5.38993172      0.11847446     -5.27145726      0.63293306      0.15393145      0.63633991      0.12658661 md_running
   487    243.50000000    163.14133311      2.08760993   7616.96181095    300.00000000      0.99951953      0.86837442     -5.39514257      0.10895288     -5.28618969      0.47707562      0.14761631      0.45573547      0.09541512 md_running
   488    244.00000000    163.35091250      1.99925691   7461.89653777    300.00000000      0.99951958      0.85069614     -5.36871849      0.09992570     -5.26879278      0.62351265      0.14136881      0.58172145      0.12470253 md_running
   489    244.50000000    163.54444307      1.91464575   7093.14329197    300.00000000      0.99952035      0.80865630     -5.31813897      0.09164671     -5.22649226      0.88935325      0.13538590      0.84259785      0.17787065 md_running
   490    245.00000000    163.75843544      1.83672943   6641.16775883    300.00000000      0.99952166      0.75712867     -5.25886272      0.08433937     -5.17452334      1.12606988      0.12987638      1.07869271      0.22521398 md_running
   491    245.50000000    163.97635405      1.76796083   6254.01671381    300.00000000      0.99952317      0.71299138     -5.20838903      0.07814214     -5.13024689      1.25701170      0.12501371      1.21063152      0.25140234 md_running
   492    246.00000000    164.19367460      1.70960309   6032.83649276    300.00000000      0.99952437      0.68777565     -5.17869453      0.07306857     -5.10562596      1.24183037      0.12088719      1.19750854      0.24836607 md_running
   493    246.50000000    164.40591707      1.66130757   5983.47711922    300.00000000      0.99952489      0.68214842     -5.17024813      0.06899857     -5.10124956      1.09246357      0.11747218      1.05142611      0.21849271 md_running
   494    247.00000000    164.62116870      1.62123609   6028.49705917    300.00000000      0.99952482      0.68728093     -5.17347294      0.06571016     -5.10776278      0.86753675      0.11463870      0.83197978      0.17350735 md_running
   495    247.50000000    164.83370846      1.58665107   6069.19134176    300.00000000      0.99952458      0.69192030     -5.17640940      0.06293654     -5.11347286      0.64432402      0.11219317      0.61875709      0.12886480 md_running
   496    248.00000000    165.05160276      1.55462747   6040.91000544    300.00000000      0.99952453      0.68869607     -5.17134028      0.06042166     -5.11091861      0.49130437      0.10992876      0.48277225      0.09826087 md_running
   497    248.50000000    165.25856880      1.52258645   5927.93896287    300.00000000      0.99952484      0.67581677     -5.15642260      0.05795674     -5.09846586      0.43858338      0.10766312      0.44932858      0.08771668 md_running
   498    249.00000000    165.47791131      1.48854388   5747.80402033    300.00000000      0.99952549      0.65528042     -5.13366846      0.05539407     -5.07827438      0.45472714      0.10525595      0.47776818      0.09094543 md_running
   499    249.50000000    165.69085730      1.45111719   5529.86223717    300.00000000      0.99952643      0.63043389     -5.10642990      0.05264353     -5.05378637      0.49210302      0.10260948      0.52049178      0.09842060 md_running
   500    250.00000000    165.90428302      1.40941402   5302.07374038    300.00000000      0.99952754      0.60446479     -5.07787051      0.04966120     -5.02820931      0.52740372      0.09966062      0.55754899      0.10548074 md_running
   501    250.50000000    166.11759746      1.36289538   5086.30058511    300.00000000      0.99952875      0.57986549     -5.05047000      0.04643710     -5.00403291      0.55397311      0.09637126      0.58414998      0.11079462 md_running
   502    251.00000000    166.32869438      1.31127908   4898.03754427    300.00000000      0.99952993      0.55840250     -5.02599953      0.04298632     -4.98301321      0.57154500      0.09272143      0.60085768      0.11430900 md_running
   503    251.50000000    166.54452731      1.25447243   4747.46694995    300.00000000      0.99953100      0.54123664     -5.00565025      0.03934253     -4.96630772      0.58162555      0.08870460      0.60952772      0.11632511 md_running
   504    252.00000000    166.76342473      1.19253274   4640.68711786    300.00000000      0.99953186      0.52906317     -4.99015843      0.03555336     -4.95460508      0.58639061      0.08432480      0.61247361      0.11727812 md_running
   505    252.50000000    166.98323686      1.12564875   4580.90386452    300.00000000      0.99953244      0.52224756     -4.97994402      0.03167713     -4.94826690      0.58735095      0.07959539      0.61128467      0.11747019 md_running
   506    253.00000000    167.20441594      1.05413881   4569.32340825    300.00000000      0.99953269      0.52092733     -4.97521711      0.02778022     -4.94743689      0.58540666      0.07453887      0.60690760      0.11708133 md_running
   507    253.50000000    167.41884727      0.97846872   4605.38555101    300.00000000      0.99953260      0.52503860     -4.97599025      0.02393503     -4.95205523      0.58127316      0.06918819      0.60005347      0.11625463 md_running
   508    254.00000000    167.62392448      0.89930002   4686.85995862    300.00000000      0.99953219      0.53432712     -4.98208879      0.02021851     -4.96187028      0.57525154      0.06359011      0.59102314      0.11505031 md_running
   509    254.50000000    167.84417248      0.81757403   4810.09934850    300.00000000      0.99953148      0.54837707     -4.99317993      0.01671068     -4.97646925      0.56732774      0.05781121      0.57980911      0.11346555 md_running
   510    255.00000000    168.05756060      0.73465350   4970.26352412    300.00000000      0.99953056      0.56663664     -5.00879758      0.01349289     -4.99530469      0.55725603      0.05194785      0.56616487      0.11145121 md_running
   511    255.50000000    168.27351877      0.65256558   5161.39149279    300.00000000      0.99952949      0.58842626     -5.02834831      0.01064605     -5.01770227      0.54418817      0.04614335      0.54925076      0.10883763 md_running
   512    256.00000000    168.48881048      0.57439705   5376.20627430    300.00000000      0.99952834      0.61291629     -5.05108726      0.00824830     -5.04283896      0.52669093      0.04061600      0.52765054      0.10533819 md_running
   513    256.50000000    168.70176377      0.50485889   5605.68795541    300.00000000      0.99952718      0.63907843     -5.07606498      0.00637206     -5.06969292      0.50304279      0.03569891      0.49967756      0.10060856 md_running
   514    257.00000000    168.91107400      0.45077057   5838.46908630    300.00000000      0.99952606      0.66561673     -5.10205642      0.00507985     -5.09697656      0.47149714      0.03187429      0.46362215      0.09429943 md_running
   515    257.50000000    169.12525943      0.42043322   6059.91632548    300.00000000      0.99952505      0.69086290     -5.12744918      0.00441910     -5.12303007      0.43049154      0.02972912      0.41797005      0.08609831 md_running
   516    258.00000000    169.34855561      0.42027949   6251.55535013    300.00000000      0.99952419      0.71271077     -5.15014602      0.00441587     -5.14573015      0.38220273      0.02971825      0.36522883      0.07644055 md_running
   517    258.50000000    169.56494238      0.45020349   6392.40758154    300.00000000      0.99952353      0.72876868     -5.16772837      0.00506708     -5.16266129      0.33939241      0.03183419      0.31973930      0.06787848 md_running
   518    259.00000000    169.77914700      0.50326280   6462.27573302    300.00000000      0.99952313      0.73673402     -5.17780385      0.00633184     -5.17147202      0.33302515      0.03558605      0.31629884      0.06660503 md_running
   519    259.50000000    169.99827438      0.57005389   6447.72144771    300.00000000      0.99952302      0.73507476     -5.17866032      0.00812404     -5.17053629      0.39862951      0.04030890      0.39106572      0.07972590 md_running
   520    260.00000000    170.21868459      0.64212244   6351.92061553    300.00000000      0.99952323      0.72415295     -5.17043328      0.01030803     -5.16012525      0.52561598      0.04540491      0.52730729      0.10512320 md_running
   521    260.50000000    170.43526119      0.71276305   6202.44536785    300.00000000      0.99952371      0.70711197     -5.15610221      0.01270078     -5.14340143      0.67128333      0.05039996      0.67994301      0.13425667 md_running
   522    261.00000000    170.65218831      0.77679394   6048.61499692    300.00000000      0.99952434      0.68957448     -5.14117669      0.01508522     -5.12609146      0.79521056      0.05492763      0.80914288      0.15904211 md_running
   523    261.50000000    170.86931304      0.83028362   5946.53415803    300.00000000      0.99952491      0.67793672     -5.13200919      0.01723427     -5.11477492      0.86621375      0.05870992      0.88439474      0.17324275 md_running
   524    262.00000000    171.07931178      0.87043393   5937.24543130    300.00000000      0.99952517      0.67687776     -5.13321650      0.01894138     -5.11427512      0.86995485      0.06154897      0.89172677      0.17399097 md_running
   525    262.50000000    171.29734878      0.89553411   6030.83306846    300.00000000      0.99952498      0.68754725     -5.14579699      0.02004953     -5.12574746      0.81217747      0.06332382      0.83698832      0.16243549 md_running
   526    263.00000000    171.51151554      0.90488274   6206.80563360    300.00000000      0.99952441      0.70760906     -5.16722525      0.02047032     -5.14675493      0.71293399      0.06398487      0.74010720      0.14258680 md_running
   527    263.50000000    171.72152024      0.89864391   6427.60540947    300.00000000      0.99952361      0.73278142     -5.19308513      0.02018902     -5.17289611      0.59738093      0.06354372      0.62583293      0.11947619 md_running
   528    264.00000000    171.94266366      0.87766101   6654.48822511    300.00000000      0.99952277      0.75864727     -5.21893751      0.01925722     -5.19968029      0.48957482      0.06206001      0.51740167      0.09791496 md_running
   529    264.50000000    172.15613946      0.84326135   6858.14899229    300.00000000      0.99952203      0.78186569     -5.24152539      0.01777724     -5.22374814      0.40980577      0.05962758      0.43397409      0.08196115 md_running
   530    265.00000000    172.36524296      0.79706584   7021.60452657    300.00000000      0.99952144      0.80050050     -5.25906179      0.01588285     -5.24317894      0.36922797      0.05636107      0.38621141      0.07384559 md_running
   531    265.50000000    172.57413449      0.74086682   7138.08481287    300.00000000      0.99952102      0.81377987     -5.27094368      0.01372209     -5.25722158      0.36666102      0.05238720      0.37463528      0.07333220 md_running
   532    266.00000000    172.78640814      0.67657272   7208.68825022    300.00000000      0.99952075      0.82182904     -5.27744929      0.01144377     -5.26600553      0.38855924      0.04784092      0.38865061      0.07771185 md_running
   533    266.50000000    173.00039231      0.60619191   7239.48362116    300.00000000      0.99952060      0.82533988     -5.27943944      0.00918672     -5.27025272      0.41900195      0.04286424      0.41359207      0.08380039 md_running
   534    267.00000000    173.20949336      0.53191020   7237.73457151    300.00000000      0.99952057      0.82514048     -5.27787951      0.00707321     -5.27080629      0.44739870      0.03761173      0.43859073      0.08947974 md_running
   535    267.50000000    173.41705639      0.45631517   7208.92098016    300.00000000      0.99952061      0.82185558     -5.27351894      0.00520559     -5.26831335      0.46788682      0.03226636      0.45715610      0.09357736 md_running
   536    268.00000000    173.62161820      0.38288607   7153.94638085    300.00000000      0.99952073      0.81558818     -5.26655677      0.00366504     -5.26289173      0.47732897      0.02707413      0.46575220      0.09546579 md_running
   537    268.50000000    173.83663752      0.31688947   7067.18671018    300.00000000      0.99952093      0.80569711     -5.25640343      0.00251047     -5.25389296      0.47721345      0.02240747      0.46577469      0.09544269 md_running
   538    269.00000000    174.04985145      0.26660301   6936.22367465    300.00000000      0.99952124      0.79076662     -5.24168292      0.00177693     -5.23990599      0.47479088      0.01885168      0.46478599      0.09495818 md_running
   539    269.50000000    174.26398764      0.24267960   6742.93708853    300.00000000      0.99952173      0.76873092     -5.22027268      0.00147233     -5.21880035      0.48822501      0.01716004      0.48157611      0.09764500 md_running
   540    270.00000000    174.47804574      0.25075906   6468.99161597    300.00000000      0.99952249      0.73749967     -5.18997923      0.00157200     -5.18840723      0.55036206      0.01773134      0.54902263      0.11007241 md_running
   541    270.50000000    174.69440075      0.28367540   6110.41549302    300.00000000      0.99952362      0.69662007     -5.15003595      0.00201179     -5.14802416      0.68699602      0.02005888      0.69122644      0.13739920 md_running
   542    271.00000000    174.90583496      0.32768971   5700.20216579    300.00000000      0.99952520      0.64985356     -5.10396734      0.00268451     -5.10128283      0.87978356      0.02317116      0.88825628      0.17595671 md_running
   543    271.50000000    175.11652303      0.37139681   5321.49678118    300.00000000      0.99952711      0.60667912     -5.06124355      0.00344839     -5.05779516      1.06786642      0.02626172      1.07914637      0.21357328 md_running
   544    272.00000000    175.32764782      0.40762844   5084.61684403    300.00000000      0.99952884      0.57967353     -5.03487244      0.00415402     -5.03071841      1.17242774      0.02882368      1.18546439      0.23448555 md_running
   545    272.50000000    175.53403856      0.43290806   5062.18431383    300.00000000      0.99952962      0.57711611     -5.03355478      0.00468523     -5.02886955      1.14479302      0.03061122      1.15887636      0.22895860 md_running
   546    273.00000000    175.74454063      0.44676631   5235.07301025    300.00000000      0.99952910      0.59682634     -5.05490621      0.00499000     -5.04991620      1.00147766      0.03159115      1.01614078      0.20029553 md_running
   547    273.50000000    175.95649792      0.45076485   5510.65266984    300.00000000      0.99952777      0.62824390     -5.08775607      0.00507972     -5.08267635      0.81161405      0.03187389      0.82648898      0.16232281 md_running
   548    274.00000000    176.16912387      0.44729353   5790.42296043    300.00000000      0.99952633      0.66013921     -5.12057722      0.00500179     -5.11557544      0.64711444      0.03162843      0.66168742      0.12942289 md_running
   549    274.50000000    176.37432547      0.43861773   6016.47580601    300.00000000      0.99952518      0.68591044     -5.14681961      0.00480964     -5.14200997      0.54491629      0.03101496      0.55844097      0.10898326 md_running
   550    275.00000000    176.59250900      0.42642213   6174.84229139    300.00000000      0.99952439      0.70396507     -5.16512808      0.00454590     -5.16058218      0.49957976      0.03015260      0.51163363      0.09991595 md_running
   551    275.50000000    176.81131553      0.41172775   6275.01031699    300.00000000      0.99952390      0.71538476     -5.17677973      0.00423799     -5.17254174      0.48290672      0.02911355      0.49367598      0.09658134 md_running
   552    276.00000000    177.04099522      0.39505997   6330.14648343    300.00000000      0.99952362      0.72167058     -5.18332718      0.00390181     -5.17942537      0.47749174      0.02793496      0.48728569      0.09549835 md_running
   553    276.50000000    177.25620693      0.37666189   6349.42113328    300.00000000      0.99952349      0.72386799     -5.18581557      0.00354685     -5.18226872      0.47966984      0.02663402      0.48851563      0.09593397 md_running
   554    277.00000000    177.46923307      0.35670331   6338.01357164    300.00000000      0.99952348      0.72256747     -5.18481041      0.00318093     -5.18162947      0.49132728      0.02522273      0.49900624      0.09826546 md_running
   555    277.50000000    177.68419968      0.33543578   6300.11560900    300.00000000      0.99952357      0.71824690     -5.18077380      0.00281293     -5.17796087      0.51444449      0.02371889      0.52060915      0.10288890 md_running
   556    278.00000000    177.90339842      0.31334967   6240.75846076    300.00000000      0.99952376      0.71147987     -5.17430428      0.00245470     -5.17184958      0.54457052      0.02215717      0.54891235      0.10891410 md_running
   557    278.50000000    178.11908271      0.29135634   6163.17094279    300.00000000      0.99952402      0.70263447     -5.16585545      0.00212221     -5.16373324      0.57144270      0.02060200      0.57365807      0.11428854 md_running
   558    279.00000000    178.33545975      0.27104127   6062.88551761    300.00000000      0.99952436      0.69120140     -5.15496615      0.00183658     -5.15312957      0.59137824      0.01916551      0.59104588      0.11827565 md_running
   559    279.50000000    178.55280444      0.25493285   5923.92915837    300.00000000      0.99952482      0.67535963     -5.13982438      0.00162477     -5.13819961      0.62308903      0.01802647      0.61972202      0.12461781 md_running
   560    280.00000000    178.77200034      0.24662160   5725.35989524    300.00000000      0.99952551      0.65272167     -5.11782719      0.00152056     -5.11630664      0.71275568      0.01743878      0.70646950      0.14255114 md_running
   561    280.50000000    178.98703125      0.25029546   5466.72555281    300.00000000      0.99952656      0.62323597     -5.08872286      0.00156620     -5.08715666      0.88181100      0.01769856      0.87360121      0.17636220 md_running
   562    281.00000000    179.20126415      0.26936551   5194.89745182    300.00000000      0.99952795      0.59224611     -5.05787377      0.00181394     -5.05605982      1.08604261      0.01904702      1.07662349      0.21720852 md_running
   563    281.50000000    179.41332163      0.30523947   5001.73547199    300.00000000      0.99952934      0.57022461     -5.03621091      0.00232928     -5.03388163      1.23609867      0.02158369      1.22548017      0.24721973 md_running
   564    282.00000000    179.62859004      0.35727904   4973.25037679    300.00000000      0.99953006      0.56697716     -5.03425990      0.00319121     -5.03106869      1.25444868      0.02526344      1.24218975      0.25088974 md_running
   565    282.50000000    179.84924258      0.42352554   5120.07770516    300.00000000      0.99952966      0.58371626     -5.05346561      0.00448435     -5.04898126      1.12528348      0.02994778      1.11074607      0.22505670 md_running
   566    283.00000000    180.06283112      0.50125033   5363.46841030    300.00000000      0.99952844      0.61146411     -5.08441469      0.00628130     -5.07813339      0.90260863      0.03544375      0.88522810      0.18052173 md_running
   567    283.50000000    180.27993178      0.58728106   5593.76635453    300.00000000      0.99952712      0.63771930     -5.11409462      0.00862248     -5.10547214      0.67411737      0.04152704      0.65416661      0.13482347 md_running
   568    284.00000000    180.49414085      0.67833982   5736.01770265    300.00000000      0.99952620      0.65393672     -5.13385481      0.01150362     -5.12235118      0.51427331      0.04796587      0.49479257      0.10285466 md_running
   569    284.50000000    180.70807005      0.77134495   5770.52320847    300.00000000      0.99952581      0.65787053     -5.14152501      0.01487433     -5.12665068      0.45034846      0.05454232      0.43722448      0.09006969 md_running
   570    285.00000000    180.92527619      0.86360063   5715.77271277    300.00000000      0.99952589      0.65162868     -5.13937921      0.01864515     -5.12073406      0.44591263      0.06106579      0.44226177      0.08918253 md_running
   571    285.50000000    181.14365335      0.95282300   5602.18289283    300.00000000      0.99952631      0.63867883     -5.13084492      0.02269679     -5.10814812      0.45661421      0.06737476      0.46246891      0.09132284 md_running
   572    286.00000000    181.35909689      1.03704369   5457.19069047    300.00000000      0.99952695      0.62214895     -5.11890989      0.02688649     -5.09202340      0.46463338      0.07333006      0.47964465      0.09292668 md_running
   573    286.50000000    181.57546846      1.11452626   5302.10288898    300.00000000      0.99952773      0.60446811     -5.10583019      0.03105422     -5.07477597      0.46791513      0.07880891      0.49189918      0.09358303 md_running
   574    287.00000000    181.79715592      1.18372745   5152.97598234    300.00000000      0.99952856      0.58746684     -5.09325163      0.03503027     -5.05822136      0.46888584      0.08370217      0.50145615      0.09377717 md_running
   575    287.50000000    182.01127016      1.24330879   5022.09753459    300.00000000      0.99952936      0.57254600     -5.08239926      0.03864542     -5.04375384      0.46958403      0.08791521      0.50983895      0.09391681 md_running
   576    288.00000000    182.22251435      1.29218429   4918.89412999    300.00000000      0.99953007      0.56078026     -5.07419660      0.04174351     -5.03245309      0.46994225      0.09137123      0.51637400      0.09398845 md_running
   577    288.50000000    182.43944452      1.32959607   4849.89188967    300.00000000      0.99953061      0.55291363     -5.06927044      0.04419564     -5.02507480      0.46844790      0.09401664      0.51914884      0.09368958 md_running
   578    289.00000000    182.65299633      1.35517991   4818.04263749    300.00000000      0.99953093      0.54928265     -5.06787768      0.04591281     -5.02196487      0.46347166      0.09582569      0.51640847      0.09269433 md_running
   579    289.50000000    182.87171643      1.36899298   4822.15687397    300.00000000      0.99953101      0.54975169     -5.06984580      0.04685354     -5.02299226      0.45457114      0.09680242      0.50778769      0.09091423 md_running
   580    290.00000000    183.08612113      1.37148740   4857.04235462    300.00000000      0.99953088      0.55372883     -5.07458185      0.04702444     -5.02755741      0.44299990      0.09697880      0.49475315      0.08859998 md_running
   581    290.50000000    183.30144393      1.36342974   4914.62655697    300.00000000      0.99953057      0.56029373     -5.08120259      0.04647352     -5.03472907      0.43099807      0.09640904      0.47989777      0.08619961 md_running
   582    291.00000000    183.51544148      1.34578445   4985.50670778    300.00000000      0.99953016      0.56837445     -5.08870343      0.04527839     -5.04342504      0.42054177      0.09516133      0.46571715      0.08410835 md_running
   583    291.50000000    183.73223128      1.31958803   5060.38627630    300.00000000      0.99952971      0.57691112     -5.09610905      0.04353281     -5.05257624      0.41308276      0.09330896      0.45419216      0.08261655 md_running
   584    292.00000000    183.95053759      1.28584355   5131.13562029    300.00000000      0.99952928      0.58497692     -5.10258478      0.04133484     -5.06124994      0.41002704      0.09092287      0.44714737      0.08200541 md_running
   585    292.50000000    184.16982041      1.24544411   5191.41599831    300.00000000      0.99952890      0.59184921     -5.10749732      0.03877828     -5.06871905      0.41349866      0.08806620      0.44688528      0.08269973 md_running
   586    293.00000000    184.39401158      1.19913068   5237.41778914    300.00000000      0.99952860      0.59709366     -5.11048764      0.03594786     -5.07453978      0.42689672      0.08479134      0.45673213      0.08537934 md_running
   587    293.50000000    184.61404957      1.14748203   5268.76732241    300.00000000      0.99952839      0.60066768     -5.11157681      0.03291788     -5.07865894      0.45351932      0.08113923      0.47982714      0.09070386 md_running
   588    294.00000000    184.81981363      1.09093436   5289.66732582    300.00000000      0.99952825      0.60305039     -5.11130131      0.02975344     -5.08154786      0.49338571      0.07714071      0.51625915      0.09867714 md_running
   589    294.50000000    185.03561614      1.02981150   5309.51216566    300.00000000      0.99952815      0.60531281     -5.11079824      0.02651279     -5.08428544      0.54141951      0.07281867      0.56106854      0.10828390 md_running
   590    295.00000000    185.25404660      0.96438211   5341.68928881    300.00000000      0.99952803      0.60898117     -5.11167924      0.02325082     -5.08842842      0.58655007      0.06819211      0.60332084      0.11731001 md_running
   591    295.50000000    185.46933327      0.89492649   5399.62591903    300.00000000      0.99952781      0.61558626     -5.11558588      0.02002234     -5.09556354      0.61522555      0.06328086      0.62943773      0.12304511 md_running
   592    296.00000000    185.68667763      0.82181576   5490.15425233    300.00000000      0.99952742      0.62590697     -5.12341520      0.01688453     -5.10653067      0.61596009      0.05811115      0.62772113      0.12319202 md_running
   593    296.50000000    185.90447874      0.74560680   5606.73762365    300.00000000      0.99952689      0.63919810     -5.13451721      0.01389824     -5.12061897      0.58394859      0.05272236      0.59294466      0.11678972 md_running
   594    297.00000000    186.11919769      0.66716037   5726.31137099    300.00000000      0.99952630      0.65283015     -5.14630472      0.01112757     -5.13517715      0.52623519      0.04717536      0.53144462      0.10524704 md_running
   595    297.50000000    186.33448435      0.58778267   5812.39974940    300.00000000      0.99952579      0.66264468     -5.15461580      0.00863721     -5.14597859      0.47119590      0.04156251      0.47070580      0.09423918 md_running
   596    298.00000000    186.55445953      0.50937836   5824.92213428    300.00000000      0.99952553      0.66407230     -5.15481327      0.00648666     -5.14832662      0.48209565      0.03601849      0.47484425      0.09641913 md_running
   597    298.50000000    186.77242984      0.43459316   5738.84694453    300.00000000      0.99952568      0.65425927     -5.14382754      0.00472178     -5.13910576      0.61378650      0.03073038      0.60310884      0.12275730 md_running
   598    299.00000000    186.99651540      0.36676589   5569.55845774    300.00000000      0.99952629      0.63495947     -5.12330682      0.00336293     -5.11994389      0.82790806      0.02593426      0.81741817      0.16558161 md_running
   599    299.50000000    187.21921659      0.30944255   5385.97883468    300.00000000      0.99952722      0.61403041     -5.10122946      0.00239387     -5.09883559      1.03763194      0.02188089      1.02855972      0.20752639 md_running
   600    300.00000000    187.43079887      0.26540872   5287.57923434    300.00000000      0.99952804      0.60281233     -5.08938297      0.00176104     -5.08762192      1.15830632      0.01876723      1.15077758      0.23166126 md_running
   601    300.50000000    187.64476545      0.23552790   5344.39288742    300.00000000      0.99952818      0.60928939     -5.09615430      0.00138683     -5.09476746      1.14016116      0.01665434      1.13396034      0.22803223 md_running
   602    301.00000000    187.85677464      0.21828720   5545.23411711    300.00000000      0.99952746      0.63218637     -5.12011974      0.00119123     -5.11892851      0.99313727      0.01543524      0.98801542      0.19862745 md_running
   603    301.50000000    188.07760299      0.21066335   5807.05565950    300.00000000      0.99952624      0.66203543     -5.15123591      0.00110948     -5.15012643      0.77889131      0.01489615      0.77477509      0.15577826 md_running
   604    302.00000000    188.29023583      0.20953491   6033.83502611    300.00000000      0.99952509      0.68788949     -5.17811541      0.00109762     -5.17701779      0.57714618      0.01481636      0.57437840      0.11542924 md_running
   605    302.50000000    188.50538702      0.21246835   6166.18741327    300.00000000      0.99952433      0.70297837     -5.19391256      0.00112857     -5.19278399      0.45160264      0.01502378      0.45097736      0.09032053 md_running
   606    303.00000000    188.71959635      0.21776168   6191.03949077    300.00000000      0.99952404      0.70581164     -5.19729645      0.00118550     -5.19611094      0.41805498      0.01539808      0.41980085      0.08361100 md_running
   607    303.50000000    188.92470813      0.22428426   6120.85138508    300.00000000      0.99952414      0.69780982     -5.18990719      0.00125759     -5.18864961      0.44484336      0.01585929      0.44824326      0.08896867 md_running
   608    304.00000000    189.14055819      0.23124544   5971.53099138    300.00000000      0.99952459      0.68078649     -5.17350479      0.00133686     -5.17216793      0.51362457      0.01635152      0.51780264      0.10272491 md_running
   609    304.50000000    189.35585776      0.23804090   5760.37098219    300.00000000      0.99952536      0.65671312     -5.14996626      0.00141659     -5.14854967      0.62285131      0.01683203      0.62710985      0.12457026 md_running
   610    305.00000000    189.55972009      0.24424398   5516.47177609    300.00000000      0.99952642      0.62890731     -5.12248491      0.00149138     -5.12099353      0.76371889      0.01727066      0.76766796      0.15274378 md_running
   611    305.50000000    189.76423457      0.24969343   5289.52273552    300.00000000      0.99952763      0.60303390     -5.09676834      0.00155867     -5.09520966      0.90814079      0.01765599      0.91160107      0.18162816 md_running
   612    306.00000000    189.97856897      0.25473195   5144.57723695    300.00000000      0.99952869      0.58650934     -5.08042424      0.00162221     -5.07880203      1.01440685      0.01801227      1.01723234      0.20288137 md_running
   613    306.50000000    190.19616273      0.26054280   5136.23317781    300.00000000      0.99952916      0.58555807     -5.08001110      0.00169706     -5.07831403      1.04226021      0.01842316      1.04419216      0.20845204 md_running
   614    307.00000000    190.41472075      0.26936273   5275.17407809    300.00000000      0.99952877      0.60139808     -5.09689529      0.00181391     -5.09508138      0.97841749      0.01904682      0.97900957      0.19568350 md_running
   615    307.50000000    190.63297990      0.28411129   5517.40934480    300.00000000      0.99952768      0.62901420     -5.12589464      0.00201798     -5.12387666      0.84833186      0.02008970      0.84688925      0.16966637 md_running
   616    308.00000000    190.84750252      0.30734962   5789.66792130    300.00000000      0.99952635      0.66005313     -5.15838216      0.00236159     -5.15602057      0.70073438      0.02173290      0.69636346      0.14014688 md_running
   617    308.50000000    191.05838837      0.34019026   6027.26605585    300.00000000      0.99952517      0.68714059     -5.18688128      0.00289324     -5.18398804      0.58215835      0.02405508      0.57420242      0.11643167 md_running
   618    309.00000000    191.27084615      0.38198320   6194.95757586    300.00000000      0.99952432      0.70625832     -5.20742537      0.00364778     -5.20377759      0.51533047      0.02701029      0.50424327      0.10306609 md_running
   619    309.50000000    191.48573001      0.43082182   6285.57386245    300.00000000      0.99952382      0.71658906     -5.21932784      0.00464019     -5.21468765      0.49222505      0.03046370      0.47965435      0.09844501 md_running
   620    310.00000000    191.69282092      0.48426467   6307.31760998    300.00000000      0.99952362      0.71906797     -5.22359163      0.00586281     -5.21772882      0.49179237      0.03424268      0.47957061      0.09835847 md_running
   621    310.50000000    191.90236674      0.53981354   6273.12452718    300.00000000      0.99952366      0.71516977     -5.22167836      0.00728497     -5.21439339      0.50274584      0.03817058      0.49237453      0.10054917 md_running
   622    311.00000000    192.11393567      0.59512174   6197.19990444    300.00000000      0.99952388      0.70651396     -5.21513071      0.00885425     -5.20627646      0.52319428      0.04208146      0.51588912      0.10463886 md_running
   623    311.50000000    192.33003330      0.64801450   6096.02403108    300.00000000      0.99952424      0.69497937     -5.20573768      0.01049807     -5.19523961      0.55069707      0.04582154      0.54722504      0.11013941 md_running
   624    312.00000000    192.54637526      0.69647658   5989.28679695    300.00000000      0.99952468      0.68281075     -5.19567603      0.01212699     -5.18354904      0.57706763      0.04924833      0.57772333      0.11541353 md_running
   625    312.50000000    192.75935616      0.73865704   5897.25319803    300.00000000      0.99952511      0.67231843     -5.18719242      0.01364036     -5.17355206      0.59086360      0.05223094      0.59564774      0.11817272 md_running
   626    313.00000000    192.97094846      0.77291689   5835.96494600    300.00000000      0.99952545      0.66533124     -5.18205805      0.01493501     -5.16712303      0.58274174      0.05465348      0.59152165      0.11654835 md_running
   627    313.50000000    193.18976252      0.79792215   5812.73642214    300.00000000      0.99952564      0.66268306     -5.18102524      0.01591699     -5.16510825      0.55072829      0.05642162      0.56318268      0.11014566 md_running
   628    314.00000000    193.40383648      0.81277102   5824.87843630    300.00000000      0.99952566      0.66406732     -5.18370237      0.01651492     -5.16718745      0.50081218      0.05747159      0.51622301      0.10016244 md_running
   629    314.50000000    193.60777963      0.81710659   5862.08001902    300.00000000      0.99952554      0.66830850     -5.18884902      0.01669158     -5.17215744      0.44432359      0.05777816      0.46121846      0.08886472 md_running
   630    315.00000000    193.82316196      0.81118622   5910.66145193    300.00000000      0.99952534      0.67384704     -5.19487921      0.01645058     -5.17842863      0.39452197      0.05735953      0.41041252      0.07890439 md_running
   631    315.50000000    194.04051042      0.79587804   5957.69804562    300.00000000      0.99952513      0.67920946     -5.20034552      0.01583555     -5.18450998      0.36264009      0.05627708      0.37435959      0.07252802 md_running
   632    316.00000000    194.25804653      0.77258202   5993.38201739    300.00000000      0.99952495      0.68327763     -5.20419324      0.01492207     -5.18927117      0.35369891      0.05462980      0.35875639      0.07073978 md_running
   633    316.50000000    194.47631162      0.74309763   6012.09985697    300.00000000      0.99952483      0.68541156     -5.20587468      0.01380485     -5.19206982      0.36542803      0.05254494      0.36342065      0.07308561 md_running
   634    317.00000000    194.69056718      0.70945774   6012.51721160    300.00000000      0.99952479      0.68545914     -5.20534371      0.01258326     -5.19276045      0.38961432      0.05016624      0.38198188      0.07792286 md_running
   635    317.50000000    194.89477208      0.67376876   5996.30370689    300.00000000      0.99952483      0.68361072     -5.20289506      0.01134911     -5.19154595      0.41764647      0.04764265      0.40646576      0.08352929 md_running
   636    318.00000000    195.11661330      0.63805381   5966.40304834    300.00000000      0.99952493      0.68020188     -5.19894953      0.01017782     -5.18877171      0.44294154      0.04511722      0.43011529      0.08858831 md_running
   637    318.50000000    195.32439760      0.60409757   5925.47574319    300.00000000      0.99952507      0.67553595     -5.19387514      0.00912335     -5.18475180      0.46147903      0.04271615      0.44853214      0.09229581 md_running
   638    319.00000000    195.53977880      0.57329051   5874.13649783    300.00000000      0.99952527      0.66968300     -5.18779016      0.00821655     -5.17957361      0.47156702      0.04053776      0.45970332      0.09431340 md_running
   639    319.50000000    195.75990696      0.54648639   5809.35854257    300.00000000      0.99952552      0.66229797     -5.18035566      0.00746618     -5.17288948      0.47412820      0.03864242      0.46443968      0.09482564 md_running
   640    320.00000000    195.97826904      0.52387556   5724.50411624    300.00000000      0.99952584      0.65262411     -5.17078238      0.00686114     -5.16392124      0.47714572      0.03704360      0.47068191      0.09542914 md_running
   641    320.50000000    196.19460969      0.50495280   5611.75415198    300.00000000      0.99952628      0.63977001     -5.15811719      0.00637443     -5.15174276      0.49731297      0.03570555      0.49484661      0.09946259 md_running
   642    321.00000000    196.41177023      0.48860790   5467.20664055    300.00000000      0.99952689      0.62329082     -5.14179853      0.00596844     -5.13583009      0.55507247      0.03454980      0.55647952      0.11101449 md_running
   643    321.50000000    196.62725285      0.47333171   5299.84113019    300.00000000      0.99952768      0.60421026     -5.12272215      0.00560107     -5.11712108      0.65443846      0.03346961      0.65849814      0.13088769 md_running
   644    322.00000000    196.84966748      0.45753256   5139.34078770    300.00000000      0.99952859      0.58591236     -5.10426267      0.00523340     -5.09902927      0.76944174      0.03235244      0.77475760      0.15388835 md_running
   645    322.50000000    197.06819074      0.43986928   5031.67046337    300.00000000      0.99952941      0.57363736     -5.09179460      0.00483712     -5.08695748      0.85865151      0.03110346      0.86432249      0.17173030 md_running
   646    323.00000000    197.28403703      0.41947256   5018.98484410    300.00000000      0.99952980      0.57219114     -5.09033722      0.00439893     -5.08593829      0.88656489      0.02966119      0.89216552      0.17731298 md_running
   647    323.50000000    197.50008359      0.39600061   5115.11615357    300.00000000      0.99952954      0.58315062     -5.10155902      0.00392041     -5.09763861      0.84161610      0.02800147      0.84703496      0.16832322 md_running
   648    324.00000000    197.71137748      0.36952170   5296.40294872    300.00000000      0.99952871      0.60381828     -5.12266263      0.00341366     -5.11924898      0.74182368      0.02612913      0.74713145      0.14836474 md_running
   649    324.50000000    197.92770074      0.34030897   5515.91305644    300.00000000      0.99952759      0.62884361     -5.14810742      0.00289525     -5.14521216      0.62624196      0.02406348      0.63156218      0.12524839 md_running
   650    325.00000000    198.14468655      0.30865512   5728.36747863    300.00000000      0.99952649      0.65306455     -5.17261588      0.00238170     -5.17023418      0.53704165      0.02182521      0.54237408      0.10740833 md_running
   651    325.50000000    198.36253457      0.27476342   5906.92328327    300.00000000      0.99952559      0.67342087     -5.19314273      0.00188737     -5.19125536      0.49766707      0.01942871      0.50277644      0.09953341 md_running
   652    326.00000000    198.58215598      0.23872776   6044.82043700    300.00000000      0.99952491      0.68914188     -5.20898683      0.00142477     -5.20756205      0.50176839      0.01688060      0.50638876      0.10035368 md_running
   653    326.50000000    198.79752879      0.20058252   6148.25782930    300.00000000      0.99952443      0.70093430     -5.22093465      0.00100583     -5.21992882      0.52999813      0.01418333      0.53401550      0.10599963 md_running
   654    327.00000000    199.00755337      0.16042248   6228.72754439    300.00000000      0.99952407      0.71010828     -5.23033112      0.00064338     -5.22968774      0.56914712      0.01134358      0.57252427      0.11382942 md_running
   655    327.50000000    199.22189536      0.11872865   6298.78858091    300.00000000      0.99952379      0.71809561     -5.23862919      0.00035241     -5.23827678      0.61329755      0.00839538      0.61600633      0.12265951 md_running
   656    328.00000000    199.43086063      0.07769651   6370.60921902    300.00000000      0.99952353      0.72628355     -5.24724815      0.00015092     -5.24709724      0.65678282      0.00549397      0.65880273      0.13135656 md_running
   657    328.50000000    199.64533299      0.04913625   6454.32321867    300.00000000      0.99952325      0.73582739     -5.25738427      0.00006036     -5.25732391      0.69073632      0.00347446      0.69205920      0.13814726 md_running
   658    329.00000000    199.86894316      0.06499233   6554.15350176    300.00000000      0.99952292      0.74720858     -5.26960497      0.00010560     -5.26949937      0.70494939      0.00459565      0.70556255      0.14098988 md_running
   659    329.50000000    200.09126137      0.11213481   6662.33881276    300.00000000      0.99952254      0.75954228     -5.28308890      0.00031436     -5.28277454      0.69344939      0.00792913      0.69330981      0.13868988 md_running
   660    330.00000000    200.31073076      0.16924447   6754.84881515    300.00000000      0.99952218      0.77008892     -5.29512649      0.00071609     -5.29441039      0.66325826      0.01196739      0.66228123      0.13265165 md_running
   661    330.50000000    200.52554569      0.23156204   6793.34003945    300.00000000      0.99952193      0.77447712     -5.30126672      0.00134052     -5.29992620      0.64809005      0.01637391      0.64623076      0.12961801 md_running
   662    331.00000000    200.74433612      0.29772805   6742.08434455    300.00000000      0.99952193      0.76863370     -5.29712703      0.00221605     -5.29491098      0.71000979      0.02105255      0.70747315      0.14200196 md_running
   663    331.50000000    200.96526817      0.36711537   6600.88429705    300.00000000      0.99952226      0.75253614     -5.28249062      0.00336934     -5.27912128      0.87564607      0.02595898      0.87271700      0.17512921 md_running
   664    332.00000000    201.18246137      0.43944446   6433.46435694    300.00000000      0.99952285      0.73344937     -5.26462147      0.00482779     -5.25979368      1.08410541      0.03107342      1.08068264      0.21682108 md_running
   665    332.50000000    201.39681709      0.51479542   6356.91481105    300.00000000      0.99952338      0.72472231     -5.25755079      0.00662536     -5.25092543      1.22370008      0.03640153      1.21930031      0.24474002 md_running
   666    333.00000000    201.61511690      0.59359381   6466.90972694    300.00000000      0.99952336      0.73726232     -5.27305126      0.00880884     -5.26424242      1.21140829      0.04197342      1.20530466      0.24228166 md_running
   667    333.50000000    201.83309024      0.67637558   6753.87436251    300.00000000      0.99952260      0.76997783     -5.31005768      0.01143710     -5.29862058      1.04875164      0.04782698      1.04000898      0.20975033 md_running
   668    334.00000000    202.05171515      0.76340242   7108.02212458    300.00000000      0.99952146      0.81035257     -5.35531418      0.01456958     -5.34074460      0.81545651      0.05398070      0.80309688      0.16309130 md_running
   669    334.50000000    202.27057246      0.85438115   7405.07274964    300.00000000      0.99952044      0.84421793     -5.39414044      0.01824918     -5.37589127      0.60976726      0.06041387      0.59379067      0.12195345 md_running
   670    335.00000000    202.48999295      0.94842018   7572.95690071    300.00000000      0.99951979      0.86335762     -5.41836756      0.02248752     -5.39588004      0.49086846      0.06706343      0.47465714      0.09817369 md_running
   671    335.50000000    202.70255162      1.04412681   7597.53839358    300.00000000      0.99951955      0.86616004     -5.42655858      0.02725502     -5.39930356      0.45571487      0.07383091      0.44543574      0.09114297 md_running
   672    336.00000000    202.91709009      1.13974809   7495.80330083    300.00000000      0.99951966      0.85456170     -5.42080248      0.03247564     -5.38832684      0.46150074      0.08059236      0.46178210      0.09230015 md_running
   673    336.50000000    203.13384380      1.23323043   7290.58170267    300.00000000      0.99952009      0.83116534     -5.40357092      0.03802143     -5.36554949      0.49270073      0.08720256      0.50611192      0.09854015 md_running
   674    337.00000000    203.33849071      1.32223711   7006.47996849    300.00000000      0.99952079      0.79877622     -5.37737502      0.04370777     -5.33366725      0.55790849      0.09349628      0.58428015      0.11158170 md_running
   675    337.50000000    203.54899483      1.40422158   6678.14898257    300.00000000      0.99952175      0.76134473     -5.34587742      0.04929596     -5.29658146      0.65647805      0.09929346      0.69315358      0.13129561 md_running
   676    338.00000000    203.74031235      1.47658420   6355.58152618    300.00000000      0.99952288      0.72457031     -5.31453614      0.05450752     -5.26002861      0.76079545      0.10441027      0.80490388      0.15215909 md_running
   677    338.50000000    203.95697110      1.53696031   6096.75867454    300.00000000      0.99952400      0.69506312     -5.28987524      0.05905618     -5.23081907      0.82935826      0.10867951      0.87912599      0.16587165 md_running
   678    339.00000000    204.17466602      1.58359737   5945.20212079    300.00000000      0.99952485      0.67778486     -5.27681699      0.06269452     -5.21412248      0.83055550      0.11197724      0.88512104      0.16611110 md_running
   679    339.50000000    204.37882998      1.61568546   5907.52709275    300.00000000      0.99952524      0.67348971     -5.27598920      0.06526099     -5.21072821      0.75933274      0.11424621      0.81803044      0.15186655 md_running
   680    340.00000000    204.58996789      1.63352008   5950.50991296    300.00000000      0.99952518      0.67838998     -5.28340368      0.06670970     -5.21669398      0.63994289      0.11550731      0.70143600      0.12798858 md_running
   681    340.50000000    204.79979768      1.63840282   6020.68174312    300.00000000      0.99952490      0.68638994     -5.29281331      0.06710909     -5.22570422      0.51572596      0.11585257      0.57638485      0.10314519 md_running
   682    341.00000000    205.01772248      1.63233257   6070.50040322    300.00000000      0.99952462      0.69206954     -5.29884317      0.06661274     -5.23223043      0.43105595      0.11542334      0.48321704      0.08621119 md_running
   683    341.50000000    205.23649809      1.61762301   6072.63098780    300.00000000      0.99952451      0.69231244     -5.29858596      0.06541761     -5.23316836      0.40592475      0.11438322      0.44120992      0.08118495 md_running
   684    342.00000000    205.45554724      1.59658686   6019.36044244    300.00000000      0.99952461      0.68623931     -5.29142444      0.06372724     -5.22769720      0.42500924      0.11289574      0.44201432      0.08500185 md_running
   685    342.50000000    205.66614645      1.57132116   5915.22085414    300.00000000      0.99952495      0.67436684     -5.27811269      0.06172625     -5.21638643      0.46257399      0.11110918      0.46574411      0.09251480 md_running
   686    343.00000000    205.88247781      1.54359929   5770.06487253    300.00000000      0.99952549      0.65781828     -5.25994187      0.05956747     -5.20037440      0.50622537      0.10914895      0.50062942      0.10124507 md_running
   687    343.50000000    206.10285660      1.51484260   5596.05521231    300.00000000      0.99952622      0.63798025     -5.23840897      0.05736870     -5.18104027      0.55373700      0.10711555      0.54333484      0.11074740 md_running
   688    344.00000000    206.30589681      1.48612847   5407.68069359    300.00000000      0.99952710      0.61650454     -5.21523602      0.05521445     -5.16002158      0.60580077      0.10508515      0.59333683      0.12116015 md_running
   689    344.50000000    206.52419560      1.45822294   5223.01658481    300.00000000      0.99952807      0.59545185     -5.19253047      0.05316035     -5.13937011      0.66028634      0.10311193      0.64752834      0.13205727 md_running
   690    345.00000000    206.74221920      1.43161299   5063.88905243    300.00000000      0.99952904      0.57731046     -5.17283815      0.05123789     -5.12160025      0.71100492      0.10123033      0.69888493      0.14220098 md_running
   691    345.50000000    206.95456349      1.40655199   4953.17209057    300.00000000      0.99952985      0.56468813     -5.15882543      0.04945971     -5.10936572      0.74905350      0.09945825      0.73789864      0.14981070 md_running
   692    346.00000000    207.16195514      1.38311258   4909.56315044    300.00000000      0.99953034      0.55971648     -5.15267603      0.04782501     -5.10485102      0.76649995      0.09780083      0.75626243      0.15329999 md_running
   693    346.50000000    207.36851962      1.36124490   4942.09564308    300.00000000      0.99953037      0.56342536     -5.15544149      0.04632469     -5.10911679      0.76026826      0.09625455      0.75071431      0.15205365 md_running
   694    347.00000000    207.57954332      1.34083173   5047.32364674    300.00000000      0.99952994      0.57542191     -5.16671818      0.04494574     -5.12177244      0.73336242      0.09481112      0.72412827      0.14667248 md_running
   695    347.50000000    207.79925394      1.32174600   5210.20912046    300.00000000      0.99952913      0.59399173     -5.18476118      0.04367531     -5.14108587      0.69284709      0.09346156      0.68336653      0.13856942 md_running
   696    348.00000000    208.01188828      1.30391868   5407.57735512    300.00000000      0.99952811      0.61649276     -5.20689408      0.04250510     -5.16438898      0.64611551      0.09220097      0.63549697      0.12922310 md_running
   697    348.50000000    208.22472232      1.28741033   5611.41289473    300.00000000      0.99952705      0.63973110     -5.22992172      0.04143563     -5.18848609      0.59816794      0.09103366      0.58497552      0.11963359 md_running
   698    349.00000000    208.43559104      1.27249157   5789.84882586    300.00000000      0.99952611      0.66007376     -5.25024278      0.04048087     -5.20976191      0.55346685      0.08997874      0.53544702      0.11069337 md_running
   699    349.50000000    208.64561404      1.25974044   5905.97517213    300.00000000      0.99952541      0.67331278     -5.26369909      0.03967365     -5.22402545      0.52622862      0.08907710      0.50043401      0.10524572 md_running
   700    350.00000000    208.85581612      1.25017882   5917.60999113    300.00000000      0.99952509      0.67463921     -5.26546301      0.03907368     -5.22638933      0.56015687      0.08840099      0.52577278      0.11203137 md_running
   701    350.50000000    209.07426715      1.24545729   5791.08018187    300.00000000      0.99952531      0.66021414     -5.25145530      0.03877910     -5.21267620      0.71417504      0.08806713      0.67633900      0.14283501 md_running
   702    351.00000000    209.29427364      1.24791935   5535.88622861    300.00000000      0.99952618      0.63112066     -5.22257956      0.03893257     -5.18364699      0.98378871      0.08824122      0.94682420      0.19675774 md_running
   703    351.50000000    209.51186453      1.26043398   5243.55020674    300.00000000      0.99952763      0.59779279     -5.18933995      0.03971735     -5.14962261      1.28129926      0.08912614      1.24572398      0.25625985 md_running
   704    352.00000000    209.72636943      1.28577572   5079.36792530    300.00000000      0.99952905      0.57907513     -5.17165380      0.04133048     -5.13032332      1.47279401      0.09091807      1.43798157      0.29455880 md_running
   705    352.50000000    209.94149014      1.32552740   5177.50234994    300.00000000      0.99952932      0.59026298     -5.18617175      0.04392557     -5.14224618      1.45378998      0.09372894      1.41942762      0.29075800 md_running
   706    353.00000000    210.14474801      1.37909035   5516.25864190    300.00000000      0.99952798      0.62888301     -5.23040910      0.04754725     -5.18286184      1.22731822      0.09751641      1.19442154      0.24546364 md_running
   707    353.50000000    210.36161615      1.44354281   5928.05928792    300.00000000      0.99952596      0.67583049     -5.28391522      0.05209540     -5.23181982      0.90279978      0.10207389      0.87609815      0.18055996 md_running
   708    354.00000000    210.57359680      1.51441564   6235.78273518    300.00000000      0.99952432      0.71091261     -5.32539762      0.05733637     -5.26806125      0.63220091      0.10708536      0.62538027      0.12644018 md_running
   709    354.50000000    210.79242927      1.58677329   6358.55437775    300.00000000      0.99952349      0.72490923     -5.34539038      0.06294624     -5.28244415      0.55127542      0.11220182      0.57886926      0.11025508 md_running
   710    355.00000000    211.00760832      1.65602648   6320.07377860    300.00000000      0.99952339      0.72052224     -5.34653868      0.06856059     -5.27797808      0.64051718      0.11709876      0.69031134      0.12810344 md_running
   711    355.50000000    211.23205283      1.71849591   6203.05605172    300.00000000      0.99952376      0.70718159     -5.33840731      0.07383071     -5.26457660      0.75264419      0.12151601      0.81132783      0.15052884 md_running
   712    356.00000000    211.45071290      1.77176759   6093.59975155    300.00000000      0.99952426      0.69470299     -5.33081670      0.07847901     -5.25233769      0.80672119      0.12528289      0.86907427      0.16134424 md_running
   713    356.50000000    211.67106380      1.81482355   6041.82770657    300.00000000      0.99952461      0.68880070     -5.32941108      0.08233961     -5.24707146      0.78324672      0.12832740      0.84677977      0.15664934 md_running
   714    357.00000000    211.89290206      1.84796479   6049.89599609    300.00000000      0.99952468      0.68972052     -5.33426982      0.08537435     -5.24889547      0.69988916      0.13067084      0.76247960      0.13997783 md_running
   715    357.50000000    212.11117603      1.87247211   6086.37766580    300.00000000      0.99952456      0.69387963     -5.34165599      0.08765380     -5.25400220      0.59570805      0.13240377      0.65428406      0.11914161 md_running
   716    358.00000000    212.32635731      1.89011847   6112.85598762    300.00000000      0.99952441      0.69689830     -5.34717469      0.08931370     -5.25786099      0.51185140      0.13365156      0.56191091      0.10237028 md_running
   717    358.50000000    212.54227545      1.90269289   6102.93270336    300.00000000      0.99952436      0.69576699     -5.34794822      0.09050601     -5.25744221      0.46952746      0.13454070      0.50708876      0.09390549 md_running
   718    359.00000000    212.75589146      1.91168189   6046.31600138    300.00000000      0.99952450      0.68931239     -5.34297672      0.09136319     -5.25161353      0.46345310      0.13517632      0.48828860      0.09269062 md_running
   719    359.50000000    212.96793975      1.91812574   5943.93567524    300.00000000      0.99952483      0.67764048     -5.33250354      0.09198016     -5.24052338      0.47819186      0.13563197      0.49360469      0.09563837 md_running
   720    360.00000000    213.18083852      1.92258415   5802.45383644    300.00000000      0.99952535      0.66151079     -5.31735142      0.09240825     -5.22494317      0.50553956      0.13594723      0.51554094      0.10110791 md_running
   721    360.50000000    213.38838428      1.92517768   5632.01807947    300.00000000      0.99952606      0.64208021     -5.29867381      0.09265773     -5.20601608      0.54394012      0.13613062      0.55188934      0.10878802 md_running
   722    361.00000000    213.60855861      1.92564387   5447.02427216    300.00000000      0.99952691      0.62098992     -5.27806623      0.09270261     -5.18536362      0.59178021      0.13616358      0.60008105      0.11835604 md_running
   723    361.50000000    213.82428866      1.92339563   5267.39970204    300.00000000      0.99952785      0.60051176     -5.25775128      0.09248627     -5.16526501      0.64263114      0.13600461      0.65279412      0.12852623 md_running
   724    362.00000000    214.03733827      1.91759083   5117.41206814    300.00000000      0.99952877      0.58341237     -5.24045416      0.09192886     -5.14852529      0.68612047      0.13559415      0.69899053      0.13722409 md_running
   725    362.50000000    214.25255862      1.90722250   5021.07569487    300.00000000      0.99952950      0.57242950     -5.22887532      0.09093744     -5.13793788      0.71199193      0.13486100      0.72800286      0.14239839 md_running
   726    363.00000000    214.47304733      1.89123035   4995.99816084    300.00000000      0.99952987      0.56957053     -5.22497573      0.08941881     -5.13555692      0.71441661      0.13373018      0.73366364      0.14288332 md_running
   727    363.50000000    214.68933454      1.86863417   5048.72421572    300.00000000      0.99952979      0.57558158     -5.22944003      0.08729484     -5.14214519      0.69433831      0.13213239      0.71652573      0.13886766 md_running
   728    364.00000000    214.90443423      1.83866835   5173.90501321    300.00000000      0.99952926      0.58985286     -5.24159435      0.08451753     -5.15707682      0.65884882      0.13001349      0.68313440      0.13176976 md_running
   729    364.50000000    215.12209140      1.80089299   5357.40870315    300.00000000      0.99952838      0.61077327     -5.25978927      0.08108039     -5.17870888      0.61832825      0.12734236      0.64322136      0.12366565 md_running
   730    365.00000000    215.34098354      1.75525478   5581.31727783    300.00000000      0.99952730      0.63630004     -5.28199198      0.07702298     -5.20496899      0.58264264      0.12411526      0.60613771      0.11652853 md_running
   731    365.50000000    215.54950318      1.70208498   5828.28601252    300.00000000      0.99952615      0.66445580     -5.30629332      0.07242733     -5.23386599      0.55761816      0.12035558      0.57765702      0.11152363 md_running
   732    366.00000000    215.75502869      1.64204496   6083.82899674    300.00000000      0.99952503      0.69358907     -5.33115770      0.06740779     -5.26374990      0.54354537      0.11611011      0.55859813      0.10870907 md_running
   733    366.50000000    215.96983295      1.57604447   6336.12332318    300.00000000      0.99952400      0.72235197     -5.35539139      0.06209790     -5.29329349      0.53537438      0.11144317      0.54470015      0.10707488 md_running
   734    367.00000000    216.17867413      1.50516415   6573.83265361    300.00000000      0.99952307      0.74945211     -5.37786407      0.05663798     -5.32122609      0.52505154      0.10643118      0.52844477      0.10501031 md_running
   735    367.50000000    216.37811750      1.43060214   6783.07513794    300.00000000      0.99952229      0.77330687     -5.39714562      0.05116556     -5.34598006      0.50552947      0.10115885      0.50291654      0.10110589 md_running
   736    368.00000000    216.59593525      1.35363301   6944.54836423    300.00000000      0.99952167      0.79171568     -5.41119297      0.04580806     -5.36538492      0.47333123      0.09571631      0.46436643      0.09466625 md_running
   737    368.50000000    216.80308083      1.27558067   7030.56712609    300.00000000      0.99952126      0.80152228     -5.41695632      0.04067765     -5.37627867      0.43481897      0.09019717      0.41860362      0.08696379 md_running
   738    369.00000000    217.02264044      1.19782644   7004.83089592    300.00000000      0.99952114      0.79858821     -5.41034060      0.03586970     -5.37447090      0.42671953      0.08469912      0.40391692      0.08534391 md_running
   739    369.50000000    217.23912705      1.12180381   6832.04202887    300.00000000      0.99952142      0.77888936     -5.38716575      0.03146109     -5.35570466      0.51978155      0.07932351      0.49691778      0.10395631 md_running
   740    370.00000000    217.45664590      1.04890873   6504.28311515    300.00000000      0.99952222      0.74152309     -5.34627753      0.02750524     -5.31877229      0.73159255      0.07416905      0.71396333      0.14631851 md_running
   741    370.50000000    217.67220205      0.98023579   6073.44161825    300.00000000      0.99952362      0.69240485     -5.29345695      0.02402155     -5.26943539      0.99940800      0.06931314      0.98710524      0.19988160 md_running
   742    371.00000000    217.89490439      0.91626309   5660.38896055    300.00000000      0.99952544      0.64531464     -5.24280021      0.02098845     -5.22181176      1.23141026      0.06478958      1.22349548      0.24628205 md_running
   743    371.50000000    218.11296229      0.85659278   5410.13985069    300.00000000      0.99952710      0.61678490     -5.21154223      0.01834378     -5.19319845      1.34884047      0.06057026      1.34455341      0.26976809 md_running
   744    372.00000000    218.32837197      0.80005032   5407.39454112    300.00000000      0.99952776      0.61647192     -5.20970759      0.01600201     -5.19370558      1.32264524      0.05657210      1.32135355      0.26452905 md_running
   745    372.50000000    218.54801537      0.74518851   5627.57721832    300.00000000      0.99952714      0.64157392     -5.23415235      0.01388265     -5.22026970      1.17766545      0.05269278      1.17868333      0.23553309 md_running
   746    373.00000000    218.76418211      0.69089119   5964.52382351    300.00000000      0.99952571      0.67998764     -5.27217640      0.01193327     -5.26024314      0.96336283      0.04885338      0.96594171      0.19267257 md_running
   747    373.50000000    218.98114728      0.63667435   6294.45235533    300.00000000      0.99952423      0.71760126     -5.30930396      0.01013386     -5.29917011      0.73093586      0.04501968      0.73442644      0.14618717 md_running
   748    374.00000000    219.20155665      0.58257535   6526.16028957    300.00000000      0.99952313      0.74401720     -5.33494581      0.00848485     -5.32646096      0.53442763      0.04119430      0.53829172      0.10688553 md_running
   749    374.50000000    219.41468392      0.52886135   6620.91625737    300.00000000      0.99952255      0.75481989     -5.34483159      0.00699236     -5.33783923      0.42314784      0.03739615      0.42675683      0.08462957 md_running
   750    375.00000000    219.62778750      0.47577106   6583.07094142    300.00000000      0.99952248      0.75050532     -5.33961454      0.00565895     -5.33395559      0.40796109      0.03364209      0.41079840      0.08159222 md_running
   751    375.50000000    219.83986335      0.42337950   6439.64544916    300.00000000      0.99952282      0.73415405     -5.32248072      0.00448126     -5.31799947      0.44431262      0.02993745      0.44647428      0.08886252 md_running
   752    376.00000000    220.05553632      0.37158875   6224.02900178    300.00000000      0.99952350      0.70957262     -5.29728931      0.00345195     -5.29383736      0.48991725      0.02627529      0.49166869      0.09798345 md_running
   753    376.50000000    220.26099308      0.32019159   5966.06086326    300.00000000      0.99952443      0.68016287     -5.26744948      0.00256307     -5.26488641      0.53244612      0.02264096      0.53389028      0.10648922 md_running
   754    377.00000000    220.47763477      0.26897066   5689.35493582    300.00000000      0.99952558      0.64861691     -5.23561627      0.00180863     -5.23380764      0.57419646      0.01901910      0.57530766      0.11483929 md_running
   755    377.50000000    220.68192755      0.21783681   5413.58378381    300.00000000      0.99952687      0.61717753     -5.20399688      0.00118632     -5.20281056      0.61836666      0.01540339      0.61906918      0.12367333 md_running
   756    378.00000000    220.88748589      0.16711325   5157.87134626    300.00000000      0.99952825      0.58802494     -5.17476468      0.00069817     -5.17406651      0.66264068      0.01181669      0.66285531      0.13252814 md_running
   757    378.50000000    221.10469514      0.11844243   4941.66708095    300.00000000      0.99952960      0.56337650     -5.15016835      0.00035072     -5.14981763      0.69968381      0.00837514      0.69933352      0.13993676 md_running
   758    379.00000000    221.30753055      0.07868718   4782.05798580    300.00000000      0.99953076      0.54518021     -5.13220804      0.00015479     -5.13205324      0.72087025      0.00556402      0.71985962      0.14417405 md_running
   759    379.50000000    221.52167234      0.07073570   4689.37490782    300.00000000      0.99953160      0.53461384     -5.12210934      0.00012509     -5.12198425      0.72081897      0.00500177      0.71900974      0.14416379 md_running
   760    380.00000000    221.73681887      0.10573389   4664.06018308    300.00000000      0.99953199      0.53172782     -5.11994564      0.00027949     -5.11966615      0.70036222      0.00747651      0.69755949      0.14007244 md_running
   761    380.50000000    221.95178479      0.15977843   4697.11220296    300.00000000      0.99953195      0.53549593     -5.12468428      0.00063823     -5.12404605      0.66628071      0.01129804      0.66224601      0.13325614 md_running
   762    381.00000000    222.16427009      0.22115480   4773.99731473    300.00000000      0.99953155      0.54426125     -5.13465597      0.00122274     -5.13343324      0.62815358      0.01563801      0.62265606      0.12563072 md_running
   763    381.50000000    222.37792045      0.28664759   4879.60503428    300.00000000      0.99953094      0.55630109     -5.14813477      0.00205417     -5.14608060      0.59400000      0.02026905      0.58690504      0.11880000 md_running
   764    382.00000000    222.59032418      0.35504497   5001.64531200    300.00000000      0.99953021      0.57021434     -5.16373931      0.00315142     -5.16058789      0.56727925      0.02510547      0.55862124      0.11345585 md_running
   765    382.50000000    222.80642399      0.42561140   5131.43521139    300.00000000      0.99952945      0.58501108     -5.18050304      0.00452863     -5.17597441      0.54676962      0.03009527      0.53677796      0.10935392 md_running
   766    383.00000000    223.02248138      0.49767857   5262.73295442    300.00000000      0.99952870      0.59997972     -5.19773834      0.00619210     -5.19154624      0.52873609      0.03519119      0.51782942      0.10574722 md_running
   767    383.50000000    223.24081911      0.57050046   5389.97910768    300.00000000      0.99952800      0.61448647     -5.21481727      0.00813677     -5.20668050      0.50898095      0.04034047      0.49777582      0.10179619 md_running
   768    384.00000000    223.45147927      0.64318870   5506.59194041    300.00000000      0.99952736      0.62778095     -5.23097776      0.01034229     -5.22063547      0.48440083      0.04548031      0.47378152      0.09688017 md_running
   769    384.50000000    223.66279644      0.71468066   5603.82853358    300.00000000      0.99952682      0.63886645     -5.24518519      0.01276921     -5.23241598      0.45459586      0.05053555      0.44579835      0.09091917 md_running
   770    385.00000000    223.88100051      0.78374482   5670.50395829    300.00000000      0.99952642      0.64646780     -5.25609428      0.01535640     -5.24073788      0.42410294      0.05541913      0.41894614      0.08482059 md_running
   771    385.50000000    224.09411740      0.84898990   5694.32704234    300.00000000      0.99952620      0.64918376     -5.26218438      0.01801960     -5.24416478      0.40851896      0.06003265      0.40918013      0.08170379 md_running
   772    386.00000000    224.30763068      0.90891258   5666.01301368    300.00000000      0.99952620      0.64595581     -5.26222774      0.02065305     -5.24157469      0.43546492      0.06426982      0.44290254      0.08709298 md_running
   773    386.50000000    224.52048631      0.96197516   5586.72808301    300.00000000      0.99952646      0.63691690     -5.25615177      0.02313491     -5.23301686      0.52395512      0.06802192      0.53640794      0.10479102 md_running
   774    387.00000000    224.72995279      1.00670533   5477.54476476    300.00000000      0.99952694      0.62446942     -5.24617073      0.02533639     -5.22083434      0.65703883      0.07118482      0.67201925      0.13140777 md_running
   775    387.50000000    224.94194597      1.04181183   5383.38326444    300.00000000      0.99952750      0.61373451     -5.23736947      0.02713430     -5.21023517      0.79126330      0.07366722      0.80741742      0.15825266 md_running
   776    388.00000000    225.14904112      1.06630428   5361.82173223    300.00000000      0.99952785      0.61127638     -5.23642474      0.02842512     -5.20799962      0.88053698      0.07539910      0.89749596      0.17610740 md_running
   777    388.50000000    225.35885936      1.07958540   5456.95061722    300.00000000      0.99952769      0.62212158     -5.24852840      0.02913762     -5.21939078      0.89257875      0.07633822      0.91046374      0.17851575 md_running
   778    389.00000000    225.57417962      1.08150822   5673.78704193    300.00000000      0.99952689      0.64684209     -5.27427287      0.02924150     -5.24503136      0.82252748      0.07647418      0.84164855      0.16450550 md_running
   779    389.50000000    225.79050881      1.07238017   5974.04789752    300.00000000      0.99952564      0.68107344     -5.30913699      0.02874998     -5.28038701      0.69464736      0.07582873      0.71524628      0.13892947 md_running
   780    390.00000000    225.99278865      1.05291232   6297.00351641    300.00000000      0.99952428      0.71789210     -5.34602661      0.02771561     -5.31831100      0.55046140      0.07445214      0.57224414      0.11009228 md_running
   781    390.50000000    226.19942569      1.02412874   6586.69559169    300.00000000      0.99952309      0.75091855     -5.37853335      0.02622099     -5.35231236      0.43078583      0.07241684      0.45208384      0.08615717 md_running
   782    391.00000000    226.41348257      0.98725739   6806.25958341    300.00000000      0.99952219      0.77595002     -5.40259022      0.02436693     -5.37822329      0.35831181      0.06980964      0.37571040      0.07166236 md_running
   783    391.50000000    226.62805710      0.94363639   6935.09999582    300.00000000      0.99952162      0.79063852     -5.41604203      0.02226124     -5.39378079      0.32621376      0.06672517      0.33643250      0.06524275 md_running
   784    392.00000000    226.83951740      0.89467083   6958.54512607    300.00000000      0.99952137      0.79331139     -5.41736835      0.02001090     -5.39735746      0.32068579      0.06326278      0.32220706      0.06413716 md_running
   785    392.50000000    227.05246367      0.84183916   6860.71609569    300.00000000      0.99952147      0.78215836     -5.40485568      0.01771733     -5.38713835      0.35009091      0.05952702      0.34326699      0.07001818 md_running
   786    393.00000000    227.25487842      0.78677218   6624.07658586    300.00000000      0.99952199      0.75518019     -5.37653134      0.01547526     -5.36105608      0.44951868      0.05563319      0.43745191      0.08990374 md_running
   787    393.50000000    227.46066178      0.73140571   6242.60354223    300.00000000      0.99952304      0.71169022     -5.33147435      0.01337386     -5.31810049      0.63930243      0.05171819      0.62585247      0.12786049 md_running
   788    394.00000000    227.66703159      0.67809093   5748.98590704    300.00000000      0.99952476      0.65541516     -5.27332744      0.01149518     -5.26183226      0.89367643      0.04794827      0.88059784      0.17873529 md_running
   789    394.50000000    227.86939910      0.62953435   5237.74754887    300.00000000      0.99952714      0.59713125     -5.21291443      0.00990784     -5.20300659      1.14958794      0.04451480      1.13726064      0.22991759 md_running
   790    395.00000000    228.08232130      0.58843597   4852.05990519    300.00000000      0.99952973      0.55316080     -5.16724491      0.00865642     -5.15858849      1.31505825      0.04160871      1.30347945      0.26301165 md_running
   791    395.50000000    228.29384789      0.55671379   4708.72072040    300.00000000      0.99953149      0.53681936     -5.15045796      0.00774826     -5.14270970      1.32009421      0.03936561      1.30924527      0.26401884 md_running
   792    396.00000000    228.50065211      0.53470030   4813.22045402    300.00000000      0.99953154      0.54873289     -5.16315411      0.00714761     -5.15600650      1.16947413      0.03780902      1.15948642      0.23389483 md_running
   793    396.50000000    228.71606686      0.52091503   5061.24172194    300.00000000      0.99953024      0.57700865     -5.19260923      0.00678381     -5.18582541      0.93903441      0.03683426      0.93034660      0.18780688 md_running
   794    397.00000000    228.93121004      0.51262105   5322.88925022    300.00000000      0.99952863      0.60683786     -5.22334305      0.00656951     -5.21677355      0.72071338      0.03624778      0.71421981      0.14414268 md_running
   795    397.50000000    229.15423214      0.50673077   5513.67616213    300.00000000      0.99952740      0.62858859     -5.24564237      0.00641940     -5.23922297      0.57265753      0.03583128      0.56954294      0.11453151 md_running
   796    398.00000000    229.37255789      0.50047455   5607.43696259    300.00000000      0.99952671      0.63927783     -5.25656263      0.00626187     -5.25030076      0.51013378      0.03538889      0.51075226      0.10202676 md_running
   797    398.50000000    229.57199129      0.49172186   5616.74953280    300.00000000      0.99952649      0.64033951     -5.25774982      0.00604476     -5.25170506      0.50583293      0.03476999      0.50913964      0.10116659 md_running
   798    399.00000000    229.78212511      0.47899892   5568.44357684    300.00000000      0.99952662      0.63483237     -5.25229738      0.00573600     -5.24656138      0.52462082      0.03387034      0.52931990      0.10492416 md_running
   799    399.50000000    229.99662848      0.46136093   5489.18209960    300.00000000      0.99952695      0.62579614     -5.24325492      0.00532135     -5.23793358      0.54560149      0.03262314      0.55080969      0.10912030 md_running
   800    400.00000000    230.20077920      0.43826621   5400.25319659    300.00000000      0.99952739      0.61565777     -5.23305818      0.00480193     -5.22825625      0.55918944      0.03099010      0.56439630      0.11183789 md_running
   801    400.50000000    230.42715365      0.40948319   5315.49404904    300.00000000      0.99952785      0.60599477     -5.22330952      0.00419191     -5.21911761      0.56203921      0.02895483      0.56694759      0.11240784 md_running
   802    401.00000000    230.64592842      0.37503517   5240.47130395    300.00000000      0.99952827      0.59744178     -5.21466280      0.00351628     -5.21114652      0.55384876      0.02651899      0.55826105      0.11076975 md_running
   803    401.50000000    230.85967297      0.33519543   5172.65741444    300.00000000      0.99952865      0.58971063     -5.20686394      0.00280890     -5.20405504      0.53661097      0.02370190      0.54034963      0.10732219 md_running
   804    402.00000000    231.07322987      0.29056887   5102.18128860    300.00000000      0.99952903      0.58167598     -5.19881104      0.00211076     -5.19670028      0.51768587      0.02054632      0.52051839      0.10353717 md_running
   805    402.50000000    231.27948303      0.24236526   5014.41815938    300.00000000      0.99952946      0.57167051     -5.18883557      0.00146852     -5.18736705      0.51579753      0.01713781      0.51741431      0.10315951 md_running
   806    403.00000000    231.49227573      0.19318917   4897.06624638    300.00000000      0.99953006      0.55829176     -5.17547954      0.00093305     -5.17454649      0.55870558      0.01366054      0.55890320      0.11174112 md_running
   807    403.50000000    231.70885532      0.14937479   4751.75370741    300.00000000      0.99953088      0.54172536     -5.15888540      0.00055782     -5.15832758      0.65708925      0.01056239      0.65600832      0.13141785 md_running
   808    404.00000000    231.92040240      0.12607989   4604.09796742    300.00000000      0.99953190      0.52489181     -5.14203098      0.00039740     -5.14163357      0.78369595      0.00891519      0.78159245      0.15673919 md_running
   809    404.50000000    232.13894218      0.14231501   4501.38316212    300.00000000      0.99953285      0.51318177     -5.13052759      0.00050634     -5.13002126      0.88973654      0.01006319      0.88667964      0.17794731 md_running
   810    405.00000000    232.34370705      0.19373242   4491.86195075    300.00000000      0.99953332      0.51209630     -5.13018975      0.00093831     -5.12925144      0.93167827      0.01369895      0.92749143      0.18633565 md_running
   811    405.50000000    232.55320026      0.26420165   4595.50109881    300.00000000      0.99953297      0.52391172     -5.14348564      0.00174506     -5.14174058      0.89138990      0.01868188      0.88567638      0.17827798 md_running
   812    406.00000000    232.77304733      0.34491720   4789.41840775    300.00000000      0.99953186      0.54601933     -5.16774616      0.00297420     -5.16477196      0.78456671      0.02438933      0.77675204      0.15691334 md_running
   813    406.50000000    232.98830309      0.43198546   5021.34317967    300.00000000      0.99953040      0.57246000     -5.19681474      0.00466529     -5.19214945      0.65188714      0.03054599      0.64141295      0.13037743 md_running
   814    407.00000000    233.20072357      0.52325617   5238.22946964    300.00000000      0.99952902      0.59718620     -5.22450426      0.00684493     -5.21765934      0.53913495      0.03699980      0.52610003      0.10782699 md_running
   815    407.50000000    233.40224787      0.61714974   5406.72529979    300.00000000      0.99952795      0.61639562     -5.24701953      0.00952185     -5.23749768      0.47367721      0.04363908      0.45970175      0.09473544 md_running
   816    408.00000000    233.61319707      0.71226651   5515.67025632    300.00000000      0.99952725      0.62881593     -5.26314172      0.01268309     -5.25045863      0.45139315      0.05036485      0.43911641      0.09027863 md_running
   817    408.50000000    233.82838480      0.80725102   5567.82614344    300.00000000      0.99952686      0.63476198     -5.27322103      0.01629136     -5.25692967      0.45190425      0.05708127      0.44346616      0.09038085 md_running
   818    409.00000000    234.03931583      0.90075586   5570.94770887    300.00000000      0.99952673      0.63511786     -5.27809889      0.02028403     -5.25781486      0.46206890      0.06369306      0.45896512      0.09241378 md_running
   819    409.50000000    234.24970787      0.99141763   5533.76060116    300.00000000      0.99952683      0.63087833     -5.27866753      0.02457272     -5.25409481      0.48147088      0.07010381      0.48468764      0.09629418 md_running
   820    410.00000000    234.45841375      1.07786804   5466.94298303    300.00000000      0.99952709      0.62326076     -5.27600063      0.02904499     -5.24695564      0.51443986      0.07621678      0.52421347      0.10288797 md_running
   821    410.50000000    234.66893466      1.15877239   5385.79760321    300.00000000      0.99952748      0.61400975     -5.27169168      0.03356884     -5.23812284      0.56202265      0.08193758      0.57770334      0.11240453 md_running
   822    411.00000000    234.88879131      1.23289628   5312.08631889    300.00000000      0.99952791      0.60560627     -5.26808721      0.03800083     -5.23008638      0.61745595      0.08717893      0.63786049      0.12349119 md_running
   823    411.50000000    235.10187023      1.29919951   5272.48231181    300.00000000      0.99952823      0.60109120     -5.26813601      0.04219798     -5.22593802      0.66810576      0.09186728      0.69201976      0.13362115 md_running
   824    412.00000000    235.31227952      1.35694221   5292.76427053    300.00000000      0.99952831      0.60340346     -5.27472095      0.04603230     -5.22868864      0.70056121      0.09595030      0.72701198      0.14011224 md_running
   825    412.50000000    235.52313875      1.40577257   5389.74790832    300.00000000      0.99952801      0.61446011     -5.28972426      0.04940491     -5.24031935      0.70543744      0.09940313      0.73368647      0.14108749 md_running
   826    413.00000000    235.73537382      1.44577537   5564.50100133    300.00000000      0.99952730      0.63438290     -5.31324020      0.05225666     -5.26098354      0.68008490      0.10223176      0.70957256      0.13601698 md_running
   827    413.50000000    235.95197448      1.47745413   5799.86320144    300.00000000      0.99952628      0.66121545     -5.34328239      0.05457177     -5.28871062      0.62800331      0.10447178      0.65831957      0.12560066 md_running
   828    414.00000000    236.16712644      1.50164748   6063.26578564    300.00000000      0.99952514      0.69124475     -5.37611212      0.05637363     -5.31973849      0.55704537      0.10618251      0.58788732      0.11140907 md_running
   829    414.50000000    236.37215418      1.51940559   6312.72187972    300.00000000      0.99952405      0.71968408     -5.40695587      0.05771483     -5.34924103      0.47736249      0.10743820      0.50837719      0.09547250 md_running
   830    415.00000000    236.58161713      1.53186746   6501.90158557    300.00000000      0.99952319      0.74125158     -5.43059123      0.05866545     -5.37192579      0.40468288      0.10831939      0.43476743      0.08093658 md_running
   831    415.50000000    236.79200859      1.54016894   6582.28735496    300.00000000      0.99952267      0.75041599     -5.44155020      0.05930301     -5.38224719      0.38097493      0.10890639      0.40561555      0.07619499 md_running
   832    416.00000000    237.00226707      1.54541844   6509.07762488    300.00000000      0.99952263      0.74206969     -5.43458248      0.05970795     -5.37487453      0.48418538      0.10927759      0.49694159      0.09683708 md_running
   833    416.50000000    237.21699909      1.54874456   6265.30548093    300.00000000      0.99952318      0.71427836     -5.40754903      0.05996524     -5.34758379      0.71859868      0.10951278      0.72135692      0.14371974 md_running
   834    417.00000000    237.43579029      1.55139201   5894.55533589    300.00000000      0.99952440      0.67201086     -5.36532438      0.06017043     -5.30515395      1.00882984      0.10969998      1.00539880      0.20176597 md_running
   835    417.50000000    237.65026322      1.55483308   5510.79791531    300.00000000      0.99952613      0.62826046     -5.32139626      0.06043765     -5.26095861      1.25096828      0.10994330      1.24291402      0.25019366 md_running
   836    418.00000000    237.86142189      1.56079213   5246.40652250    300.00000000      0.99952782      0.59811842     -5.29188891      0.06090180     -5.23098711      1.35136513      0.11036467      1.33863096      0.27027303 md_running
   837    418.50000000    238.06336462      1.57108387   5154.11096566    300.00000000      0.99952876      0.58759624     -5.28333426      0.06170761     -5.22162665      1.29322705      0.11109241      1.27476911      0.25864541 md_running
   838    419.00000000    238.27704373      1.58731069   5172.24500218    300.00000000      0.99952885      0.58966361     -5.28806931      0.06298888     -5.22508043      1.16678936      0.11223982      1.14179726      0.23335787 md_running
   839    419.50000000    238.48749321      1.61056428   5204.63972616    300.00000000      0.99952863      0.59335679     -5.29441245      0.06484793     -5.22956452      1.09102150      0.11388409      1.06144120      0.21820430 md_running
   840    420.00000000    238.68774486      1.64122632   5212.28842064    300.00000000      0.99952853      0.59422878     -5.29803258      0.06734060     -5.23069199      1.07823203      0.11605223      1.04818338      0.21564641 md_running
   841    420.50000000    238.90092177      1.67887248   5214.64970944    300.00000000      0.99952855      0.59449798     -5.30169004      0.07046532     -5.23122472      1.04713876      0.11871421      1.01948027      0.20942775 md_running
   842    421.00000000    239.11395318      1.72227181   5232.60645509    300.00000000      0.99952851      0.59654514     -5.30803479      0.07415550     -5.23387929      0.94692122      0.12178301      0.92351180      0.18938424 md_running
   843    421.50000000    239.32178966      1.76956374   5251.28795215    300.00000000      0.99952839      0.59867493     -5.31510732      0.07828390     -5.23682343      0.79359674      0.12512705      0.77736344      0.15871935 md_running
   844    422.00000000    239.50709634      1.81853117   5232.64152790    300.00000000      0.99952836      0.59654914     -5.31808040      0.08267639     -5.23540400      0.64250348      0.12858957      0.63840797      0.12850070 md_running
   845    422.50000000    239.71509568      1.86692937   5150.03218422    300.00000000      0.99952863      0.58713123     -5.31358995      0.08713563     -5.22645432      0.54567479      0.13201184      0.55838155      0.10913496 md_running
   846    423.00000000    239.92712738      1.91275886   5003.97539594    300.00000000      0.99952930      0.57047998     -5.30158974      0.09146616     -5.21012358      0.51469590      0.13525248      0.54340716      0.10293918 md_running
   847    423.50000000    240.13534824      1.95441028   4814.54063233    300.00000000      0.99953034      0.54888340     -5.28430279      0.09549299     -5.18880980      0.52230703      0.13819768      0.56211310      0.10446141 md_running
   848    424.00000000    240.34098920      1.99067978   4606.69346566    300.00000000      0.99953166      0.52518771     -5.26450348      0.09907015     -5.16543333      0.53956603      0.14076232      0.58627572      0.10791321 md_running
   849    424.50000000    240.54350778      2.02071485   4400.70752850    300.00000000      0.99953314      0.50170421     -5.24439837      0.10208221     -5.14231616      0.55355960      0.14288612      0.60471954      0.11071192 md_running
   850    425.00000000    240.74803445      2.04393491   4209.35271864    300.00000000      0.99953469      0.47988874     -5.22534110      0.10444175     -5.12089935      0.56242733      0.14452802      0.61649924      0.11248547 md_running
   851    425.50000000    240.96102794      2.05996614   4039.24056974    300.00000000      0.99953623      0.46049504     -5.20799942      0.10608651     -5.10191291      0.56961124      0.14566160      0.62526353      0.11392225 md_running
   852    426.00000000    241.18149008      2.06859470   3893.66021036    300.00000000      0.99953767      0.44389810     -5.19268864      0.10697710     -5.08571154      0.58048016      0.14627173      0.63623788      0.11609603 md_running
   853    426.50000000    241.40021966      2.06973452   3775.70277514    300.00000000      0.99953898      0.43045033     -5.17972097      0.10709502     -5.07262595      0.59983528      0.14635233      0.65407740      0.11996706 md_running
   854    427.00000000    241.60464069      2.06340684   3691.01843366    300.00000000      0.99954005      0.42079586     -5.16973193      0.10644119     -5.06329073      0.62925283      0.14590490      0.68054096      0.12585057 md_running
   855    427.50000000    241.80909681      2.04972891   3649.46038487    300.00000000      0.99954077      0.41605802     -5.16387118      0.10503472     -5.05883646      0.66480198      0.14493772      0.71231873      0.13296040 md_running
   856    428.00000000    242.03624822      2.02890923   3664.36488938    300.00000000      0.99954095      0.41775721     -5.16373051      0.10291182     -5.06081870      0.69746005      0.14346555      0.74115434      0.13949201 md_running
   857    428.50000000    242.25646540      2.00124809   3748.88792436    300.00000000      0.99954042      0.42739329     -5.17091163      0.10012485     -5.07078678      0.71676936      0.14150961      0.75712592      0.14335387 md_running
   858    429.00000000    242.47172436      1.96714223   3910.64515994    300.00000000      0.99953912      0.44583448     -5.18639661      0.09674121     -5.08965540      0.71509867      0.13909796      0.75278645      0.14301973 md_running
   859    429.50000000    242.67563137      1.92709172   4147.33051755    300.00000000      0.99953716      0.47281788     -5.21001899      0.09284206     -5.11717693      0.69060529      0.13626596      0.72617190      0.13812106 md_running
   860    430.00000000    242.88987586      1.88170767   4445.65233818    300.00000000      0.99953481      0.50682816     -5.24034532      0.08852059     -5.15182472      0.64713861      0.13305683      0.68079699      0.12942772 md_running
   861    430.50000000    243.10079576      1.83171868   4783.72324696    300.00000000      0.99953237      0.54537005     -5.27495672      0.08387983     -5.19107689      0.59161944      0.12952207      0.62311034      0.11832389 md_running
   862    431.00000000    243.31045172      1.77797354   5134.96261468    300.00000000      0.99953008      0.58541322     -5.31091231      0.07902975     -5.23188256      0.53102217      0.12572171      0.55952752      0.10620443 md_running
   863    431.50000000    243.51872062      1.72143628   5471.13523761    300.00000000      0.99952809      0.62373870     -5.34510177      0.07408357     -5.27101820      0.47151471      0.12172393      0.49559221      0.09430294 md_running
   864    432.00000000    243.72560890      1.66316469   5763.77086021    300.00000000      0.99952649      0.65710073     -5.37437925      0.06915292     -5.30522633      0.42419609      0.11760350      0.44144450      0.08483922 md_running
   865    432.50000000    243.93927374      1.60427586   5985.88474003    300.00000000      0.99952530      0.68242290     -5.39573655      0.06434253     -5.33139402      0.41579519      0.11343943      0.42335064      0.08315904 md_running
   866    433.00000000    244.15749824      1.54587195   6117.35417689    300.00000000      0.99952455      0.69741112     -5.40686796      0.05974300     -5.34712496      0.47937925      0.10930965      0.47757162      0.09587585 md_running
   867    433.50000000    244.37033141      1.48890281   6155.10362260    300.00000000      0.99952421      0.70171476     -5.40738815      0.05542079     -5.35196736      0.61237492      0.10528133      0.60570602      0.12247498 md_running
   868    434.00000000    244.58671836      1.43397327   6122.73204442    300.00000000      0.99952422      0.69802422     -5.40002901      0.05140698     -5.34862203      0.76699097      0.10139722      0.75949994      0.15339819 md_running
   869    434.50000000    244.79344035      1.38112760   6064.99627329    300.00000000      0.99952444      0.69144204     -5.39010613      0.04768784     -5.34241829      0.88433854      0.09766047      0.87819858      0.17686771 md_running
   870    435.00000000    245.00890518      1.32972695   6020.46466783    300.00000000      0.99952466      0.68636520     -5.38223850      0.04420434     -5.33803416      0.92446153      0.09402589      0.92089777      0.18489231 md_running
   871    435.50000000    245.22059799      1.27850742   5990.16651238    300.00000000      0.99952479      0.68291104     -5.37646282      0.04086453     -5.33559829      0.89609272      0.09040413      0.89600171      0.17921854 md_running
   872    436.00000000    245.43234362      1.22582646   5940.85688499    300.00000000      0.99952492      0.67728948     -5.36844562      0.03756626     -5.33087936      0.87163317      0.08667902      0.87536030      0.17432663 md_running
   873    436.50000000    245.64388782      1.16999178   5850.08062394    300.00000000      0.99952521      0.66694050     -5.35515821      0.03422202     -5.32093619      0.93405245      0.08273091      0.94031500      0.18681049 md_running
   874    437.00000000    245.85866282      1.10958033   5751.57144383    300.00000000      0.99952568      0.65570993     -5.34038695      0.03077921     -5.30960774      1.05824718      0.07845918      1.06508092      0.21164944 md_running
   875    437.50000000    246.07777500      1.04366968   5726.91124827    300.00000000      0.99952604      0.65289853     -5.33411547      0.02723116     -5.30688431      1.12963432      0.07379859      1.13601237      0.22592686 md_running
   876    438.00000000    246.29518679      0.97198186   5832.90100616    300.00000000      0.99952587      0.66498193     -5.34343788      0.02361872     -5.31981916      1.07158642      0.06872950      1.07702469      0.21431728 md_running
   877    438.50000000    246.51714081      0.89494276   6040.57737719    300.00000000      0.99952512      0.68865815     -5.36493514      0.02002306     -5.34491208      0.89739222      0.06328201      0.90125169      0.17947844 md_running
   878    439.00000000    246.73345430      0.81362306   6256.41471543    300.00000000      0.99952418      0.71326476     -5.38739152      0.01654956     -5.37084196      0.68490975      0.05753184      0.68595723      0.13698195 md_running
   879    439.50000000    246.94459153      0.72957197   6393.25101196    300.00000000      0.99952346      0.72886483     -5.40065406      0.01330688     -5.38734718      0.52217186      0.05158853      0.51862922      0.10443437 md_running
   880    440.00000000    247.15955667      0.64465829   6412.55732533    300.00000000      0.99952317      0.73106586     -5.40049356      0.01038961     -5.39010396      0.45594662      0.04558422      0.44742203      0.09118932 md_running
   881    440.50000000    247.37969917      0.56102300   6321.28866722    300.00000000      0.99952333      0.72066074     -5.38795368      0.00786867     -5.38008501      0.46541148      0.03967032      0.45417437      0.09308230 md_running
   882    441.00000000    247.60016892      0.48121005   6148.20310021    300.00000000      0.99952385      0.70092806     -5.36655330      0.00578908     -5.36076422      0.49803739      0.03402669      0.48615232      0.09960748 md_running
   883    441.50000000    247.81493514      0.40854949   5922.68118340    300.00000000      0.99952466      0.67521736     -5.33966933      0.00417282     -5.33549651      0.52845681      0.02888881      0.51697279      0.10569136 md_running
   884    442.00000000    248.02074925      0.34774411   5668.14980696    300.00000000      0.99952571      0.64619942     -5.30997337      0.00302315     -5.30695022      0.55137748      0.02458922      0.54084852      0.11027550 md_running
   885    442.50000000    248.23247965      0.30522835   5401.78754057    300.00000000      0.99952694      0.61583269     -5.27939483      0.00232911     -5.27706572      0.57058204      0.02158290      0.56135469      0.11411641 md_running
   886    443.00000000    248.44744680      0.28774210   5136.22648963    300.00000000      0.99952831      0.58555731     -5.24932981      0.00206989     -5.24725992      0.59200145      0.02034644      0.58431974      0.11840029 md_running
   887    443.50000000    248.66693221      0.29786606   4882.74403238    300.00000000      0.99952980      0.55665895     -5.22100991      0.00221810     -5.21879181      0.61916414      0.02106231      0.61314675      0.12383283 md_running
   888    444.00000000    248.88166338      0.33118599   4654.01815722    300.00000000      0.99953133      0.53058298     -5.19584538      0.00274210     -5.19310328      0.64960022      0.02341839      0.64522027      0.12992004 md_running
   889    444.50000000    249.09918379      0.37986272   4464.31861258    300.00000000      0.99953279      0.50895622     -5.17545987      0.00360739     -5.17185248      0.67531253      0.02686035      0.67244987      0.13506251 md_running
   890    445.00000000    249.31298982      0.43714793   4326.24531845    300.00000000      0.99953404      0.49321512     -5.16129976      0.00477746     -5.15652231      0.68671338      0.03091103      0.68525704      0.13734268 md_running
   891    445.50000000    249.52146498      0.49856084   4245.84181148    300.00000000      0.99953491      0.48404869     -5.15404913      0.00621407     -5.14783506      0.67679335      0.03525358      0.67673403      0.13535867 md_running
   892    446.00000000    249.73684938      0.56132443   4218.98420259    300.00000000      0.99953534      0.48098678     -5.15320746      0.00787713     -5.14533033      0.64433261      0.03969163      0.64582170      0.12886652 md_running
   893    446.50000000    249.95123102      0.62367447   4231.30381195    300.00000000      0.99953537      0.48239128     -5.15706916      0.00972425     -5.14734491      0.59442826      0.04410044      0.59781558      0.11888565 md_running
   894    447.00000000    250.16923464      0.68440793   4261.69997593    300.00000000      0.99953515      0.48585661     -5.16314844      0.01171036     -5.15143808      0.53644562      0.04839495      0.54228558      0.10728912 md_running
   895    447.50000000    250.38879182      0.74262854   4287.23574694    300.00000000      0.99953489      0.48876782     -5.16875182      0.01378743     -5.15496439      0.48181648      0.05251177      0.49077541      0.09636330 md_running
   896    448.00000000    250.60738570      0.79761307   4287.29865956    300.00000000      0.99953475      0.48877499     -5.17145845      0.01590467     -5.15555378      0.44420601      0.05639976      0.45666390      0.08884120 md_running
   897    448.50000000    250.82520702      0.84875596   4246.68853007    300.00000000      0.99953490      0.48414522     -5.16945398      0.01800967     -5.15144431      0.44118986      0.06001611      0.45640636      0.08823797 md_running
   898    449.00000000    251.04225165      0.89557056   4158.82212511    300.00000000      0.99953542      0.47412798     -5.16189995      0.02005117     -5.14184878      0.48929102      0.06332640      0.50511161      0.09785820 md_running
   899    449.50000000    251.25662217      0.93772728   4030.77035042    300.00000000      0.99953638      0.45952939     -5.14948781      0.02198331     -5.12750450      0.58814188      0.06630733      0.60248449      0.11762838 md_running
   900    450.00000000    251.47062560      0.97510806   3888.85322595    300.00000000      0.99953768      0.44335008     -5.13518348      0.02377089     -5.11141259      0.71201823      0.06895055      0.72412036      0.14240365 md_running
   901    450.50000000    251.68735258      1.00784374   3777.29799860    300.00000000      0.99953903      0.43063219     -5.12411452      0.02539373     -5.09872080      0.82334841      0.07126531      0.83337285      0.16466968 md_running
   902    451.00000000    251.90584287      1.03629399   3744.59267167    300.00000000      0.99953987      0.42690361     -5.12198821      0.02684763     -5.09514058      0.88670395      0.07327705      0.89518415      0.17734079 md_running
   903    451.50000000    252.12538942      1.06095855   3821.79421142    300.00000000      0.99953966      0.43570500     -5.13250315      0.02814083     -5.10436233      0.88217846      0.07502110      0.88979710      0.17643569 md_running
   904    452.00000000    252.34281306      1.08235218   4006.75744210    300.00000000      0.99953829      0.45679179     -5.15541152      0.02928716     -5.12612436      0.81491864      0.07653386      0.82245212      0.16298373 md_running
   905    452.50000000    252.56057417      1.10090117   4267.47319312    300.00000000      0.99953614      0.48651479     -5.18692264      0.03029958     -5.15662305      0.71254059      0.07784547      0.72081226      0.14250812 md_running
   906    453.00000000    252.77740521      1.11690166   4561.20971276    300.00000000      0.99953381      0.52000232     -5.22202589      0.03118673     -5.19083915      0.61125981      0.07897687      0.62098113      0.12225196 md_running
   907    453.50000000    252.99393484      1.13053212   4853.63258237    300.00000000      0.99953167      0.55334009     -5.25675554      0.03195257     -5.22480297      0.53938266      0.07994069      0.55080758      0.10787653 md_running
   908    454.00000000    253.20947541      1.14188731   5126.60425523    300.00000000      0.99952986      0.58446032     -5.28908936      0.03259767     -5.25649169      0.50311231      0.08074363      0.51591279      0.10062246 md_running
   909    454.50000000    253.42439466      1.15100541   5374.29024763    300.00000000      0.99952838      0.61269785     -5.31843072      0.03312034     -5.28531038      0.48845784      0.08138837      0.50220411      0.09769157 md_running
   910    455.00000000    253.63721641      1.15787433   5594.17924530    300.00000000      0.99952716      0.63776638     -5.34455584      0.03351682     -5.31103901      0.47685904      0.08187408      0.49144753      0.09537181 md_running
   911    455.50000000    253.84709798      1.16242650   5778.77197088    300.00000000      0.99952618      0.65881093     -5.36664044      0.03378088     -5.33285955      0.45606477      0.08219597      0.47165309      0.09121295 md_running
   912    456.00000000    254.05891282      1.16454667   5910.41621455    300.00000000      0.99952545      0.67381908     -5.38267031      0.03390422     -5.34876609      0.42552735      0.08234589      0.44224266      0.08510547 md_running
   913    456.50000000    254.27098194      1.16408542   5959.75006150    300.00000000      0.99952502      0.67944341     -5.38927751      0.03387737     -5.35540014      0.40639543      0.08231327      0.42330511      0.08127909 md_running
   914    457.00000000    254.48510169      1.16089229   5887.61613233    300.00000000      0.99952503      0.67121975     -5.38189883      0.03369177     -5.34820705      0.46108269      0.08208748      0.47455928      0.09221654 md_running
   915    457.50000000    254.70475894      1.15488270   5663.07543236    300.00000000      0.99952564      0.64562091     -5.35661362      0.03334385     -5.32326977      0.64879030      0.08166254      0.65665121      0.12975806 md_running
   916    458.00000000    254.92433923      1.14602866   5301.16404634    300.00000000      0.99952704      0.60436108     -5.31482627      0.03283454     -5.28199173      0.94194878      0.08103646      0.94599167      0.18838976 md_running
   917    458.50000000    255.13517440      1.13424784   4900.23303984    300.00000000      0.99952920      0.55865279     -5.26766482      0.03216295     -5.23550186      1.24927502      0.08020343      1.25173708      0.24985500 md_running
   918    459.00000000    255.33924651      1.11917340   4631.85369065    300.00000000      0.99953149      0.52805611     -5.23553863      0.03131373     -5.20422491      1.44318404      0.07913751      1.44581162      0.28863681 md_running
   919    459.50000000    255.54907559      1.09989621   4637.28725749    300.00000000      0.99953250      0.52867557     -5.23564824      0.03024429     -5.20540394      1.43126160      0.07777441      1.43549385      0.28625232 md_running
   920    460.00000000    255.76416388      1.07499431   4910.06978985    300.00000000      0.99953142      0.55977424     -5.26708703      0.02889032     -5.23819671      1.22882099      0.07601358      1.23600915      0.24576420 md_running
   921    460.50000000    255.97953985      1.04295066   5309.87113998    300.00000000      0.99952915      0.60535373     -5.31265640      0.02719365     -5.28546274      0.94878185      0.07374775      0.96003427      0.18975637 md_running
   922    461.00000000    256.19139211      1.00269140   5686.41779624    300.00000000      0.99952699      0.64828206     -5.35455814      0.02513475     -5.32942339      0.71540209      0.07090099      0.73045994      0.14308042 md_running
   923    461.50000000    256.41040569      0.95389780   5962.94595660    300.00000000      0.99952546      0.67980775     -5.38427442      0.02274803     -5.36152639      0.58553705      0.06745076      0.60135080      0.11710741 md_running
   924    462.00000000    256.62860117      0.89699687   6130.96172209    300.00000000      0.99952455      0.69896245     -5.40115940      0.02011508     -5.38104431      0.53421592      0.06342726      0.54674979      0.10684318 md_running
   925    462.50000000    256.84467785      0.83299518   6210.14810115    300.00000000      0.99952408      0.70799012     -5.40792327      0.01734702     -5.39057625      0.50352419      0.05890165      0.51085900      0.10070484 md_running
   926    463.00000000    257.06353854      0.76326410   6215.82110890    300.00000000      0.99952393      0.70863688     -5.40642366      0.01456430     -5.39185936      0.46633532      0.05397092      0.46786450      0.09326706 md_running
   927    463.50000000    257.27492136      0.68938523   6150.06196355    300.00000000      0.99952405      0.70113998     -5.39696039      0.01188130     -5.38507909      0.42608359      0.04874690      0.42146853      0.08521672 md_running
   928    464.00000000    257.49283949      0.61307828   6006.18865111    300.00000000      0.99952445      0.68473765     -5.37879649      0.00939662     -5.36939987      0.40947003      0.04335118      0.39923221      0.08189401 md_running
   929    464.50000000    257.70641893      0.53619184   5777.15548622    300.00000000      0.99952522      0.65862665     -5.35110223      0.00718754     -5.34391469      0.45561275      0.03791449      0.44282740      0.09112255 md_running
   930    465.00000000    257.92267771      0.46072602   5467.66545987    300.00000000      0.99952644      0.62334313     -5.31435391      0.00530671     -5.30904720      0.57608637      0.03257825      0.56437227      0.11521727 md_running
   931    465.50000000    258.13845680      0.38884925   5105.97063630    300.00000000      0.99952816      0.58210798     -5.27174922      0.00378009     -5.26796912      0.73586621      0.02749579      0.72647044      0.14717324 md_running
   932    466.00000000    258.35518579      0.32288177   4746.73817939    300.00000000      0.99953030      0.54115356     -5.22963009      0.00260632     -5.22702378      0.88201313      0.02283119      0.87478153      0.17640263 md_running
   933    466.50000000    258.56629100      0.26530947   4455.00661845    300.00000000      0.99953253      0.50789460     -5.19564952      0.00175973     -5.19388979      0.96556550      0.01876021      0.96005424      0.19311310 md_running
   934    467.00000000    258.78092369      0.21886003   4274.94211300    300.00000000      0.99953434      0.48736628     -5.17502096      0.00119749     -5.17382347      0.95923081      0.01547574      0.95500195      0.19184616 md_running
   935    467.50000000    258.99393041      0.18653027   4205.45850444    300.00000000      0.99953531      0.47944478     -5.16754540      0.00086984     -5.16667556      0.87006764      0.01318968      0.86672322      0.17401353 md_running
   936    468.00000000    259.20708026      0.17087966   4204.70441074    300.00000000      0.99953552      0.47935881     -5.16816402      0.00073000     -5.16743402      0.73681588      0.01208302      0.73398019      0.14736318 md_running
   937    468.50000000    259.41997797      0.17211068   4219.09100292    300.00000000      0.99953539      0.48099896     -5.17050868      0.00074055     -5.16976812      0.61204345      0.01217006      0.60935954      0.12240869 md_running
   938    469.00000000    259.63087574      0.18712615   4211.42250661    300.00000000      0.99953533      0.48012471     -5.17024909      0.00087540     -5.16937368      0.53741297      0.01323182      0.53461440      0.10748259 md_running
   939    469.50000000    259.84191432      0.21153699   4170.65981019    300.00000000      0.99953555      0.47547754     -5.16617677      0.00111870     -5.16505807      0.51994070      0.01495792      0.51691464      0.10398814 md_running
   940    470.00000000    260.05389978      0.24188544   4105.47858886    300.00000000      0.99953604      0.46804653     -5.15936457      0.00146271     -5.15790186      0.53611588      0.01710388      0.53281271      0.10722318 md_running
   941    470.50000000    260.27151521      0.27612060   4032.90451469    300.00000000      0.99953668      0.45977270     -5.15181659      0.00190606     -5.14991053      0.56144701      0.01952468      0.55779385      0.11228940 md_running
   942    471.00000000    260.49474822      0.31321296   3969.83049487    300.00000000      0.99953734      0.45258192     -5.14548644      0.00245256     -5.14303388      0.58399577      0.02214750      0.57988405      0.11679915 md_running
   943    471.50000000    260.71306650      0.35274826   3929.30793705    300.00000000      0.99953785      0.44796214     -5.14187098      0.00311078     -5.13876020      0.60010542      0.02494307      0.59540413      0.12002108 md_running
   944    472.00000000    260.92664114      0.39466498   3919.95729175    300.00000000      0.99953811      0.44689611     -5.14196597      0.00389401     -5.13807196      0.60965456      0.02790703      0.60421119      0.12193091 md_running
   945    472.50000000    261.13687659      0.43910458   3946.32300546    300.00000000      0.99953803      0.44990194     -5.14630546      0.00482032     -5.14148514      0.61350778      0.03104938      0.60714693      0.12270156 md_running
   946    473.00000000    261.34880817      0.48632463   4009.59623278    300.00000000      0.99953760      0.45711543     -5.15504573      0.00591279     -5.14913293      0.61275465      0.03438834      0.60527738      0.12255093 md_running
   947    473.50000000    261.55987988      0.53664540   4108.37792767    300.00000000      0.99953684      0.46837707     -5.16805450      0.00719971     -5.16085479      0.60862456      0.03794656      0.59981322      0.12172491 md_running
   948    474.00000000    261.75954903      0.59041376   4239.43025416    300.00000000      0.99953582      0.48331774     -5.18499401      0.00871471     -5.17627930      0.60270685      0.04174856      0.59234186      0.12054137 md_running
   949    474.50000000    261.96944792      0.64797613   4398.49917704    300.00000000      0.99953460      0.50145245     -5.20541517      0.01049683     -5.19491834      0.59718225      0.04581883      0.58507908      0.11943645 md_running
   950    475.00000000    262.18997506      0.70965552   4581.26122318    300.00000000      0.99953327      0.52228830     -5.22886425      0.01259027     -5.21627398      0.59486454      0.05018022      0.58094190      0.11897291 md_running
   951    475.50000000    262.40582777      0.77572795   4784.28724119    300.00000000      0.99953189      0.54543435     -5.25499809      0.01504385     -5.23995424      0.59811876      0.05485225      0.58245619      0.11962375 md_running
   952    476.00000000    262.62288858      0.84639868   5005.52729014    300.00000000      0.99953050      0.57065690     -5.28364098      0.01790977     -5.26573121      0.60731350      0.05984942      0.59017259      0.12146270 md_running
   953    476.50000000    262.83275359      0.92177234   5243.60263813    300.00000000      0.99952913      0.59779877     -5.31471935      0.02124161     -5.29347775      0.61850153      0.06517915      0.60025264      0.12370031 md_running
   954    477.00000000    263.03453203      1.00181515   5494.80754558    300.00000000      0.99952778      0.62643747     -5.34789773      0.02509084     -5.32280689      0.62179941      0.07083903      0.60280534      0.12435988 md_running
   955    477.50000000    263.24974625      1.08630306   5748.60642210    300.00000000      0.99952651      0.65537190     -5.38205682      0.02950136     -5.35255546      0.60556451      0.07681323      0.58620325      0.12111290 md_running
   956    478.00000000    263.46361444      1.17476351   5982.11013581    300.00000000      0.99952538      0.68199257     -5.41468111      0.03450173     -5.38017938      0.55973893      0.08306832      0.54070275      0.11194779 md_running
   957    478.50000000    263.67017657      1.26639956   6153.55034623    300.00000000      0.99952448      0.70153768     -5.44102185      0.04009420     -5.40092765      0.48541567      0.08954797      0.46867577      0.09708313 md_running
   958    479.00000000    263.88135166      1.36000975   6199.68751808    300.00000000      0.99952399      0.70679756     -5.45382110      0.04624066     -5.40758044      0.43290896      0.09616721      0.42477751      0.08658179 md_running
   959    479.50000000    264.09276112      1.45389229   6051.86879101    300.00000000      0.99952412      0.68994543     -5.44464756      0.05284507     -5.39180249      0.54026689      0.10280571      0.54691133      0.10805338 md_running
   960    480.00000000    264.30114605      1.54577280   5681.95062284    300.00000000      0.99952517      0.64777278     -5.40968131      0.05973534     -5.34994597      0.84003543      0.10930264      0.85589485      0.16800709 md_running
   961    480.50000000    264.50781912      1.63286678   5160.89720330    300.00000000      0.99952733      0.58836990     -5.35640435      0.06665635     -5.28974800      1.20995886      0.11546112      1.23069187      0.24199177 md_running
   962    481.00000000    264.71872929      1.71214450   4676.93536375    300.00000000      0.99953038      0.53319566     -5.30664199      0.07328597     -5.23335602      1.49872564      0.12106690      1.52337096      0.29974513 md_running
   963    481.50000000    264.93206781      1.78082415   4444.14253637    300.00000000      0.99953302      0.50665604     -5.28589392      0.07928337     -5.20661055      1.58742299      0.12592328      1.61661911      0.31748460 md_running
   964    482.00000000    265.13396063      1.83689036   4546.44305524    300.00000000      0.99953349      0.51831884     -5.30394640      0.08435415     -5.21959225      1.45107739      0.12988776      1.48641875      0.29021548 md_running
   965    482.50000000    265.33650577      1.87940043   4883.84786339    300.00000000      0.99953169      0.55678480     -5.34827980      0.08830365     -5.25997615      1.16557371      0.13289368      1.20924630      0.23311474 md_running
   966    483.00000000    265.53882487      1.90849951   5273.10208363    300.00000000      0.99952923      0.60116186     -5.39690788      0.09105926     -5.30584862      0.84248778      0.13495129      0.89658928      0.16849756 md_running
   967    483.50000000    265.74346231      1.92523769   5571.04629103    300.00000000      0.99952731      0.63512910     -5.43335427      0.09266350     -5.34069076      0.56418637      0.13613486      0.62919574      0.11283727 md_running
   968    484.00000000    265.95611468      1.93129454   5715.70164252    300.00000000      0.99952624      0.65162058     -5.45083875      0.09324747     -5.35759128      0.38485937      0.13656315      0.45359735      0.07697187 md_running
   969    484.50000000    266.17056945      1.92868630   5708.53138390    300.00000000      0.99952596      0.65080313     -5.45004940      0.09299577     -5.35705363      0.33623837      0.13637872      0.38801315      0.06724767 md_running
   970    485.00000000    266.37901826      1.91950067   5579.65449485    300.00000000      0.99952631      0.63611048     -5.43474291      0.09211207     -5.34263084      0.37776755      0.13572919      0.40232564      0.07555351 md_running
   971    485.50000000    266.59539864      1.90572510   5363.55181806    300.00000000      0.99952718      0.61147361     -5.40908921      0.09079470     -5.31829451      0.44367854      0.13475511      0.44783013      0.08873571 md_running
   972    486.00000000    266.80785157      1.88913188   5092.71531123    300.00000000      0.99952849      0.58059680     -5.37695139      0.08922048     -5.28773091      0.50368322      0.13358180      0.49509597      0.10073664 md_running
   973    486.50000000    267.02050769      1.87122056   4795.27404855    300.00000000      0.99953016      0.54668691     -5.34168262      0.08753666     -5.25414596      0.55004929      0.13231527      0.53354398      0.11000986 md_running
   974    487.00000000    267.22351089      1.85320356   4494.03303191    300.00000000      0.99953214      0.51234382     -5.30600752      0.08585909     -5.22014843      0.58364611      0.13104128      0.56222321      0.11672922 md_running
   975    487.50000000    267.42715140      1.83600732   4206.25976902    300.00000000      0.99953434      0.47953613     -5.27196348      0.08427307     -5.18769041      0.60732635      0.12982532      0.58297455      0.12146527 md_running
   976    488.00000000    267.63774910      1.82029177   3944.58174954    300.00000000      0.99953669      0.44970343     -5.24104321      0.08283655     -5.15820666      0.62316842      0.12871407      0.59719906      0.12463368 md_running
   977    488.50000000    267.84582570      1.80648724   3717.95921102    300.00000000      0.99953905      0.42386725     -5.21430319      0.08158490     -5.13271829      0.63222191      0.12773794      0.60550531      0.12644438 md_running
   978    489.00000000    268.04933091      1.79483227   3531.97880327    300.00000000      0.99954129      0.40266449     -5.19240513      0.08053557     -5.11186956      0.63521181      0.12691381      0.60828006      0.12704236 md_running
   979    489.50000000    268.26893074      1.78541663   3388.73406020    300.00000000      0.99954326      0.38633382     -5.17559380      0.07969281     -5.09590099      0.63296745      0.12624802      0.60611248      0.12659349 md_running
   980    490.00000000    268.48114160      1.77822338   3287.01378079    300.00000000      0.99954485      0.37473716     -5.16372778      0.07905196     -5.08467582      0.62658002      0.12573938      0.59995124      0.12531600 md_running
   981    490.50000000    268.69765225      1.77316450   3222.96607802    300.00000000      0.99954598      0.36743538     -5.15635433      0.07860281     -5.07775152      0.61778971      0.12538166      0.59148817      0.12355794 md_running
   982    491.00000000    268.91140650      1.77010905   3191.18208051    300.00000000      0.99954665      0.36381184     -5.15283438      0.07833215     -5.07450223      0.60920376      0.12516561      0.58338458      0.12184075 md_running
   983    491.50000000    269.12565447      1.76890258   3186.27966287    300.00000000      0.99954690      0.36325294     -5.15253123      0.07822541     -5.07430582      0.60430733      0.12508030      0.57927560      0.12086147 md_running
   984    492.00000000    269.33863849      1.76937753   3204.57209750    300.00000000      0.99954680      0.36533837     -5.15500163      0.07826742     -5.07673421      0.60658002      0.12511389      0.58282285      0.12131600 md_running
   985    492.50000000    269.54997692      1.77135561   3245.50851231    300.00000000      0.99954637      0.37000534     -5.16016032      0.07844252     -5.08171781      0.61779147      0.12525376      0.59591264      0.12355829 md_running
   986    493.00000000    269.76547749      1.77464153   3312.47965191    300.00000000      0.99954561      0.37764041     -5.16838536      0.07873381     -5.08965155      0.63583179      0.12548611      0.61641627      0.12716636 md_running
   987    493.50000000    269.97484405      1.77900780   3412.02276499    300.00000000      0.99954450      0.38898886     -5.18042905      0.07912172     -5.10130733      0.65360821      0.12579485      0.63714583      0.13072164 md_running
   988    494.00000000    270.18105603      1.78417151   3550.62743322    300.00000000      0.99954298      0.40479053     -5.19705338      0.07958170     -5.11747168      0.66089903      0.12615998      0.64795462      0.13217981 md_running
   989    494.50000000    270.39416973      1.78975797   3729.68229791    300.00000000      0.99954109      0.42520374     -5.21842388      0.08008084     -5.13834304      0.64896957      0.12655500      0.64053128      0.12979391 md_running
   990    495.00000000    270.60911273      1.79525586   3941.00941775    300.00000000      0.99953896      0.44929617     -5.24358266      0.08057359     -5.16300907      0.61556913      0.12694376      0.61356824      0.12311383 md_running
   991    495.50000000    270.82603967      1.79996427   4165.85616334    300.00000000      0.99953682      0.47492990     -5.27029130      0.08099678     -5.18929451      0.57017168      0.12727669      0.57798503      0.11403434 md_running
   992    496.00000000    271.04346819      1.80293637   4379.77398571    300.00000000      0.99953488      0.49931768     -5.29559567      0.08126449     -5.21433118      0.53825344      0.12748685      0.55971362      0.10765069 md_running
   993    496.50000000    271.26292918      1.80296893   4562.81088126    300.00000000      0.99953330      0.52018486     -5.31702634      0.08126742     -5.23575892      0.55191395      0.12748916      0.58749074      0.11038279 md_running
   994    497.00000000    271.46730999      1.79867580   4709.78634465    300.00000000      0.99953212      0.53694085     -5.33381980      0.08088087     -5.25293894      0.61803463      0.12718559      0.66322428      0.12360693 md_running
   995    497.50000000    271.68310191      1.78866836   4834.63736310    300.00000000      0.99953123      0.55117454     -5.34749759      0.07998336     -5.26751423      0.70230158      0.12647795      0.75190174      0.14046032 md_running
   996    498.00000000    271.90411603      1.77187338   4961.54729922    300.00000000      0.99953045      0.56564295     -5.36091653      0.07848838     -5.28242815      0.75647919      0.12529037      0.80734169      0.15129584 md_running
   997    498.50000000    272.12154598      1.74786666   5101.96898788    300.00000000      0.99952963      0.58165177     -5.37557503      0.07637595     -5.29919909      0.74765779      0.12359284      0.79817568      0.14953156 md_running
   998    499.00000000    272.34054337      1.71705900   5233.05939777    300.00000000      0.99952879      0.59659678     -5.38893527      0.07370729     -5.31522798      0.67966606      0.12141441      0.72856667      0.13593321 md_running
   999    499.50000000    272.55312112      1.68058805   5296.71944221    300.00000000      0.99952818      0.60385437     -5.39425269      0.07060940     -5.32364328      0.61792722      0.11883552      0.66168586      0.12358544 md_running
  1000    500.00000000    272.76919643      1.63989552   5234.33415480    300.00000000      0.99952812      0.59674211     -5.38449170      0.06723143     -5.31726027      0.68355366      0.11595812      0.71520483      0.13671073 max_step
