  step         time_fs     wall_time_s        rti_dist          temp_K     temp_bath_K   thermo_lambda          kin_Ha     pot_real_Ha     pot_rtip_Ha    pot_total_Ha          f_real          f_rtip         f_total      rms_f_real state_decision
     1      0.50000000      0.15244980      1.45670883   1088.02036051    300.00000000      0.99963620      0.11887181     -5.17321205      0.02122001     -5.15199204      0.16516285      0.04120195      0.17006963      0.03371373 md_running
     2      1.00000000      0.36500123      1.46168017   1064.03696557    300.00000000      0.99963899      0.11625150     -5.17080429      0.02136509     -5.14943920      0.18649470      0.04134256      0.18797695      0.03806807 md_running
     3      1.50000000      0.57745193      1.46599022   1038.02502177    300.00000000      0.99964236      0.11340956     -5.16814633      0.02149127     -5.14665506      0.21343024      0.04146447      0.21228715      0.04356627 md_running
     4      2.00000000      0.78751072      1.46988677   1013.42443178    300.00000000      0.99964597      0.11072182     -5.16562560      0.02160567     -5.14401993      0.24044022      0.04157468      0.23739398      0.04907966 md_running
     5      2.50000000      1.00288202      1.47361331    993.99054076    300.00000000      0.99964927      0.10859857     -5.16366513      0.02171536     -5.14194977      0.26351411      0.04168008      0.25903650      0.05378959 md_running
     6      3.00000000      1.21619833      1.47741142    983.09247133    300.00000000      0.99965165      0.10740790     -5.16264539      0.02182744     -5.14081794      0.28009095      0.04178751      0.27444062      0.05717333 md_running
     7      3.50000000      1.43596926      1.48152107    983.06032001    300.00000000      0.99965254      0.10740438     -5.16283252      0.02194905     -5.14088347      0.28880952      0.04190374      0.28210610      0.05895300 md_running
     8      4.00000000      1.65465435      1.48617575    994.73126935    300.00000000      0.99965164      0.10867949     -5.16432752      0.02208718     -5.14224034      0.28935091      0.04203540      0.28163755      0.05906351 md_running
     9      4.50000000      1.87339089      1.49159141   1017.27903389    300.00000000      0.99964901      0.11114295     -5.16704665      0.02224845     -5.14479820      0.28236347      0.04218858      0.27365903      0.05763720 md_running
    10      5.00000000      2.08908421      1.49795055   1048.37665774    300.00000000      0.99964506      0.11454053     -5.17073935      0.02243856     -5.14830079      0.26929901      0.04236844      0.25964813      0.05497043 md_running
    11      5.50000000      2.30809767      1.50538413   1084.65096946    300.00000000      0.99964038      0.11850368     -5.17503695      0.02266181     -5.15237513      0.25220068      0.04257869      0.24173373      0.05148025 md_running
    12      6.00000000      2.52834238      1.51395463   1122.31523201    300.00000000      0.99963560      0.12261870     -5.17952431      0.02292059     -5.15660372      0.23336873      0.04282110      0.22237506      0.04763619 md_running
    13      6.50000000      2.75067342      1.52364291   1157.80400011    300.00000000      0.99963118      0.12649603     -5.18380797      0.02321488     -5.16059310      0.21500850      0.04309513      0.20400875      0.04388843 md_running
    14      7.00000000      2.96357655      1.53434123   1188.25763548    300.00000000      0.99962745      0.12982324     -5.18757081      0.02354203     -5.16402878      0.19896198      0.04339772      0.18874732      0.04061294 md_running
    15      7.50000000      3.18792333      1.54585308   1211.81269502    300.00000000      0.99962456      0.13239675     -5.19060268      0.02389662     -5.16670606      0.18646269      0.04372333      0.17804017      0.03806154 md_running
    16      8.00000000      3.40971103      1.55789982   1227.61767799    300.00000000      0.99962255      0.13412353     -5.19280385      0.02427052     -5.16853333      0.17810615      0.04406406      0.17252080      0.03635577 md_running
    17      8.50000000      3.62864626      1.57013338   1235.58174157    300.00000000      0.99962138      0.13499364     -5.19415599      0.02465319     -5.16950280      0.17419724      0.04441008      0.17229065      0.03555786 md_running
    18      9.00000000      3.84413846      1.58215383   1236.02150981    300.00000000      0.99962098      0.13504169     -5.19468199      0.02503211     -5.16964988      0.17497423      0.04475007      0.17716304      0.03571647 md_running
    19      9.50000000      4.06892332      1.59353049   1229.43445451    300.00000000      0.99962129      0.13432202     -5.19442134      0.02539339     -5.16902794      0.18054956      0.04507185      0.18672126      0.03685452 md_running
    20     10.00000000      4.29218002      1.60382549   1216.53151615    300.00000000      0.99962227      0.13291231     -5.19343430      0.02572256     -5.16771174      0.19057720      0.04536304      0.20014842      0.03890141 md_running
    21     10.50000000      4.50434470      1.61261928   1198.48277785    300.00000000      0.99962386      0.13094039     -5.19183149      0.02600541     -5.16582608      0.20357556      0.04561176      0.21571004      0.04155469 md_running
    22     11.00000000      4.73099128      1.61953736   1177.12620778    300.00000000      0.99962596      0.12860708     -5.18980130      0.02622901     -5.16357229      0.21696792      0.04580743      0.23082437      0.04428839 md_running
    23     11.50000000      4.95324983      1.62427601   1154.91301175    300.00000000      0.99962836      0.12618017     -5.18760295      0.02638273     -5.16122023      0.22772772      0.04594146      0.24259791      0.04648473 md_running
    24     12.00000000      5.17109404      1.62662449   1134.50562479    300.00000000      0.99963081      0.12395056     -5.18552530      0.02645907     -5.15906623      0.23316344      0.04600789      0.24848959      0.04759429 md_running
    25     12.50000000      5.39298577      1.62648113   1118.21324463    300.00000000      0.99963298      0.12217053     -5.18382017      0.02645441     -5.15736576      0.23161569      0.04600383      0.24694425      0.04727836 md_running
    26     13.00000000      5.61314719      1.62385999   1107.50673597    300.00000000      0.99963462      0.12100079     -5.18265144      0.02636921     -5.15628223      0.22287295      0.04592970      0.23778918      0.04549375 md_running
    27     13.50000000      5.83837702      1.61888573   1102.69222402    300.00000000      0.99963556      0.12047478     -5.18205817      0.02620791     -5.15585026      0.20831308      0.04578900      0.22236431      0.04252173 md_running
    28     14.00000000      6.05840200      1.61177761   1102.95156892    300.00000000      0.99963581      0.12050312     -5.18195583      0.02597827     -5.15597755      0.19079583      0.04558796      0.20340889      0.03894604 md_running
    29     14.50000000      6.27625242      1.60282550   1106.74081289    300.00000000      0.99963552      0.12091711     -5.18218314      0.02569050     -5.15649264      0.17431853      0.04533475      0.18474437      0.03558262 md_running
    30     15.00000000      6.49648170      1.59236208   1112.30472226    300.00000000      0.99963491      0.12152500     -5.18255607      0.02535617     -5.15719990      0.16342201      0.04503880      0.17082127      0.03335838 md_running
    31     15.50000000      6.71294699      1.58073530   1118.14334841    300.00000000      0.99963419      0.12216290     -5.18292114      0.02498724     -5.15793390      0.16169030      0.04470995      0.16551652      0.03300489 md_running
    32     16.00000000      6.93691584      1.56828431   1123.31412622    300.00000000      0.99963352      0.12272783     -5.18318608      0.02459516     -5.15859093      0.16985988      0.04435778      0.17029486      0.03467250 md_running
    33     16.50000000      7.15547476      1.55532031   1127.53448866    300.00000000      0.99963296      0.12318893     -5.18333057      0.02419021     -5.15914035      0.18575713      0.04399110      0.18360133      0.03791751 md_running
    34     17.00000000      7.37381681      1.54211350   1131.15079132    300.00000000      0.99963251      0.12358403     -5.18340203      0.02378114     -5.15962089      0.20583550      0.04361756      0.20201387      0.04201599 md_running
    35     17.50000000      7.58536597      1.52888498   1134.97947089    300.00000000      0.99963210      0.12400233     -5.18349864      0.02337489     -5.16012375      0.22660001      0.04324340      0.22184069      0.04625453 md_running
    36     18.00000000      7.80450154      1.51580331   1140.04243286    300.00000000      0.99963160      0.12455548     -5.18373957      0.02297660     -5.16076298      0.24515527      0.04287339      0.23993994      0.05004211 md_running
    37     18.50000000      8.02587295      1.50298463   1147.27322190    300.00000000      0.99963091      0.12534548     -5.18423160      0.02258963     -5.16164198      0.25922904      0.04251083      0.25385155      0.05291491 md_running
    38     19.00000000      8.23689890      1.49049523   1157.27090318    300.00000000      0.99962994      0.12643778     -5.18504365      0.02221576     -5.16282789      0.26722318      0.04215757      0.26185828      0.05454670 md_running
    39     19.50000000      8.45614588      1.47835568   1170.15892575    300.00000000      0.99962865      0.12784586     -5.18619025      0.02185536     -5.16433490      0.26828819      0.04181421      0.26304573      0.05476410 md_running
    40     20.00000000      8.67658496      1.46654595   1185.62369805    300.00000000      0.99962709      0.12953547     -5.18763340      0.02150757     -5.16612583      0.26238630      0.04148018      0.25735456      0.05355938 md_running
    41     20.50000000      8.90203874      1.45501012   1203.20098049    300.00000000      0.99962532      0.13145588     -5.18931792      0.02117054     -5.16814738      0.25021666      0.04115390      0.24549401      0.05107526 md_running
    42     21.00000000      9.12703941      1.44366117   1222.56921439    300.00000000      0.99962341      0.13357196     -5.19120649      0.02084158     -5.17036491      0.23304721      0.04083290      0.22878113      0.04757056 md_running
    43     21.50000000      9.34995978      1.43238364   1243.55496511    300.00000000      0.99962139      0.13586476     -5.19327936      0.02051723     -5.17276213      0.21246111      0.04051393      0.20887422      0.04336844 md_running
    44     22.00000000      9.57042689      1.42103694   1265.79677793    300.00000000      0.99961929      0.13829479     -5.19549718      0.02019346     -5.17530372      0.19031004      0.04019299      0.18773353      0.03884687 md_running
    45     22.50000000      9.78486968      1.40945890   1288.23938439    300.00000000      0.99961718      0.14074676     -5.19774286      0.01986574     -5.17787712      0.16904031      0.03986552      0.16794532      0.03450521 md_running
    46     23.00000000     10.00618441      1.39746944   1308.88362953    300.00000000      0.99961519      0.14300225     -5.19979044      0.01952921     -5.18026123      0.15219191      0.03952640      0.15312472      0.03106604 md_running
    47     23.50000000     10.22867759      1.38487699   1325.11971968    300.00000000      0.99961354      0.14477613     -5.20134289      0.01917884     -5.18216405      0.14415033      0.03917024      0.14744713      0.02942456 md_running
    48     24.00000000     10.45181205      1.37148693   1334.55772164    300.00000000      0.99961241      0.14580728     -5.20212697      0.01880976     -5.18331720      0.14800374      0.03879151      0.15339265      0.03021114 md_running
    49     24.50000000     10.67315012      1.35711323   1335.95710206    300.00000000      0.99961195      0.14596017     -5.20199708      0.01841756     -5.18357952      0.16248254      0.03838496      0.16919503      0.03316661 md_running
    50     25.00000000     10.89426473      1.34159335   1329.80127282    300.00000000      0.99961218      0.14528761     -5.20100228      0.01799873     -5.18300355      0.18259354      0.03794599      0.18988774      0.03727175 md_running
    51     25.50000000     11.11173233      1.32480416   1318.22401164    300.00000000      0.99961297      0.14402273     -5.19937843      0.01755106     -5.18182737      0.20279809      0.03747112      0.21018163      0.04139599 md_running
    52     26.00000000     11.32797309      1.30667649   1304.35253238    300.00000000      0.99961413      0.14250720     -5.19747230      0.01707403     -5.18039827      0.21866734      0.03695839      0.22584475      0.04463528 md_running
    53     26.50000000     11.54430549      1.28720527   1291.43171150    300.00000000      0.99961536      0.14109554     -5.19564560      0.01656897     -5.17907662      0.22733045      0.03640766      0.23411217      0.04640363 md_running
    54     27.00000000     11.76109517      1.26645289   1282.01482641    300.00000000      0.99961639      0.14006670     -5.19418496      0.01603903     -5.17814593      0.22759671      0.03582070      0.23383966      0.04645798 md_running
    55     27.50000000     11.98182616      1.24454409   1277.41190344    300.00000000      0.99961704      0.13956380     -5.19323955      0.01548890     -5.17775065      0.21997407      0.03520102      0.22554608      0.04490202 md_running
    56     28.00000000     12.19699173      1.22165312   1277.54690481    300.00000000      0.99961723      0.13957855     -5.19280527      0.01492436     -5.17788090      0.20650247      0.03455357      0.21126238      0.04215214 md_running
    57     28.50000000     12.41154032      1.19798493   1281.21075579    300.00000000      0.99961703      0.13997885     -5.19275330      0.01435168     -5.17840162      0.19037783      0.03388413      0.19417318      0.03886071 md_running
    58     29.00000000     12.63363318      1.17375345   1286.53564066    300.00000000      0.99961659      0.14056062     -5.19288224      0.01377697     -5.17910527      0.17536511      0.03319876      0.17805890      0.03579625 md_running
    59     29.50000000     12.85557025      1.14916023   1291.48079704    300.00000000      0.99961609      0.14110090     -5.19297208      0.01320569     -5.17976639      0.16495384      0.03250316      0.16649856      0.03367106 md_running
    60     30.00000000     13.07094553      1.12437610   1294.22111738    300.00000000      0.99961572      0.14140030     -5.19282636      0.01264222     -5.18018414      0.16130199      0.03180216      0.16182829      0.03292563 md_running
    61     30.50000000     13.28611382      1.09952771   1293.32365073    300.00000000      0.99961562      0.14130224     -5.19229185      0.01208961     -5.18020223      0.16451746      0.03109934      0.16434099      0.03358198 md_running
    62     31.00000000     13.50024896      1.07468941   1287.78319211    300.00000000      0.99961589      0.14069692     -5.19125801      0.01154957     -5.17970843      0.17321790      0.03039681      0.17272749      0.03535796 md_running
    63     31.50000000     13.71110750      1.04988034   1277.15405931    300.00000000      0.99961662      0.13953563     -5.18967588      0.01102249     -5.17865339      0.18558498      0.02969510      0.18511867      0.03788238 md_running
    64     32.00000000     13.92446174      1.02506611   1261.56816077    300.00000000      0.99961783      0.13783279     -5.18756045      0.01050761     -5.17705284      0.19999486      0.02899325      0.19979042      0.04082378 md_running
    65     32.50000000     14.14156900      1.00016382   1241.64510478    300.00000000      0.99961951      0.13565610     -5.18497573      0.01000328     -5.17497245      0.21518960      0.02828890      0.21538554      0.04392539 md_running
    66     33.00000000     14.36161956      0.97505014   1218.55579891    300.00000000      0.99962162      0.13313347     -5.18204673      0.00950723     -5.17253950      0.22992742      0.02757858      0.23058075      0.04693374 md_running
    67     33.50000000     14.58143030      0.94957320   1194.01436289    300.00000000      0.99962406      0.13045219     -5.17895964      0.00901689     -5.16994275      0.24280658      0.02685799      0.24391901      0.04956269 md_running
    68     34.00000000     14.80061162      0.92356655   1170.11023542    300.00000000      0.99962664      0.12784055     -5.17594147      0.00852975     -5.16741172      0.25226929      0.02612241      0.25380782      0.05149425 md_running
    69     34.50000000     15.01575823      0.89686555   1149.07247434    300.00000000      0.99962914      0.12554206     -5.17323624      0.00804368     -5.16519256      0.25675600      0.02536719      0.25866831      0.05241010 md_running
    70     35.00000000     15.23817928      0.86932492   1132.94292017    300.00000000      0.99963129      0.12377983     -5.17106867      0.00755726     -5.16351141      0.25492051      0.02458822      0.25714383      0.05203543 md_running
    71     35.50000000     15.45075409      0.84083698   1123.14992058    300.00000000      0.99963282      0.12270989     -5.16959897      0.00707007     -5.16252890      0.24595697      0.02378246      0.24842418      0.05020576 md_running
    72     36.00000000     15.67357754      0.81134758   1120.04148826    300.00000000      0.99963357      0.12237028     -5.16886894      0.00658285     -5.16228609      0.22989239      0.02294838      0.23253422      0.04692659 md_running
    73     36.50000000     15.89778584      0.78086758   1122.56590134    300.00000000      0.99963357      0.12264608     -5.16876673      0.00609754     -5.16266919      0.20789629      0.02208627      0.21063655      0.04243665 md_running
    74     37.00000000     16.12043291      0.74947770   1128.27214702    300.00000000      0.99963301      0.12326952     -5.16902479      0.00561717     -5.16340762      0.18285272      0.02119843      0.18558970      0.03732465 md_running
    75     37.50000000     16.34543648      0.71732520   1133.77385097    300.00000000      0.99963227      0.12387061     -5.16927044      0.00514555     -5.16412488      0.15997855      0.02028902      0.16254036      0.03265548 md_running
    76     38.00000000     16.57250791      0.68461283   1135.64924348    300.00000000      0.99963177      0.12407550     -5.16912617      0.00468695     -5.16443922      0.14680160      0.01936377      0.14890927      0.02996575 md_running
    77     38.50000000     16.79172313      0.65158145   1131.48796519    300.00000000      0.99963187      0.12362086     -5.16832585      0.00424558     -5.16408027      0.14962904      0.01842951      0.15102832      0.03054290 md_running
    78     39.00000000     17.01181960      0.61848927   1120.67240476    300.00000000      0.99963275      0.12243921     -5.16680433      0.00382529     -5.16297904      0.16738658      0.01749352      0.16808455      0.03416764 md_running
    79     39.50000000     17.23187311      0.58559081   1104.55246968    300.00000000      0.99963441      0.12067802     -5.16471497      0.00342917     -5.16128580      0.19273442      0.01656301      0.19292040      0.03934175 md_running
    80     40.00000000     17.45038372      0.55311870   1085.97864098    300.00000000      0.99963661      0.11864874     -5.16237752      0.00305940     -5.15931811      0.21821376      0.01564456      0.21807098      0.04454270 md_running
    81     40.50000000     17.67087803      0.52126718   1068.41320683    300.00000000      0.99963899      0.11672962     -5.16017879      0.00271719     -5.15746159      0.23895114      0.01474366      0.23860191      0.04877570 md_running
    82     41.00000000     17.89032556      0.49017869   1054.94939504    300.00000000      0.99964108      0.11525863     -5.15846225      0.00240275     -5.15605950      0.25260407      0.01386435      0.25212444      0.05156259 md_running
    83     41.50000000     18.11129489      0.45993401   1047.58100432    300.00000000      0.99964252      0.11445360     -5.15744809      0.00211539     -5.15533270      0.25889889      0.01300890      0.25833858      0.05284751 md_running
    84     42.00000000     18.33479872      0.43054778   1046.93073094    300.00000000      0.99964306      0.11438255     -5.15720178      0.00185371     -5.15534806      0.25913630      0.01217773      0.25852892      0.05289598 md_running
    85     42.50000000     18.55480774      0.40197307   1052.43345315    300.00000000      0.99964270      0.11498375     -5.15765673      0.00161582     -5.15604091      0.25546014      0.01136952      0.25482600      0.05214558 md_running
    86     43.00000000     18.77468126      0.37411753   1062.79722412    300.00000000      0.99964159      0.11611605     -5.15866709      0.00139964     -5.15726745      0.25001944      0.01058164      0.24936343      0.05103501 md_running
    87     43.50000000     18.99434582      0.34687205   1076.47734581    300.00000000      0.99963996      0.11761067     -5.16006010      0.00120320     -5.15885690      0.24430189      0.00981102      0.24361134      0.04986791 md_running
    88     44.00000000     19.21218778      0.32014957   1091.98299695    300.00000000      0.99963805      0.11930474     -5.16167119      0.00102496     -5.16064623      0.23887107      0.00905520      0.23811825      0.04875935 md_running
    89     44.50000000     19.43494021      0.29392889   1107.97637083    300.00000000      0.99963604      0.12105210     -5.16335397      0.00086394     -5.16249003      0.23357397      0.00831356      0.23272482      0.04767809 md_running
    90     45.00000000     19.65881833      0.26829775   1123.22570781    300.00000000      0.99963411      0.12271817     -5.16497391      0.00071984     -5.16425407      0.22799400      0.00758861      0.22702036      0.04653908 md_running
    91     45.50000000     19.87946378      0.24349068   1136.52580628    300.00000000      0.99963239      0.12417127     -5.16639975      0.00059288     -5.16580687      0.22190387      0.00688696      0.22079691      0.04529594 md_running
    92     46.00000000     20.09786323      0.21991800   1146.65388527    300.00000000      0.99963101      0.12527782     -5.16749805      0.00048364     -5.16701441      0.21549015      0.00622022      0.21427099      0.04398674 md_running
    93     46.50000000     20.31616983      0.19818215   1152.41594212    300.00000000      0.99963008      0.12590735     -5.16813723      0.00039276     -5.16774447      0.20932111      0.00560544      0.20804735      0.04272749 md_running
    94     47.00000000     20.53750329      0.17906828   1152.77660457    300.00000000      0.99962971      0.12594676     -5.16820278      0.00032065     -5.16788213      0.20427057      0.00506482      0.20303549      0.04169656 md_running
    95     47.50000000     20.75157245      0.16348043   1147.01982932    300.00000000      0.99963001      0.12531780     -5.16761488      0.00026726     -5.16734762      0.20130445      0.00462392      0.20022492      0.04109110 md_running
    96     48.00000000     20.96850269      0.15228060   1134.89784606    300.00000000      0.99963103      0.12399341     -5.16634442      0.00023189     -5.16611252      0.20109868      0.00430715      0.20029269      0.04104910 md_running
    97     48.50000000     21.18252801      0.14601689   1116.73883230    300.00000000      0.99963280      0.12200945     -5.16442452      0.00021321     -5.16421132      0.20375207      0.00412998      0.20331093      0.04159072 md_running
    98     49.00000000     21.40637940      0.14464969   1093.48910920    300.00000000      0.99963532      0.11946929     -5.16195703      0.00020924     -5.16174780      0.20854426      0.00409131      0.20851542      0.04256892 md_running
    99     49.50000000     21.62642466      0.14748412   1066.62624364    300.00000000      0.99963849      0.11653439     -5.15910159      0.00021752     -5.15888408      0.21407447      0.00417148      0.21446456      0.04369777 md_running
   100     50.00000000     21.84886602      0.15338987   1037.95905445    300.00000000      0.99964219      0.11340235     -5.15605523      0.00023528     -5.15581995      0.21866756      0.00433852      0.21945770      0.04463533 md_running
   101     50.50000000     22.06306368      0.16113912   1009.33875124    300.00000000      0.99964622      0.11027544     -5.15301967      0.00025966     -5.15276001      0.22094036      0.00455770      0.22210332      0.04509926 md_running
   102     51.00000000     22.28238346      0.16964959    982.33590088    300.00000000      0.99965034      0.10732524     -5.15016547      0.00028781     -5.14987766      0.22038781      0.00479841      0.22189625      0.04498647 md_running
   103     51.50000000     22.50358398      0.17807660    958.02536378    300.00000000      0.99965434      0.10466919     -5.14760792      0.00031711     -5.14729081      0.21779290      0.00503677      0.21961621      0.04445679 md_running
   104     52.00000000     22.73021844      0.18580702    936.95892484    300.00000000      0.99965804      0.10236757     -5.14540384      0.00034524     -5.14505860      0.21527843      0.00525542      0.21736946      0.04394353 md_running
   105     52.50000000     22.95105406      0.19241540    919.35782878    300.00000000      0.99966133      0.10044456     -5.14357316      0.00037024     -5.14320293      0.21563064      0.00544233      0.21791158      0.04401542 md_running
   106     53.00000000     23.16981406      0.19761602    905.46821838    300.00000000      0.99966413      0.09892705     -5.14213884      0.00039052     -5.14174832      0.22086695      0.00558942      0.22323456      0.04508428 md_running
   107     53.50000000     23.39233410      0.20122355    895.89162397    300.00000000      0.99966629      0.09788076     -5.14116503      0.00040491     -5.14076012      0.23081568      0.00569146      0.23317316      0.04711505 md_running
   108     54.00000000     23.61433269      0.20312481    891.69596842    300.00000000      0.99966762      0.09742236     -5.14076963      0.00041260     -5.14035703      0.24296425      0.00574524      0.24525230      0.04959487 md_running
   109     54.50000000     23.83563812      0.20326031    894.20370420    300.00000000      0.99966783      0.09769634     -5.14110094      0.00041315     -5.14068779      0.25370601      0.00574907      0.25590681      0.05178752 md_running
   110     55.00000000     24.06022203      0.20161359    904.52564909    300.00000000      0.99966666      0.09882407     -5.14228484      0.00040648     -5.14187836      0.25985502      0.00570249      0.26197676      0.05304268 md_running
   111     55.50000000     24.28645930      0.19820631    923.03303232    300.00000000      0.99966402      0.10084609     -5.14436608      0.00039286     -5.14397322      0.25960551      0.00560612      0.26166564      0.05299175 md_running
   112     56.00000000     24.50799457      0.19309645    949.00222619    300.00000000      0.99966008      0.10368336     -5.14726718      0.00037286     -5.14689432      0.25290655      0.00546159      0.25491907      0.05162433 md_running
   113     56.50000000     24.72599180      0.18637808    980.60391006    300.00000000      0.99965523      0.10713601     -5.15078723      0.00034737     -5.15043986      0.24125454      0.00527157      0.24322092      0.04924588 md_running
   114     57.00000000     24.94269590      0.17818140   1015.21268367    300.00000000      0.99964999      0.11091719     -5.15463729      0.00031749     -5.15431980      0.22721433      0.00503973      0.22911693      0.04637993 md_running
   115     57.50000000     25.15860229      0.16867127   1049.89169756    300.00000000      0.99964488      0.11470605     -5.15849455      0.00028450     -5.15821005      0.21374734      0.00477074      0.21554613      0.04363099 md_running
   116     58.00000000     25.37784213      0.15804312   1081.88415186    300.00000000      0.99964029      0.11820139     -5.16205610      0.00024978     -5.16180632      0.20351138      0.00447013      0.20515011      0.04154159 md_running
   117     58.50000000     25.59120859      0.14651351   1108.99310458    300.00000000      0.99963647      0.12116319     -5.16508097      0.00021466     -5.16486631      0.19823486      0.00414403      0.19965993      0.04046452 md_running
   118     59.00000000     25.80917449      0.13430309   1129.82340258    300.00000000      0.99963353      0.12343900     -5.16741649      0.00018037     -5.16723612      0.19834061      0.00379867      0.19952492      0.04048611 md_running
   119     59.50000000     26.02638285      0.12161109   1143.86912186    300.00000000      0.99963148      0.12497357     -5.16900828      0.00014789     -5.16886038      0.20303655      0.00343968      0.20398923      0.04144466 md_running
   120     60.00000000     26.24591296      0.10858560   1151.45686075    300.00000000      0.99963026      0.12580257     -5.16989299      0.00011791     -5.16977508      0.21084377      0.00307126      0.21160084      0.04303830 md_running
   121     60.50000000     26.46809363      0.09529428   1153.59626941    300.00000000      0.99962974      0.12603631     -5.17018217      0.00009081     -5.17009136      0.22013050      0.00269533      0.22073698      0.04493395 md_running
   122     61.00000000     26.68752664      0.08170179   1151.76137135    300.00000000      0.99962976      0.12583584     -5.17003855      0.00006675     -5.16997180      0.22941142      0.00231088      0.22990579      0.04682841 md_running
   123     61.50000000     26.90665437      0.06766259   1147.65175444    300.00000000      0.99963014      0.12538684     -5.16964895      0.00004578     -5.16960317      0.23744852      0.00191379      0.23785438      0.04846898 md_running
   124     62.00000000     27.12717090      0.05293480   1142.94068040    300.00000000      0.99963067      0.12487213     -5.16919858      0.00002802     -5.16917056      0.24327915      0.00149722      0.24360316      0.04965915 md_running
   125     62.50000000     27.35280176      0.03721557   1139.02055185    300.00000000      0.99963119      0.12444384     -5.16884113      0.00001385     -5.16882728      0.24628013      0.00105262      0.24651419      0.05027172 md_running
   126     63.00000000     27.57330359      0.02019418   1136.81584191    300.00000000      0.99963156      0.12420296     -5.16867928      0.00000408     -5.16867520      0.24621589      0.00057118      0.24634242      0.05025861 md_running
   127     63.50000000     27.79080785      0.00187003   1136.67022442    300.00000000      0.99963170      0.12418705     -5.16875262      0.00000003     -5.16875258      0.24327811      0.00005289      0.24327747      0.04965894 md_running
   128     64.00000000     28.00590877      0.01888774   1138.35167358    300.00000000      0.99963160      0.12437076     -5.16903628      0.00000357     -5.16903271      0.23806769      0.00053423      0.23792701      0.04859536 md_running
   129     64.50000000     28.22661656      0.04114327   1141.21792855    300.00000000      0.99963132      0.12468391     -5.16946060      0.00001693     -5.16944367      0.23147676      0.00116371      0.23119872      0.04725000 md_running
   130     65.00000000     28.44945137      0.06524847   1144.45411513    300.00000000      0.99963095      0.12503748     -5.16993793      0.00004257     -5.16989535      0.22454759      0.00184551      0.22415724      0.04583559 md_running
   131     65.50000000     28.66923716      0.09106037   1147.29036882    300.00000000      0.99963059      0.12534736     -5.17038487      0.00008292     -5.17030195      0.21838565      0.00257558      0.21793286      0.04457778 md_running
   132     66.00000000     28.88222952      0.11835845   1149.19537781    300.00000000      0.99963031      0.12555549     -5.17074442      0.00014009     -5.17060434      0.21410550      0.00334768      0.21366036      0.04370410 md_running
   133     66.50000000     29.09381090      0.14686660   1150.03930732    300.00000000      0.99963016      0.12564769     -5.17100331      0.00021570     -5.17078761      0.21266565      0.00415401      0.21230582      0.04341019 md_running
   134     67.00000000     29.31290306      0.17628134   1150.17742490    300.00000000      0.99963012      0.12566278     -5.17120085      0.00031075     -5.17089010      0.21456831      0.00498599      0.21436080      0.04379857 md_running
   135     67.50000000     29.53574854      0.20629868   1150.44806634    300.00000000      0.99963011      0.12569235     -5.17143000      0.00042559     -5.17100441      0.21941991      0.00583501      0.21940498      0.04478890 md_running
   136     68.00000000     29.75340500      0.23663742   1152.04271604    300.00000000      0.99963004      0.12586658     -5.17182280      0.00055997     -5.17126282      0.22567549      0.00669312      0.22586260      0.04606582 md_running
   137     68.50000000     29.96408308      0.26705680   1156.20973777    300.00000000      0.99962974      0.12632184     -5.17251813      0.00071319     -5.17180494      0.23088950      0.00755351      0.23126613      0.04713012 md_running
   138     69.00000000     30.18409149      0.29736768   1163.84216632    300.00000000      0.99962909      0.12715573     -5.17361626      0.00088428     -5.17273199      0.23246012      0.00841083      0.23300534      0.04745072 md_running
   139     69.50000000     30.40111139      0.32743753   1175.04874608    300.00000000      0.99962804      0.12838010     -5.17513028      0.00107215     -5.17405812      0.22855728      0.00926133      0.22925115      0.04665406 md_running
   140     70.00000000     30.61121090      0.35719024   1188.91556670    300.00000000      0.99962666      0.12989512     -5.17695871      0.00127585     -5.17568286      0.21885890      0.01010287      0.21968817      0.04467439 md_running
   141     70.50000000     30.82393080      0.38659995   1203.59075303    300.00000000      0.99962510      0.13149846     -5.17889647      0.00149460     -5.17740187      0.20486971      0.01093470      0.20582653      0.04181885 md_running
   142     71.00000000     31.04363346      0.41568162   1216.67985085    300.00000000      0.99962362      0.13292851     -5.18067610      0.00172791     -5.17894818      0.18985545      0.01175725      0.19092741      0.03875408 md_running
   143     71.50000000     31.27114939      0.44448086   1225.87141020    300.00000000      0.99962246      0.13393274     -5.18204029      0.00197563     -5.18006466      0.17812082      0.01257182      0.17927829      0.03635876 md_running
   144     72.00000000     31.49538037      0.47306285   1229.53783349    300.00000000      0.99962180      0.13433332     -5.18280818      0.00223788     -5.18057030      0.17344066      0.01338024      0.17462833      0.03540343 md_running
   145     72.50000000     31.71908949      0.50150325   1227.07884614    300.00000000      0.99962174      0.13406466     -5.18291443      0.00251506     -5.18039937      0.17711517      0.01418465      0.17826960      0.03615348 md_running
   146     73.00000000     31.94174556      0.52988121   1218.93390474    300.00000000      0.99962228      0.13317478     -5.18240903      0.00280774     -5.17960129      0.18734999      0.01498730      0.18843139      0.03824266 md_running
   147     73.50000000     32.16300978      0.55827445   1206.34406469    300.00000000      0.99962336      0.13179928     -5.18142933      0.00311670     -5.17831262      0.20084720      0.01579039      0.20184686      0.04099776 md_running
   148     74.00000000     32.38951652      0.58675616   1191.01128899    300.00000000      0.99962483      0.13012409     -5.18016500      0.00344283     -5.17672217      0.21455267      0.01659597      0.21548001      0.04379538 md_running
   149     74.50000000     32.60878546      0.61539354   1174.76181105    300.00000000      0.99962653      0.12834875     -5.17881795      0.00378709     -5.17503086      0.22633419      0.01740596      0.22720366      0.04620027 md_running
   150     75.00000000     32.82271489      0.64424712   1159.28881513    300.00000000      0.99962829      0.12665825     -5.17757528      0.00415054     -5.17342473      0.23494512      0.01822206      0.23576966      0.04795797 md_running
   151     75.50000000     33.03620614      0.67337069   1145.97068190    300.00000000      0.99962991      0.12520318     -5.17659003      0.00453428     -5.17205575      0.23973297      0.01904580      0.24052192      0.04893529 md_running
   152     76.00000000     33.25529288      0.70281119   1135.75620764    300.00000000      0.99963127      0.12408719     -5.17596743      0.00493944     -5.17102799      0.24043780      0.01987850      0.24119683      0.04907916 md_running
   153     76.50000000     33.47896701      0.73260834   1129.12162267    300.00000000      0.99963225      0.12336233     -5.17576106      0.00536715     -5.17039391      0.23702209      0.02072129      0.23775373      0.04838193 md_running
   154     77.00000000     33.70208551      0.76279390   1126.06198317    300.00000000      0.99963282      0.12302805     -5.17597193      0.00581855     -5.17015339      0.22959179      0.02157507      0.23029567      0.04686523 md_running
   155     77.50000000     33.91601019      0.79339062   1126.07463020    300.00000000      0.99963298      0.12302943     -5.17654680      0.00629469     -5.17025211      0.21842637      0.02244048      0.21909879      0.04458610 md_running
   156     78.00000000     34.11312816      0.82441093   1128.12253668    300.00000000      0.99963283      0.12325317     -5.17737392      0.00679653     -5.17057739      0.20411771      0.02331786      0.20474843      0.04166535 md_running
   157     78.50000000     34.32010509      0.85585616   1130.62690826    300.00000000      0.99963252      0.12352679     -5.17828091      0.00732490     -5.17095601      0.18781935      0.02420727      0.18838658      0.03833846 md_running
   158     79.00000000     34.53874031      0.88771599   1131.54880582    300.00000000      0.99963227      0.12362751     -5.17904431      0.00788040     -5.17116392      0.17167019      0.02510840      0.17213385      0.03504203 md_running
   159     79.50000000     34.75372836      0.91996831   1128.60648406    300.00000000      0.99963234      0.12330605     -5.17941203      0.00846342     -5.17094861      0.15933525      0.02602063      0.15962781      0.03252417 md_running
   160     80.00000000     34.96598205      0.95258024   1119.66410896    300.00000000      0.99963299      0.12232905     -5.17914654      0.00907409     -5.17007245      0.15560979      0.02694304      0.15565170      0.03176371 md_running
   161     80.50000000     35.17714847      0.98550962   1103.25462753    300.00000000      0.99963448      0.12053623     -5.17808282      0.00971229     -5.16837053      0.16417054      0.02787442      0.16391995      0.03351117 md_running
   162     81.00000000     35.39145928      1.01870683   1079.11737257    300.00000000      0.99963699      0.11789911     -5.17618780      0.01037764     -5.16581017      0.18447967      0.02881338      0.18396041      0.03765675 md_running
   163     81.50000000     35.61522231      1.05211693   1048.62572955    300.00000000      0.99964055      0.11456774     -5.17360938      0.01106950     -5.16253988      0.21189045      0.02975836      0.21115960      0.04325196 md_running
   164     82.00000000     35.83970849      1.08568130   1014.84458118    300.00000000      0.99964503      0.11087698     -5.17068474      0.01178704     -5.15889771      0.24052477      0.03070770      0.23963886      0.04909691 md_running
   165     82.50000000     36.05817239      1.11933829    982.08855102    300.00000000      0.99964999      0.10729821     -5.16788936      0.01252918     -5.15536018      0.26508490      0.03165967      0.26409340      0.05411023 md_running
   166     83.00000000     36.27780358      1.15302283    955.08484663    300.00000000      0.99965476      0.10434792     -5.16574784      0.01329462     -5.15245322      0.28148611      0.03261241      0.28043942      0.05745811 md_running
   167     83.50000000     36.49982501      1.18666503    937.87132556    300.00000000      0.99965848      0.10246725     -5.16470752      0.01408174     -5.15062578      0.28723937      0.03356396      0.28619872      0.05863249 md_running
   168     84.00000000     36.71408676      1.22018863    932.76505724    300.00000000      0.99966042      0.10190937     -5.16502575      0.01488860     -5.15013714      0.28163769      0.03451215      0.28068597      0.05748905 md_running
   169     84.50000000     36.92421280      1.25351012    939.75372815    300.00000000      0.99966022      0.10267292     -5.16669994      0.01571288     -5.15098707      0.26581095      0.03545462      0.26506602      0.05425843 md_running
   170     85.00000000     37.14315641      1.28653914    956.52966904    300.00000000      0.99965810      0.10450577     -5.16947116      0.01655183     -5.15291933      0.24253597      0.03638882      0.24216787      0.04950745 md_running
   171     85.50000000     37.36099358      1.31918021    979.17830107    300.00000000      0.99965474      0.10698025     -5.17290165      0.01740236     -5.15549928      0.21585099      0.03731205      0.21609897      0.04406040 md_running
   172     86.00000000     37.58172031      1.35133524   1003.18626265    300.00000000      0.99965097      0.10960324     -5.17648913      0.01826107     -5.15822806      0.19051090      0.03822153      0.19168059      0.03888787 md_running
   173     86.50000000     37.80331276      1.38290603   1024.43599987    300.00000000      0.99964751      0.11192489     -5.17977327      0.01912429     -5.16064898      0.17123319      0.03911449      0.17362735      0.03495283 md_running
   174     87.00000000     38.02270298      1.41379585   1040.00565889    300.00000000      0.99964482      0.11362595     -5.18242799      0.01998819     -5.16243980      0.16143465      0.03998819      0.16519569      0.03295271 md_running
   175     87.50000000     38.24440082      1.44390975   1048.54218500    300.00000000      0.99964314      0.11455861     -5.18430176      0.02084875     -5.16345301      0.16160103      0.04083993      0.16660971      0.03298667 md_running
   176     88.00000000     38.46609729      1.47315385   1050.21323182    300.00000000      0.99964247      0.11474118     -5.18540970      0.02170182     -5.16370788      0.16915405      0.04166708      0.17514530      0.03452843 md_running
   177     88.50000000     38.67922744      1.50143428   1046.40776591    300.00000000      0.99964266      0.11432542     -5.18590202      0.02254305     -5.16335897      0.18034674      0.04246697      0.18708872      0.03681312 md_running
   178     89.00000000     38.89612420      1.52865645   1039.26690074    300.00000000      0.99964347      0.11354524     -5.18601148      0.02336791     -5.16264357      0.19202434      0.04323693      0.19938131      0.03919680 md_running
   179     89.50000000     39.12313857      1.55472530   1031.14660006    300.00000000      0.99964458      0.11265806     -5.18599419      0.02417171     -5.16182248      0.20205348      0.04397427      0.20996750      0.04124399 md_running
   180     90.00000000     39.34331897      1.57954670   1024.12589690    300.00000000      0.99964569      0.11189101     -5.18607473      0.02494968     -5.16112505      0.20914829      0.04467633      0.21760671      0.04269222 md_running
   181     90.50000000     39.55918941      1.60303025   1019.64792888    300.00000000      0.99964654      0.11140177     -5.18640787      0.02569706     -5.16071081      0.21264436      0.04534054      0.22165576      0.04340585 md_running
   182     91.00000000     39.76744787      1.62509302   1018.31279396    300.00000000      0.99964696      0.11125590     -5.18705528      0.02640927     -5.16064600      0.21232316      0.04596457      0.22190090      0.04334028 md_running
   183     91.50000000     39.98944940      1.64566372   1019.82170675    300.00000000      0.99964693      0.11142075     -5.18797965      0.02708209     -5.16089756      0.20831889      0.04654640      0.21846653      0.04252292 md_running
   184     92.00000000     40.20760329      1.66468716   1023.05864439    300.00000000      0.99964655      0.11177440     -5.18905445      0.02771183     -5.16134262      0.20116789      0.04708446      0.21185880      0.04106322 md_running
   185     92.50000000     40.42465627      1.68212845   1026.28949158    300.00000000      0.99964603      0.11212739     -5.19008542      0.02829556     -5.16178985      0.19192191      0.04757778      0.20306401      0.03917590 md_running
   186     93.00000000     40.63734878      1.69797654   1027.46544359    300.00000000      0.99964566      0.11225587     -5.19084343      0.02883124     -5.16201218      0.18239525      0.04802603      0.19376507      0.03723127 md_running
   187     93.50000000     40.84136208      1.71224709   1024.58665520    300.00000000      0.99964573      0.11194135     -5.19110697      0.02931790     -5.16178907      0.17535426      0.04842966      0.18651129      0.03579404 md_running
   188     94.00000000     41.05933368      1.72498434   1016.05902154    300.00000000      0.99964651      0.11100966     -5.19069821      0.02975571     -5.16094250      0.17430941      0.04878993      0.18456952      0.03558076 md_running
   189     94.50000000     41.27607419      1.73626153   1001.10885337    300.00000000      0.99964820      0.10937628     -5.18952985      0.03014604     -5.15938381      0.18236113      0.04910889      0.19098811      0.03722431 md_running
   190     95.00000000     41.49336900      1.74617908    980.18975098    300.00000000      0.99965091      0.10709076     -5.18765258      0.03049141     -5.15716117      0.20006384      0.04938940      0.20663575      0.04083786 md_running
   191     95.50000000     41.70694382      1.75486078    955.14569086    300.00000000      0.99965456      0.10435457     -5.18527157      0.03079536     -5.15447621      0.22486326      0.04963496      0.22941345      0.04590002 md_running
   192     96.00000000     41.92341418      1.76244791    929.03900380    300.00000000      0.99965886      0.10150228     -5.18272929      0.03106223     -5.15166707      0.25236498      0.04984955      0.25520438      0.05151379 md_running
   193     96.50000000     42.13849945      1.76909160    905.68546162    300.00000000      0.99966327      0.09895078     -5.18045211      0.03129685     -5.14915526      0.27781531      0.05003747      0.27932300      0.05670881 md_running
   194     97.00000000     42.34942724      1.77494341    888.89767145    300.00000000      0.99966704      0.09711663     -5.17886992      0.03150424     -5.14736568      0.29697408      0.05020298      0.29750011      0.06061958 md_running
   195     97.50000000     42.56394331      1.78014429    881.53174305    300.00000000      0.99966940      0.09631186     -5.17830618      0.03168914     -5.14661704      0.30674345      0.05035008      0.30658570      0.06261374 md_running
   196     98.00000000     42.78135144      1.78481407    884.68770705    300.00000000      0.99966981      0.09665667     -5.17888836      0.03185561     -5.14703275      0.30552672      0.05048217      0.30494536      0.06236538 md_running
   197     98.50000000     42.99878510      1.78904246    897.39483581    300.00000000      0.99966822      0.09804499     -5.18051268      0.03200673     -5.14850595      0.29339807      0.05060176      0.29264224      0.05988963 md_running
   198     99.00000000     43.22331441      1.79288234    916.85513555    300.00000000      0.99966511      0.10017113     -5.18287181      0.03214427     -5.15072754      0.27197074      0.05071037      0.27131134      0.05551579 md_running
   199     99.50000000     43.44184421      1.79634615    939.09529346    300.00000000      0.99966126      0.10260098     -5.18552545      0.03226859     -5.15325685      0.24414553      0.05080834      0.24391224      0.04983600 md_running
   200    100.00000000     43.65321483      1.79940554    959.86353360    300.00000000      0.99965749      0.10487001     -5.18800189      0.03237860     -5.15562329      0.21381944      0.05089487      0.21444032      0.04364571 md_running
   201    100.50000000     43.87181761      1.80199380    975.49630462    300.00000000      0.99965443      0.10657797     -5.18989366      0.03247182     -5.15742184      0.18568395      0.05096808      0.18768911      0.03790258 md_running
   202    101.00000000     44.08655286      1.80401066    983.49990720    300.00000000      0.99965253      0.10745241     -5.19092250      0.03254454     -5.15837795      0.16485588      0.05102513      0.16875057      0.03365107 md_running
   203    101.50000000     44.30585667      1.80532869    982.77880264    300.00000000      0.99965195      0.10737363     -5.19096377      0.03259212     -5.15837165      0.15552156      0.05106241      0.16146121      0.03174570 md_running
   204    102.00000000     44.52394411      1.80580071    973.57679658    300.00000000      0.99965275      0.10636826     -5.19003926      0.03260916     -5.15743010      0.15855309      0.05107576      0.16615062      0.03236451 md_running
   205    102.50000000     44.73983595      1.80526775    957.23597336    300.00000000      0.99965482      0.10458294     -5.18829194      0.03258992     -5.15570203      0.17078714      0.05106068      0.17942958      0.03486178 md_running
   206    103.00000000     44.95936998      1.80356633    935.85791743    300.00000000      0.99965798      0.10224728     -5.18594711      0.03252852     -5.15341859      0.18760527      0.05101256      0.19681674      0.03829477 md_running
   207    103.50000000     45.18218607      1.80053580    911.95667423    300.00000000      0.99966193      0.09963594     -5.18327557      0.03241929     -5.15085627      0.20515074      0.05092684      0.21465802      0.04187622 md_running
   208    104.00000000     45.40006713      1.79602600    888.13282750    300.00000000      0.99966631      0.09703307     -5.18055843      0.03225709     -5.14830134      0.22078674      0.05079929      0.23044825      0.04506790 md_running
   209    104.50000000     45.62051689      1.78990538    866.76010020    300.00000000      0.99967067      0.09469799     -5.17805275      0.03203761     -5.14601514      0.23282080      0.05062617      0.24256122      0.04752435 md_running
   210    105.00000000     45.84487947      1.78206888    849.70118615    300.00000000      0.99967455      0.09283421     -5.17596145      0.03175769     -5.14420375      0.24015455      0.05040452      0.24993010      0.04902134 md_running
   211    105.50000000     46.06119220      1.77244505    838.06269140    300.00000000      0.99967755      0.09156265     -5.17440525      0.03141561     -5.14298964      0.24220730      0.05013232      0.25198977      0.04944036 md_running
   212    106.00000000     46.27548315      1.76100099    832.05955198    300.00000000      0.99967942      0.09090677     -5.17340761      0.03101124     -5.14239637      0.23884343      0.04980863      0.24860799      0.04875371 md_running
   213    106.50000000     46.48754076      1.74774506    831.05121712    300.00000000      0.99968013      0.09079661     -5.17289995      0.03054613     -5.14235382      0.23044351      0.04943370      0.24015867      0.04703909 md_running
   214    107.00000000     46.70040991      1.73272668    833.74812868    300.00000000      0.99967989      0.09109126     -5.17274187      0.03002342     -5.14271846      0.21807510      0.04900891      0.22768491      0.04451439 md_running
   215    107.50000000     46.91543971      1.71603286    838.60010586    300.00000000      0.99967901      0.09162136     -5.17276512      0.02944769     -5.14331743      0.20370901      0.04853674      0.21309961      0.04158193 md_running
   216    108.00000000     47.13213335      1.69778159    844.30744525    300.00000000      0.99967784      0.09224492     -5.17283008      0.02882462     -5.14400546      0.19035998      0.04802051      0.19930848      0.03885707 md_running
   217    108.50000000     47.34274306      1.67811324    850.26298274    300.00000000      0.99967661      0.09289559     -5.17287571      0.02816064     -5.14471507      0.18164532      0.04746421      0.18979460      0.03707820 md_running
   218    109.00000000     47.56228746      1.65718120    856.70953198    300.00000000      0.99967535      0.09359991     -5.17293672      0.02746250     -5.14547423      0.18046983      0.04687216      0.18741937      0.03683825 md_running
   219    109.50000000     47.78394174      1.63514341    864.52701925    300.00000000      0.99967394      0.09445401     -5.17311994      0.02673694     -5.14638300      0.18724234      0.04624884      0.19275785      0.03822068 md_running
   220    110.00000000     48.00626371      1.61215526    874.70026312    300.00000000      0.99967217      0.09556549     -5.17354466      0.02599045     -5.14755422      0.19934687      0.04559864      0.20346158      0.04069151 md_running
   221    110.50000000     48.22647520      1.58836534    887.68359006    300.00000000      0.99966990      0.09698399     -5.17426991      0.02522904     -5.14904087      0.21269608      0.04492576      0.21560994      0.04341641 md_running
   222    111.00000000     48.44357826      1.56391359    902.97107810    300.00000000      0.99966718      0.09865422     -5.17524635      0.02445826     -5.15078810      0.22355049      0.04423416      0.22548937      0.04563205 md_running
   223    111.50000000     48.66023698      1.53893080    919.08645115    300.00000000      0.99966423      0.10041491     -5.17631478      0.02368308     -5.15263170      0.22959335      0.04352754      0.23073785      0.04686555 md_running
   224    112.00000000     48.88401711      1.51353820    933.95685822    300.00000000      0.99966142      0.10203958     -5.17724881      0.02290798     -5.15434083      0.23019391      0.04280932      0.23067380      0.04698814 md_running
   225    112.50000000     49.10339130      1.48784564    945.47674344    300.00000000      0.99965909      0.10329818     -5.17781824      0.02213685     -5.15568140      0.22618749      0.04208263      0.22610982      0.04617033 md_running
   226    113.00000000     49.32905103      1.46194690    951.97616530    300.00000000      0.99965754      0.10400828     -5.17784275      0.02137289     -5.15646987      0.21939474      0.04135010      0.21887145      0.04478376 md_running
   227    113.50000000     49.54493952      1.43591400    952.45546838    300.00000000      0.99965695      0.10406065     -5.17721311      0.02061849     -5.15659462      0.21199234      0.04061378      0.21116686      0.04327276 md_running
   228    114.00000000     49.75379526      1.40979142    946.70859055    300.00000000      0.99965739      0.10343277     -5.17590821      0.01987512     -5.15603309      0.20574061      0.03987492      0.20479848      0.04199663 md_running
   229    114.50000000     49.97344210      1.38359159    935.29315319    300.00000000      0.99965885      0.10218557     -5.17399058      0.01914326     -5.15484732      0.20161533      0.03913388      0.20076898      0.04115456 md_running
   230    115.00000000     50.18252272      1.35729314    919.32382005    300.00000000      0.99966124      0.10044084     -5.17158263      0.01842245     -5.15316018      0.19994937      0.03839005      0.19940254      0.04081449 md_running
   231    115.50000000     50.39815236      1.33084267    900.25430167    300.00000000      0.99966440      0.09835740     -5.16884256      0.01771142     -5.15113114      0.20073574      0.03764192      0.20064518      0.04097501 md_running
   232    116.00000000     50.62032641      1.30416024    879.70089152    300.00000000      0.99966811      0.09611183     -5.16594626      0.01700834     -5.14893792      0.20389203      0.03688722      0.20434112      0.04161929 md_running
   233    116.50000000     50.84228720      1.27714764    859.31608932    300.00000000      0.99967213      0.09388469     -5.16307209      0.01631106     -5.14676103      0.20918833      0.03612319      0.21018112      0.04270039 md_running
   234    117.00000000     51.06006926      1.24969835    840.72788888    300.00000000      0.99967613      0.09185383     -5.16039636      0.01561746     -5.14477890      0.21609859      0.03534681      0.21757112      0.04411094 md_running
   235    117.50000000     51.27987021      1.22170804    825.47641817    300.00000000      0.99967977      0.09018753     -5.15808661      0.01492571     -5.14316091      0.22366745      0.03455512      0.22551808      0.04565593 md_running
   236    118.00000000     51.51013580      1.19308374    814.89835210    300.00000000      0.99968265      0.08903182     -5.15628899      0.01423449     -5.14205451      0.23069814      0.03374550      0.23281935      0.04709106 md_running
   237    118.50000000     51.73453717      1.16375055    809.98208739    300.00000000      0.99968443      0.08849470     -5.15511273      0.01354315     -5.14156957      0.23604234      0.03291584      0.23833789      0.04818194 md_running
   238    119.00000000     51.95587617      1.13365613    811.21326465    300.00000000      0.99968486      0.08862921     -5.15461252      0.01285176     -5.14176076      0.23871163      0.03206464      0.24110512      0.04872681 md_running
   239    119.50000000     52.17672453      1.10277314    818.41793735    300.00000000      0.99968388      0.08941636     -5.15477203      0.01216109     -5.14261094      0.23795033      0.03119113      0.24038874      0.04857141 md_running
   240    120.00000000     52.39927579      1.07109929    830.63066652    300.00000000      0.99968165      0.09075066     -5.15548847      0.01147254     -5.14401593      0.23329564      0.03029526      0.23574987      0.04762127 md_running
   241    120.50000000     52.61795294      1.03865542    846.03060585    300.00000000      0.99967857      0.09243318     -5.15656467      0.01078805     -5.14577662      0.22476025      0.02937761      0.22722804      0.04587899 md_running
   242    121.00000000     52.83822341      1.00548084    862.06297668    300.00000000      0.99967517      0.09418480     -5.15772129      0.01010992     -5.14761137      0.21299891      0.02843929      0.21550136      0.04347822 md_running
   243    121.50000000     53.06567453      0.97162746    875.85191427    300.00000000      0.99967205      0.09569131     -5.15864116      0.00944060     -5.14920056      0.19950620      0.02748177      0.20208022      0.04072403 md_running
   244    122.00000000     53.28464342      0.93715347    884.88544839    300.00000000      0.99966974      0.09667827     -5.15904634      0.00878257     -5.15026377      0.18684915      0.02650670      0.18952763      0.03814042 md_running
   245    122.50000000     53.50319832      0.90211745    887.90988547    300.00000000      0.99966856      0.09700871     -5.15879333      0.00813816     -5.15065517      0.17845780      0.02551573      0.18123623      0.03642755 md_running
   246    123.00000000     53.72094552      0.86657385    885.79146937    300.00000000      0.99966854      0.09677726     -5.15797664      0.00750950     -5.15046713      0.17726724      0.02451041      0.18007986      0.03618452 md_running
   247    123.50000000     53.93753507      0.83057078    881.71532597    300.00000000      0.99966927      0.09633192     -5.15695158      0.00689848     -5.15005310      0.18367067      0.02349209      0.18641816      0.03749162 md_running
   248    124.00000000     54.15742572      0.79415041    880.29582344    300.00000000      0.99966997      0.09617683     -5.15623775      0.00630675     -5.14993100      0.19486526      0.02246197      0.19746845      0.03977670 md_running
   249    124.50000000     54.37580785      0.75735162    885.76403832    300.00000000      0.99966971      0.09677426     -5.15631426      0.00573581     -5.15057844      0.20666728      0.02142114      0.20908170      0.04218578 md_running
   250    125.00000000     54.59546589      0.72021363    900.06558182    300.00000000      0.99966784      0.09833678     -5.15740243      0.00518708     -5.15221535      0.21570447      0.02037072      0.21789758      0.04403049 md_running
   251    125.50000000     54.80802931      0.68277962    922.01476784    300.00000000      0.99966440      0.10073484     -5.15936999      0.00466188     -5.15470811      0.22044038      0.01931192      0.22236977      0.04499720 md_running
   252    126.00000000     55.03214471      0.64509902    947.98011244    300.00000000      0.99966005      0.10357169     -5.16180899      0.00416153     -5.15764746      0.22109365      0.01824616      0.22269724      0.04513055 md_running
   253    126.50000000     55.25463070      0.60722928    973.51452162    300.00000000      0.99965563      0.10636145     -5.16422320      0.00368727     -5.16053592      0.21920747      0.01717504      0.22040508      0.04474554 md_running
   254    127.00000000     55.47072902      0.56923800    994.94705941    300.00000000      0.99965184      0.10870307     -5.16620586      0.00324032     -5.16296554      0.21710489      0.01610048      0.21781254      0.04431635 md_running
   255    127.50000000     55.68807122      0.53120674   1010.30159246    300.00000000      0.99964904      0.11038063     -5.16754242      0.00282181     -5.16472061      0.21694374      0.01502480      0.21709933      0.04428346 md_running
   256    128.00000000     55.90768829      0.49323809   1019.36298395    300.00000000      0.99964727      0.11137063     -5.16821235      0.00243284     -5.16577952      0.21983966      0.01395088      0.21942837      0.04487458 md_running
   257    128.50000000     56.12550789      0.45546691   1023.26468331    300.00000000      0.99964639      0.11179692     -5.16834495      0.00207450     -5.16627045      0.22522856      0.01288255      0.22428723      0.04597459 md_running
   258    129.00000000     56.33506722      0.41807595   1023.89609922    300.00000000      0.99964613      0.11186590     -5.16815147      0.00174788     -5.16640359      0.23118512      0.01182497      0.22978109      0.04719047 md_running
   259    129.50000000     56.54544296      0.38131635   1023.25472526    300.00000000      0.99964618      0.11179583     -5.16785514      0.00145402     -5.16640112      0.23554560      0.01078526      0.23375193      0.04808054 md_running
   260    130.00000000     56.76578678      0.34553315   1022.92850456    300.00000000      0.99964628      0.11176019     -5.16763239      0.00119393     -5.16643846      0.23673228      0.00977315      0.23461718      0.04832277 md_running
   261    130.50000000     56.97993515      0.31119546   1023.81318720    300.00000000      0.99964626      0.11185684     -5.16758135      0.00096843     -5.16661292      0.23419295      0.00880194      0.23182355      0.04780444 md_running
   262    131.00000000     57.19871490      0.27892985   1026.11872791    300.00000000      0.99964603      0.11210873     -5.16772454      0.00077802     -5.16694652      0.22841678      0.00788933      0.22587119      0.04662538 md_running
   263    131.50000000     57.41802287      0.24955069   1029.51132576    300.00000000      0.99964561      0.11247939     -5.16802439      0.00062276     -5.16740164      0.22068800      0.00705836      0.21806883      0.04504775 md_running
   264    132.00000000     57.64000586      0.22406875   1033.31203377    300.00000000      0.99964508      0.11289464     -5.16840437      0.00050207     -5.16790230      0.21264852      0.00633762      0.21009179      0.04340670 md_running
   265    132.50000000     57.86242694      0.20363127   1036.69232347    300.00000000      0.99964456      0.11326395     -5.16877261      0.00041466     -5.16835795      0.20567696      0.00575956      0.20334826      0.04198363 md_running
   266    133.00000000     58.08120698      0.18932054   1038.75250643    300.00000000      0.99964416      0.11348904     -5.16902868      0.00035842     -5.16867026      0.20057450      0.00535479      0.19865077      0.04094210 md_running
   267    133.50000000     58.29853248      0.18178335   1038.48618029    300.00000000      0.99964401      0.11345994     -5.16905983      0.00033045     -5.16872938      0.19749449      0.00514161      0.19613920      0.04031339 md_running
   268    134.00000000     58.51579573      0.18084737   1034.70711299    300.00000000      0.99964426      0.11304706     -5.16873406      0.00032706     -5.16840700      0.19614732      0.00511514      0.19549253      0.04003840 md_running
   269    134.50000000     58.73607189      0.18543519   1026.02622180    300.00000000      0.99964509      0.11209863     -5.16789249      0.00034386     -5.16754863      0.19628489      0.00524490      0.19642570      0.04006649 md_running
   270    135.00000000     58.95374348      0.19388291   1011.05663194    300.00000000      0.99964673      0.11046312     -5.16637499      0.00037591     -5.16599908      0.19804319      0.00548384      0.19903098      0.04042540 md_running
   271    135.50000000     59.16889632      0.20440101    988.84391817    300.00000000      0.99964944      0.10803627     -5.16406822      0.00041780     -5.16365043      0.20205166      0.00578133      0.20388191      0.04124362 md_running
   272    136.00000000     59.39454030      0.21538485    959.34438182    300.00000000      0.99965340      0.10481329     -5.16095638      0.00046391     -5.16049247      0.20933818      0.00609200      0.21193620      0.04273098 md_running
   273    136.50000000     59.61679397      0.22551968    924.04360650    300.00000000      0.99965874      0.10095650     -5.15719104      0.00050859     -5.15668245      0.22064963      0.00637866      0.22386164      0.04503992 md_running
   274    137.00000000     59.83444103      0.23377850    886.42966236    300.00000000      0.99966526      0.09684699     -5.15314857      0.00054652     -5.15260205      0.23557337      0.00661225      0.23919093      0.04808621 md_running
   275    137.50000000     60.04972912      0.23939461    851.73913205    300.00000000      0.99967234      0.09305687     -5.14940539      0.00057310     -5.14883230      0.25214481      0.00677110      0.25595082      0.05146884 md_running
   276    138.00000000     60.26666544      0.24184634    825.73867750    300.00000000      0.99967880      0.09021619     -5.14660271      0.00058490     -5.14601782      0.26738384      0.00684045      0.27118998      0.05457950 md_running
   277    138.50000000     60.48650965      0.24085447    812.90580722    300.00000000      0.99968318      0.08881413     -5.14524041      0.00058011     -5.14466030      0.27816596      0.00681239      0.28182640      0.05678039 md_running
   278    139.00000000     60.70442383      0.23638360    814.91750167    300.00000000      0.99968440      0.08903392     -5.14550660      0.00055877     -5.14494782      0.28198897      0.00668594      0.28540051      0.05756076 md_running
   279    139.50000000     60.92049836      0.22863525    830.21816507    300.00000000      0.99968233      0.09070559     -5.14722865      0.00052274     -5.14670591      0.27730058      0.00646678      0.28039935      0.05660374 md_running
   280    140.00000000     61.13127462      0.21802893    854.74354244    300.00000000      0.99967782      0.09338512     -5.14995713      0.00047537     -5.14948177      0.26359286      0.00616679      0.26634995      0.05380567 md_running
   281    140.50000000     61.35010126      0.20517445    883.24170220    300.00000000      0.99967220      0.09649869     -5.15311455      0.00042097     -5.15269359      0.24156403      0.00580321      0.24397971      0.04930905 md_running
   282    141.00000000     61.56831652      0.19084100    910.50807570    300.00000000      0.99966669      0.09947768     -5.15613126      0.00036420     -5.15576706      0.21330460      0.00539780      0.21540003      0.04354062 md_running
   283    141.50000000     61.78815364      0.17592781    932.20050814    300.00000000      0.99966215      0.10184769     -5.15853518      0.00030951     -5.15822568      0.18257761      0.00497599      0.18438552      0.03726850 md_running
   284    142.00000000     62.00841996      0.16143137    945.27052581    300.00000000      0.99965909      0.10327565     -5.15999389      0.00026060     -5.15973328      0.15527183      0.00456597      0.15682270      0.03169473 md_running
   285    142.50000000     62.22389274      0.14839068    948.24251875    300.00000000      0.99965773      0.10360036     -5.16034661      0.00022020     -5.16012641      0.13929063      0.00419712      0.14060860      0.02843258 md_running
   286    143.00000000     62.44380995      0.13776949    941.35816932    300.00000000      0.99965809      0.10284821     -5.15962119      0.00018980     -5.15943139      0.14067277      0.00389671      0.14180457      0.02871471 md_running
   287    143.50000000     62.66305088      0.13025804    926.43434783    300.00000000      0.99966002      0.10121770     -5.15801809      0.00016967     -5.15784842      0.15769721      0.00368425      0.15874723      0.03218981 md_running
   288    144.00000000     62.88678531      0.12604174    906.48047733    300.00000000      0.99966317      0.09903764     -5.15586819      0.00015887     -5.15570932      0.18302740      0.00356500      0.18411113      0.03736031 md_running
   289    144.50000000     63.10893211      0.12467456    885.18507841    300.00000000      0.99966706      0.09671101     -5.15357617      0.00015544     -5.15342074      0.20992861      0.00352633      0.21112630      0.04285150 md_running
   290    145.00000000     63.33118283      0.12517435    866.34200265    300.00000000      0.99967102      0.09465231     -5.15155792      0.00015669     -5.15140123      0.23405294      0.00354047      0.23540684      0.04777586 md_running
   291    145.50000000     63.55196256      0.12629001    853.28807928    300.00000000      0.99967430      0.09322610     -5.15017864      0.00015949     -5.15001915      0.25278467      0.00357202      0.25430869      0.05159945 md_running
   292    146.00000000     63.77424860      0.12677255    848.41515620    300.00000000      0.99967621      0.09269371     -5.14970024      0.00016071     -5.14953952      0.26465092      0.00358567      0.26633662      0.05402164 md_running
   293    146.50000000     64.00086355      0.12554399    852.79732511    300.00000000      0.99967627      0.09317248     -5.15023938      0.00015761     -5.15008177      0.26895609      0.00355092      0.27077459      0.05490043 md_running
   294    147.00000000     64.22071082      0.12176772    865.96796466    300.00000000      0.99967442      0.09461144     -5.15174532      0.00014827     -5.15159705      0.26556694      0.00344411      0.26746918      0.05420862 md_running
   295    147.50000000     64.44234456      0.11486505    885.87388684    300.00000000      0.99967102      0.09678627     -5.15399185      0.00013194     -5.15385991      0.25486175      0.00324887      0.25677888      0.05202344 md_running
   296    148.00000000     64.65610132      0.10451173    909.11935628    300.00000000      0.99966677      0.09932595     -5.15660529      0.00010923     -5.15649606      0.23781149      0.00295604      0.23965612      0.04854307 md_running
   297    148.50000000     64.87825932      0.09062917    931.52654509    300.00000000      0.99966248      0.10177405     -5.15912580      0.00008214     -5.15904366      0.21601030      0.00256338      0.21767845      0.04409292 md_running
   298    149.00000000     65.09946949      0.07338293    948.97059961    300.00000000      0.99965892      0.10367991     -5.16109697      0.00005385     -5.16104312      0.19215268      0.00207558      0.19352669      0.03922300 md_running
   299    149.50000000     65.31029082      0.05322243    958.59145081    300.00000000      0.99965660      0.10473103     -5.16219885      0.00002833     -5.16217053      0.17065886      0.00150536      0.17162169      0.03483559 md_running
   300    150.00000000     65.52817371      0.03121167    959.99745044    300.00000000      0.99965574      0.10488465     -5.16238888      0.00000974     -5.16237913      0.15718399      0.00088280      0.15767307      0.03208505 md_running
   301    150.50000000     65.73606492      0.01380867    955.67370705    300.00000000      0.99965609      0.10441225     -5.16194761      0.00000191     -5.16194570      0.15599245      0.00039057      0.15608950      0.03184182 md_running
   302    151.00000000     65.94593551      0.02785782    950.09701458    300.00000000      0.99965705      0.10380297     -5.16138250      0.00000776     -5.16137474      0.16634653      0.00078794      0.16627081      0.03395534 md_running
   303    151.50000000     66.17037362      0.05390388    947.68108185    300.00000000      0.99965783      0.10353902     -5.16119443      0.00002906     -5.16116537      0.18327477      0.00152463      0.18324791      0.03741081 md_running
   304    152.00000000     66.38834514      0.08141268    950.66983863    300.00000000      0.99965780      0.10386556     -5.16163581      0.00006628     -5.16156953      0.20164928      0.00230270      0.20181318      0.04116149 md_running
   305    152.50000000     66.60966895      0.10898708    958.44485365    300.00000000      0.99965685      0.10471502     -5.16262829      0.00011878     -5.16250950      0.21793432      0.00308262      0.21835500      0.04448566 md_running
   306    153.00000000     66.82822976      0.13603216    968.57726173    300.00000000      0.99965531      0.10582203     -5.16389373      0.00018505     -5.16370868      0.22961099      0.00384757      0.23030339      0.04686915 md_running
   307    153.50000000     67.05246785      0.16218703    978.49729131    300.00000000      0.99965365      0.10690585     -5.16513885      0.00026305     -5.16487581      0.23468001      0.00458734      0.23562847      0.04790386 md_running
   308    154.00000000     67.27305542      0.18723991    986.60010166    300.00000000      0.99965222      0.10779112     -5.16618791      0.00035059     -5.16583732      0.23184372      0.00529594      0.23301409      0.04732490 md_running
   309    154.50000000     67.49769585      0.21110365    992.36463941    300.00000000      0.99965117      0.10842093     -5.16698579      0.00044565     -5.16654015      0.22104891      0.00597091      0.22239259      0.04512142 md_running
   310    155.00000000     67.72082567      0.23379946    995.71596509    300.00000000      0.99965048      0.10878708     -5.16752863      0.00054662     -5.16698201      0.20376916      0.00661285      0.20521702      0.04159421 md_running
   311    155.50000000     67.94684354      0.25544061    996.47021836    300.00000000      0.99965017      0.10886948     -5.16779424      0.00065250     -5.16714174      0.18295451      0.00722495      0.18440298      0.03734543 md_running
   312    156.00000000     68.16985203      0.27621257    994.28169609    300.00000000      0.99965027      0.10863038     -5.16774333      0.00076293     -5.16698039      0.16262077      0.00781247      0.16391209      0.03319483 md_running
   313    156.50000000     68.39099694      0.29635203    988.78363999    300.00000000      0.99965085      0.10802968     -5.16733408      0.00087825     -5.16645583      0.14737023      0.00838210      0.14828458      0.03008182 md_running
   314    157.00000000     68.60973670      0.31612827    979.83620832    300.00000000      0.99965196      0.10705213     -5.16654954      0.00099937     -5.16555017      0.14112204      0.00894146      0.14143649      0.02880642 md_running
   315    157.50000000     68.82853193      0.33582785    967.78586532    300.00000000      0.99965361      0.10573557     -5.16542796      0.00112780     -5.16430016      0.14515039      0.00949865      0.14476307      0.02962870 md_running
   316    158.00000000     69.04936328      0.35574175    953.59289662    300.00000000      0.99965575      0.10418492     -5.16407602      0.00126552     -5.16281049      0.15755764      0.01006190      0.15652560      0.03216132 md_running
   317    158.50000000     69.26795882      0.37615506    938.80805639    300.00000000      0.99965819      0.10256960     -5.16266663      0.00141493     -5.16125170      0.17500692      0.01063927      0.17345996      0.03572314 md_running
   318    159.00000000     69.49706929      0.39733772    925.41017524    300.00000000      0.99966065      0.10110581     -5.16142058      0.00157877     -5.15984181      0.19443470      0.01123841      0.19249597      0.03968882 md_running
   319    159.50000000     69.72075750      0.41953561    915.53776806    300.00000000      0.99966275      0.10002720     -5.16057728      0.00176010     -5.15881718      0.21349584      0.01186626      0.21125799      0.04357966 md_running
   320    160.00000000     69.94295967      0.44296177    911.16762521    300.00000000      0.99966408      0.09954974     -5.16035857      0.00196215     -5.15839642      0.23027733      0.01252885      0.22780470      0.04700516 md_running
   321    160.50000000     70.15748944      0.46778801    913.74094293    300.00000000      0.99966427      0.09983088     -5.16092991      0.00218826     -5.15874166      0.24302400      0.01323104      0.24035933      0.04960707 md_running
   322    161.00000000     70.36327420      0.49413765    923.72768253    300.00000000      0.99966314      0.10092199     -5.16234859      0.00244172     -5.15990687      0.25025565      0.01397632      0.24742946      0.05108322 md_running
   323    161.50000000     70.58109179      0.52207957    940.34888480    300.00000000      0.99966076      0.10273794     -5.16453301      0.00272567     -5.16180733      0.25094318      0.01476664      0.24798228      0.05122356 md_running
   324    162.00000000     70.80191613      0.55162470    961.61194759    300.00000000      0.99965747      0.10506104     -5.16726707      0.00304290     -5.16422417      0.24473033      0.01560230      0.24167120      0.04995537 md_running
   325    162.50000000     71.02261994      0.58272408    984.68417006    300.00000000      0.99965379      0.10758180     -5.17023752      0.00339567     -5.16684185      0.23219853      0.01648193      0.22910919      0.04739733 md_running
   326    163.00000000     71.23930034      0.61526796   1006.74195360    300.00000000      0.99965023      0.10999172     -5.17312789      0.00378555     -5.16934235      0.21493769      0.01740241      0.21194974      0.04387397 md_running
   327    163.50000000     71.44874990      0.64908660   1026.04190241    300.00000000      0.99964715      0.11210034     -5.17574428      0.00421313     -5.17153115      0.19543959      0.01835894      0.19279028      0.03989394 md_running
   328    164.00000000     71.66685154      0.68395306   1042.50497998    300.00000000      0.99964462      0.11389902     -5.17807881      0.00467792     -5.17340090      0.17681243      0.01934511      0.17488645      0.03609169 md_running
   329    164.50000000     71.88196384      0.71958703   1057.42427545    300.00000000      0.99964251      0.11552903     -5.18027987      0.00517805     -5.17510182      0.16243720      0.02035299      0.16175967      0.03315736 md_running
   330    165.00000000     72.09168260      0.75565896   1072.29270255    300.00000000      0.99964055      0.11715348     -5.18251825      0.00571020     -5.17680805      0.15567434      0.02137326      0.15676138      0.03177689 md_running
   331    165.50000000     72.31585808      0.79179603   1087.45562863    300.00000000      0.99963858      0.11881011     -5.18483029      0.00626941     -5.17856088      0.15899608      0.02239537      0.16205737      0.03245494 md_running
   332    166.00000000     72.53922141      0.82759340   1101.70034422    300.00000000      0.99963667      0.12036641     -5.18706973      0.00684911     -5.18022062      0.17239982      0.02340788      0.17719274      0.03519096 md_running
   333    166.50000000     72.76017229      0.86263361   1113.09672130    300.00000000      0.99963504      0.12161153     -5.18900638      0.00744137     -5.18156502      0.19246925      0.02439896      0.19851394      0.03928762 md_running
   334    167.00000000     72.97724106      0.89651600   1120.37269380    300.00000000      0.99963390      0.12240646     -5.19048537      0.00803741     -5.18244796      0.21390613      0.02535730      0.22075133      0.04366341 md_running
   335    167.50000000     73.20016372      0.92889362   1123.72337824    300.00000000      0.99963329      0.12277254     -5.19152071      0.00862843     -5.18289228      0.23175467      0.02627308      0.23905021      0.04730672 md_running
   336    168.00000000     73.41758997      0.95951108   1124.64713297    300.00000000      0.99963309      0.12287347     -5.19227449      0.00920662     -5.18306788      0.24275028      0.02713907      0.25020611      0.04955119 md_running
   337    168.50000000     73.63600528      0.98823512   1125.10241367    300.00000000      0.99963305      0.12292321     -5.19296222      0.00976609     -5.18319614      0.24563211      0.02795151      0.25296420      0.05013944 md_running
   338    169.00000000     73.85644783      1.01507128   1126.67703508    300.00000000      0.99963296      0.12309525     -5.19375596      0.01030370     -5.18345227      0.24087678      0.02871055      0.24776983      0.04916877 md_running
   339    169.50000000     74.07310245      1.04016332   1130.25211653    300.00000000      0.99963267      0.12348584     -5.19475141      0.01081940     -5.18393201      0.23012080      0.02942026      0.23620968      0.04697321 md_running
   340    170.00000000     74.28846031      1.06377637   1135.98700827    300.00000000      0.99963212      0.12411241     -5.19596895      0.01131620     -5.18465274      0.21574804      0.03008814      0.22061520      0.04403938 md_running
   341    170.50000000     74.50613412      1.08626654   1143.46900705    300.00000000      0.99963134      0.12492985     -5.19736711      0.01179975     -5.18556736      0.20040509      0.03072426      0.20360772      0.04090752 md_running
   342    171.00000000     74.72318933      1.10804215   1151.96819629    300.00000000      0.99963041      0.12585843     -5.19887193      0.01227757     -5.18659436      0.18643921      0.03134016      0.18758025      0.03805674 md_running
   343    171.50000000     74.94046262      1.12952246   1160.66348259    300.00000000      0.99962943      0.12680844     -5.20040216      0.01275821     -5.18764395      0.17563428      0.03194772      0.17447444      0.03585120 md_running
   344    172.00000000     75.15989817      1.15109936   1168.69589171    300.00000000      0.99962848      0.12768602     -5.20187330      0.01325030     -5.18862300      0.16903500      0.03255801      0.16560684      0.03450413 md_running
   345    172.50000000     75.37845505      1.17310638   1175.12273030    300.00000000      0.99962767      0.12838819     -5.20318959      0.01376179     -5.18942780      0.16690824      0.03318046      0.16156986      0.03407000 md_running
   346    173.00000000     75.59508473      1.19579623   1178.92508377    300.00000000      0.99962709      0.12880361     -5.20424641      0.01429929     -5.18994712      0.16894085      0.03382222      0.16230982      0.03448491 md_running
   347    173.50000000     75.81031722      1.21932779   1178.98039482    300.00000000      0.99962686      0.12880966     -5.20492617      0.01486760     -5.19005856      0.17473563      0.03448780      0.16754483      0.03566776 md_running
   348    174.00000000     76.01893915      1.24376209   1174.05208499    300.00000000      0.99962709      0.12827121     -5.20509433      0.01546944     -5.18962489      0.18386025      0.03517890      0.17681098      0.03753032 md_running
   349    174.50000000     76.23616198      1.26906565   1163.03263751    300.00000000      0.99962794      0.12706728     -5.20462618      0.01610528     -5.18852090      0.19583458      0.03589460      0.18949416      0.03997457 md_running
   350    175.00000000     76.45135075      1.29512000   1145.39053068    300.00000000      0.99962952      0.12513979     -5.20345815      0.01677336     -5.18668479      0.21002286      0.03663153      0.20478886      0.04287074 md_running
   351    175.50000000     76.66452220      1.32173499   1121.61246741    300.00000000      0.99963190      0.12254192     -5.20163629      0.01746983     -5.18416646      0.22539617      0.03738431      0.22150593      0.04600880 md_running
   352    176.00000000     76.87849443      1.34866452   1093.60545136    300.00000000      0.99963504      0.11948201     -5.19935988      0.01818896     -5.18117092      0.24043011      0.03814599      0.23800058      0.04907759 md_running
   353    176.50000000     77.09289555      1.37562407   1064.90264626    300.00000000      0.99963868      0.11634608     -5.19701037      0.01892342     -5.17808696      0.25308449      0.03890852      0.25216020      0.05166066 md_running
   354    177.00000000     77.31304291      1.40230980   1040.22012558    300.00000000      0.99964232      0.11364938     -5.19510345      0.01966473     -5.17543873      0.26115585      0.03966331      0.26176576      0.05330822 md_running
   355    177.50000000     77.53513802      1.42841689   1024.21245645    300.00000000      0.99964523      0.11190046     -5.19415208      0.02040375     -5.17374833      0.26278063      0.04040173      0.26498908      0.05363987 md_running
   356    178.00000000     77.75552469      1.45365490   1019.80398760    300.00000000      0.99964672      0.11141882     -5.19447756      0.02113113     -5.17334643      0.25721465      0.04111557      0.26116026      0.05250372 md_running
   357    178.50000000     77.97780341      1.47775787   1026.89911296    300.00000000      0.99964648      0.11219400     -5.19606269      0.02183768     -5.17422500      0.24544277      0.04179730      0.25135269      0.05010080 md_running
   358    179.00000000     78.19343165      1.50048820   1042.28564242    300.00000000      0.99964477      0.11387505     -5.19853905      0.02251465     -5.17602440      0.23042132      0.04244022      0.23856498      0.04703456 md_running
   359    179.50000000     78.41236442      1.52163541   1060.87026872    300.00000000      0.99964229      0.11590552     -5.20132776      0.02315374     -5.17817402      0.21652044      0.04303835      0.22705113      0.04419705 md_running
   360    180.00000000     78.63075697      1.54101425   1077.61792278    300.00000000      0.99963983      0.11773529     -5.20385893      0.02374725     -5.18011168      0.20780882      0.04358646      0.22054068      0.04241880 md_running
   361    180.50000000     78.85208486      1.55846640   1089.19664470    300.00000000      0.99963796      0.11900032     -5.20575599      0.02428818     -5.18146782      0.20579913      0.04408009      0.22015022      0.04200857 md_running
   362    181.00000000     79.07421572      1.57386776   1094.62139119    300.00000000      0.99963689      0.11959300     -5.20690918      0.02477060     -5.18213858      0.20853090      0.04451570      0.22376142      0.04256619 md_running
   363    181.50000000     79.29309972      1.58714018   1094.82907585    300.00000000      0.99963658      0.11961569     -5.20742311      0.02519014     -5.18223297      0.21189933      0.04489110      0.22738541      0.04325377 md_running
   364    182.00000000     79.51753218      1.59826512   1091.71269601    300.00000000      0.99963682      0.11927521     -5.20750864      0.02554451     -5.18196413      0.21216135      0.04520576      0.22745371      0.04330725 md_running
   365    182.50000000     79.73259750      1.60729375   1087.17689430    300.00000000      0.99963734      0.11877965     -5.20737945      0.02583393     -5.18154552      0.20731896      0.04546113      0.22205674      0.04231881 md_running
   366    183.00000000     79.95223027      1.61435021   1082.43010682    300.00000000      0.99963795      0.11826104     -5.20717145      0.02606127     -5.18111019      0.19748278      0.04566072      0.21127930      0.04031100 md_running
   367    183.50000000     80.17439637      1.61962600   1077.75422638    300.00000000      0.99963855      0.11775018     -5.20691944      0.02623188     -5.18068756      0.18477421      0.04580994      0.19711093      0.03771688 md_running
   368    184.00000000     80.39451504      1.62336614   1072.73349371    300.00000000      0.99963916      0.11720164     -5.20658173      0.02635318     -5.18022855      0.17266662      0.04591573      0.18285342      0.03524543 md_running
   369    184.50000000     80.61359830      1.62584926   1066.67928914    300.00000000      0.99963987      0.11654018     -5.20608854      0.02643386     -5.17965468      0.16489031      0.04598596      0.17218150      0.03365809 md_running
   370    185.00000000     80.82036461      1.62736559   1059.02955451    300.00000000      0.99964076      0.11570441     -5.20538611      0.02648319     -5.17890293      0.16391561      0.04602885      0.16783985      0.03345913 md_running
   371    185.50000000     81.04047665      1.62819629   1049.58825456    300.00000000      0.99964190      0.11467290     -5.20446170      0.02651023     -5.17795147      0.16974998      0.04605235      0.17040682      0.03465007 md_running
   372    186.00000000     81.26112834      1.62859636   1038.57643634    300.00000000      0.99964330      0.11346980     -5.20334809      0.02652326     -5.17682483      0.18026588      0.04606366      0.17823474      0.03679662 md_running
   373    186.50000000     81.48494018      1.62878314   1026.53982914    300.00000000      0.99964492      0.11215474     -5.20211329      0.02652935     -5.17558395      0.19264177      0.04606894      0.18864846      0.03932284 md_running
   374    187.00000000     81.70569077      1.62893002   1014.16308628    300.00000000      0.99964667      0.11080252     -5.20083973      0.02653413     -5.17430560      0.20442445      0.04607310      0.19910963      0.04172797 md_running
   375    187.50000000     81.92037813      1.62916454   1002.01602359    300.00000000      0.99964847      0.10947539     -5.19959560      0.02654177     -5.17305383      0.21388670      0.04607973      0.20774205      0.04365944 md_running
   376    188.00000000     82.13770084      1.62956964    990.30578787    300.00000000      0.99965025      0.10819599     -5.19840756      0.02655497     -5.17185259      0.21999034      0.04609119      0.21338216      0.04490534 md_running
   377    188.50000000     82.35378129      1.63018657    978.73132647    300.00000000      0.99965200      0.10693142     -5.19724397      0.02657508     -5.17066889      0.22225044      0.04610864      0.21546801      0.04536668 md_running
   378    189.00000000     82.57341992      1.63101798    966.47364355    300.00000000      0.99965383      0.10559220     -5.19601446      0.02660220     -5.16941227      0.22070691      0.04613215      0.21401384      0.04505161 md_running
   379    189.50000000     82.79391027      1.63202999    952.35068315    300.00000000      0.99965590      0.10404920     -5.19458617      0.02663522     -5.16795095      0.21594530      0.04616078      0.20962550      0.04407965 md_running
   380    190.00000000     83.00945458      1.63315347    935.22151936    300.00000000      0.99965844      0.10217775     -5.19282721      0.02667190     -5.16615531      0.20909254      0.04619256      0.20349355      0.04268084 md_running
   381    190.50000000     83.22378957      1.63428393    914.54274281    300.00000000      0.99966166      0.09991849     -5.19067078      0.02670884     -5.16396194      0.20161367      0.04622453      0.19717176      0.04115422 md_running
   382    191.00000000     83.43721471      1.63528050    890.93827219    300.00000000      0.99966566      0.09733958     -5.18817655      0.02674142     -5.16143513      0.19504599      0.04625272      0.19226549      0.03981360 md_running
   383    191.50000000     83.65652803      1.63596545    866.47898591    300.00000000      0.99967027      0.09466727     -5.18556830      0.02676383     -5.15880447      0.19031321      0.04627209      0.18968889      0.03884752 md_running
   384    192.00000000     83.87693954      1.63612555    844.17598218    300.00000000      0.99967504      0.09223056     -5.18317715      0.02676907     -5.15640808      0.18750134      0.04627662      0.18943503      0.03827355 md_running
   385    192.50000000     84.09671163      1.63551578    826.79028463    300.00000000      0.99967928      0.09033108     -5.18130709      0.02674912     -5.15455797      0.18630296      0.04625937      0.19104807      0.03802893 md_running
   386    193.00000000     84.31297475      1.63386636    815.58396541    300.00000000      0.99968241      0.08910673     -5.18009216      0.02669519     -5.15339696      0.18682999      0.04621272      0.19444401      0.03813651 md_running
   387    193.50000000     84.53918902      1.63089357    809.73691022    300.00000000      0.99968424      0.08846791     -5.17943069      0.02659814     -5.15283255      0.18999036      0.04612864      0.20026205      0.03878162 md_running
   388    194.00000000     84.74665277      1.62631380    806.83504181    300.00000000      0.99968511      0.08815087     -5.17904061      0.02644897     -5.15259165      0.19683875      0.04599910      0.20923912      0.04017954 md_running
   389    194.50000000     84.95974021      1.61986122    804.12859482    300.00000000      0.99968564      0.08785517     -5.17860349      0.02623950     -5.15236398      0.20734202      0.04581659      0.22112372      0.04232351 md_running
   390    195.00000000     85.17817755      1.61130746    799.81846781    300.00000000      0.99968641      0.08738427     -5.17791140      0.02596312     -5.15194828      0.21978305      0.04557466      0.23418584      0.04486303 md_running
   391    195.50000000     85.39779225      1.60048169    793.65426329    300.00000000      0.99968767      0.08671080     -5.17693614      0.02561542     -5.15132072      0.23134558      0.04526846      0.24573851      0.04722322 md_running
   392    196.00000000     85.61380498      1.58728932    786.60900771    300.00000000      0.99968930      0.08594107     -5.17578719      0.02519487     -5.15059232      0.23935372      0.04489532      0.25324481      0.04885787 md_running
   393    196.50000000     85.83104108      1.57172623    780.16921814    300.00000000      0.99969101      0.08523749     -5.17463446      0.02470323     -5.14993123      0.24210913      0.04445513      0.25508763      0.04942032 md_running
   394    197.00000000     86.05152999      1.55388570    775.65488202    300.00000000      0.99969241      0.08474427     -5.17362992      0.02414561     -5.14948431      0.23943119      0.04395052      0.25109453      0.04887369 md_running
   395    197.50000000     86.26804710      1.53395623    773.81929727    300.00000000      0.99969322      0.08454373     -5.17286446      0.02353022     -5.14933424      0.23254137      0.04338683      0.24244333      0.04746731 md_running
   396    198.00000000     86.48626452      1.51221158    774.85357157    300.00000000      0.99969332      0.08465673     -5.17236809      0.02286784     -5.14950025      0.22369988      0.04277180      0.23134967      0.04566255 md_running
   397    198.50000000     86.70353207      1.48899297    778.59613486    300.00000000      0.99969272      0.08506562     -5.17213405      0.02217100     -5.14996305      0.21551097      0.04211508      0.22043794      0.04399099 md_running
   398    199.00000000     86.91821194      1.46468681    784.79211555    300.00000000      0.99969148      0.08574256     -5.17214692      0.02145307     -5.15069385      0.21011859      0.04142760      0.21199630      0.04289028 md_running
   399    199.50000000     87.14102860      1.43970168    793.26791140    300.00000000      0.99968970      0.08666859     -5.17240099      0.02072741     -5.15167358      0.20848512      0.04072091      0.20726642      0.04255685 md_running
   400    200.00000000     87.36070840      1.41444593    803.96555631    300.00000000      0.99968743      0.08783736     -5.17290344      0.02000657     -5.15289687      0.21026372      0.04000657      0.20620858      0.04291990 md_running
   401    200.50000000     87.57856154      1.38930774    816.88187947    300.00000000      0.99968470      0.08924854     -5.17366578      0.01930176     -5.15436402      0.21428320      0.03929556      0.20785560      0.04374038 md_running
   402    201.00000000     87.80147782      1.36463932    832.00732629    300.00000000      0.99968157      0.09090107     -5.17469698      0.01862240     -5.15607458      0.21916163      0.03859783      0.21089364      0.04473618 md_running
   403    201.50000000     88.02330404      1.34074451    849.30603373    300.00000000      0.99967807      0.09279104     -5.17600033      0.01797596     -5.15802437      0.22367976      0.03792198      0.21407507      0.04565844 md_running
   404    202.00000000     88.24771328      1.31786982    868.72612259    300.00000000      0.99967426      0.09491278     -5.17757612      0.01736781     -5.16020831      0.22689327      0.03727499      0.21638605      0.04631440 md_running
   405    202.50000000     88.47200634      1.29619836    890.18543960    300.00000000      0.99967021      0.09725733     -5.17941877      0.01680130     -5.16261747      0.22807298      0.03666203      0.21702254      0.04655520 md_running
   406    203.00000000     88.70006031      1.27584636    913.49383902    300.00000000      0.99966598      0.09980389     -5.18151116      0.01627784     -5.16523332      0.22661051      0.03608638      0.21531299      0.04625668 md_running
   407    203.50000000     88.91475013      1.25686161    938.20480324    300.00000000      0.99966166      0.10250369     -5.18380508      0.01579701     -5.16800807      0.22202335      0.03554941      0.21073038      0.04532033 md_running
   408    204.00000000     89.12958288      1.23922366    963.43005677    300.00000000      0.99965739      0.10525968     -5.18620284      0.01535675     -5.17084609      0.21400196      0.03505054      0.20294814      0.04368297 md_running
   409    204.50000000     89.34743617      1.22284547    987.75760158    300.00000000      0.99965334      0.10791758     -5.18854509      0.01495351     -5.17359158      0.20246771      0.03458729      0.19190486      0.04132855 md_running
   410    205.00000000     89.57010384      1.20757628   1009.35163483    300.00000000      0.99964976      0.11027684     -5.19062471      0.01458240     -5.17604230      0.18769239      0.03415541      0.17794162      0.03831255 md_running
   411    205.50000000     89.78966388      1.19320490   1026.15142979    300.00000000      0.99964689      0.11211231     -5.19220901      0.01423738     -5.17797163      0.17049040      0.03374893      0.16202417      0.03480121 md_running
   412    206.00000000     90.00976344      1.17946301   1036.18446546    300.00000000      0.99964493      0.11320847     -5.19306980      0.01391133     -5.17915847      0.15272836      0.03336025      0.14629166      0.03117555 md_running
   413    206.50000000     90.22621152      1.16602823   1038.08589100    300.00000000      0.99964407      0.11341621     -5.19304555      0.01359622     -5.17944933      0.13788016      0.03298026      0.13452840      0.02814467 md_running
   414    207.00000000     90.43429968      1.15253010   1031.63445820    300.00000000      0.99964440      0.11271136     -5.19209954      0.01328326     -5.17881628      0.13080544      0.03259847      0.13152732      0.02670055 md_running
   415    207.50000000     90.65200656      1.13855956   1018.17056012    300.00000000      0.99964586      0.11124036     -5.19036639      0.01296318     -5.17740321      0.13530562      0.03220333      0.14015141      0.02761914 md_running
   416    208.00000000     90.86835003      1.12368474   1000.69482798    300.00000000      0.99964819      0.10933104     -5.18816791      0.01262667     -5.17554124      0.15048389      0.03178260      0.15843474      0.03071740 md_running
   417    208.50000000     91.08542248      1.10747446    983.37949487    300.00000000      0.99965092      0.10743925     -5.18595816      0.01226500     -5.17369316      0.17127323      0.03132411      0.18112616      0.03496100 md_running
   418    209.00000000     91.29728510      1.08952853    970.61257021    300.00000000      0.99965337      0.10604440     -5.18421736      0.01187072     -5.17234664      0.19188406      0.03081652      0.20276635      0.03916817 md_running
   419    209.50000000     91.51923702      1.06951253    965.90087369    300.00000000      0.99965484      0.10552962     -5.18333075      0.01143857     -5.17189218      0.20770663      0.03025038      0.21905222      0.04239794 md_running
   420    210.00000000     91.73986976      1.04719284    971.00992724    300.00000000      0.99965483      0.10608782     -5.18349209      0.01096613     -5.17252596      0.21565753      0.02961909      0.22707108      0.04402091 md_running
   421    210.50000000     91.95755192      1.02246611    985.61136828    300.00000000      0.99965323      0.10768310     -5.18466601      0.01045437     -5.17421164      0.21417814      0.02891971      0.22533444      0.04371893 md_running
   422    211.00000000     92.17454018      0.99537737   1007.47845344    300.00000000      0.99965033      0.11007219     -5.18661026      0.00990776     -5.17670250      0.20326615      0.02815352      0.21383821      0.04149153 md_running
   423    211.50000000     92.38734806      0.96612307   1033.08668172    300.00000000      0.99964673      0.11287002     -5.18894175      0.00933394     -5.17960782      0.18454797      0.02732609      0.19413189      0.03767070 md_running
   424    212.00000000     92.60495832      0.93503814   1058.40102258    300.00000000      0.99964306      0.11563574     -5.19122532      0.00874296     -5.18248235      0.16135744      0.02644687      0.16936283      0.03293695 md_running
   425    212.50000000     92.83120964      0.90256988   1079.64788372    300.00000000      0.99963986      0.11795707     -5.19305450      0.00814632     -5.18490818      0.13893326      0.02552853      0.14444649      0.02835963 md_running
   426    213.00000000     93.05613303      0.86924318   1093.95823208    300.00000000      0.99963752      0.11952055     -5.19412462      0.00755584     -5.18656878      0.12413063      0.02458591      0.12600433      0.02533806 md_running
   427    213.50000000     93.27700387      0.83562197   1099.86168164    300.00000000      0.99963625      0.12016553     -5.19428181      0.00698264     -5.18729917      0.12279823      0.02363496      0.12050841      0.02506608 md_running
   428    214.00000000     93.49570136      0.80227370   1097.53962627    300.00000000      0.99963605      0.11991183     -5.19355753      0.00643643     -5.18712110      0.13486701      0.02269173      0.12933638      0.02752961 md_running
   429    214.50000000     93.71808563      0.76973900   1088.61537832    300.00000000      0.99963680      0.11893681     -5.19213937      0.00592498     -5.18621439      0.15485285      0.02177151      0.14752675      0.03160921 md_running
   430    215.00000000     93.93797180      0.73850970   1075.65669016    300.00000000      0.99963825      0.11752101     -5.19031681      0.00545397     -5.18486285      0.17710773      0.02088821      0.16898993      0.03615196 md_running
   431    215.50000000     94.15684263      0.70901331   1061.65707763    300.00000000      0.99964007      0.11599148     -5.18842400      0.00502700     -5.18339700      0.19797320      0.02005392      0.18959471      0.04041111 md_running
   432    216.00000000     94.37407450      0.68160292   1049.49155209    300.00000000      0.99964187      0.11466234     -5.18678012      0.00464583     -5.18213430      0.21544890      0.01927864      0.20707010      0.04397832 md_running
   433    216.50000000     94.59472457      0.65655203   1041.45837770    300.00000000      0.99964329      0.11378467     -5.18563875      0.00431061     -5.18132814      0.22853197      0.01857010      0.22027724      0.04664889 md_running
   434    217.00000000     94.81116130      0.63405326   1038.99201108    300.00000000      0.99964404      0.11351521     -5.18515682      0.00402024     -5.18113659      0.23677463      0.01793373      0.22870045      0.04833142 md_running
   435    217.50000000     95.03054386      0.61422001   1042.54265339    300.00000000      0.99964396      0.11390313     -5.18538198      0.00377266     -5.18160932      0.24001783      0.01737277      0.23214742      0.04899344 md_running
   436    218.00000000     95.24851118      0.59708954   1051.60031729    300.00000000      0.99964307      0.11489273     -5.18625539      0.00356516     -5.18269023      0.23825670      0.01688824      0.23059883      0.04863395 md_running
   437    218.50000000     95.45788372      0.58262681   1064.79146633    300.00000000      0.99964152      0.11633393     -5.18762379      0.00339454     -5.18422925      0.23160166      0.01647917      0.22416455      0.04727549 md_running
   438    219.00000000     95.67609707      0.57072812   1080.03875394    300.00000000      0.99963959      0.11799977     -5.18925494      0.00325731     -5.18599763      0.22030588      0.01614263      0.21311186      0.04496975 md_running
   439    219.50000000     95.89869117      0.56122378   1094.81330808    300.00000000      0.99963760      0.11961397     -5.19086673      0.00314972     -5.18771701      0.20488185      0.01587381      0.19798755      0.04182133 md_running
   440    220.00000000     96.11726009      0.55388025   1106.43732752    300.00000000      0.99963589      0.12088395     -5.19216020      0.00306783     -5.18909237      0.18631493      0.01566610      0.17984691      0.03803138 md_running
   441    220.50000000     96.33979955      0.54840207   1112.44115592    300.00000000      0.99963476      0.12153990     -5.19285764      0.00300745     -5.18985019      0.16644003      0.01551115      0.16065731      0.03397443 md_running
   442    221.00000000     96.55957170      0.54443447   1110.98784302    300.00000000      0.99963445      0.12138112     -5.19275053      0.00296409     -5.18978644      0.14838934      0.01539893      0.14376666      0.03028985 md_running
   443    221.50000000     96.77401364      0.54156786   1101.28975781    300.00000000      0.99963512      0.12032155     -5.19174411      0.00293296     -5.18881115      0.13675448      0.01531785      0.13396958      0.02791489 md_running
   444    222.00000000     96.98969557      0.53934567   1083.94531444    300.00000000      0.99963682      0.11842659     -5.18989707      0.00290894     -5.18698813      0.13593914      0.01525500      0.13550101      0.02774846 md_running
   445    222.50000000     97.20333188      0.53727816   1060.97600642    300.00000000      0.99963946      0.11591707     -5.18742749      0.00288668     -5.18454082      0.14668830      0.01519652      0.14847253      0.02994262 md_running
   446    223.00000000     97.42436136      0.53486339   1035.41115932    300.00000000      0.99964277      0.11312398     -5.18466579      0.00286079     -5.18180500      0.16498166      0.01512822      0.16841544      0.03367674 md_running
   447    223.50000000     97.64310438      0.53161478   1010.54581641    300.00000000      0.99964637      0.11040731     -5.18197310      0.00282614     -5.17914696      0.18501211      0.01503634      0.18951806      0.03776544 md_running
   448    224.00000000     97.86570172      0.52709603    989.11248440    300.00000000      0.99964982      0.10806561     -5.17964800      0.00277830     -5.17686970      0.20182633      0.01490853      0.20697992      0.04119763 md_running
   449    224.50000000     98.08549527      0.52095645    972.68843451    300.00000000      0.99965274      0.10627120     -5.17786105      0.00271396     -5.17514710      0.21212319      0.01473487      0.21761825      0.04329947 md_running
   450    225.00000000     98.29621836      0.51296242    961.53314451    300.00000000      0.99965491      0.10505243     -5.17663788      0.00263130     -5.17400657      0.21425996      0.01450877      0.21984843      0.04373563 md_running
   451    225.50000000     98.51397317      0.50302023    954.82224244    300.00000000      0.99965632      0.10431923     -5.17588507      0.00253029     -5.17335478      0.20818311      0.01422756      0.21362767      0.04249520 md_running
   452    226.00000000     98.73801892      0.49118583    951.12045868    300.00000000      0.99965713      0.10391479     -5.17544473      0.00241264     -5.17303210      0.19533125      0.01389283      0.20036561      0.03987182 md_running
   453    226.50000000     98.95558912      0.47766007    948.83073072    300.00000000      0.99965758      0.10366462     -5.17514412      0.00228159     -5.17286253      0.17850211      0.01351027      0.18279314      0.03643659 md_running
   454    227.00000000     99.16272135      0.46277068    946.46290403    300.00000000      0.99965793      0.10340593     -5.17482422      0.00214157     -5.17268265      0.16163963      0.01308913      0.16476444      0.03299455 md_running
   455    227.50000000     99.37787571      0.44694515    942.79558857    300.00000000      0.99965840      0.10300525     -5.17435521      0.00199760     -5.17235761      0.14929778      0.01264152      0.15080047      0.03047528 md_running
   456    228.00000000     99.60562698      0.43068022    937.01559127    300.00000000      0.99965918      0.10237376     -5.17365288      0.00185485     -5.17179803      0.14523071      0.01218148      0.14484154      0.02964510 md_running
   457    228.50000000     99.82701770      0.41451313    928.81329775    300.00000000      0.99966037      0.10147762     -5.17268734      0.00171821     -5.17096913      0.15041576      0.01172420      0.14827730      0.03070349 md_running
   458    229.00000000    100.04670012      0.39899799    918.41623545    300.00000000      0.99966200      0.10034168     -5.17148791      0.00159199     -5.16989592      0.16264155      0.01128537      0.15920499      0.03319907 md_running
   459    229.50000000    100.27349699      0.38468821    906.56609081    300.00000000      0.99966401      0.09904700     -5.17013987      0.00147985     -5.16866002      0.17835939      0.01088063      0.17409262      0.03640746 md_running
   460    230.00000000    100.48291151      0.37212166    894.41404723    300.00000000      0.99966624      0.09771932     -5.16877300      0.00138475     -5.16738825      0.19447949      0.01052519      0.18971442      0.03969796 md_running
   461    230.50000000    100.70692668      0.36180814    883.34715451    300.00000000      0.99966846      0.09651021     -5.16754255      0.00130905     -5.16623349      0.20894791      0.01023348      0.20388526      0.04265131 md_running
   462    231.00000000    100.92581363      0.35421332    874.80269735    300.00000000      0.99967038      0.09557668     -5.16660900      0.00125467     -5.16535433      0.22052011      0.01001867      0.21527524      0.04501348 md_running
   463    231.50000000    101.13491034      0.34973463    870.06386478    300.00000000      0.99967172      0.09505894     -5.16611636      0.00122314     -5.16489322      0.22846358      0.00989199      0.22310216      0.04663493 md_running
   464    232.00000000    101.35146638      0.34867156    870.02865853    300.00000000      0.99967222      0.09505509     -5.16616536      0.00121572     -5.16494964      0.23238149      0.00986192      0.22694368      0.04743467 md_running
   465    232.50000000    101.57350668      0.35119599    875.02281233    300.00000000      0.99967172      0.09560073     -5.16679401      0.00123339     -5.16556062      0.23210122      0.00993332      0.22661882      0.04737746 md_running
   466    233.00000000    101.79605693      0.35733046    884.68391618    300.00000000      0.99967027      0.09665626     -5.16796442      0.00127685     -5.16668756      0.22767749      0.01010683      0.22218798      0.04647447 md_running
   467    233.50000000    102.01566891      0.36694192    897.92606767    300.00000000      0.99966803      0.09810303     -5.16955776      0.00134646     -5.16821130      0.21946546      0.01037868      0.21402830      0.04479820 md_running
   468    234.00000000    102.23347348      0.37975276    913.06001164    300.00000000      0.99966533      0.09975649     -5.17138776      0.00144212     -5.16994564      0.20825229      0.01074103      0.20297147      0.04250932 md_running
   469    234.50000000    102.44106151      0.39536549    928.08560432    300.00000000      0.99966256      0.10139811     -5.17323236      0.00156314     -5.17166922      0.19544514      0.01118262      0.19050050      0.03989507 md_running
   470    235.00000000    102.66261001      0.41329403    941.04348782    300.00000000      0.99966006      0.10281383     -5.17487411      0.00170812     -5.17316600      0.18314010      0.01168972      0.17881737      0.03738332 md_running
   471    235.50000000    102.88639926      0.43299573    950.39919441    300.00000000      0.99965814      0.10383599     -5.17613953      0.00187485     -5.17426467      0.17397324      0.01224697      0.17065662      0.03551214 md_running
   472    236.00000000    103.10996419      0.45390115    955.44021124    300.00000000      0.99965694      0.10438674     -5.17694548      0.00206026     -5.17488522      0.17042175      0.01283826      0.16849411      0.03478719 md_running
   473    236.50000000    103.32929817      0.47544070    956.40937477    300.00000000      0.99965647      0.10449263     -5.17731657      0.00226044     -5.17505613      0.17352024      0.01344749      0.17318880      0.03541967 md_running
   474    237.00000000    103.55329273      0.49706939    954.28278656    300.00000000      0.99965660      0.10426029     -5.17735709      0.00247078     -5.17488631      0.18202683      0.01405925      0.18324184      0.03715607 md_running
   475    237.50000000    103.77351176      0.51828925    950.39705364    300.00000000      0.99965714      0.10383575     -5.17721078      0.00268624     -5.17452454      0.19294682      0.01465943      0.19548708      0.03938510 md_running
   476    238.00000000    103.99125328      0.53867005    946.03438296    300.00000000      0.99965785      0.10335911     -5.17701530      0.00290165     -5.17411364      0.20281732      0.01523589      0.20641790      0.04139991 md_running
   477    238.50000000    104.20910667      0.55786745    942.07694143    300.00000000      0.99965856      0.10292674     -5.17686231      0.00311216     -5.17375015      0.20892504      0.01577887      0.21333977      0.04264665 md_running
   478    239.00000000    104.43017911      0.57563769    938.84293649    300.00000000      0.99965916      0.10257341     -5.17678285      0.00331359     -5.17346926      0.20993279      0.01628149      0.21493646      0.04285235 md_running
   479    239.50000000    104.65226429      0.59184653    936.08149297    300.00000000      0.99965966      0.10227170     -5.17674533      0.00350282     -5.17324251      0.20613893      0.01673995      0.21149156      0.04207793 md_running
   480    240.00000000    104.86426123      0.60647272    933.07822885    300.00000000      0.99966012      0.10194358     -5.17666873      0.00367809     -5.17299064      0.19928991      0.01715364      0.20469571      0.04067988 md_running
   481    240.50000000    105.07924788      0.61960406    928.94498503    300.00000000      0.99966070      0.10149200     -5.17645148      0.00383909     -5.17261239      0.19201784      0.01752505      0.19710224      0.03919548 md_running
   482    241.00000000    105.30260546      0.63142502    923.08148975    300.00000000      0.99966156      0.10085139     -5.17602694      0.00398698     -5.17203996      0.18684319      0.01785940      0.19117980      0.03813921 md_running
   483    241.50000000    105.52387451      0.64219822    915.48406770    300.00000000      0.99966275      0.10002133     -5.17539697      0.00412419     -5.17127279      0.18518275      0.01816411      0.18838174      0.03780027 md_running
   484    242.00000000    105.74572630      0.65224235    906.78294762    300.00000000      0.99966424      0.09907069     -5.17463475      0.00425420     -5.17038055      0.18696111      0.01844820      0.18876615      0.03816328 md_running
   485    242.50000000    105.96238203      0.66190861    898.10876650    300.00000000      0.99966587      0.09812299     -5.17386986      0.00438123     -5.16948863      0.19104925      0.01872160      0.19136870      0.03899777 md_running
   486    243.00000000    106.17817768      0.67155755    890.84408274    300.00000000      0.99966739      0.09732929     -5.17326016      0.00450990     -5.16875026      0.19608012      0.01899452      0.19494828      0.04002469 md_running
   487    243.50000000    106.38576259      0.68153835    886.33753907    300.00000000      0.99966855      0.09683692     -5.17295997      0.00464495     -5.16831502      0.20099288      0.01927682      0.19851646      0.04102750 md_running
   488    244.00000000    106.60011493      0.69217149    885.62739265    300.00000000      0.99966907      0.09675934     -5.17308921      0.00479101     -5.16829820      0.20512669      0.01957757      0.20144721      0.04187131 md_running
   489    244.50000000    106.81944375      0.70373539    889.19260113    300.00000000      0.99966880      0.09714885     -5.17370647      0.00495244     -5.16875404      0.20808529      0.01990464      0.20335679      0.04247523 md_running
   490    245.00000000    107.05153711      0.71645781    896.76150150    300.00000000      0.99966773      0.09797579     -5.17478723      0.00513312     -5.16965411      0.20959123      0.02026449      0.20396991      0.04278263 md_running
   491    245.50000000    107.27067727      0.73051088    907.22471089    300.00000000      0.99966599      0.09911895     -5.17621335      0.00533646     -5.17087689      0.20941992      0.02066197      0.20305379      0.04274766 md_running
   492    246.00000000    107.48179112      0.74601060    918.71906148    300.00000000      0.99966392      0.10037477     -5.17778224      0.00556532     -5.17221692      0.20748923      0.02110037      0.20052039      0.04235356 md_running
   493    246.50000000    107.70056727      0.76301839    928.92321365    300.00000000      0.99966192      0.10148963     -5.17923932      0.00582197     -5.17341735      0.20391521      0.02158142      0.19649268      0.04162402 md_running
   494    247.00000000    107.92161161      0.78154267    935.52068353    300.00000000      0.99966039      0.10221043     -5.18032880      0.00610809     -5.17422071      0.19909053      0.02210536      0.19139107      0.04063918 md_running
   495    247.50000000    108.14507728      0.80154024    936.83451371    300.00000000      0.99965967      0.10235398     -5.18086225      0.00642467     -5.17443759      0.19374173      0.02267098      0.18600120      0.03954737 md_running
   496    248.00000000    108.36483600      0.82291626    932.49931285    300.00000000      0.99965994      0.10188033     -5.18079685      0.00677191     -5.17402494      0.18876526      0.02327559      0.18130191      0.03853155 md_running
   497    248.50000000    108.57904012      0.84552337    923.78877629    300.00000000      0.99966113      0.10092866     -5.18027191      0.00714910     -5.17312281      0.18500813      0.02391501      0.17822011      0.03776463 md_running
   498    249.00000000    108.79155571      0.86916128    913.34588084    300.00000000      0.99966291      0.09978772     -5.17958134      0.00755441     -5.17202692      0.18312951      0.02458359      0.17745603      0.03738116 md_running
   499    249.50000000    109.00889724      0.89357878    904.24539737    300.00000000      0.99966476      0.09879345     -5.17906773      0.00798483     -5.17108289      0.18362624      0.02527422      0.17948126      0.03748255 md_running
   500    250.00000000    109.22146691      0.91847945    898.72720313    300.00000000      0.99966614      0.09819056     -5.17897888      0.00843604     -5.17054284      0.18702891      0.02597852      0.18472644      0.03817712 max_step
