  step         time_fs     wall_time_s        rti_dist          temp_K     temp_bath_K   thermo_lambda          kin_Ha     pot_real_Ha     pot_rtip_Ha    pot_total_Ha          f_real          f_rtip         f_total      rms_f_real state_decision
     1      0.50000000      9.00321436      9.60842925    314.00203327    300.00000000      1.00000000      0.03430633     -5.25543156      0.92321913     -4.33221243      0.07564660      0.27176742      0.28146346      0.01544130 md_running
     2      1.00000000     20.09122293      9.58509658    351.13158696    300.00000000      0.99995277      0.03836293     -5.25501410      0.91874076     -4.33627333      0.07826728      0.27110747      0.28091911      0.01597624 md_running
     3      1.50000000     39.02749747      9.55483706    399.86698877    300.00000000      0.99990076      0.04368752     -5.25455738      0.91294911     -4.34160827      0.07870798      0.27025160      0.27908940      0.01606620 md_running
     4      2.00000000     39.27087499      9.51771079    459.94882168    300.00000000      0.99984982      0.05025177     -5.25405860      0.90586819     -4.34819041      0.07725343      0.26920151      0.27603272      0.01576929 md_running
     5      2.50000000     44.26705911      9.47379961    530.96690160    300.00000000      0.99980335      0.05801086     -5.25350499      0.89752879     -4.35597620      0.07451179      0.26795952      0.27194303      0.01520965 md_running
     6      3.00000000     48.19353444      9.42320603    612.35143886    300.00000000      0.99976275      0.06690254     -5.25287261      0.88796812     -4.36490449      0.07145372      0.26652852      0.26712326      0.01458543 md_running
     7      3.50000000     48.41719355      9.36605183    703.37490415    300.00000000      0.99972820      0.07684732     -5.25212626      0.87722927     -4.37489699      0.06935916      0.26491195      0.26194678      0.01415788 md_running
     8      4.00000000     48.64623941      9.30247621    803.17910378    300.00000000      0.99969920      0.08775144     -5.25122103      0.86536064     -4.38586039      0.06957443      0.26311376      0.25681730      0.01420182 md_running
     9      4.50000000     53.67750127      9.23263359    910.83063944    300.00000000      0.99967502      0.09951292     -5.25010836      0.85241523     -4.39769313      0.07302838      0.26113831      0.25211344      0.01490685 md_running
    10      5.00000000     53.90282297      9.15669103   1025.39334986    300.00000000      0.99965488      0.11202948     -5.24874287      0.83844991     -4.41029297      0.07982737      0.25899033      0.24813629      0.01629469 md_running
    11      5.50000000     54.11452787      9.07482566   1146.00958635    300.00000000      0.99963806      0.12520743     -5.24709113      0.82352461     -4.42356653      0.08930002      0.25667483      0.24506788      0.01822829 md_running
    12      6.00000000     54.32727720      8.98722194   1271.96844129    300.00000000      0.99962396      0.13896908     -5.24513791      0.80770158     -4.43743633      0.10045212      0.25419702      0.24294423      0.02050470 md_running
    13      6.50000000     54.53635824      8.89406914   1402.74538752    300.00000000      0.99961204      0.15325713     -5.24289047      0.79104466     -4.45184581      0.11231021      0.25156226      0.24166105      0.02292522 md_running
    14      7.00000000     54.75973464      8.79555908   1538.00634030    300.00000000      0.99960189      0.16803508     -5.24037742      0.77361860     -4.46675883      0.12405070      0.24877598      0.24098981      0.02532174 md_running
    15      7.50000000     61.30718387      8.69188405   1677.57854684    300.00000000      0.99959317      0.18328406     -5.23764611      0.75548848     -4.48215763      0.13502569      0.24584361      0.24064362      0.02756200 md_running
    16      8.00000000     61.53516531      8.58323460   1821.39432774    300.00000000      0.99958561      0.19899667     -5.23475472      0.73671916     -4.49803556      0.14476711      0.24277054      0.24031778      0.02955046 md_running
    17      8.50000000     61.75003448      8.46979737   1969.41019414    300.00000000      0.99957901      0.21516817     -5.23176367      0.71737468     -4.51438900      0.15296110      0.23956205      0.23971916      0.03122305 md_running
    18      9.00000000     61.96844297      8.35175358   2121.53242146    300.00000000      0.99957320      0.23178830     -5.22872617      0.69751788     -4.53120829      0.15942410      0.23622326      0.23861674      0.03254231 md_running
    19      9.50000000     62.18728106      8.22927754   2277.56345932    300.00000000      0.99956807      0.24883549     -5.22568367      0.67721009     -4.54847358      0.16410658      0.23275912      0.23687275      0.03349812 md_running
    20     10.00000000     62.40575175      8.10253550   2437.10411637    300.00000000      0.99956350      0.26626613     -5.22265162      0.65651082     -4.56614080      0.16705469      0.22917431      0.23432789      0.03409990 md_running
    21     10.50000000     62.61984419      7.97168665   2599.57065009    300.00000000      0.99955943      0.28401643     -5.21962524      0.63547788     -4.58414736      0.16848404      0.22547335      0.23108648      0.03439166 md_running
    22     11.00000000     62.83329323      7.83688222   2764.20337826    300.00000000      0.99955579      0.30200340     -5.21657669      0.61416723     -4.60240946      0.16873294      0.22166050      0.22720357      0.03444247 md_running
    23     11.50000000     63.05158270      7.69826866   2930.15714296    300.00000000      0.99955255      0.32013470     -5.21346554      0.59263340     -4.62083213      0.16825307      0.21773992      0.22298427      0.03434451 md_running
    24     12.00000000     63.26983123      7.55598751   3096.73079902    300.00000000      0.99954964      0.33833372     -5.21026953      0.57092947     -4.63934006      0.16752773      0.21371560      0.21876796      0.03419645 md_running
    25     12.50000000     63.48004011      7.41017586   3263.36734602    300.00000000      0.99954703      0.35653962     -5.20697969      0.54910706     -4.65787263      0.16708987      0.20959142      0.21486625      0.03410708 md_running
    26     13.00000000     63.69969633      7.26096944   3429.64069632    300.00000000      0.99954468      0.37470584     -5.20359900      0.52721677     -4.67638223      0.16736324      0.20537123      0.21152242      0.03416288 md_running
    27     13.50000000     63.92229160      7.10850558   3595.33972702    300.00000000      0.99954257      0.39280931     -5.20015368      0.50530852     -4.69484517      0.16857773      0.20105890      0.20892004      0.03441079 md_running
    28     14.00000000     64.13801687      6.95292474   3760.47022785    300.00000000      0.99954065      0.41085066     -5.19669536      0.48343162     -4.71326373      0.17073676      0.19665841      0.20704137      0.03485150 md_running
    29     14.50000000     64.35366899      6.79437268   3925.12167908    300.00000000      0.99953890      0.42883968     -5.19328308      0.46163500     -4.73164808      0.17359648      0.19217388      0.20566288      0.03543523 md_running
    30     15.00000000     64.57274944      6.63300260   4089.31187575    300.00000000      0.99953730      0.44677830     -5.18996964      0.43996723     -4.75000240      0.17679788      0.18760964      0.20442663      0.03608872 md_running
    31     15.50000000     64.79118241      6.46897794   4252.81599079    300.00000000      0.99953583      0.46464196     -5.18677874      0.41847676     -4.76830198      0.18000495      0.18297033      0.20291505      0.03674336 md_running
    32     16.00000000     65.01204285      6.30247670   4415.12988109    300.00000000      0.99953448      0.48237559     -5.18370292      0.39721213     -4.78649079      0.18290143      0.17826096      0.20082930      0.03733460 md_running
    33     16.50000000     65.23027929      6.13369255   4575.50505454    300.00000000      0.99953323      0.49989740     -5.18071009      0.37622184     -4.80448824      0.18534144      0.17348702      0.19797796      0.03783266 md_running
    34     17.00000000     65.44818850      5.96283694   4733.08601083    300.00000000      0.99953209      0.51711392     -5.17774681      0.35555424     -4.82219257      0.18722880      0.16865450      0.19445502      0.03821792 md_running
    35     17.50000000     65.66444313      5.79013359   4886.90278102    300.00000000      0.99953105      0.53391920     -5.17476970      0.33525647     -4.83951323      0.18869543      0.16376971      0.19025961      0.03851729 md_running
    36     18.00000000     65.88130395      5.61582109   5035.91568451    300.00000000      0.99953010      0.55019962     -5.17168708      0.31537447     -4.85631261      0.19004480      0.15883941      0.18578810      0.03879273 md_running
    37     18.50000000     66.10142323      5.44015030   5179.65321238    300.00000000      0.99952923      0.56590368     -5.16850029      0.29595235     -4.87254794      0.19140172      0.15387069      0.18182659      0.03906971 md_running
    38     19.00000000     66.32188000      5.26336556   5318.00002408    300.00000000      0.99952844      0.58101878     -5.16525385      0.27703017     -4.88822368      0.19304496      0.14887046      0.17843337      0.03940514 md_running
    39     19.50000000     66.54091626      5.08571140   5450.51909348    300.00000000      0.99952772      0.59549717     -5.16190825      0.25864460     -4.90326364      0.19537375      0.14384564      0.17585253      0.03988050 md_running
    40     20.00000000     66.75509013      4.90744108   5576.86845705    300.00000000      0.99952707      0.60930148     -5.15847489      0.24082978     -4.91764511      0.19816579      0.13880339      0.17432475      0.04045042 md_running
    41     20.50000000     66.97042205      4.72880265   5696.63568758    300.00000000      0.99952647      0.62238667     -5.15494708      0.22361574     -4.93133134      0.20176108      0.13375074      0.17392848      0.04118431 md_running
    42     21.00000000     67.19118487      4.55005423   5809.08177928    300.00000000      0.99952594      0.63467198     -5.15125126      0.20702994     -4.94422132      0.20608259      0.12869497      0.17477193      0.04206643 md_running
    43     21.50000000     67.41381212      4.37146176   5913.83906601    300.00000000      0.99952545      0.64611725     -5.14737727      0.19109678     -4.95628049      0.21053253      0.12364361      0.17664996      0.04297477 md_running
    44     22.00000000     67.63709379      4.19327908   6010.86289851    300.00000000      0.99952502      0.65671760     -5.14334276      0.17583589     -4.96750686      0.21492895      0.11860384      0.17926392      0.04387219 md_running
    45     22.50000000     67.85345089      4.01574748   6100.12297195    300.00000000      0.99952463      0.66646972     -5.13915441      0.16126228     -4.97789213      0.21896087      0.11358249      0.18223861      0.04469520 md_running
    46     23.00000000     68.06377962      3.83909302   6181.75328493    300.00000000      0.99952429      0.67538825     -5.13483753      0.14738635     -4.98745118      0.22231258      0.10858595      0.18520187      0.04537936 md_running
    47     23.50000000     68.28294553      3.66352333   6256.07402481    300.00000000      0.99952398      0.68350818     -5.13043420      0.13421403     -4.99622016      0.22477702      0.10362009      0.18780792      0.04588242 md_running
    48     24.00000000     68.49647130      3.48922804   6323.37107560    300.00000000      0.99952371      0.69086072     -5.12597568      0.12174712     -5.00422856      0.22617012      0.09869027      0.18967996      0.04616678 md_running
    49     24.50000000     68.71120107      3.31638231   6384.07458163    300.00000000      0.99952347      0.69749289     -5.12150291      0.10998392     -5.01151899      0.22634951      0.09380146      0.19067075      0.04620340 md_running
    50     25.00000000     68.92792675      3.14514448   6438.65964096    300.00000000      0.99952326      0.70345659     -5.11707518      0.09891934     -5.01815584      0.22507653      0.08895812      0.19036267      0.04594355 md_running
    51     25.50000000     69.14398984      2.97566065   6487.48340754    300.00000000      0.99952308      0.70879084     -5.11270853      0.08854556     -5.02416297      0.22231963      0.08416439      0.18873781      0.04538080 md_running
    52     26.00000000     69.36099932      2.80806336   6530.72372797    300.00000000      0.99952291      0.71351507     -5.10841517      0.07885220     -5.02956297      0.21799764      0.07942403      0.18565230      0.04449858 md_running
    53     26.50000000     69.58487366      2.64247453   6568.47875724    300.00000000      0.99952277      0.71764000     -5.10420272      0.06982672     -5.03437601      0.21209447      0.07474047      0.18114525      0.04329360 md_running
    54     27.00000000     69.80670521      2.47900224   6600.71060402    300.00000000      0.99952265      0.72116149     -5.10004581      0.06145452     -5.03859128      0.20493063      0.07011677      0.17552175      0.04183129 md_running
    55     27.50000000     70.02519376      2.31774669   6626.92499072    300.00000000      0.99952255      0.72402555     -5.09586831      0.05371950     -5.04214882      0.19674833      0.06555578      0.16896959      0.04016108 md_running
    56     28.00000000     70.24412713      2.15880879   6646.77704970    300.00000000      0.99952247      0.72619449     -5.09161192      0.04660455     -5.04500737      0.18787028      0.06106033      0.16193513      0.03834886 md_running
    57     28.50000000     70.46133328      2.00228951   6660.86080319    300.00000000      0.99952241      0.72773321     -5.08731403      0.04009163     -5.04722240      0.17846424      0.05663330      0.15484674      0.03642886 md_running
    58     29.00000000     70.67689218      1.84827914   6671.06181616    300.00000000      0.99952237      0.72884772     -5.08317005      0.03416136     -5.04900869      0.16867785      0.05227723      0.14806381      0.03443122 md_running
    59     29.50000000     70.89398308      1.69685157   6679.64450021    300.00000000      0.99952234      0.72978542     -5.07942444      0.02879305     -5.05063138      0.15936128      0.04799421      0.14232173      0.03252948 md_running
    60     30.00000000     71.11655978      1.54809452   6687.70945427    300.00000000      0.99952232      0.73066656     -5.07619324      0.02396597     -5.05222728      0.15184706      0.04378673      0.13858005      0.03099565 md_running
    61     30.50000000     71.33601693      1.40217236   6693.51935302    300.00000000      0.99952229      0.73130132     -5.07327447      0.01966087     -5.05361359      0.14755719      0.03965942      0.13736356      0.03011998 md_running
    62     31.00000000     71.55317861      1.25945157   6690.73386347    300.00000000      0.99952228      0.73099699     -5.06997421      0.01586218     -5.05411203      0.14723047      0.03562267      0.13866222      0.03005329 md_running
    63     31.50000000     71.76611798      1.12065907   6669.73638706    300.00000000      0.99952231      0.72870291     -5.06515435      0.01255877     -5.05259558      0.15184656      0.03169703      0.14380375      0.03099555 md_running
    64     32.00000000     71.98508815      0.98701264   6621.13021180    300.00000000      0.99952242      0.72339244     -5.05780280      0.00974194     -5.04806086      0.16304395      0.02791693      0.15515321      0.03328121 md_running
    65     32.50000000     72.20034325      0.86038307   6535.65931497    300.00000000      0.99952264      0.71405430     -5.04691204      0.00740259     -5.03950945      0.18415360      0.02433531      0.17658423      0.03759020 md_running
    66     33.00000000     72.40945894      0.74354801   6402.26704269    300.00000000      0.99952301      0.69948051     -5.03126815      0.00552864     -5.02573951      0.22094815      0.02103071      0.21438415      0.04510085 md_running
    67     33.50000000     72.62335767      0.64042551   6207.85001781    300.00000000      0.99952360      0.67823946     -5.00939651      0.00410145     -5.00529506      0.28173757      0.01811397      0.27708324      0.05750944 md_running
    68     34.00000000     72.84003441      0.55594698   5939.61018129    300.00000000      0.99952448      0.64893288     -4.97981115      0.00309077     -4.97672038      0.37401353      0.01572456      0.37196095      0.07634519 md_running
    69     34.50000000     73.05195542      0.49480671   5590.99669449    300.00000000      0.99952578      0.61084507     -4.94167815      0.00244834     -4.93922982      0.50136464      0.01399525      0.50218713      0.10234063 md_running
    70     35.00000000     73.26420035      0.45848637   5171.36018187    300.00000000      0.99952764      0.56499763     -4.89584018      0.00210210     -4.89373808      0.66055714      0.01296795      0.66415279      0.13483566 md_running
    71     35.50000000     73.48328918      0.44211554   4717.45911240    300.00000000      0.99953013      0.51540661     -4.84613726      0.00195466     -4.84418260      0.83623796      0.01250492      0.84222621      0.17069636 md_running
    72     36.00000000     73.70139589      0.43484325   4299.00975719    300.00000000      0.99953316      0.46968887     -4.80015915      0.00189089     -4.79826826      0.99630297      0.01229922      1.00408697      0.20336949 md_running
    73     36.50000000     73.91894632      0.42411247   4004.39800250    300.00000000      0.99953616      0.43750102     -4.76775789      0.00179871     -4.76595918      1.09985846      0.01199571      1.10868808      0.22450767 md_running
    74     37.00000000     74.13530198      0.39991155   3903.17343887    300.00000000      0.99953808      0.42644172     -4.75679051      0.00159929     -4.75519122      1.11554655      0.01131121      1.12458696      0.22770999 md_running
    75     37.50000000     74.35155158      0.35665292   4007.74549507    300.00000000      0.99953802      0.43786675     -4.76867921      0.00127201     -4.76740719      1.03798299      0.01008767      1.04638894      0.21187739 md_running
    76     38.00000000     74.57174441      0.29308731   4266.38841775    300.00000000      0.99953621      0.46612482     -4.79757393      0.00085900     -4.79671493      0.89240112      0.00828976      0.89940044      0.18216062 md_running
    77     38.50000000     74.79041641      0.21113011   4594.24622718    300.00000000      0.99953368      0.50194497     -4.83396078      0.00044576     -4.83351502      0.71988834      0.00597166      0.72486254      0.14694659 md_running
    78     39.00000000     75.00453253      0.11438064   4914.77516408    300.00000000      0.99953131      0.53696440     -4.86942148      0.00013083     -4.86929065      0.55816383      0.00323517      0.56074497      0.11393471 md_running
    79     39.50000000     75.22041045      0.00901798   5182.31057506    300.00000000      0.99952946      0.56619401     -4.89908485      0.00000081     -4.89908403      0.42912404      0.00025507      0.42934136      0.08759458 md_running
    80     40.00000000     75.43835247      0.10878948   5380.97463723    300.00000000      0.99952816      0.58789908     -4.92137634      0.00011835     -4.92125799      0.33942644      0.00307703      0.33790706      0.06928513 md_running
    81     40.50000000     75.64884562      0.22820720   5513.22107051    300.00000000      0.99952732      0.60234768     -4.93667009      0.00052079     -4.93614930      0.28553049      0.00645467      0.28352475      0.05828367 md_running
    82     41.00000000     75.86386822      0.34990636   5589.74846128    300.00000000      0.99952683      0.61070869     -4.94619029      0.00122434     -4.94496595      0.25806676      0.00989685      0.25695456      0.05267766 md_running
    83     41.50000000     76.07999847      0.47224255   5623.27529707    300.00000000      0.99952658      0.61437167     -4.95133356      0.00223013     -4.94910343      0.24613798      0.01335704      0.24681570      0.05024270 md_running
    84     42.00000000     76.28864373      0.59411210   5625.86919609    300.00000000      0.99952651      0.61465507     -4.95340438      0.00352969     -4.94987469      0.24142651      0.01680403      0.24415269      0.04928098 md_running
    85     42.50000000     76.49915386      0.71481744   5607.48151685    300.00000000      0.99952655      0.61264612     -4.95350220      0.00510964     -4.94839256      0.23949589      0.02021809      0.24419083      0.04888689 md_running
    86     43.00000000     76.71523791      0.83394326   5574.96905391    300.00000000      0.99952668      0.60909397     -4.95233450      0.00695461     -4.94537989      0.23858223      0.02358748      0.24504330      0.04870039 md_running
    87     43.50000000     76.92673032      0.95126366   5532.87838074    300.00000000      0.99952686      0.60449534     -4.95037701      0.00904903     -4.94132798      0.23786207      0.02690580      0.24584391      0.04855339 md_running
    88     44.00000000     77.13630978      1.06668337   5483.73329464    300.00000000      0.99952709      0.59912599     -4.94790505      0.01137813     -4.93652691      0.23700344      0.03017036      0.24631160      0.04837813 md_running
    89     44.50000000     77.34903577      1.18018480   5427.61746944    300.00000000      0.99952735      0.59299505     -4.94490705      0.01392836     -4.93097869      0.23617902      0.03338067      0.24674935      0.04820984 md_running
    90     45.00000000     77.56197582      1.29177700   5362.63684995    300.00000000      0.99952766      0.58589558     -4.94114281      0.01668688     -4.92445593      0.23622415      0.03653697      0.24804339      0.04821905 md_running
    91     45.50000000     77.77867603      1.40147091   5285.77871035    300.00000000      0.99952802      0.57749844     -4.93627970      0.01964121     -4.91663849      0.23835201      0.03963958      0.25137436      0.04865340 md_running
    92     46.00000000     77.99227434      1.50926902   5193.49352340    300.00000000      0.99952847      0.56741581     -4.92989669      0.02277893     -4.90711776      0.24453229      0.04268857      0.25860945      0.04991495 md_running
    93     46.50000000     78.21054293      1.61515622   5083.33031651    300.00000000      0.99952903      0.55537991     -4.92169821      0.02608730     -4.89561092      0.25728338      0.04568352      0.27213297      0.05251775 md_running
    94     47.00000000     78.42708620      1.71909041   4956.92383053    300.00000000      0.99952972      0.54156935     -4.91180696      0.02955272     -4.88225424      0.27777121      0.04862322      0.29308829      0.05669981 md_running
    95     47.50000000     78.64767942      1.82099262   4822.82655244    300.00000000      0.99953053      0.52691854     -4.90115225      0.03316014     -4.86799211      0.30297425      0.05150545      0.31859584      0.06184436 md_running
    96     48.00000000     78.86605459      1.92075514   4695.58324318    300.00000000      0.99953139      0.51301655     -4.89135949      0.03689300     -4.85446648      0.32575400      0.05432716      0.34179140      0.06649426 md_running
    97     48.50000000     79.08082184      2.01825950   4588.70091704    300.00000000      0.99953220      0.50133911     -4.88396120      0.04073371     -4.84322749      0.33899325      0.05708500      0.35580382      0.06919671 md_running
    98     49.00000000     79.29759421      2.11339363   4506.25152049    300.00000000      0.99953287      0.49233109     -4.87940276      0.04466433     -4.83473844      0.34020915      0.05977580      0.35820900      0.06944490 md_running
    99     49.50000000     79.51172626      2.20606925   4441.06324805    300.00000000      0.99953340      0.48520894     -4.87682969      0.04866742     -4.82816227      0.33244546      0.06239706      0.35195669      0.06786014 md_running
   100     50.00000000     79.72977982      2.29622832   4381.10295375    300.00000000      0.99953386      0.47865797     -4.87484683      0.05272664     -4.82212019      0.32088005      0.06494714      0.34204325      0.06549937 md_running
   101     50.50000000     79.94713783      2.38384103   4317.46066726    300.00000000      0.99953433      0.47170472     -4.87244318      0.05682698     -4.81561620      0.30900662      0.06742521      0.33181494      0.06307571 md_running
   102     51.00000000     80.16831682      2.46889850   4247.43146111    300.00000000      0.99953487      0.46405367     -4.86933360      0.06095460     -4.80837900      0.29815448      0.06983099      0.32260958      0.06086053 md_running
   103     51.50000000     80.38138174      2.55139486   4172.79128950    300.00000000      0.99953548      0.45589885     -4.86571388      0.06509616     -4.80061772      0.28859399      0.07216434      0.31474324      0.05890900 md_running
   104     52.00000000     80.59720590      2.63131489   4097.15788932    300.00000000      0.99953613      0.44763552     -4.86197967      0.06923818     -4.79274149      0.28054648      0.07442482      0.30843743      0.05726631 md_running
   105     52.50000000     80.81325035      2.70862891   4024.29133458    300.00000000      0.99953680      0.43967447     -4.85853248      0.07336671     -4.78516578      0.27419271      0.07661159      0.30381837      0.05596935 md_running
   106     53.00000000     81.03611124      2.78329451   3957.28242410    300.00000000      0.99953745      0.43235340     -4.85569635      0.07746728     -4.77822907      0.26984438      0.07872346      0.30116323      0.05508175 md_running
   107     53.50000000     81.25582024      2.85525347   3898.38215184    300.00000000      0.99953805      0.42591825     -4.85370261      0.08152472     -4.77217789      0.26745156      0.08075876      0.30038400      0.05459332 md_running
   108     54.00000000     81.47265263      2.92443327   3849.18734903    300.00000000      0.99953859      0.42054346     -4.85270599      0.08552310     -4.76718289      0.26660793      0.08271546      0.30105560      0.05442111 md_running
   109     54.50000000     81.68579376      2.99075123   3810.85557878    300.00000000      0.99953903      0.41635552     -4.85282180      0.08944593     -4.76337587      0.26666674      0.08459122      0.30256077      0.05443312 md_running
   110     55.00000000     81.90467412      3.05411725   3784.09515420    300.00000000      0.99953937      0.41343181     -4.85410721      0.09327632     -4.76083089      0.26693199      0.08638348      0.30426620      0.05448726 md_running
   111     55.50000000     82.11976471      3.11443475   3769.27638958    300.00000000      0.99953959      0.41181278     -4.85658805      0.09699704     -4.75959101      0.26670300      0.08808952      0.30546670      0.05444052 md_running
   112     56.00000000     82.33750549      3.17160939   3766.29276700    300.00000000      0.99953968      0.41148680     -4.86024285      0.10059106     -4.75965179      0.26552557      0.08970666      0.30575076      0.05420018 md_running
   113     56.50000000     82.55504513      3.22555069   3774.15311881    300.00000000      0.99953965      0.41234559     -4.86494575      0.10404177     -4.76090398      0.26325612      0.09123235      0.30500878      0.05373693 md_running
   114     57.00000000     82.77246030      3.27617126   3790.92333960    300.00000000      0.99953952      0.41417782     -4.87047224      0.10733298     -4.76313926      0.25985872      0.09266412      0.30317775      0.05304344 md_running
   115     57.50000000     82.99039365      3.32339068   3813.65704465    300.00000000      0.99953930      0.41666159     -4.87648602      0.11044926     -4.76603677      0.25547164      0.09399968      0.30033603      0.05214793 md_running
   116     58.00000000     83.20848827      3.36713980   3838.06170311    300.00000000      0.99953905      0.41932793     -4.88251132      0.11337630     -4.76913501      0.25039569      0.09523710      0.29667917      0.05111181 md_running
   117     58.50000000     83.42002363      3.40736648   3858.18671976    300.00000000      0.99953881      0.42152669     -4.88787798      0.11610146     -4.77177652      0.24516811      0.09637488      0.29256846      0.05004473 md_running
   118     59.00000000     83.63538094      3.44404298   3866.88474271    300.00000000      0.99953865      0.42247699     -4.89178816      0.11861432     -4.77317384      0.24088206      0.09741225      0.28881245      0.04916984 md_running
   119     59.50000000     83.85231493      3.47717407   3857.40852861    300.00000000      0.99953864      0.42144167     -4.89346807      0.12090739     -4.77256068      0.23913022      0.09834933      0.28661837      0.04881225 md_running
   120     60.00000000     84.07187290      3.50680510   3826.08873078    300.00000000      0.99953884      0.41801982     -4.89249048      0.12297682     -4.76951366      0.24134217      0.09918743      0.28712222      0.04926376 md_running
   121     60.50000000     84.28572476      3.53302666   3775.54269465    300.00000000      0.99953927      0.41249741     -4.88912275      0.12482277     -4.76429998      0.24740563      0.09992908      0.29040885      0.05050146 md_running
   122     61.00000000     84.49951888      3.55596713   3716.05168298    300.00000000      0.99953988      0.40599771     -4.88451802      0.12644902     -4.75806900      0.25380283      0.10057794      0.29385722      0.05180729 md_running
   123     61.50000000     84.71376052      3.57577058   3661.50886397    300.00000000      0.99954053      0.40003862     -4.88027021      0.12786135     -4.75240886      0.25539604      0.10113806      0.29341717      0.05213250 md_running
   124     62.00000000     84.92724763      3.59256294   3621.05104615    300.00000000      0.99954106      0.39561840     -4.87742769      0.12906509     -4.74836260      0.25021231      0.10161302      0.28767059      0.05107437 md_running
   125     62.50000000     85.13201292      3.60641999   3593.76899312    300.00000000      0.99954144      0.39263770     -4.87586813      0.13006265     -4.74580548      0.24204440      0.10200496      0.28013940      0.04940711 md_running
   126     63.00000000     85.34940793      3.61735168   3571.74429227    300.00000000      0.99954170      0.39023138     -4.87465856      0.13085233     -4.74380623      0.23658651      0.10231416      0.27574063      0.04829302 md_running
   127     63.50000000     85.56579929      3.62530865   3547.66801648    300.00000000      0.99954197      0.38760093     -4.87296265      0.13142863     -4.74153402      0.23564160      0.10253921      0.27575098      0.04810014 md_running
   128     64.00000000     85.78333528      3.63020327   3519.37972859    300.00000000      0.99954228      0.38451029     -4.87054900      0.13178376     -4.73876524      0.23653558      0.10267765      0.27755305      0.04828262 md_running
   129     64.50000000     86.00179315      3.63193314   3489.11045487    300.00000000      0.99954265      0.38120321     -4.86768064      0.13190938     -4.73577126      0.23582758      0.10272658      0.27793964      0.04813810 md_running
   130     65.00000000     86.21843970      3.63040124   3460.56082774    300.00000000      0.99954302      0.37808402     -4.86476788      0.13179813     -4.73296975      0.23196214      0.10268325      0.27548700      0.04734907 md_running
   131     65.50000000     86.43436425      3.62552531   3436.63437021    300.00000000      0.99954336      0.37546993     -4.86213109      0.13144434     -4.73068675      0.22529742      0.10254534      0.27047538      0.04598864 md_running
   132     66.00000000     86.65725182      3.61724261   3418.61593803    300.00000000      0.99954363      0.37350133     -4.85990358      0.13084444     -4.72905914      0.21707163      0.10231107      0.26395758      0.04430956 md_running
   133     66.50000000     86.87329555      3.60551145   3406.37675756    300.00000000      0.99954382      0.37216413     -4.85806591      0.12999713     -4.72806878      0.20861470      0.10197926      0.25695195      0.04258330 md_running
   134     67.00000000     87.09036208      3.59031655   3398.89481600    300.00000000      0.99954394      0.37134669     -4.85650518      0.12890373     -4.72760145      0.20081103      0.10154949      0.25007096      0.04099038 md_running
   135     67.50000000     87.30610888      3.57167366   3394.66686790    300.00000000      0.99954401      0.37088477     -4.85506010      0.12756853     -4.72749157      0.19434338      0.10102219      0.24376448      0.03967018 md_running
   136     68.00000000     87.52808743      3.54963183   3392.01494226    300.00000000      0.99954405      0.37059503     -4.85355236      0.12599886     -4.72755350      0.18969767      0.10039875      0.23835217      0.03872187 md_running
   137     68.50000000     87.74415370      3.52427392   3389.31858307    300.00000000      0.99954408      0.37030044     -4.85181387      0.12420507     -4.72760880      0.18723923      0.09968152      0.23411121      0.03822005 md_running
   138     69.00000000     87.96378332      3.49571553   3385.18172660    300.00000000      0.99954412      0.36984847     -4.84970427      0.12220027     -4.72750400      0.18720251      0.09887377      0.23129647      0.03821255 md_running
   139     69.50000000     88.18187463      3.46410188   3378.54017970    300.00000000      0.99954419      0.36912284     -4.84712197      0.12000002     -4.72712195      0.18967157      0.09797960      0.23011043      0.03871655 md_running
   140     70.00000000     88.39855659      3.42960402   3368.72905133    300.00000000      0.99954430      0.36805093     -4.84401114      0.11762184     -4.72638930      0.19454668      0.09700385      0.23067463      0.03971168 md_running
   141     70.50000000     88.61423925      3.39241404   3355.51672532    300.00000000      0.99954445      0.36660741     -4.84036511      0.11508473     -4.72528038      0.20151891      0.09595196      0.23295388      0.04113488 md_running
   142     71.00000000     88.83506142      3.35274057   3339.07031543    300.00000000      0.99954465      0.36481056     -4.83622299      0.11240869     -4.72381430      0.21012461      0.09482982      0.23675123      0.04289151 md_running
   143     71.50000000     89.05291712      3.31080481   3319.86769831    300.00000000      0.99954489      0.36271257     -4.83165762      0.10961428     -4.72204333      0.21980595      0.09364370      0.24171975      0.04486770 md_running
   144     72.00000000     89.27326160      3.26683773   3298.58675939    300.00000000      0.99954516      0.36038752     -4.82676497      0.10672229     -4.72004269      0.23000936      0.09240012      0.24746321      0.04695046 md_running
   145     72.50000000     89.49105696      3.22107678   3275.96377602    300.00000000      0.99954547      0.35791585     -4.82164657      0.10375336     -4.71789321      0.24020100      0.09110581      0.25355074      0.04903082 md_running
   146     73.00000000     89.69463955      3.17376220   3252.56225261    300.00000000      0.99954579      0.35535911     -4.81638756      0.10072767     -4.71565990      0.25000782      0.08976755      0.25958151      0.05103263 md_running
   147     73.50000000     89.91168747      3.12513873   3228.53793619    300.00000000      0.99954612      0.35273433     -4.81102432      0.09766492     -4.71335940      0.25919289      0.08839227      0.26528420      0.05290753 md_running
   148     74.00000000     90.13072593      3.07545616   3203.60998078    300.00000000      0.99954647      0.35001082     -4.80554446      0.09458431     -4.71096015      0.26743284      0.08698704      0.27035844      0.05458950 md_running
   149     74.50000000     90.34709549      3.02496514   3177.04006787    300.00000000      0.99954685      0.34710792     -4.79988663      0.09150414     -4.70838249      0.27427930      0.08555893      0.27436477      0.05598703 md_running
   150     75.00000000     90.56879818      2.97391315   3147.54652457    300.00000000      0.99954726      0.34388560     -4.79392646      0.08844159     -4.70548487      0.27942618      0.08411497      0.27701792      0.05703763 md_running
   151     75.50000000     90.78999952      2.92253787   3113.44817535    300.00000000      0.99954773      0.34016018     -4.78749291      0.08541228     -4.70208064      0.28276137      0.08266185      0.27823259      0.05771842 md_running
   152     76.00000000     91.00727990      2.87105967   3073.01636030    300.00000000      0.99954830      0.33574280     -4.78040381      0.08242984     -4.69797398      0.28439245      0.08120583      0.27812451      0.05805137 md_running
   153     76.50000000     91.22125239      2.81967636   3025.27852705    300.00000000      0.99954900      0.33052720     -4.77255534      0.07950575     -4.69304959      0.28459199      0.07975249      0.27705091      0.05809210 md_running
   154     77.00000000     91.43245434      2.76855247   2971.05685705    300.00000000      0.99954985      0.32460320     -4.76404025      0.07664883     -4.68739142      0.28388558      0.07830649      0.27563790      0.05794790 md_running
   155     77.50000000     91.64150899      2.71780854   2913.57868175    300.00000000      0.99955081      0.31832342     -4.75521898      0.07386483     -4.68135415      0.28273703      0.07687123      0.27438030      0.05771346 md_running
   156     78.00000000     91.85378138      2.66751787   2858.18373085    300.00000000      0.99955183      0.31227123     -4.74669023      0.07115652     -4.67553372      0.28149397      0.07544880      0.27355610      0.05745972 md_running
   157     78.50000000     92.07159353      2.61771314   2810.80696405    300.00000000      0.99955279      0.30709508     -4.73912147      0.06852422     -4.67059725      0.28031499      0.07404011      0.27321959      0.05721906 md_running
   158     79.00000000     92.29076312      2.56839612   2775.91314059    300.00000000      0.99955358      0.30328275     -4.73300916      0.06596659     -4.66704258      0.27968050      0.07264521      0.27372664      0.05708954 md_running
   159     79.50000000     92.51210970      2.51955046   2755.51896408    300.00000000      0.99955412      0.30105458     -4.72856492      0.06348134     -4.66508357      0.28044219      0.07126365      0.27580840      0.05724502 md_running
   160     80.00000000     92.73625999      2.47115470   2750.01384264    300.00000000      0.99955438      0.30045312     -4.72581631      0.06106606     -4.66475026      0.28331069      0.06989481      0.28004391      0.05783055 md_running
   161     80.50000000     92.95401754      2.42319494   2760.03790019    300.00000000      0.99955434      0.30154830     -4.72481757      0.05871874     -4.66609883      0.28791167      0.06853830      0.28594545      0.05876972 md_running
   162     81.00000000     93.16788078      2.37567443   2787.66445369    300.00000000      0.99955398      0.30456664     -4.72580829      0.05643829     -4.66937000      0.29224288      0.06719422      0.29145663      0.05965383 md_running
   163     81.50000000     93.38374524      2.32861871   2835.51342886    300.00000000      0.99955326      0.30979439     -4.72908895      0.05422465     -4.67486430      0.29376444      0.06586328      0.29402557      0.05996442 md_running
   164     82.00000000     93.60177423      2.28208026   2904.69592331    300.00000000      0.99955217      0.31735293     -4.73479858      0.05207890     -4.68271967      0.29097192      0.06454698      0.29216536      0.05939439 md_running
   165     82.50000000     93.81905272      2.23614304   2993.36584225    300.00000000      0.99955076      0.32704057     -4.74273429      0.05000336     -4.69273093      0.28457449      0.06324768      0.28658400      0.05808852 md_running
   166     83.00000000     94.02864202      2.19092924   3097.36188129    300.00000000      0.99954913      0.33840267     -4.75242983      0.04800171     -4.70442812      0.27694765      0.06196884      0.27963092      0.05653170 md_running
   167     83.50000000     94.23952514      2.14660545   3212.45694344    300.00000000      0.99954741      0.35097740     -4.76341481      0.04607915     -4.71733566      0.27042412      0.06071517      0.27357898      0.05520009 md_running
   168     84.00000000     94.45361403      2.10338964   3336.18631888    300.00000000      0.99954568      0.36449547     -4.77542880      0.04424248     -4.73118632      0.26603401      0.05949284      0.26939675      0.05430396 md_running
   169     84.50000000     94.66783758      2.06155788   3468.20044421    300.00000000      0.99954396      0.37891869     -4.78844659      0.04250021     -4.74594639      0.26365442      0.05830966      0.26692772      0.05381823 md_running
   170     85.00000000     94.88238895      2.02144887   3609.52811348    300.00000000      0.99954226      0.39435946     -4.80260332      0.04086256     -4.76174077      0.26261462      0.05717521      0.26549442      0.05360598 md_running
   171     85.50000000     95.10107378      1.98346554   3761.16835310    300.00000000      0.99954058      0.41092693     -4.81803485      0.03934136     -4.77869350      0.26167728      0.05610088      0.26381141      0.05341465 md_running
   172     86.00000000     95.31703492      1.94807915   3922.49332531    300.00000000      0.99953891      0.42855252     -4.83469513      0.03795012     -4.79674501      0.25922613      0.05510000      0.26021388      0.05291431 md_running
   173     86.50000000     95.53205951      1.91582493   4089.98212920    300.00000000      0.99953730      0.44685153     -4.85222293      0.03670385     -4.81551908      0.25347828      0.05418771      0.25287436      0.05174104 md_running
   174     87.00000000     95.74614267      1.88728014   4256.65903048    300.00000000      0.99953578      0.46506183     -4.86986603      0.03561826     -4.83424777      0.24339419      0.05338034      0.24077236      0.04968263 md_running
   175     87.50000000     95.95891721      1.86301017   4411.90020546    300.00000000      0.99953443      0.48202273     -4.88648942      0.03470807     -4.85178135      0.22905456      0.05269388      0.22412195      0.04675557 md_running
   176     88.00000000     96.17529041      1.84347683   4541.32962489    300.00000000      0.99953330      0.49616356     -4.90051359      0.03398407     -4.86652952      0.21472517      0.05214140      0.20766938      0.04383059 md_running
   177     88.50000000     96.38827643      1.82890872   4628.24091402    300.00000000      0.99953249      0.50565906     -4.91009032      0.03344907     -4.87664125      0.21476381      0.05172935      0.20723752      0.04383848 md_running
   178     89.00000000     96.58753936      1.81913850   4656.75479672    300.00000000      0.99953206      0.50877435     -4.91343766      0.03309265     -4.88034501      0.25195405      0.05145301      0.24700091      0.05142991 md_running
   179     89.50000000     96.79637564      1.81345003   4616.93063705    300.00000000      0.99953209      0.50442335     -4.90936092      0.03288601     -4.87647491      0.33794495      0.05129211      0.33710356      0.06898272 md_running
   180     90.00000000     97.01058196      1.81048659   4512.95121738    300.00000000      0.99953261      0.49306307     -4.89819451      0.03277862     -4.86541589      0.46191173      0.05120829      0.46471039      0.09428734 md_running
   181     90.50000000     97.21866160      1.80830451   4371.17120520    300.00000000      0.99953356      0.47757288     -4.88272115      0.03269965     -4.85002150      0.60033353      0.05114658      0.60581737      0.12254257 md_running
   182     91.00000000     97.43268977      1.80464917   4241.11278315    300.00000000      0.99953471      0.46336333     -4.86836222      0.03256759     -4.83579463      0.72017859      0.05104319      0.72740451      0.14700584 md_running
   183     91.50000000     97.64962042      1.79748299   4181.49218273    300.00000000      0.99953559      0.45684947     -4.86170304      0.03230945     -4.82939359      0.78480622      0.05084050      0.79286952      0.16019790 md_running
   184     92.00000000     97.86609207      1.78562708   4231.57868750    300.00000000      0.99953567      0.46232168     -4.86721329      0.03188464     -4.83532865      0.77152538      0.05050516      0.77955467      0.15748696 md_running
   185     92.50000000     98.08457594      1.76919133   4387.42790618    300.00000000      0.99953476      0.47934900     -4.88445272      0.03130038     -4.85315234      0.68535942      0.05004029      0.69254168      0.13989841 md_running
   186     93.00000000     98.29885265      1.74952175   4604.95672327    300.00000000      0.99953323      0.50311514     -4.90843382      0.03060826     -4.87782556      0.55589473      0.04948395      0.56151401      0.11347154 md_running
   187     93.50000000     98.50885709      1.72871084   4826.32529276    300.00000000      0.99953160      0.52730079     -4.93270754      0.02988441     -4.90282313      0.42108141      0.04889533      0.42457999      0.08595288 md_running
   188     94.00000000     98.72421764      1.70897629   5005.88666210    300.00000000      0.99953027      0.54691879     -4.95229585      0.02920600     -4.92308985      0.31324551      0.04833715      0.31442812      0.06394097 md_running
   189     94.50000000     98.94180611      1.69218924   5120.82806626    300.00000000      0.99952939      0.55947673     -4.96478905      0.02863504     -4.93615400      0.25451921      0.04786234      0.25415835      0.05195352 md_running
   190     95.00000000     99.15272886      1.67964196   5168.80529873    300.00000000      0.99952893      0.56471849     -4.97003582      0.02821197     -4.94182385      0.24520424      0.04750745      0.24512798      0.05005211 md_running
   191     95.50000000     99.36793562      1.67201959   5159.88853380    300.00000000      0.99952884      0.56374429     -4.96920786      0.02795650     -4.94125136      0.26244560      0.04729186      0.26400171      0.05357148 md_running
   192     96.00000000     99.58185094      1.66949046   5109.12291260    300.00000000      0.99952903      0.55819788     -4.96397160      0.02787198     -4.93609962      0.28510794      0.04722032      0.28867254      0.05819742 md_running
   193     96.50000000     99.79397493      1.67184126   5032.03692283    300.00000000      0.99952941      0.54977584     -4.95603882      0.02795053     -4.92808829      0.30343982      0.04728681      0.30893806      0.06193939 md_running
   194     97.00000000    100.00293210      1.67861762   4941.61006630    300.00000000      0.99952992      0.53989625     -4.94682122      0.02817757     -4.91864365      0.31548920      0.04747848      0.32272938      0.06439896 md_running
   195     97.50000000    100.21282025      1.68923628   4847.04368553    300.00000000      0.99953050      0.52956438     -4.93729556      0.02853519     -4.90876037      0.32140630      0.04777882      0.33015440      0.06560679 md_running
   196     98.00000000    100.43246501      1.70307151   4754.24460324    300.00000000      0.99953111      0.51942561     -4.92808731      0.02900453     -4.89908278      0.32217525      0.04817014      0.33220456      0.06576375 md_running
   197     98.50000000    100.64522162      1.71951022   4666.35747350    300.00000000      0.99953171      0.50982349     -4.91951689      0.02956715     -4.88994974      0.31917006      0.04863509      0.33028858      0.06515032 md_running
   198     99.00000000    100.85563319      1.73797942   4584.31556813    300.00000000      0.99953229      0.50085999     -4.91166190      0.03020572     -4.88145617      0.31347851      0.04915748      0.32549721      0.06398853 md_running
   199     99.50000000    101.06865104      1.75796410   4507.56157202    300.00000000      0.99953286      0.49247422     -4.90444402      0.03090438     -4.87353964      0.30602925      0.04972273      0.31877291      0.06246796 md_running
   200    100.00000000    101.28328864      1.77901217   4434.53765148    300.00000000      0.99953341      0.48449598     -4.89767673      0.03164884     -4.86602789      0.29781652      0.05031806      0.31112546      0.06079154 md_running
   201    100.50000000    101.50342051      1.80073095   4363.14043636    300.00000000      0.99953396      0.47669547     -4.89111184      0.03242632     -4.85868552      0.28967420      0.05093236      0.30338707      0.05912950 md_running
   202    101.00000000    101.72309719      1.82278260   4291.27754472    300.00000000      0.99953452      0.46884408     -4.88450825      0.03322536     -4.85128288      0.28240437      0.05155608      0.29633325      0.05764555 md_running
   203    101.50000000    101.93807829      1.84488121   4217.39621967    300.00000000      0.99953511      0.46077217     -4.87767664      0.03403587     -4.84364077      0.27705110      0.05218112      0.29096784      0.05655282 md_running
   204    102.00000000    102.15366991      1.86678899   4141.45627240    300.00000000      0.99953574      0.45247534     -4.87059694      0.03484901     -4.83574793      0.27447750      0.05280077      0.28813423      0.05602749 md_running
   205    102.50000000    102.35924122      1.88831066   4065.65408221    300.00000000      0.99953641      0.44419356     -4.86350469      0.03565717     -4.82784751      0.27516281      0.05340949      0.28834649      0.05616737 md_running
   206    103.00000000    102.57151970      1.90928498   3994.34537245    300.00000000      0.99953709      0.43640272     -4.85687492      0.03645369     -4.82042123      0.27872348      0.05400273      0.29130359      0.05689419 md_running
   207    103.50000000    102.78580964      1.92957778   3933.23317763    300.00000000      0.99953772      0.42972590     -4.85133808      0.03723270     -4.81410538      0.28337943      0.05457670      0.29534571      0.05784458 md_running
   208    104.00000000    102.99976654      1.94907812   3887.39413847    300.00000000      0.99953824      0.42471775     -4.84746562      0.03798906     -4.80947656      0.28675878      0.05512825      0.29823446      0.05853439 md_running
   209    104.50000000    103.21579636      1.96769309   3858.64889128    300.00000000      0.99953861      0.42157718     -4.84546696      0.03871816     -4.80674880      0.28731989      0.05565477      0.29850382      0.05864893 md_running
   210    105.00000000    103.43268687      1.98534379   3844.05456665    300.00000000      0.99953882      0.41998268     -4.84501540      0.03941590     -4.80559951      0.28536098      0.05615400      0.29646780      0.05824907 md_running
   211    105.50000000    103.64567962      2.00195956   3836.17464100    300.00000000      0.99953891      0.41912176     -4.84528510      0.04007842     -4.80520668      0.28246194      0.05662397      0.29368657      0.05765730 md_running
   212    106.00000000    103.85247823      2.01747137   3825.10993015    300.00000000      0.99953898      0.41791288     -4.84515993      0.04070191     -4.80445802      0.28113968      0.05706271      0.29265676      0.05738740 md_running
   213    106.50000000    104.06603134      2.03179887   3802.64260124    300.00000000      0.99953914      0.41545821     -4.84369317      0.04128207     -4.80241110      0.28425623      0.05746795      0.29627601      0.05802356 md_running
   214    107.00000000    104.28473523      2.04482502   3767.22557691    300.00000000      0.99953945      0.41158872     -4.84066854      0.04181309     -4.79885545      0.29396130      0.05783639      0.30671810      0.06000460 md_running
   215    107.50000000    104.50316185      2.05637272   3728.53970637    300.00000000      0.99953987      0.40736209     -4.83712958      0.04228669     -4.79484289      0.30847810      0.05816300      0.32222902      0.06296783 md_running
   216    108.00000000    104.70533959      2.06620351   3706.98520229    300.00000000      0.99954025      0.40500715     -4.83538540      0.04269197     -4.79269343      0.31989657      0.05844106      0.33495758      0.06529861 md_running
   217    108.50000000    104.91384665      2.07405846   3722.18156172    300.00000000      0.99954031      0.40666743     -4.83772109      0.04301719     -4.79470390      0.31877033      0.05866323      0.33549179      0.06506872 md_running
   218    109.00000000    105.11504295      2.07973661   3776.87574068    300.00000000      0.99953991      0.41264305     -4.84447339      0.04325304     -4.80122035      0.30271387      0.05882383      0.32134009      0.06179121 md_running
   219    109.50000000    105.33335918      2.08316629   3853.02912490    300.00000000      0.99953917      0.42096320     -4.85354266      0.04339582     -4.81014684      0.27913419      0.05892084      0.29960353      0.05697803 md_running
   220    110.00000000    105.53737408      2.08441559   3925.08853279    300.00000000      0.99953837      0.42883606     -4.86200643      0.04344788     -4.81855855      0.25806527      0.05895618      0.27994147      0.05267735 md_running
   221    110.50000000    105.74505266      2.08364110   3975.48472653    300.00000000      0.99953775      0.43434210     -4.86791130      0.04341560     -4.82449570      0.24456379      0.05893427      0.26726588      0.04992138 md_running
   222    111.00000000    105.95342433      2.08102118   3999.44990895    300.00000000      0.99953740      0.43696042     -4.87078422      0.04330649     -4.82747773      0.23806224      0.05886017      0.26120067      0.04859425 md_running
   223    111.50000000    106.17127297      2.07671082   4001.13723973    300.00000000      0.99953730      0.43714477     -4.87112276      0.04312728     -4.82799548      0.23586936      0.05873825      0.25932153      0.04814663 md_running
   224    112.00000000    106.39056649      2.07082767   3988.47751720    300.00000000      0.99953737      0.43576163     -4.86982736      0.04288327     -4.82694408      0.23583810      0.05857185      0.25965798      0.04814025 md_running
   225    112.50000000    106.61041421      2.06345309   3969.48409700    300.00000000      0.99953753      0.43368650     -4.86779371      0.04257839     -4.82521533      0.23704063      0.05836327      0.26124923      0.04838572 md_running
   226    113.00000000    106.82074202      2.05464996   3949.81030561    300.00000000      0.99953773      0.43153704     -4.86565418      0.04221586     -4.82343831      0.23977437      0.05811428      0.26419275      0.04894374 md_running
   227    113.50000000    107.02009601      2.04448972   3932.49118896    300.00000000      0.99953791      0.42964483     -4.86372334      0.04179938     -4.82192396      0.24477070      0.05782690      0.26902168      0.04996361 md_running
   228    114.00000000    107.23644146      2.03307635   3919.55803069    300.00000000      0.99953806      0.42823182     -4.86221771      0.04133399     -4.82088372      0.25238770      0.05750408      0.27601215      0.05151842 md_running
   229    114.50000000    107.44947323      2.02056310   3913.84674218    300.00000000      0.99953816      0.42760783     -4.86144679      0.04082675     -4.82062004      0.26213773      0.05715015      0.28473949      0.05350864 md_running
   230    115.00000000    107.66374708      2.00716310   3919.62483768    300.00000000      0.99953817      0.42823912     -4.86189511      0.04028704     -4.82160808      0.27248546      0.05677115      0.29380148      0.05562086 md_running
   231    115.50000000    107.87582319      1.99316137   3941.72872262    300.00000000      0.99953805      0.43065408     -4.86412011      0.03972692     -4.82439319      0.28143680      0.05637512      0.30136566      0.05744805 md_running
   232    116.00000000    108.08581294      1.97892196   3983.59766725    300.00000000      0.99953774      0.43522848     -4.86852874      0.03916132     -4.82936742      0.28767074      0.05597237      0.30617369      0.05872054 md_running
   233    116.50000000    108.29811933      1.96489523   4045.65136425    300.00000000      0.99953725      0.44200816     -4.87518337      0.03860813     -4.83657524      0.29137618      0.05557563      0.30837641      0.05947691 md_running
   234    117.00000000    108.50881207      1.95162154   4125.31266424    300.00000000      0.99953659      0.45071157     -4.88381723      0.03808827     -4.84572896      0.29371199      0.05520019      0.30903934      0.05995371 md_running
   235    117.50000000    108.72197751      1.93973274   4218.25821457    300.00000000      0.99953583      0.46086635     -4.89397254      0.03762563     -4.85634691      0.29555333      0.05486393      0.30896024      0.06032957 md_running
   236    118.00000000    108.93432180      1.92995083   4319.85510917    300.00000000      0.99953500      0.47196633     -4.90516713      0.03724710     -4.86792003      0.29675783      0.05458725      0.30799344      0.06057544 md_running
   237    118.50000000    109.15048990      1.92307550   4425.70165464    300.00000000      0.99953416      0.48353061     -4.91695836      0.03698219     -4.87997617      0.29586879      0.05439279      0.30473350      0.06039396 md_running
   238    119.00000000    109.36572646      1.91995660   4530.55469234    300.00000000      0.99953334      0.49498634     -4.92882749      0.03686233     -4.89196516      0.28992290      0.05430457      0.29627020      0.05918026 md_running
   239    119.50000000    109.58308584      1.92144752   4626.23092660    300.00000000      0.99953259      0.50543946     -4.93992117      0.03691961     -4.90300156      0.27590704      0.05434674      0.27965315      0.05631929 md_running
   240    120.00000000    109.79625416      1.92832139   4699.85971596    300.00000000      0.99953197      0.51348378     -4.94886740      0.03718423     -4.91168317      0.25325895      0.05454117      0.25448644      0.05169627 md_running
   241    120.50000000    110.00649002      1.94113799   4733.15935417    300.00000000      0.99953158      0.51712194     -4.95369509      0.03768017     -4.91601492      0.22994700      0.05490367      0.22934625      0.04693773 md_running
   242    121.00000000    110.21802954      1.96006088   4703.01521804    300.00000000      0.99953152      0.51382854     -4.95186613      0.03841839     -4.91344774      0.23543398      0.05543889      0.23528527      0.04805776 md_running
   243    121.50000000    110.43593403      1.98464216   4584.40814305    300.00000000      0.99953198      0.50087010     -4.94056860      0.03938804     -4.90118055      0.31537499      0.05613416      0.31843650      0.06437565 md_running
   244    122.00000000    110.65297907      2.01360916   4359.65644321    300.00000000      0.99953318      0.47631483     -4.91768053      0.04054622     -4.87713431      0.48342320      0.05695347      0.49009617      0.09867835 md_running
   245    122.50000000    110.87151640      2.04472117   4037.12486231    300.00000000      0.99953535      0.44107660     -4.88381470      0.04180885     -4.84200586      0.71969621      0.05783345      0.72931110      0.14690737 md_running
   246    123.00000000    111.08782233      2.07484875   3677.26380973    300.00000000      0.99953862      0.40175993     -4.84529256      0.04304997     -4.80224258      0.97430638      0.05868558      0.98609478      0.19887946 md_running
   247    123.50000000    111.30381931      2.10054822   3398.08975995    300.00000000      0.99954241      0.37125874     -4.81527385      0.04412303     -4.77115082      1.16617084      0.05941248      1.17931567      0.23804363 md_running
   248    124.00000000    111.52058969      2.11919241   3320.81279921    300.00000000      0.99954492      0.36281583     -4.80766018      0.04490976     -4.76275041      1.21762832      0.05993981      1.23126202      0.24854734 md_running
   249    124.50000000    111.73999929      2.13010725   3480.98142641    300.00000000      0.99954430      0.38031508     -4.82660550      0.04537357     -4.78123194      1.10501120      0.06024853      1.11831166      0.22555947 md_running
   250    125.00000000    111.95693695      2.13484954   3797.91642230    300.00000000      0.99954110      0.41494185     -4.86279450      0.04557583     -4.81721868      0.87738091      0.06038266      0.88972946      0.17909463 md_running
   251    125.50000000    112.17552990      2.13636093   4139.73090106    300.00000000      0.99953746      0.45228684     -4.90125516      0.04564038     -4.85561478      0.61830086      0.06042541      0.62946116      0.12621013 md_running
   252    126.00000000    112.39034634      2.13769124   4408.13024754    300.00000000      0.99953471      0.48161084     -4.93119858      0.04569724     -4.88550135      0.39826173      0.06046304      0.40860127      0.08129483 md_running
   253    126.50000000    112.59414283      2.14110755   4567.57093297    300.00000000      0.99953307      0.49903055     -4.94906800      0.04584342     -4.90322458      0.25487214      0.06055967      0.26548114      0.05202556 md_running
   254    127.00000000    112.81213651      2.14784062   4625.11245413    300.00000000      0.99953233      0.50531726     -4.95587664      0.04613219     -4.90974444      0.20400649      0.06075011      0.21561477      0.04164265 md_running
   255    127.50000000    113.02395700      2.15821800   4604.12417775    300.00000000      0.99953225      0.50302418     -4.95427339      0.04657905     -4.90769434      0.22040059      0.06104362      0.23282929      0.04498908 md_running
   256    128.00000000    113.24035292      2.17191857   4530.08285406    300.00000000      0.99953263      0.49493479     -4.94705098      0.04717230     -4.89987868      0.25471719      0.06143113      0.26837931      0.05199393 md_running
   257    128.50000000    113.45637282      2.18823088   4425.20679295    300.00000000      0.99953331      0.48347654     -4.93660281      0.04788354     -4.88871927      0.28548893      0.06189252      0.30071387      0.05827518 md_running
   258    129.00000000    113.67616859      2.20626487   4307.45255294    300.00000000      0.99953419      0.47061129     -4.92485504      0.04867605     -4.87617899      0.30880303      0.06240259      0.32559577      0.06303416 md_running
   259    129.50000000    113.89487253      2.22510104   4191.08923904    300.00000000      0.99953516      0.45789800     -4.91331680      0.04951075     -4.86380605      0.32500222      0.06293536      0.34318717      0.06634080 md_running
   260    130.00000000    114.11211495      2.24388327   4087.25135525    300.00000000      0.99953612      0.44655318     -4.90316324      0.05035012     -4.85281312      0.33508203      0.06346660      0.35442532      0.06839833 md_running
   261    130.50000000    114.32383023      2.26186706   4004.18258393    300.00000000      0.99953697      0.43747749     -4.89526237      0.05116043     -4.84410194      0.33977738      0.06397526      0.36006115      0.06935677 md_running
   262    131.00000000    114.53536360      2.27843722   3947.23812330    300.00000000      0.99953763      0.43125601     -4.89017914      0.05191276     -4.83826638      0.33966779      0.06444394      0.36072506      0.06933440 md_running
   263    131.50000000    114.74475248      2.29310616   3918.50788752    300.00000000      0.99953804      0.42811709     -4.88811944      0.05258336     -4.83553608      0.33532907      0.06485884      0.35705447      0.06844876 md_running
   264    132.00000000    114.95607333      2.30550140   3916.70867941    300.00000000      0.99953818      0.42792051     -4.88892710      0.05315337     -4.83577374      0.32724804      0.06520943      0.34959373      0.06679923 md_running
   265    132.50000000    115.17075812      2.31534971   3937.19614754    300.00000000      0.99953807      0.43015887     -4.89208484      0.05360844     -4.83847639      0.31605195      0.06548798      0.33902001      0.06451383 md_running
   266    133.00000000    115.38549059      2.32245972   3971.52797979    300.00000000      0.99953779      0.43390980     -4.89667140      0.05393819     -4.84273320      0.30214679      0.06568908      0.32580411      0.06167546 md_running
   267    133.50000000    115.60087409      2.32670490   4007.19279722    300.00000000      0.99953743      0.43780637     -4.90129193      0.05413556     -4.84715637      0.28623561      0.06580915      0.31069363      0.05842760 md_running
   268    134.00000000    115.82047516      2.32800782   4029.68562501    300.00000000      0.99953713      0.44026382     -4.90431297      0.05419620     -4.85011677      0.27063939      0.06584600      0.29590296      0.05524403 md_running
   269    134.50000000    116.04169214      2.32632688   4027.75528027    300.00000000      0.99953702      0.44005292     -4.90443519      0.05411797     -4.85031722      0.26005087      0.06579846      0.28574496      0.05308266 md_running
   270    135.00000000    116.26344788      2.32164402   4001.15068290    300.00000000      0.99953716      0.43714624     -4.90157303      0.05390031     -4.84767272      0.26034666      0.06566601      0.28559551      0.05314304 md_running
   271    135.50000000    116.47272318      2.31394754   3966.65586842    300.00000000      0.99953750      0.43337750     -4.89759133      0.05354353     -4.84404780      0.27164774      0.06544832      0.29574042      0.05544986 md_running
   272    136.00000000    116.68240374      2.30321088   3951.88065340    300.00000000      0.99953780      0.43176323     -4.89572209      0.05304780     -4.84267429      0.28472390      0.06514464      0.30785630      0.05811902 md_running
   273    136.50000000    116.90001008      2.28938414   3973.02075205    300.00000000      0.99953777      0.43407290     -4.89791527      0.05241280     -4.84550247      0.29154028      0.06475356      0.31433724      0.05951041 md_running
   274    137.00000000    117.11910486      2.27241428   4018.27452420    300.00000000      0.99953740      0.43901710     -4.90276293      0.05163867     -4.85112426      0.29549570      0.06427358      0.31805575      0.06031781 md_running
   275    137.50000000    117.33407183      2.25228040   4058.96216896    300.00000000      0.99953694      0.44346244     -4.90690453      0.05072767     -4.85617686      0.30382219      0.06370411      0.32560392      0.06201745 md_running
   276    138.00000000    117.55069246      2.22901735   4073.06250766    300.00000000      0.99953667      0.44500297     -4.90784985      0.04968518     -4.85816466      0.31734182      0.06304613      0.33783108      0.06477713 md_running
   277    138.50000000    117.76628557      2.20271761   4056.16044816    300.00000000      0.99953669      0.44315633     -4.90516431      0.04851965     -4.85664467      0.33249607      0.06230226      0.35156213      0.06787048 md_running
   278    139.00000000    117.97951666      2.17352114   4017.54653258    300.00000000      0.99953696      0.43893757     -4.89995532      0.04724194     -4.85271338      0.34640477      0.06147646      0.36418570      0.07070958 md_running
   279    139.50000000    118.19303601      2.14160287   3971.83511168    300.00000000      0.99953739      0.43394336     -4.89386694      0.04586463     -4.84800231      0.35833429      0.06057368      0.37500347      0.07314468 md_running
   280    140.00000000    118.40529149      2.10717184   3933.12605977    300.00000000      0.99953781      0.42971420     -4.88848956      0.04440173     -4.84408783      0.36868047      0.05959982      0.38433954      0.07525659 md_running
   281    140.50000000    118.61595024      2.07048166   3912.15510372    300.00000000      0.99953812      0.42742301     -4.88500965      0.04286894     -4.84214071      0.37819098      0.05856206      0.39283926      0.07719791 md_running
   282    141.00000000    118.82874013      2.03184881   3916.06503815    300.00000000      0.99953821      0.42785019     -4.88421228      0.04128410     -4.84292819      0.38671989      0.05746936      0.40028726      0.07893887 md_running
   283    141.50000000    119.04446562      1.99167616   3949.49969889    300.00000000      0.99953804      0.43150310     -4.88663005      0.03966774     -4.84696231      0.39362468      0.05633311      0.40602088      0.08034830 md_running
   284    142.00000000    119.26245595      1.95047224   4014.77154919    300.00000000      0.99953757      0.43863438     -4.89254503      0.03804342     -4.85450161      0.39765088      0.05516769      0.40874459      0.08117015 md_running
   285    142.50000000    119.48270388      1.90887612   4111.44445052    300.00000000      0.99953681      0.44919640     -4.90194319      0.03643808     -4.86550510      0.39757652      0.05399117      0.40722317      0.08115497 md_running
   286    143.00000000    119.70405432      1.86767050   4235.77422321    300.00000000      0.99953583      0.46278006     -4.91446107      0.03488193     -4.87957914      0.39224590      0.05282570      0.40027602      0.08006686 md_running
   287    143.50000000    119.92204676      1.82778506   4380.36136573    300.00000000      0.99953469      0.47857695     -4.92930450      0.03340798     -4.89589652      0.37970967      0.05169757      0.38590814      0.07750791 md_running
   288    144.00000000    120.13722308      1.79028635   4534.79070657    300.00000000      0.99953350      0.49544915     -4.94539787      0.03205125     -4.91334661      0.35789107      0.05063694      0.36201481      0.07305421 md_running
   289    144.50000000    120.35494112      1.75632956   4684.69790182    300.00000000      0.99953237      0.51182728     -4.96120536      0.03084694     -4.93035842      0.32477294      0.04967650      0.32653764      0.06629400 md_running
   290    145.00000000    120.57815878      1.72706342   4810.70323757    300.00000000      0.99953139      0.52559400     -4.97464363      0.02982748     -4.94481615      0.28021713      0.04884873      0.27933369      0.05719908 md_running
   291    145.50000000    120.79924847      1.70346943   4889.02724316    300.00000000      0.99953069      0.53415130     -4.98311557      0.02901808     -4.95409749      0.23472793      0.04818139      0.23124968      0.04791364 md_running
   292    146.00000000    121.02127597      1.68613343   4893.89761029    300.00000000      0.99953039      0.53468342     -4.98376838      0.02843046     -4.95533792      0.22779732      0.04769106      0.22386549      0.04649893 md_running
   293    146.50000000    121.24306314      1.67497606   4804.13315943    300.00000000      0.99953063      0.52487619     -4.97419120      0.02805545     -4.94613576      0.31080902      0.04737548      0.31005775      0.06344363 md_running
   294    147.00000000    121.46356938      1.66901229   4613.86305802    300.00000000      0.99953154      0.50408821     -4.95357516      0.02785602     -4.92571914      0.47443445      0.04720680      0.47723350      0.09684353 md_running
   295    147.50000000    121.67094303      1.66625501   4347.66950670    300.00000000      0.99953319      0.47500519     -4.92441538      0.02776406     -4.89665132      0.67829814      0.04712881      0.68374976      0.13845703 md_running
   296    148.00000000    121.88780067      1.66393744   4072.29306263    300.00000000      0.99953546      0.44491891     -4.89395697      0.02768688     -4.86627009      0.87244611      0.04706326      0.87961073      0.17808732 md_running
   297    148.50000000    122.10325434      1.65921670   3883.86775714    300.00000000      0.99953771      0.42433247     -4.87299614      0.02753000     -4.84546614      0.99837230      0.04692974      1.00626509      0.20379189 md_running
   298    149.00000000    122.31563128      1.65023497   3860.48719960    300.00000000      0.99953885      0.42177803     -4.87045812      0.02723275     -4.84322537      1.01397933      0.04667569      1.02153759      0.20697766 md_running
   299    149.50000000    122.53381685      1.63697865   4011.76713464    300.00000000      0.99953815      0.43830614     -4.88745209      0.02679699     -4.86065510      0.91782540      0.04630075      0.92393535      0.18735033 md_running
   300    150.00000000    122.74632074      1.62134671   4274.24643955    300.00000000      0.99953608      0.46698335     -4.91673699      0.02628765     -4.89044934      0.74895158      0.04585861      0.75249414      0.15287910 md_running
   301    150.50000000    122.96463103      1.60638333   4555.86705240    300.00000000      0.99953373      0.49775184     -4.94796822      0.02580467     -4.92216354      0.56200544      0.04543538      0.56190972      0.11471888 md_running
   302    151.00000000    123.17560865      1.59520883   4783.98574465    300.00000000      0.99953182      0.52267498     -4.97321795      0.02544691     -4.94777104      0.39915509      0.04511932      0.39449825      0.08147719 md_running
   303    151.50000000    123.38734203      1.59023644   4922.53394728    300.00000000      0.99953061      0.53781208     -4.98869040      0.02528852     -4.96340188      0.28643241      0.04497868      0.27713273      0.05846777 md_running
   304    152.00000000    123.58919352      1.59284972   4965.55501219    300.00000000      0.99953006      0.54251236     -4.99383841      0.02537170     -4.96846671      0.24249321      0.04505259      0.23172712      0.04949872 md_running
   305    152.50000000    123.80709170      1.60341490   4925.71168562    300.00000000      0.99953008      0.53815927     -4.99014879      0.02570939     -4.96443940      0.25756993      0.04535142      0.25004130      0.05257624 md_running
   306    153.00000000    124.02313508      1.62148341   4823.72913091    300.00000000      0.99953055      0.52701715     -4.97990527      0.02629208     -4.95361318      0.29667783      0.04586248      0.29349658      0.06055911 md_running
   307    153.50000000    124.23659177      1.64606163   4681.61001655    300.00000000      0.99953137      0.51148991     -4.96549953      0.02709519     -4.93840434      0.33554616      0.04655765      0.33602727      0.06849307 md_running
   308    154.00000000    124.44903845      1.67587739   4518.76215029    300.00000000      0.99953243      0.49369794     -4.94905140      0.02808565     -4.92096574      0.36624997      0.04740097      0.36966118      0.07476046 md_running
   309    154.50000000    124.65905533      1.70958924   4349.42530526    300.00000000      0.99953367      0.47519702     -4.93206326      0.02922695     -4.90283631      0.38867095      0.04835449      0.39449925      0.07933713 md_running
   310    155.00000000    124.87050755      1.74591251   4183.02634920    300.00000000      0.99953501      0.45701708     -4.91551894      0.03048210     -4.88503684      0.40389128      0.04938186      0.41176441      0.08244396 md_running
   311    155.50000000    125.08392991      1.78369025   4025.59447643    300.00000000      0.99953641      0.43981685     -4.90003139      0.03181551     -4.86821588      0.41347406      0.05045038      0.42312300      0.08440004 md_running
   312    156.00000000    125.29903531      1.82191982   3880.97030376    300.00000000      0.99953781      0.42401591     -4.88598233      0.03319392     -4.85278841      0.41854482      0.05153167      0.42975962      0.08543510 md_running
   313    156.50000000    125.51601866      1.85975807   3751.63374108    300.00000000      0.99953917      0.40988523     -4.87361126      0.03458700     -4.83902426      0.42008266      0.05260190      0.43269747      0.08574901 md_running
   314    157.00000000    125.73204358      1.89651197   3639.11462009    300.00000000      0.99954046      0.39759194     -4.86305654      0.03596758     -4.82708896      0.41886221      0.05364146      0.43274138      0.08549989 md_running
   315    157.50000000    125.94861926      1.93162312   3544.37775551    300.00000000      0.99954163      0.38724145     -4.85439953      0.03731168     -4.81708785      0.41544256      0.05463455      0.43046643      0.08480186 md_running
   316    158.00000000    126.16911274      1.96465175   3468.16710329    300.00000000      0.99954265      0.37891505     -4.84770031      0.03859856     -4.80910175      0.41031040      0.05556874      0.42637777      0.08375426 md_running
   317    158.50000000    126.38969670      1.99525891   3411.36560312    300.00000000      0.99954348      0.37270919     -4.84303696      0.03981058     -4.80322638      0.40370608      0.05643444      0.42073842      0.08240616 md_running
   318    159.00000000    126.60954599      2.02318985   3375.24525745    300.00000000      0.99954409      0.36876286     -4.84053788      0.04093297     -4.79960491      0.39532529      0.05722445      0.41326995      0.08069544 md_running
   319    159.50000000    126.82638794      2.04826260   3361.17999718    300.00000000      0.99954442      0.36722616     -4.84035071      0.04195380     -4.79839691      0.38442848      0.05793361      0.40326748      0.07847113 md_running
   320    160.00000000    127.04357282      2.07036074   3369.61887578    300.00000000      0.99954445      0.36814815     -4.84252900      0.04286394     -4.79966506      0.37015502      0.05855864      0.38991342      0.07555758 md_running
   321    160.50000000    127.26077676      2.08942912   3398.75185207    300.00000000      0.99954420      0.37133107     -4.84687765      0.04365714     -4.80322051      0.35219583      0.05909798      0.37292081      0.07189167 md_running
   322    161.00000000    127.48397061      2.10547194   3443.77203627    300.00000000      0.99954370      0.37624976     -4.85286549      0.04433012     -4.80853537      0.33147586      0.05955174      0.35316508      0.06766223 md_running
   323    161.50000000    127.70209625      2.11855300   3497.45438872    300.00000000      0.99954306      0.38211483     -4.85969168      0.04488267     -4.81480902      0.31088372      0.05992173      0.33334124      0.06345887 md_running
   324    162.00000000    127.92174841      2.12879559   3551.82369528    300.00000000      0.99954238      0.38805496     -4.86647462      0.04531771     -4.82115691      0.29533912      0.06021143      0.31792869      0.06028585 md_running
   325    162.50000000    128.14017175      2.13638721   3600.36261442    300.00000000      0.99954176      0.39335808     -4.87248696      0.04564150     -4.82684545      0.29231371      0.06042616      0.31375056      0.05966829 md_running
   326    163.00000000    128.35237206      2.14158230   3640.20622625    300.00000000      0.99954124      0.39771120     -4.87741741      0.04586375     -4.83155367      0.30859851      0.06057309      0.32731469      0.06299241 md_running
   327    163.50000000    128.56492083      2.14469939   3673.58312107    300.00000000      0.99954084      0.40135780     -4.88151585      0.04599735     -4.83551849      0.34493561      0.06066126      0.36003171      0.07040969 md_running
   328    164.00000000    128.77519477      2.14611098   3708.35759645    300.00000000      0.99954048      0.40515709     -4.88566198      0.04605792     -4.83960406      0.39409566      0.06070119      0.40574111      0.08044444 md_running
   329    164.50000000    128.99067820      2.14622576   3757.36508468    300.00000000      0.99954006      0.41051141     -4.89129243      0.04606285     -4.84522958      0.44456921      0.06070443      0.45353830      0.09074731 md_running
   330    165.00000000    129.22048240      2.14546442   3835.94678175    300.00000000      0.99953941      0.41909686     -4.90013708      0.04603018     -4.85410691      0.48429535      0.06068290      0.49148638      0.09885637 md_running
   331    165.50000000    129.44249422      2.14423154   3957.43950297    300.00000000      0.99953841      0.43237056     -4.91371776      0.04597729     -4.86774047      0.50373754      0.06064803      0.50999207      0.10282500 md_running
   332    166.00000000    129.66179130      2.14288783   4127.79126021    300.00000000      0.99953702      0.45098237     -4.93273571      0.04591968     -4.88681603      0.49842107      0.06061002      0.50452074      0.10173977 md_running
   333    166.50000000    129.87731074      2.14172963   4341.38316183    300.00000000      0.99953531      0.47431838     -4.95661557      0.04587006     -4.91074551      0.47007294      0.06057726      0.47678134      0.09595324 md_running
   334    167.00000000    130.09570745      2.14098421   4578.53758641    300.00000000      0.99953348      0.50022872     -4.98322734      0.04583813     -4.93738921      0.42576278      0.06055618      0.43387951      0.08690846 md_running
   335    167.50000000    130.31200325      2.14081745   4805.99970504    300.00000000      0.99953176      0.52508012     -5.00891873      0.04583099     -4.96308773      0.37684347      0.06055146      0.38714400      0.07692285 md_running
   336    168.00000000    130.52481782      2.14135499   4979.36423323    300.00000000      0.99953039      0.54402108     -5.02884587      0.04585401     -4.98299186      0.33857486      0.06056667      0.35144759      0.06911130 md_running
   337    168.50000000    130.73691472      2.14271060   5048.26441143    300.00000000      0.99952958      0.55154878     -5.03736508      0.04591209     -4.99145299      0.33547838      0.06060501      0.34989996      0.06847924 md_running
   338    169.00000000    130.94810711      2.14501789   4980.94318047    300.00000000      0.99952954      0.54419359     -5.03053762      0.04601102     -4.98452660      0.39547375      0.06067027      0.40879015      0.08072574 md_running
   339    169.50000000    131.15903322      2.14847836   4824.38081942    300.00000000      0.99953031      0.52708835     -5.01295677      0.04615959     -4.96679718      0.50533082      0.06076814      0.51620673      0.10315022 md_running
   340    170.00000000    131.37888160      2.15343144   4742.74615844    300.00000000      0.99953131      0.51816934     -5.00348842      0.04637267     -4.95711575      0.57793439      0.06090824      0.58717801      0.11797036 md_running
   341    170.50000000    131.59959067      2.16040957   4877.10157607    300.00000000      0.99953119      0.53284836     -5.01973334      0.04667370     -4.97305964      0.52983618      0.06110561      0.53902506      0.10815236 md_running
   342    171.00000000    131.81762302      2.17000874   5141.60780175    300.00000000      0.99952970      0.56174703     -5.05133409      0.04708938     -5.00424471      0.39574032      0.06137712      0.40708082      0.08078015 md_running
   343    171.50000000    132.03232600      2.18252090   5323.14361362    300.00000000      0.99952825      0.58158074     -5.07294620      0.04763397     -5.02531222      0.30886023      0.06173101      0.32414227      0.06304583 md_running
   344    172.00000000    132.25182235      2.19754076   5300.87759160    300.00000000      0.99952779      0.57914807     -5.07163622      0.04829185     -5.02334436      0.36967601      0.06215584      0.38595271      0.07545980 md_running
   345    172.50000000    132.46919340      2.21374183   5070.03811323    300.00000000      0.99952851      0.55392767     -5.04716436      0.04900653     -4.99815783      0.55044299      0.06261407      0.56609437      0.11235870 md_running
   346    173.00000000    132.67255510      2.22883234   4696.03860922    300.00000000      0.99953038      0.51306631     -5.00665040      0.04967694     -4.95697347      0.78419595      0.06304090      0.79993911      0.16007333 md_running
   347    173.50000000    132.88844091      2.23981215   4295.58347932    300.00000000      0.99953318      0.46931453     -4.96274644      0.05016758     -4.91257886      1.00818793      0.06335145      1.02437236      0.20579550 md_running
   348    174.00000000    133.09098228      2.24369913   4012.39887324    300.00000000      0.99953616      0.43837516     -4.93154310      0.05034186     -4.88120124      1.14494975      0.06346139      1.16143341      0.23371189 md_running
   349    174.50000000    133.30440393      2.23863718   3951.94741238    300.00000000      0.99953784      0.43177053     -4.92512795      0.05011496     -4.87501299      1.13488614      0.06331822      1.15126944      0.23165766 md_running
   350    175.00000000    133.52045323      2.22477538   4111.29076589    300.00000000      0.99953726      0.44917960     -4.94315106      0.04949626     -4.89365480      0.98142658      0.06292615      0.99730132      0.20033286 md_running
   351    175.50000000    133.73787738      2.20421259   4387.20828930    300.00000000      0.99953513      0.47932501     -4.97373128      0.04858553     -4.92514575      0.74994031      0.06234455      0.76511575      0.15308092 md_running
   352    176.00000000    133.95610105      2.18004900   4656.54698580    300.00000000      0.99953286      0.50875164     -5.00304619      0.04752614     -4.95552005      0.51880046      0.06166110      0.53347664      0.10589970 md_running
   353    176.50000000    134.17010272      2.15530169   4841.96633155    300.00000000      0.99953125      0.52900966     -5.02278167      0.04645325     -4.97632842      0.34159993      0.06096114      0.35633275      0.06972879 md_running
   354    177.00000000    134.37558897      2.13227179   4920.50534188    300.00000000      0.99953042      0.53759045     -5.03072529      0.04546583     -4.98525946      0.24301605      0.06030975      0.25790439      0.04960544 md_running
   355    177.50000000    134.58441118      2.11240181   4902.16767611    300.00000000      0.99953026      0.53558696     -5.02815879      0.04462241     -4.98353638      0.22073591      0.05974775      0.23459986      0.04505753 md_running
   356    178.00000000    134.79660594      2.09639175   4808.78228094    300.00000000      0.99953065      0.52538413     -5.01758993      0.04394858     -4.97364134      0.23919243      0.05929491      0.25168999      0.04882495 md_running
   357    178.50000000    135.01112347      2.08440016   4661.91593801    300.00000000      0.99953146      0.50933823     -5.00136863      0.04344724     -4.95792139      0.26978651      0.05895574      0.28137237      0.05506994 md_running
   358    179.00000000    135.23036151      2.07623579   4479.18276339    300.00000000      0.99953262      0.48937369     -4.98141926      0.04310755     -4.93831171      0.30517757      0.05872482      0.31598454      0.06229411 md_running
   359    179.50000000    135.43961402      2.07151353   4274.00250139    300.00000000      0.99953408      0.46695670     -4.95915395      0.04291168     -4.91624227      0.34774378      0.05859125      0.35763780      0.07098290 md_running
   360    180.00000000    135.63060788      2.06975303   4058.26059058    300.00000000      0.99953583      0.44338579     -4.93582176      0.04283878     -4.89298299      0.39634140      0.05854146      0.40531659      0.08090285 md_running
   361    180.50000000    135.85603364      2.07042871   3845.76762304    300.00000000      0.99953781      0.42016984     -4.91290322      0.04286675     -4.87003647      0.44452953      0.05856057      0.45284644      0.09073921 md_running
   362    181.00000000    136.07344475      2.07298612   3652.83527989    300.00000000      0.99953989      0.39909099     -4.89217726      0.04297271     -4.84920455      0.48273902      0.05863290      0.49086032      0.09853869 md_running
   363    181.50000000    136.28000496      2.07684315   3495.88552651    300.00000000      0.99954189      0.38194343     -4.87544957      0.04313277     -4.83231680      0.50185475      0.05874199      0.51036096      0.10244067 md_running
   364    182.00000000    136.48997236      2.08139126   3387.10510513    300.00000000      0.99954353      0.37005861     -4.86406338      0.04332190     -4.82074149      0.49702875      0.05887063      0.50659512      0.10145557 md_running
   365    182.50000000    136.70365086      2.08600216   3330.54737428    300.00000000      0.99954460      0.36387938     -4.85844779      0.04351405     -4.81493374      0.46952732      0.05900105      0.48094964      0.09584186 md_running
   366    183.00000000    136.92039332      2.09003854   3321.08993330    300.00000000      0.99954502      0.36284611     -4.85800488      0.04368261     -4.81432227      0.42615335      0.05911522      0.44033461      0.08698819 md_running
   367    183.50000000    137.13595699      2.09287278   3346.63521137    300.00000000      0.99954488      0.36563706     -4.86136064      0.04380116     -4.81755947      0.37725536      0.05919538      0.39510077      0.07700693 md_running
   368    184.00000000    137.35101135      2.09390585   3391.66663877    300.00000000      0.99954436      0.37055698     -4.86678090      0.04384442     -4.82293649      0.33388332      0.05922460      0.35599719      0.06815365 md_running
   369    184.50000000    137.56708914      2.09257701   3439.99110650    300.00000000      0.99954371      0.37583667     -4.87246657      0.04378879     -4.82867778      0.30484773      0.05918702      0.33106211      0.06222678 md_running
   370    185.00000000    137.78045521      2.08836117   3476.29476589    300.00000000      0.99954314      0.37980303     -4.87671291      0.04361252     -4.83310039      0.29360220      0.05906777      0.32285408      0.05993130 md_running
   371    185.50000000    137.99756491      2.08075622   3486.49323831    300.00000000      0.99954281      0.38091727     -4.87796309      0.04329546     -4.83466763      0.29884338      0.05885267      0.32976912      0.06100115 md_running
   372    186.00000000    138.21466734      2.06924918   3458.86995341    300.00000000      0.99954289      0.37789928     -4.87488468      0.04281792     -4.83206675      0.31870218      0.05852720      0.35012749      0.06505481 md_running
   373    186.50000000    138.43139153      2.05327592   3389.77836520    300.00000000      0.99954350      0.37035067     -4.86691745      0.04215942     -4.82475803      0.35312968      0.05807541      0.38411343      0.07208229 md_running
   374    187.00000000    138.64245753      2.03219420   3295.71698806    300.00000000      0.99954463      0.36007399     -4.85578882      0.04129813     -4.81449069      0.39769645      0.05747913      0.42765715      0.08117945 md_running
   375    187.50000000    138.85638956      2.00532836   3219.31568835    300.00000000      0.99954595      0.35172675     -4.84626730      0.04021342     -4.80605389      0.43834366      0.05671925      0.46723500      0.08947653 md_running
   376    188.00000000    139.06908489      1.97210797   3209.00015221    300.00000000      0.99954669      0.35059973     -4.84401027      0.03889210     -4.80511817      0.45522588      0.05577964      0.48334089      0.09292259 md_running
   377    188.50000000    139.28497450      1.93228483   3279.03586625    300.00000000      0.99954622      0.35825149     -4.85072490      0.03733725     -4.81338766      0.44289845      0.05465327      0.47039941      0.09040627 md_running
   378    189.00000000    139.49187965      1.88603279   3396.77640626    300.00000000      0.99954478      0.37111525     -4.86254179      0.03557120     -4.82697059      0.41696299      0.05334506      0.44352027      0.08511221 md_running
   379    189.50000000    139.70539807      1.83382972   3515.20594085    300.00000000      0.99954315      0.38405428     -4.87408320      0.03362931     -4.84045389      0.39451713      0.05186854      0.41949940      0.08053047 md_running
   380    190.00000000    139.92366961      1.77625997   3605.88120298    300.00000000      0.99954185      0.39396102     -4.88226392      0.03155099     -4.85071292      0.38105740      0.05024022      0.40402552      0.07778302 md_running
   381    190.50000000    140.13670616      1.71388359   3664.62973945    300.00000000      0.99954101      0.40037960     -4.88677781      0.02937397     -4.85740384      0.37490546      0.04847595      0.39586621      0.07652726 md_running
   382    191.00000000    140.34992634      1.64717185   3700.80045847    300.00000000      0.99954051      0.40433143     -4.88875283      0.02713175     -4.86162108      0.37231310      0.04658906      0.39148987      0.07599809 md_running
   383    191.50000000    140.55337365      1.57652687   3727.11732738    300.00000000      0.99954020      0.40720669     -4.88962319      0.02485437     -4.86476882      0.37097870      0.04459091      0.38863139      0.07572571 md_running
   384    192.00000000    140.76434691      1.50231828   3755.99186882    300.00000000      0.99953993      0.41036138     -4.89078287      0.02256960     -4.86821327      0.36938422      0.04249198      0.38571897      0.07540024 md_running
   385    192.50000000    140.97747371      1.42493249   3797.67894304    300.00000000      0.99953958      0.41491590     -4.89340226      0.02030433     -4.87309793      0.36629136      0.04030318      0.38141531      0.07476891 md_running
   386    193.00000000    141.19535641      1.34483890   3858.47523210    300.00000000      0.99953906      0.42155821     -4.89820249      0.01808592     -4.88011657      0.36038914      0.03803779      0.37426309      0.07356412 md_running
   387    193.50000000    141.41950853      1.26268486   3939.89023683    300.00000000      0.99953834      0.43045322     -4.90537489      0.01594373     -4.88943116      0.35079691      0.03571412      0.36325977      0.07160612 md_running
   388    194.00000000    141.63326565      1.17940025   4038.80361584    300.00000000      0.99953746      0.44126001     -4.91461170      0.01390985     -4.90070185      0.33770588      0.03335848      0.34848227      0.06893392 md_running
   389    194.50000000    141.84675246      1.09631466   4147.71027348    300.00000000      0.99953649      0.45315862     -4.92512692      0.01201906     -4.91310786      0.32196295      0.03100846      0.33064795      0.06572041 md_running
   390    195.00000000    142.05919064      1.01529694   4255.47372465    300.00000000      0.99953553      0.46493233     -4.93572954      0.01030828     -4.92542127      0.30515352      0.02871693      0.31126591      0.06228920 md_running
   391    195.50000000    142.26481729      0.93888072   4348.34044514    300.00000000      0.99953467      0.47507850     -4.94495715      0.00881497     -4.93614218      0.28976890      0.02655556      0.29291604      0.05914883 md_running
   392    196.00000000    142.47595154      0.87029202   4410.15770183    300.00000000      0.99953402      0.48183235     -4.95107846      0.00757408     -4.94350438      0.27987153      0.02461558      0.28007338      0.05712854 md_running
   393    196.50000000    142.69403331      0.81321818   4422.47611985    300.00000000      0.99953370      0.48317820     -4.95209951      0.00661324     -4.94548627      0.28581895      0.02300128      0.28411204      0.05834255 md_running
   394    197.00000000    142.90903397      0.77107286   4364.44371798    300.00000000      0.99953383      0.47683786     -4.94577030      0.00594553     -4.93982476      0.32537425      0.02180923      0.32407815      0.06641674 md_running
   395    197.50000000    143.12887353      0.74566750   4214.25724223    300.00000000      0.99953461      0.46042922     -4.92959920      0.00556020     -4.92403900      0.42337978      0.02109066      0.42491211      0.08642204 md_running
   396    198.00000000    143.34542617      0.73560735   3959.46583185    300.00000000      0.99953628      0.43259195     -4.90202335      0.00541118     -4.89661217      0.59516341      0.02080612      0.60038254      0.12148722 md_running
   397    198.50000000    143.55582254      0.73536691   3618.99641768    300.00000000      0.99953917      0.39539392     -4.86476501      0.00540764     -4.85935737      0.82964968      0.02079932      0.83812398      0.16935153 md_running
   398    199.00000000    143.76584085      0.73593186   3269.71902908    300.00000000      0.99954331      0.35723358     -4.82601305      0.00541596     -4.82059709      1.07506703      0.02081530      1.08589710      0.21944714 md_running
   399    199.50000000    143.98347512      0.72713203   3043.38298688    300.00000000      0.99954767      0.33250520     -4.80054339      0.00528721     -4.79525618      1.24397262      0.02056640      1.25611887      0.25392485 md_running
   400    200.00000000    144.20089511      0.70090204   3057.53504440    300.00000000      0.99954959      0.33405139     -4.80192347      0.00491264     -4.79701084      1.25967500      0.01982450      1.27204684      0.25713008 md_running
   401    200.50000000    144.41634231      0.65396325   3323.07218445    300.00000000      0.99954722      0.36306268     -4.83148292      0.00427668     -4.82720625      1.10973852      0.01849687      1.12126621      0.22652443 md_running
   402    201.00000000    144.62866619      0.58860288   3730.31200141    300.00000000      0.99954233      0.40755572     -4.87660608      0.00346453     -4.87314155      0.85477545      0.01664820      0.86448297      0.17448031 md_running
   403    201.50000000    144.84413135      0.51157975   4132.23106149    300.00000000      0.99953774      0.45146744     -4.92069617      0.00261714     -4.91807903      0.58410714      0.01446966      0.59112001      0.11923037 md_running
   404    202.00000000    145.06113725      0.43265355   4430.29378852    300.00000000      0.99953460      0.48403232     -4.95302983      0.00187189     -4.95115794      0.36524753      0.01223729      0.36869798      0.07455584 md_running
   405    202.50000000    145.27336998      0.36430385   4594.55911659    300.00000000      0.99953285      0.50197915     -4.97068238      0.00132717     -4.96935521      0.24075142      0.01030407      0.24021973      0.04914318 md_running
   406    203.00000000    145.47858232      0.32175812   4640.23961954    300.00000000      0.99953216      0.50696998     -4.97553874      0.00103528     -4.97450346      0.22684071      0.00910069      0.22499965      0.04630367 md_running
   407    203.50000000    145.69684626      0.31786378   4600.58243157    300.00000000      0.99953220      0.50263723     -4.97137321      0.00101037     -4.97036284      0.26931818      0.00899055      0.26928299      0.05497434 md_running
   408    204.00000000    145.91711587      0.35214732   4510.15533850    300.00000000      0.99953271      0.49275760     -4.96194750      0.00124008     -4.96070742      0.31725187      0.00996023      0.31969606      0.06475877 md_running
   409    204.50000000    146.12926518      0.41176174   4399.26488914    300.00000000      0.99953350      0.48064225     -4.95055068      0.00169548     -4.94885521      0.35452045      0.01164638      0.35931713      0.07236618 md_running
   410    205.00000000    146.34670414      0.48364188   4290.61534741    300.00000000      0.99953437      0.46877173     -4.93967433      0.00233909     -4.93733523      0.37924142      0.01367946      0.38614283      0.07741233 md_running
   411    205.50000000    146.56390370      0.55951377   4195.49970095    300.00000000      0.99953521      0.45837986     -4.93051764      0.00313056     -4.92738708      0.39363143      0.01582544      0.40241288      0.08034968 md_running
   412    206.00000000    146.78032691      0.63481294   4112.89141649    300.00000000      0.99953595      0.44935448     -4.92290441      0.00402987     -4.91887453      0.40106658      0.01795522      0.41158796      0.08186737 md_running
   413    206.50000000    147.00044710      0.70700496   4031.32779149    300.00000000      0.99953664      0.44044324     -4.91552977      0.00499856     -4.91053121      0.40483811      0.01999712      0.41702630      0.08263723 md_running
   414    207.00000000    147.21777083      0.77457300   3932.19841659    300.00000000      0.99953743      0.42961285     -4.90628185      0.00599963     -4.90028222      0.40901141      0.02190823      0.42282453      0.08348910 md_running
   415    207.50000000    147.43343613      0.83646955   3796.02831233    300.00000000      0.99953853      0.41473556     -4.89288126      0.00699681     -4.88588445      0.42059429      0.02365893      0.43588225      0.08585345 md_running
   416    208.00000000    147.65126438      0.89181189   3619.70610404    300.00000000      0.99954017      0.39547146     -4.87470920      0.00795328     -4.86675592      0.44639029      0.02522425      0.46268881      0.09111904 md_running
   417    208.50000000    147.88134043      0.93978234   3438.82475501    300.00000000      0.99954233      0.37570924     -4.85559670      0.00883191     -4.84676479      0.48086003      0.02658106      0.49760559      0.09815514 md_running
   418    209.00000000    148.10753713      0.97972117   3322.94863461    300.00000000      0.99954439      0.36304918     -4.84360475      0.00959854     -4.83400621      0.49952562      0.02771070      0.51658620      0.10196524 md_running
   419    209.50000000    148.32894265      1.01132517   3319.43174506    300.00000000      0.99954524      0.36266494     -4.84440884      0.01022779     -4.83418105      0.48298874      0.02860460      0.50068335      0.09858966 md_running
   420    210.00000000    148.54363863      1.03473447   3403.59386174    300.00000000      0.99954453      0.37186009     -4.85499806      0.01070675     -4.84429131      0.44144525      0.02926671      0.46004689      0.09010964 md_running
   421    210.50000000    148.75807655      1.05040583   3507.52148232    300.00000000      0.99954314      0.38321471     -4.86737983      0.01103352     -4.85634631      0.40034552      0.02970996      0.41968293      0.08172019 md_running
   422    211.00000000    148.97534010      1.05888149   3582.40004109    300.00000000      0.99954200      0.39139558     -4.87611513      0.01121230     -4.86490283      0.37162532      0.02994969      0.39132218      0.07585770 md_running
   423    211.50000000    149.19157984      1.06061813   3617.91592740    300.00000000      0.99954138      0.39527587     -4.88027462      0.01124911     -4.86902551      0.35129502      0.02999881      0.37123369      0.07170780 md_running
   424    212.00000000    149.40679266      1.05593632   3623.98739204    300.00000000      0.99954118      0.39593921     -4.88109316      0.01115002     -4.86994315      0.33356996      0.02986639      0.35389299      0.06808968 md_running
   425    212.50000000    149.62504730      1.04503921   3611.84025323    300.00000000      0.99954124      0.39461207     -4.87984266      0.01092107     -4.86892159      0.31846623      0.02955817      0.33923532      0.06500665 md_running
   426    213.00000000    149.83703670      1.02804596   3587.70934705    300.00000000      0.99954146      0.39197565     -4.87718472      0.01056878     -4.86661594      0.31146709      0.02907753      0.33231020      0.06357795 md_running
   427    213.50000000    150.05300878      1.00501702   3554.83213022    300.00000000      0.99954180      0.38838364     -4.87344692      0.01010059     -4.86334633      0.31994486      0.02842617      0.33997091      0.06530847 md_running
   428    214.00000000    150.27531613      0.97596660   3516.72267281    300.00000000      0.99954224      0.38421999     -4.86901536      0.00952511     -4.85949025      0.34747504      0.02760450      0.36572288      0.07092804 md_running
   429    214.50000000    150.49934088      0.94087674   3480.17871735    300.00000000      0.99954271      0.38022738     -4.86460756      0.00885249     -4.85575507      0.38898029      0.02661201      0.40508127      0.07940027 md_running
   430    215.00000000    150.71796040      0.89970669   3456.92736875    300.00000000      0.99954311      0.37768705     -4.86154065      0.00809472     -4.85344593      0.43305573      0.02544755      0.44725326      0.08839713 md_running
   431    215.50000000    150.93655390      0.85240344   3461.32706057    300.00000000      0.99954327      0.37816774     -4.86143960      0.00726592     -4.85417369      0.46737648      0.02410961      0.48015955      0.09540283 md_running
   432    216.00000000    151.15149016      0.79892140   3505.90692655    300.00000000      0.99954299      0.38303831     -4.86573128      0.00638275     -4.85934852      0.48247431      0.02259691      0.49433299      0.09848466 md_running
   433    216.50000000    151.36934180      0.73925083   3596.39915178    300.00000000      0.99954217      0.39292505     -4.87508832      0.00546492     -4.86962340      0.47416692      0.02090917      0.48549014      0.09678892 md_running
   434    217.00000000    151.58362074      0.67346019   3728.94457276    300.00000000      0.99954086      0.40740632     -4.88910443      0.00453549     -4.88456894      0.44452861      0.01904833      0.45556786      0.09073902 md_running
   435    217.50000000    151.79802485      0.60175006   3891.45525843    300.00000000      0.99953924      0.42516145     -4.90645975      0.00362103     -4.90283872      0.40065997      0.01702006      0.41146893      0.08178437 md_running
   436    218.00000000    152.01780642      0.52454546   4067.37822798    300.00000000      0.99953754      0.44438193     -4.92534697      0.00275148     -4.92259549      0.35200033      0.01483639      0.36233961      0.07185177 md_running
   437    218.50000000    152.23607658      0.44267985   4239.64324592    300.00000000      0.99953593      0.46320277     -4.94391874      0.00195965     -4.94195909      0.30705927      0.01252088      0.31632755      0.06267821 md_running
   438    219.00000000    152.45839000      0.35780589   4392.99563560    300.00000000      0.99953455      0.47995731     -4.96054073      0.00128025     -4.95926048      0.27016679      0.01012028      0.27751281      0.05514757 md_running
   439    219.50000000    152.67696286      0.27347539   4513.98483984    300.00000000      0.99953346      0.49317600     -4.97379962      0.00074789     -4.97305173      0.24056725      0.00773505      0.24520443      0.04910558 md_running
   440    220.00000000    152.88472666      0.19850136   4589.45119827    300.00000000      0.99953272      0.50142108     -4.98227321      0.00039403     -4.98187919      0.21816637      0.00561447      0.21976464      0.04453302 md_running
   441    220.50000000    153.10289198      0.15564653   4606.24414243    300.00000000      0.99953237      0.50325580     -4.98455034      0.00024226     -4.98430809      0.21361261      0.00440235      0.21298573      0.04360349 md_running
   442    221.00000000    153.31732411      0.17374218   4551.62230122    300.00000000      0.99953248      0.49728808     -4.97923514      0.00030186     -4.97893328      0.24969169      0.00491417      0.24929971      0.05096810 md_running
   443    221.50000000    153.53401275      0.23672855   4415.69031734    300.00000000      0.99953314      0.48243682     -4.96514743      0.00056040     -4.96458702      0.34709186      0.00669569      0.34919908      0.07084983 md_running
   444    222.00000000    153.75213444      0.31239593   4200.63942359    300.00000000      0.99953450      0.45894140     -4.94237217      0.00097591     -4.94139626      0.50299553      0.00883589      0.50808215      0.10267353 md_running
   445    222.50000000    153.96756469      0.38375270   3934.57951909    300.00000000      0.99953660      0.42987299     -4.91378903      0.00147266     -4.91231637      0.69632625      0.01085417      0.70396974      0.14213700 md_running
   446    223.00000000    154.18412683      0.44124992   3682.54417054    300.00000000      0.99953924      0.40233684     -4.88642430      0.00194701     -4.88447729      0.88552058      0.01248043      0.89501043      0.18075613 md_running
   447    223.50000000    154.40429337      0.47859326   3536.78841759    300.00000000      0.99954162      0.38641228     -4.87061068      0.00229052     -4.86832017      1.01170494      0.01353666      1.02218928      0.20651341 md_running
   448    224.00000000    154.62015284      0.49280120   3571.99183713    300.00000000      0.99954238      0.39025843     -4.87490630      0.00242853     -4.87247777      1.02685846      0.01393852      1.03740089      0.20960661 md_running
   449    224.50000000    154.83370806      0.48522039   3793.48758150    300.00000000      0.99954081      0.41445798     -4.89996008      0.00235439     -4.89760569      0.92585056      0.01372411      0.93549030      0.18898845 md_running
   450    225.00000000    155.04852041      0.46192462   4131.99230605    300.00000000      0.99953773      0.45144135     -4.93785969      0.00213374     -4.93572595      0.75124200      0.01306520      0.75905257      0.15334663 md_running
   451    225.50000000    155.26302612      0.43308411   4492.05372895    300.00000000      0.99953453      0.49077991     -4.97786157      0.00187562     -4.97598595      0.56577685      0.01224947      0.57093008      0.11548872 md_running
   452    226.00000000    155.48110680      0.41140247   4803.78394229    300.00000000      0.99953198      0.52483804     -5.01236641      0.00169252     -5.01067389      0.41930728      0.01163622      0.42129775      0.08559074 md_running
   453    226.50000000    155.69697659      0.40903443   5039.12555788    300.00000000      0.99953020      0.55055031     -5.03849315      0.00167309     -5.03682006      0.33468281      0.01156924      0.33402646      0.06831684 md_running
   454    227.00000000    155.90825640      0.43276710   5199.83256349    300.00000000      0.99952905      0.56810838     -5.05666013      0.00187287     -5.05478725      0.30399779      0.01224050      0.30260782      0.06205329 md_running
   455    227.50000000    156.11864704      0.48133239   5297.01625478    300.00000000      0.99952835      0.57872620     -5.06821585      0.00231681     -5.06589904      0.30022537      0.01361414      0.30012226      0.06128325 md_running
   456    228.00000000    156.33044216      0.54825482   5335.31603339    300.00000000      0.99952799      0.58291064     -5.07370607      0.00300583     -5.07070024      0.30367065      0.01550699      0.30614819      0.06198651 md_running
   457    228.50000000    156.54112654      0.62632225   5307.24802691    300.00000000      0.99952794      0.57984407     -5.07226665      0.00392280     -5.06834385      0.30833600      0.01771507      0.31415627      0.06293882 md_running
   458    229.00000000    156.75738946      0.70970299   5193.11847439    300.00000000      0.99952829      0.56737483     -5.06167698      0.00503678     -5.05664020      0.32124587      0.02007343      0.33073930      0.06557404 md_running
   459    229.50000000    156.96858512      0.79406209   4971.67653845    300.00000000      0.99952920      0.54318116     -5.03930690      0.00630535     -5.03300155      0.35838719      0.02245947      0.37097813      0.07315548 md_running
   460    230.00000000    157.18463000      0.87611907   4650.77523669    300.00000000      0.99953087      0.50812105     -5.00559427      0.00767585     -4.99791843      0.43080654      0.02478039      0.44503136      0.08793802 md_running
   461    230.50000000    157.39984235      0.95333217   4308.41756105    300.00000000      0.99953332      0.47071672     -4.96898181      0.00908842     -4.95989339      0.51127469      0.02696431      0.52600913      0.10436351 md_running
   462    231.00000000    157.62037600      1.02403009   4068.95107510    300.00000000      0.99953584      0.44455378     -4.94420876      0.01048638     -4.93372238      0.54634031      0.02896394      0.56134037      0.11152125 md_running
   463    231.50000000    157.83849500      1.08770021   3979.16828219    300.00000000      0.99953727      0.43474455     -4.93687517      0.01183092     -4.92504425      0.52560101      0.03076481      0.54088013      0.10728786 md_running
   464    232.00000000    158.05645007      1.14478993   3962.29136867    300.00000000      0.99953757      0.43290066     -4.93740899      0.01310544     -4.92430355      0.49566259      0.03237955      0.51080164      0.10117670 md_running
   465    232.50000000    158.27183046      1.19607189   3926.97338775    300.00000000      0.99953771      0.42904199     -4.93523474      0.01430588     -4.92092886      0.48353122      0.03383002      0.49805924      0.09870040 md_running
   466    233.00000000    158.48215099      1.24220407   3846.10314114    300.00000000      0.99953831      0.42020650     -4.92766277      0.01543071     -4.91223206      0.47598298      0.03513484      0.49008613      0.09715962 md_running
   467    233.50000000    158.70068750      1.28362983   3737.91293196    300.00000000      0.99953933      0.40838616     -4.91702986      0.01647706     -4.90055281      0.45627055      0.03630653      0.47055496      0.09313584 md_running
   468    234.00000000    158.92488685      1.32064571   3626.81181684    300.00000000      0.99954056      0.39624779     -4.90609247      0.01744105     -4.88865142      0.42122682      0.03735350      0.43634321      0.08598256 md_running
   469    234.50000000    159.14444862      1.35348129   3526.06551848    300.00000000      0.99954179      0.38524074     -4.89629253      0.01831912     -4.87797342      0.37776956      0.03828223      0.39425103      0.07711189 md_running
   470    235.00000000    159.36411029      1.38234224   3437.29526934    300.00000000      0.99954293      0.37554214     -4.88774952      0.01910870     -4.86864082      0.33719138      0.03909854      0.35521578      0.06882890 md_running
   471    235.50000000    159.57796729      1.40743412   3355.93440768    300.00000000      0.99954400      0.36665305     -4.87992279      0.01980871     -4.86011408      0.31063958      0.03980825      0.32971791      0.06340904 md_running
   472    236.00000000    159.79530628      1.42897355   3277.45367725    300.00000000      0.99954505      0.35807863     -4.87228548      0.02041965     -4.85186583      0.30312455      0.04041748      0.32221212      0.06187504 md_running
   473    236.50000000    160.01314020      1.44719283   3200.82354594    300.00000000      0.99954614      0.34970639     -4.86472830      0.02094367     -4.84378463      0.31184061      0.04093279      0.32998112      0.06365420 md_running
   474    237.00000000    160.22850906      1.46234354   3128.97875251    300.00000000      0.99954724      0.34185698     -4.85758533      0.02138449     -4.83620084      0.33010076      0.04136132      0.34684106      0.06738154 md_running
   475    237.50000000    160.44227227      1.47470409   3067.77232493    300.00000000      0.99954828      0.33516986     -4.85151199      0.02174752     -4.82976447      0.35168976      0.04171093      0.36699696      0.07178837 md_running
   476    238.00000000    160.65384222      1.48458690   3024.20972734    300.00000000      0.99954913      0.33041042     -4.84729899      0.02203998     -4.82525901      0.37215105      0.04199046      0.38618740      0.07596501 md_running
   477    238.50000000    160.86621869      1.49234727   3004.37370359    300.00000000      0.99954966      0.32824324     -4.84563432      0.02227100     -4.82336332      0.38941927      0.04220996      0.40236109      0.07948987 md_running
   478    239.00000000    161.07969174      1.49839468   3011.93142585    300.00000000      0.99954977      0.32906896     -4.84693099      0.02245187     -4.82447913      0.40315033      0.04238100      0.41513037      0.08229272 md_running
   479    239.50000000    161.29587498      1.50320132   3048.25244571    300.00000000      0.99954941      0.33303722     -4.85134758      0.02259614     -4.82875144      0.41366537      0.04251695      0.42475102      0.08443909 md_running
   480    240.00000000    161.51356068      1.50731328   3113.26058048    300.00000000      0.99954859      0.34013969     -4.85889046      0.02271993     -4.83617053      0.42121972      0.04263326      0.43142285      0.08598112 md_running
   481    240.50000000    161.73265457      1.51136052   3206.06396592    300.00000000      0.99954737      0.35027893     -4.86948220      0.02284211     -4.84664009      0.42577850      0.04274773      0.43507269      0.08691167 md_running
   482    241.00000000    161.95242664      1.51606162   3325.06333599    300.00000000      0.99954582      0.36328022     -4.88297730      0.02298443     -4.85999287      0.42690148      0.04288070      0.43522910      0.08714090 md_running
   483    241.50000000    162.16849373      1.52222250   3467.56032836    300.00000000      0.99954404      0.37884875     -4.89911130      0.02317161     -4.87593969      0.42379198      0.04305495      0.43106362      0.08650618 md_running
   484    242.00000000    162.38563462      1.53072650   3629.28669056    300.00000000      0.99954214      0.39651819     -4.91745146      0.02343124     -4.89402023      0.41543030      0.04329548      0.42152587      0.08479935 md_running
   485    242.50000000    162.60496074      1.54250952   3803.97748293    300.00000000      0.99954021      0.41560405     -4.93734810      0.02379336     -4.91355474      0.40033362      0.04362876      0.40510022      0.08171776 md_running
   486    243.00000000    162.82023028      1.55851581   3983.13049598    300.00000000      0.99953836      0.43517744     -4.95790601      0.02428972     -4.93361629      0.37682707      0.04408148      0.38010158      0.07691950 md_running
   487    243.50000000    163.03503791      1.57962320   4155.65185241    300.00000000      0.99953667      0.45402628     -4.97795532      0.02495209     -4.95300322      0.34285901      0.04467849      0.34449182      0.06998580 md_running
   488    244.00000000    163.25925611      1.60653836   4307.06834716    300.00000000      0.99953523      0.47056931     -4.99593779      0.02580966     -4.97012813      0.29690161      0.04543977      0.29682337      0.06060479 md_running
   489    244.50000000    163.48049733      1.63966221   4419.55171330    300.00000000      0.99953413      0.48285869     -5.00992422      0.02688492     -4.98303930      0.24315737      0.04637665      0.24166830      0.04963429 md_running
   490    245.00000000    163.70244355      1.67893171   4472.47707913    300.00000000      0.99953346      0.48864106     -5.01766073      0.02818812     -4.98947261      0.20352809      0.04748736      0.20224240      0.04154500 md_running
   491    245.50000000    163.91446058      1.72367481   4444.27003366    300.00000000      0.99953333      0.48555930     -5.01671650      0.02971055     -4.98700595      0.23733590      0.04875289      0.23947959      0.04844599 md_running
   492    246.00000000    164.13374873      1.77249791   4320.54102101    300.00000000      0.99953388      0.47204127     -5.00537136      0.03141749     -4.97395387      0.36784342      0.05013381      0.37365596      0.07508572 md_running
   493    246.50000000    164.34885095      1.82327587   4107.60534003    300.00000000      0.99953526      0.44877695     -4.98412034      0.03324335     -4.95087700      0.55705610      0.05157003      0.56541608      0.11370860 md_running
   494    247.00000000    164.55934088      1.87333757   3846.98011055    300.00000000      0.99953745      0.42030231     -4.95733368      0.03509394     -4.92223975      0.76004096      0.05298599      0.77012323      0.15514271 md_running
   495    247.50000000    164.77355310      1.91995619   3617.96937859    300.00000000      0.99954009      0.39528171     -4.93377328      0.03686232     -4.89691096      0.92335812      0.05430456      0.93440766      0.18847969 md_running
   496    248.00000000    164.98888432      1.96112599   3509.31524613    300.00000000      0.99954218      0.38341069     -4.92348054      0.03846015     -4.88502039      0.99692713      0.05546902      1.00812389      0.20349690 md_running
   497    248.50000000    165.20572433      1.99629811   3569.21582290    300.00000000      0.99954251      0.38995514     -4.93195056      0.03985206     -4.89209850      0.96124256      0.05646384      0.97170289      0.19621282 md_running
   498    249.00000000    165.42274256      2.02658369   3777.07956828    300.00000000      0.99954083      0.41266532     -4.95679357      0.04107041     -4.91572316      0.83937605      0.05732044      0.84821788      0.17133692 md_running
   499    249.50000000    165.63822712      2.05424468   4063.67140543    300.00000000      0.99953809      0.44397695     -4.99018621      0.04219921     -4.94798700      0.67949018      0.05810281      0.68593131      0.13870035 md_running
   500    250.00000000    165.85053885      2.08182079   4353.04155106    300.00000000      0.99953537      0.47559212     -5.02377219      0.04333978     -4.98043242      0.52416013      0.05888278      0.52765143      0.10699374 md_running
   501    250.50000000    166.06631523      2.11141051   4585.93857288    300.00000000      0.99953323      0.50103731     -5.05120869      0.04458054     -5.00662815      0.39714384      0.05971971      0.39755600      0.08106665 md_running
   502    251.00000000    166.28114293      2.14433611   4717.98175775    300.00000000      0.99953188      0.51546371     -5.06781398      0.04598177     -5.02183220      0.31191618      0.06065098      0.30988419      0.06366962 md_running
   503    251.50000000    166.48940857      2.18112175   4712.91938516    300.00000000      0.99953141      0.51491062     -5.06956263      0.04757292     -5.02198971      0.28972987      0.06169144      0.28728545      0.05914086 md_running
   504    252.00000000    166.70994564      2.22161578   4551.99755723    300.00000000      0.99953195      0.49732908     -5.05414179      0.04935577     -5.00478602      0.34962918      0.06283678      0.34904445      0.07136776 md_running
   505    252.50000000    166.92395577      2.26514153   4272.16761279    300.00000000      0.99953363      0.46675623     -5.02500599      0.05130866     -4.97369733      0.47135318      0.06406788      0.47298328      0.09621457 md_running
   506    253.00000000    167.14004021      2.31063690   4012.14289984    300.00000000      0.99953613      0.43834719     -4.99766414      0.05339043     -4.94427371      0.57896083      0.06535468      0.58233459      0.11817989 md_running
   507    253.50000000    167.35241335      2.35688419   3929.95001637    300.00000000      0.99953789      0.42936720     -4.99137851      0.05554903     -4.93582948      0.59200834      0.06666275      0.59679453      0.12084320 md_running
   508    254.00000000    167.55995994      2.40286973   4011.48904362    300.00000000      0.99953765      0.43827575     -5.00425907      0.05773783     -4.94652125      0.52426943      0.06796342      0.53015339      0.10701605 md_running
   509    254.50000000    167.77486267      2.44800761   4099.67635510    300.00000000      0.99953659      0.44791067     -5.01716067      0.05992741     -4.95723326      0.45661131      0.06924011      0.46303536      0.09320539 md_running
   510    255.00000000    167.99493430      2.49204026   4090.25124053    300.00000000      0.99953620      0.44688093     -5.01853347      0.06210265     -4.95643082      0.42622516      0.07048554      0.43266094      0.08700285 md_running
   511    255.50000000    168.20968598      2.53483941   3981.19344233    300.00000000      0.99953681      0.43496580     -5.00874887      0.06425411     -4.94449477      0.41954101      0.07169609      0.42591872      0.08563845 md_running
   512    256.00000000    168.42429548      2.57629890   3812.56785740    300.00000000      0.99953822      0.41654259     -4.99247819      0.06637316     -4.92610503      0.41972561      0.07286874      0.42629366      0.08567613 md_running
   513    256.50000000    168.63778293      2.61630164   3624.32028365    300.00000000      0.99954015      0.39597558     -4.97412792      0.06845034     -4.90567757      0.41949166      0.07400019      0.42658519      0.08562838 md_running
   514    257.00000000    168.85432994      2.65471299   3443.33175504    300.00000000      0.99954230      0.37620166     -4.95660115      0.07047501     -4.88612614      0.41663326      0.07508662      0.42454985      0.08504491 md_running
   515    257.50000000    169.06835668      2.69138962   3283.15344473    300.00000000      0.99954448      0.35870135     -4.94134664      0.07243578     -4.86891086      0.41137507      0.07612399      0.42035584      0.08397159 md_running
   516    258.00000000    169.27840523      2.72618949   3148.34565422    300.00000000      0.99954654      0.34397291     -4.92880448      0.07432109     -4.85448339      0.40434029      0.07710828      0.41455582      0.08253562 md_running
   517    258.50000000    169.48968740      2.75898328   3039.06919882    300.00000000      0.99954838      0.33203390     -4.91897405      0.07611989     -4.84285416      0.39637036      0.07803583      0.40793331      0.08090876 md_running
   518    259.00000000    169.70312926      2.78966177   2953.37530159    300.00000000      0.99954995      0.32267140     -4.91162583      0.07782213     -4.83380370      0.38799416      0.07890355      0.40093812      0.07919898 md_running
   519    259.50000000    169.92286694      2.81814587   2888.40394543    300.00000000      0.99955123      0.31557295     -4.90642613      0.07941946     -4.82700667      0.37917163      0.07970920      0.39348748      0.07739808 md_running
   520    260.00000000    170.13989278      2.84439215   2842.13011643    300.00000000      0.99955223      0.31051729     -4.90314232      0.08090567     -4.82223666      0.36922687      0.08045156      0.38492151      0.07536812 md_running
   521    260.50000000    170.35416306      2.86839228   2813.53864561    300.00000000      0.99955291      0.30739353     -4.90167142      0.08227674     -4.81939468      0.35752330      0.08113039      0.37463942      0.07297914 md_running
   522    261.00000000    170.56720318      2.89017087   2801.21464319    300.00000000      0.99955329      0.30604707     -4.90187715      0.08353088     -4.81834627      0.34385599      0.08174638      0.36246225      0.07018931 md_running
   523    261.50000000    170.78322807      2.90978328   2802.45529598    300.00000000      0.99955338      0.30618262     -4.90345332      0.08466839     -4.81878493      0.32925304      0.08230110      0.34940551      0.06720849 md_running
   524    262.00000000    171.00445946      2.92731011   2813.53378606    300.00000000      0.99955325      0.30739300     -4.90599081      0.08569144     -4.82029937      0.31640728      0.08279683      0.33803784      0.06458637 md_running
   525    262.50000000    171.21807889      2.94284968   2830.42455218    300.00000000      0.99955297      0.30923840     -4.90904637      0.08660364     -4.82244273      0.30909303      0.08323636      0.33190102      0.06309335 md_running
   526    263.00000000    171.43414049      2.95650732   2849.41186017    300.00000000      0.99955262      0.31131286     -4.91223249      0.08740936     -4.82482313      0.31232502      0.08362266      0.33564532      0.06375308 md_running
   527    263.50000000    171.65021673      2.96838431   2867.89143459    300.00000000      0.99955227      0.31333185     -4.91524188      0.08811305     -4.82712883      0.32990488      0.08395859      0.35281469      0.06734155 md_running
   528    264.00000000    171.86643926      2.97857245   2885.68148044    300.00000000      0.99955194      0.31527550     -4.91805872      0.08871894     -4.82933979      0.35948889      0.08424675      0.38127759      0.07338036 md_running
   529    264.50000000    172.08326088      2.98716109   2905.64786715    300.00000000      0.99955162      0.31745693     -4.92100808      0.08923131     -4.83177677      0.39283037      0.08448967      0.41328432      0.08018616 md_running
   530    265.00000000    172.29841010      2.99425160   2932.39663519    300.00000000      0.99955122      0.32037937     -4.92462654      0.08965543     -4.83497112      0.41873463      0.08469022      0.43800631      0.08547385 md_running
   531    265.50000000    172.51346977      2.99997772   2968.88058698    300.00000000      0.99955066      0.32436543     -4.92927512      0.08999866     -4.83927645      0.42666888      0.08485218      0.44508474      0.08709342 md_running
   532    266.00000000    172.73100063      3.00451672   3012.92049590    300.00000000      0.99954996      0.32917702     -4.93473509      0.09027121     -4.84446388      0.41175951      0.08498057      0.42971295      0.08405006 md_running
   533    266.50000000    172.94907833      3.00807086   3054.96660466    300.00000000      0.99954920      0.33377077     -4.93999286      0.09048490     -4.84950796      0.37701162      0.08508109      0.39492533      0.07695718 md_running
   534    267.00000000    173.16345973      3.01081565   3077.71926467    300.00000000      0.99954860      0.33625662     -4.94313505      0.09065011     -4.85248494      0.33979638      0.08515873      0.35782952      0.06936064 md_running
   535    267.50000000    173.36731810      3.01281139   3060.36769419    300.00000000      0.99954848      0.33436087     -4.94180654      0.09077032     -4.85103622      0.33840803      0.08521517      0.35551913      0.06907725 md_running
   536    268.00000000    173.57885678      3.01389637   2988.24941839    300.00000000      0.99954916      0.32648158     -4.93431310      0.09083571     -4.84347739      0.40645281      0.08524586      0.42113072      0.08296683 md_running
   537    268.50000000    173.78995618      3.01361421   2863.59995192    300.00000000      0.99955084      0.31286298     -4.92080041      0.09081871     -4.82998171      0.53282347      0.08523788      0.54539891      0.10876214 md_running
   538    269.00000000    174.00309970      3.01122688   2713.54921537    300.00000000      0.99955347      0.29646917     -4.90417351      0.09067487     -4.81349863      0.67475605      0.08517036      0.68623517      0.13773400 md_running
   539    269.50000000    174.22329478      3.00588194   2587.44065639    300.00000000      0.99955647      0.28269116     -4.88994397      0.09035326     -4.79959071      0.78577164      0.08501918      0.79660139      0.16039496 md_running
   540    270.00000000    174.44003032      2.99693455   2535.71096948    300.00000000      0.99955862      0.27703943     -4.88382021      0.08981617     -4.79400405      0.82991508      0.08476611      0.83993449      0.16940571 md_running
   541    270.50000000    174.65595796      2.98429099   2581.36496429    300.00000000      0.99955871      0.28202736     -4.88844112      0.08905993     -4.79938119      0.79368089      0.08440850      0.80233739      0.16200943 md_running
   542    271.00000000    174.87275738      2.96856186   2705.75926545    300.00000000      0.99955665      0.29561808     -4.90171570      0.08812360     -4.81359211      0.69248455      0.08396361      0.69898130      0.14135282 md_running
   543    271.50000000    175.09056255      2.95091831   2861.57149177    300.00000000      0.99955360      0.31264136     -4.91831545      0.08707919     -4.83123626      0.56123061      0.08346457      0.56458072      0.11456072 md_running
   544    272.00000000    175.31093697      2.93275649   3000.46351143    300.00000000      0.99955078      0.32781603     -4.93289660      0.08601061     -4.84688599      0.43918496      0.08295088      0.43834745      0.08964825 md_running
   545    272.50000000    175.52627758      2.91536091   3092.14588804    300.00000000      0.99954882      0.33783280     -4.94223654      0.08499329     -4.85724325      0.35532067      0.08245886      0.34985470      0.07252953 md_running
   546    273.00000000    175.73333217      2.89969869   3126.92171475    300.00000000      0.99954784      0.34163224     -4.94535821      0.08408252     -4.86127568      0.32150259      0.08201586      0.31280225      0.06562644 md_running
   547    273.50000000    175.95135900      2.88635149   3109.97215683    300.00000000      0.99954775      0.33978041     -4.94292757      0.08331025     -4.85961732      0.32754321      0.08163835      0.31833917      0.06685948 md_running
   548    274.00000000    176.15543660      2.87553881   3054.15311571    300.00000000      0.99954836      0.33368189     -4.93638473      0.08268723     -4.85369750      0.35028281      0.08133252      0.34235153      0.07150118 md_running
   549    274.50000000    176.37282756      2.86719562   2973.02335303    300.00000000      0.99954951      0.32481805     -4.92725045      0.08220811     -4.84504234      0.37417454      0.08109654      0.36811047      0.07637806 md_running
   550    275.00000000    176.59122668      2.86105997   2876.89106345    300.00000000      0.99955104      0.31431511     -4.91662149      0.08185664     -4.83476484      0.39328054      0.08092300      0.38916090      0.08027805 md_running
   551    275.50000000    176.80839572      2.85675040   2772.78191623    300.00000000      0.99955287      0.30294065     -4.90522988      0.08161023     -4.82361965      0.40548067      0.08080110      0.40317738      0.08276840 md_running
   552    276.00000000    177.02422260      2.85383168   2665.67735977    300.00000000      0.99955495      0.29123892     -4.89359009      0.08144355     -4.81214654      0.41165462      0.08071855      0.41101709      0.08402865 md_running
   553    276.50000000    177.24440560      2.85185892   2559.75601145    300.00000000      0.99955721      0.27966647     -4.88211714      0.08133099     -4.80078615      0.41356874      0.08066275      0.41449888      0.08441937 md_running
   554    277.00000000    177.45877896      2.85039988   2460.11145760    300.00000000      0.99955958      0.26877980     -4.87133610      0.08124779     -4.79008830      0.41231493      0.08062148      0.41478912      0.08416343 md_running
   555    277.50000000    177.67367150      2.84904257   2373.48244612    300.00000000      0.99956192      0.25931513     -4.86196814      0.08117044     -4.78079771      0.40785343      0.08058309      0.41195093      0.08325273 md_running
   556    278.00000000    177.89445285      2.84739257   2307.11543018    300.00000000      0.99956398      0.25206419     -4.85480508      0.08107644     -4.77372864      0.39951505      0.08053642      0.40547423      0.08155067 md_running
   557    278.50000000    178.10772679      2.84506104   2266.01788929    300.00000000      0.99956550      0.24757408     -4.85039647      0.08094372     -4.76945274      0.38630801      0.08047048      0.39458002      0.07885479 md_running
   558    279.00000000    178.32342350      2.84164817   2250.18928839    300.00000000      0.99956631      0.24584472     -4.84872826      0.08074964     -4.76797862      0.36841925      0.08037395      0.37969246      0.07520326 md_running
   559    279.50000000    178.54418587      2.83672692   2253.89203799    300.00000000      0.99956645      0.24624927     -4.84913445      0.08047020     -4.76866425      0.34846934      0.08023475      0.36359827      0.07113101 md_running
   560    280.00000000    178.76621457      2.82983149   2267.86530767    300.00000000      0.99956613      0.24777592     -4.85055027      0.08007946     -4.77047080      0.33128518      0.08003972      0.35104040      0.06762330 md_running
   561    280.50000000    178.97960932      2.82045381   2283.13907030    300.00000000      0.99956566      0.24944465     -4.85194191      0.07954960     -4.77239231      0.32231953      0.07977448      0.34707603      0.06579320 md_running
   562    281.00000000    179.19997338      2.80803681   2294.58071621    300.00000000      0.99956527      0.25069471     -4.85270370      0.07885071     -4.77385299      0.32593021      0.07942327      0.35519955      0.06653023 md_running
   563    281.50000000    179.41330534      2.79199029   2302.81513807    300.00000000      0.99956501      0.25159437     -4.85287761      0.07795210     -4.77492551      0.34199345      0.07896941      0.37448975      0.06980912 md_running
   564    282.00000000    179.62717315      2.77173795   2313.87924583    300.00000000      0.99956479      0.25280318     -4.85310808      0.07682531     -4.77628277      0.36499318      0.07839659      0.39929024      0.07450392 md_running
   565    282.50000000    179.84214175      2.74678591   2337.08685096    300.00000000      0.99956437      0.25533873     -4.85441783      0.07544833     -4.77896950      0.38656060      0.07769084      0.42153199      0.07890635 md_running
   566    283.00000000    180.06047817      2.71680676   2381.81505648    300.00000000      0.99956348      0.26022551     -4.85784688      0.07381039     -4.78403649      0.39920913      0.07684290      0.43405036      0.08148822 md_running
   567    283.50000000    180.27399389      2.68171654   2454.32864880    300.00000000      0.99956196      0.26814799     -4.86410203      0.07191604     -4.79218600      0.39854719      0.07585040      0.43256873      0.08135310 md_running
   568    284.00000000    180.49424467      2.64173302   2555.91225920    300.00000000      0.99955979      0.27924652     -4.87334900      0.06978753     -4.80356147      0.38408824      0.07471949      0.41651766      0.07840168 md_running
   569    284.50000000    180.71136303      2.59739898   2682.80088034    300.00000000      0.99955715      0.29310976     -4.88520850      0.06746481     -4.81774369      0.35883484      0.07346554      0.38868441      0.07324686 md_running
   570    285.00000000    180.92691261      2.54956225   2827.23968500    300.00000000      0.99955429      0.30889044     -4.89888342      0.06500268     -4.83388074      0.32750912      0.07211251      0.35350955      0.06685252 md_running
   571    285.50000000    181.14793105      2.49932195   2978.56689242    300.00000000      0.99955148      0.32542371     -4.91327101      0.06246610     -4.85080491      0.29408024      0.07069150      0.31477039      0.06002888 md_running
   572    286.00000000    181.36768469      2.44795032   3123.69432128    300.00000000      0.99954893      0.34127963     -4.92701184      0.05992461     -4.86708724      0.26086091      0.06923849      0.27478638      0.05324801 md_running
   573    286.50000000    181.58693109      2.39679256   3247.44093008    300.00000000      0.99954681      0.35479958     -4.93849904      0.05744615     -4.88105289      0.22996216      0.06779153      0.23584889      0.04694083 md_running
   574    287.00000000    181.80680735      2.34714891   3333.08812155    300.00000000      0.99954527      0.36415697     -4.94597488      0.05509108     -4.89088380      0.20713866      0.06638740      0.20410045      0.04228200 md_running
   575    287.50000000    182.02569847      2.30016151   3363.44870340    300.00000000      0.99954444      0.36747402     -4.94757166      0.05290743     -4.89466423      0.20693136      0.06505839      0.19639508      0.04223969 md_running
   576    288.00000000    182.24229424      2.25668758   3323.71186950    300.00000000      0.99954446      0.36313257     -4.94167114      0.05092639     -4.89074475      0.24840460      0.06382876      0.23620825      0.05070538 md_running
   577    288.50000000    182.45966836      2.21714235   3206.12088800    300.00000000      0.99954551      0.35028515     -4.92737386      0.04915720     -4.87821666      0.33747655      0.06271026      0.32854031      0.06888711 md_running
   578    289.00000000    182.66376937      2.18136254   3016.38513792    300.00000000      0.99954778      0.32955555     -4.90522920      0.04758343     -4.85764578      0.46362053      0.06169825      0.45896440      0.09463614 md_running
   579    289.50000000    182.87626365      2.14855255   2780.02288444    300.00000000      0.99955138      0.30373176     -4.87794866      0.04616278     -4.83178588      0.60991279      0.06077024      0.60892985      0.12449793 md_running
   580    290.00000000    183.08618949      2.11737799   2544.90334368    300.00000000      0.99955614      0.27804374     -4.85073934      0.04483290     -4.80590645      0.74936795      0.05988849      0.75102925      0.15296409 md_running
   581    290.50000000    183.30453790      2.08628580   2372.54797169    300.00000000      0.99956109      0.25921304     -4.83045038      0.04352588     -4.78692449      0.84694484      0.05900907      0.85011031      0.17288189 md_running
   582    291.00000000    183.52003339      2.05402830   2313.38416073    300.00000000      0.99956431      0.25274909     -4.82277707      0.04219032     -4.78058675      0.87339391      0.05809669      0.87688298      0.17828078 md_running
   583    291.50000000    183.73831391      2.02017936   2379.86726923    300.00000000      0.99956415      0.26001271     -4.82912660      0.04081125     -4.78831535      0.82175794      0.05713930      0.82436583      0.16774064 md_running
   584    292.00000000    183.95923828      1.98534959   2540.37980676    300.00000000      0.99956093      0.27754952     -4.84592926      0.03941613     -4.80651313      0.71165882      0.05615417      0.71216249      0.14526675 md_running
   585    292.50000000    184.18042560      1.95097681   2738.70213585    300.00000000      0.99955654      0.29921726     -4.86687106      0.03806311     -4.82880796      0.57884616      0.05518196      0.57605621      0.11815648 md_running
   586    293.00000000    184.39883153      1.91884116   2922.70417720    300.00000000      0.99955258      0.31932042     -4.88619692      0.03681951     -4.84937740      0.45842268      0.05427302      0.45144346      0.09357514 md_running
   587    293.50000000    184.61401168      1.89057698   3061.39351387    300.00000000      0.99954971      0.33447294     -4.90060729      0.03574281     -4.86486448      0.37337171      0.05347359      0.36234553      0.07621418 md_running
   588    294.00000000    184.82724985      1.86735508   3144.88437383    300.00000000      0.99954795      0.34359475     -4.90909757      0.03487015     -4.87422742      0.33078379      0.05281678      0.31774536      0.06752096 md_running
   589    294.50000000    185.03372732      1.84975367   3176.89374882    300.00000000      0.99954711      0.34709194     -4.91216189      0.03421589     -4.87794601      0.32055464      0.05231893      0.30846144      0.06543294 md_running
   590    295.00000000    185.24786620      1.83777271   3167.06774935    300.00000000      0.99954698      0.34601840     -4.91086515      0.03377409     -4.87709106      0.32584285      0.05198006      0.31670289      0.06651239 md_running
   591    295.50000000    185.46582491      1.83092890   3126.38586975    300.00000000      0.99954740      0.34157369     -4.90639146      0.03352301     -4.87286845      0.33412109      0.05178649      0.32877943      0.06820218 md_running
   592    296.00000000    185.67853481      1.82838273   3065.24465648    300.00000000      0.99954821      0.33489370     -4.89984824      0.03342983     -4.86641841      0.33955356      0.05171447      0.33832403      0.06931108 md_running
   593    296.50000000    185.89515891      1.82906410   2992.90565783    300.00000000      0.99954930      0.32699029     -4.89220325      0.03345475     -4.85874849      0.33977966      0.05173375      0.34282409      0.06935723 md_running
   594    297.00000000    186.12130938      1.83178308   2917.09764358    300.00000000      0.99955056      0.31870788     -4.88426432      0.03355429     -4.85071003      0.33555865      0.05181065      0.34304452      0.06849562 md_running
   595    297.50000000    186.33935272      1.83531388   2843.19171764    300.00000000      0.99955190      0.31063328     -4.87657795      0.03368377     -4.84289418      0.32941321      0.05191052      0.34145099      0.06724119 md_running
   596    298.00000000    186.56022447      1.83845712   2773.51200190    300.00000000      0.99955323      0.30302041     -4.86935901      0.03379925     -4.83555976      0.32539531      0.05199942      0.34190649      0.06642104 md_running
   597    298.50000000    186.77844247      1.84007311   2707.52731268    300.00000000      0.99955454      0.29581125     -4.86248393      0.03385869     -4.82862524      0.32918863      0.05204513      0.34958828      0.06719535 md_running
   598    299.00000000    186.99497301      1.83910555   2643.95533399    300.00000000      0.99955586      0.28886568     -4.85575404      0.03382309     -4.82193095      0.34502791      0.05201776      0.36801931      0.07042853 md_running
   599    299.50000000    187.20720164      1.83462475   2583.59927745    300.00000000      0.99955720      0.28227147     -4.84921154      0.03365848     -4.81555306      0.37096073      0.05189102      0.39505292      0.07572204 md_running
   600    300.00000000    187.42081742      1.82587487   2530.92470244    300.00000000      0.99955849      0.27651651     -4.84332230      0.03333819     -4.80998411      0.39913812      0.05164354      0.42324270      0.08147373 md_running
   601    300.50000000    187.63503457      1.81232034   2493.55193959    300.00000000      0.99955958      0.27243334     -4.83892260      0.03284505     -4.80607755      0.41998127      0.05126016      0.44355829      0.08572832 md_running
   602    301.00000000    187.84959315      1.79367674   2479.65668466    300.00000000      0.99956023      0.27091521     -4.83693068      0.03217276     -4.80475792      0.42632236      0.05073284      0.44919073      0.08702269 md_running
   603    301.50000000    188.06887408      1.76992022   2494.48140232    300.00000000      0.99956024      0.27253489     -4.83794541      0.03132618     -4.80661923      0.41583004      0.05006090      0.43797792      0.08488095 md_running
   604    302.00000000    188.28710151      1.74126382   2537.87802127    300.00000000      0.99955952      0.27727619     -4.84196840      0.03032000     -4.81164840      0.39173026      0.04925038      0.41315257      0.07996161 md_running
   605    302.50000000    188.49577393      1.70810656   2604.23321412    300.00000000      0.99955821      0.28452584     -4.84839198      0.02917628     -4.81921570      0.36194533      0.04831255      0.38246709      0.07388178 md_running
   606    303.00000000    188.71315540      1.67097317   2684.82594603    300.00000000      0.99955655      0.29333101     -4.85626518      0.02792151     -4.82834366      0.33658978      0.04726226      0.35571102      0.06870610 md_running
   607    303.50000000    188.93188263      1.63046291   2771.32364486    300.00000000      0.99955479      0.30278132     -4.86468445      0.02658409     -4.83810036      0.32344621      0.04611646      0.34044727      0.06602318 md_running
   608    304.00000000    189.15001376      1.58721626   2858.51173736    300.00000000      0.99955309      0.31230707     -4.87310544      0.02519255     -4.84791288      0.32368135      0.04489326      0.33805004      0.06607118 md_running
   609    304.50000000    189.37072506      1.54190470   2944.76907730    300.00000000      0.99955150      0.32173113     -4.88139523      0.02377470     -4.85762053      0.33254171      0.04361165      0.34423541      0.06787979 md_running
   610    305.00000000    189.58981141      1.49524247   3030.38625002    300.00000000      0.99955002      0.33108524     -4.88962798      0.02235750     -4.86727048      0.34414591      0.04229184      0.35337704      0.07024849 md_running
   611    305.50000000    189.80830252      1.44802222   3115.70814612    300.00000000      0.99954863      0.34040710     -4.89787304      0.02096768     -4.87690536      0.35406540      0.04095625      0.36110498      0.07227330 md_running
   612    306.00000000    190.02337637      1.40114371   3200.13438768    300.00000000      0.99954731      0.34963110     -4.90609735      0.01963204     -4.88646531      0.35943154      0.03963033      0.36449522      0.07336866 md_running
   613    306.50000000    190.23225935      1.35563053   3281.48822087    300.00000000      0.99954609      0.35851942     -4.91409091      0.01837734     -4.89571357      0.35883251      0.03834302      0.36205549      0.07324638 md_running
   614    307.00000000    190.44479600      1.31262155   3355.63098419    300.00000000      0.99954499      0.36661990     -4.92143133      0.01722975     -4.90420157      0.35185800      0.03712654      0.35334759      0.07182271 md_running
   615    307.50000000    190.65797595      1.27331465   3416.47552850    300.00000000      0.99954407      0.37326748     -4.92747057      0.01621330     -4.91125727      0.34025136      0.03601478      0.34021807      0.06945352 md_running
   616    308.00000000    190.86884669      1.23883749   3455.89348517    300.00000000      0.99954340      0.37757409     -4.93134414      0.01534718     -4.91599695      0.32824414      0.03503962      0.32716347      0.06700256 md_running
   617    308.50000000    191.07725227      1.21004936   3463.88769427    300.00000000      0.99954307      0.37844750     -4.93195486      0.01464219     -4.91731267      0.32602601      0.03422536      0.32487559      0.06654978 md_running
   618    309.00000000    191.29444984      1.18728120   3430.17705784    300.00000000      0.99954320      0.37476444     -4.92815119      0.01409637     -4.91405482      0.34996721      0.03358138      0.35017734      0.07143676 md_running
   619    309.50000000    191.50449361      1.17006441   3347.85113294    300.00000000      0.99954392      0.36576991     -4.91910207      0.01369051     -4.90541156      0.41489926      0.03309442      0.41758812      0.08469096 md_running
   620    310.00000000    191.71568478      1.15693281   3220.16741736    300.00000000      0.99954534      0.35181981     -4.90505952      0.01338494     -4.89167458      0.51990082      0.03272300      0.52523978      0.10612431 md_running
   621    310.50000000    191.93311520      1.14542718   3067.79352389    300.00000000      0.99954743      0.33517218     -4.88818142      0.01312003     -4.87506139      0.64746948      0.03239757      0.65501503      0.13216415 md_running
   622    311.00000000    192.14590387      1.13240670   2931.62056254    300.00000000      0.99954986      0.32029458     -4.87292192      0.01282345     -4.86009847      0.76577543      0.03202930      0.77487667      0.15631326 md_running
   623    311.50000000    192.35821495      1.11472652   2863.20381070    300.00000000      0.99955180      0.31281970     -4.86503898      0.01242615     -4.85261282      0.83806452      0.03152923      0.84801780      0.17106920 md_running
   624    312.00000000    192.57410715      1.09012962   2900.62112223    300.00000000      0.99955216      0.31690774     -4.86885554      0.01188383     -4.85697171      0.83738238      0.03083352      0.84747601      0.17092996 md_running
   625    312.50000000    192.78829381      1.05798394   3045.01738190    300.00000000      0.99955048      0.33268377     -4.88452633      0.01119330     -4.87333303      0.76053741      0.02992430      0.77008893      0.15524405 md_running
   626    313.00000000    193.00207409      1.01948828   3258.26237624    300.00000000      0.99954745      0.35598188     -4.90775830      0.01039356     -4.89736473      0.62869920      0.02883548      0.63709417      0.12833269 md_running
   627    313.50000000    193.21781035      0.97727444   3483.72827142    300.00000000      0.99954422      0.38061518     -4.93223401      0.00955065     -4.92268335      0.47426423      0.02764150      0.48097037      0.09680878 md_running
   628    314.00000000    193.43307911      0.93467816   3671.53818826    300.00000000      0.99954158      0.40113438     -4.95248621      0.00873623     -4.94374998      0.32729842      0.02643669      0.33181295      0.06680951 md_running
   629    314.50000000    193.65035991      0.89502260   3791.39123130    300.00000000      0.99953984      0.41422894     -4.96527595      0.00801065     -4.95726530      0.21396404      0.02531506      0.21566159      0.04367523 md_running
   630    315.00000000    193.86935609      0.86109827   3833.12627939    300.00000000      0.99953901      0.41878871     -4.96956178      0.00741490     -4.96214688      0.17447653      0.02435554      0.17342875      0.03561487 md_running
   631    315.50000000    194.08912154      0.83483744   3802.06838600    300.00000000      0.99953898      0.41539547     -4.96597806      0.00696954     -4.95900852      0.21881679      0.02361277      0.21753425      0.04466579 md_running
   632    316.00000000    194.30684769      0.81717631   3713.51663163    300.00000000      0.99953964      0.40572074     -4.95621992      0.00667777     -4.94954215      0.29340651      0.02311324      0.29316273      0.05989135 md_running
   633    316.50000000    194.50444980      0.80807700   3588.42609773    300.00000000      0.99954085      0.39205396     -4.94259533      0.00652988     -4.93606544      0.36419652      0.02285587      0.36507356      0.07434130 md_running
   634    317.00000000    194.71134101      0.80669355   3448.89373890    300.00000000      0.99954244      0.37680933     -4.92752742      0.00650754     -4.92101988      0.41797792      0.02281674      0.41991132      0.08531939 md_running
   635    317.50000000    194.90075838      0.81162438   3313.90856512    300.00000000      0.99954421      0.36206151     -4.91309586      0.00658734     -4.90650852      0.44792766      0.02295620      0.45091003      0.09143285 md_running
   636    318.00000000    195.11631946      0.82119107   3195.85514379    300.00000000      0.99954596      0.34916357     -4.90064052      0.00674355     -4.89389697      0.45259901      0.02322679      0.45674639      0.09238639 md_running
   637    318.50000000    195.33092085      0.83366137   3098.76627828    300.00000000      0.99954754      0.33855611     -4.89056990      0.00694991     -4.88361999      0.43530486      0.02357950      0.44085785      0.08885623 md_running
   638    319.00000000    195.54416837      0.84739885   3019.44661780    300.00000000      0.99954889      0.32989003     -4.88248750      0.00718085     -4.87530665      0.40388353      0.02396806      0.41117413      0.08244238 md_running
   639    319.50000000    195.75514658      0.86094314   2950.50549875    300.00000000      0.99955008      0.32235786     -4.87553519      0.00741223     -4.86812296      0.36910179      0.02435115      0.37843219      0.07534259 md_running
   640    320.00000000    195.96964858      0.87304222   2884.01756108    300.00000000      0.99955122      0.31509371     -4.86880317      0.00762203     -4.86118114      0.34171642      0.02469336      0.35313493      0.06975257 md_running
   641    320.50000000    196.18158907      0.88265254   2814.43654795    300.00000000      0.99955243      0.30749163     -4.86165592      0.00779076     -4.85386517      0.32829112      0.02496518      0.34141055      0.06701214 md_running
   642    321.00000000    196.39815652      0.88892592   2739.66435871    300.00000000      0.99955380      0.29932238     -4.85385658      0.00790189     -4.84595469      0.32891725      0.02514262      0.34306974      0.06713995 md_running
   643    321.50000000    196.60804577      0.89118463   2660.58524863    300.00000000      0.99955534      0.29068259     -4.84549213      0.00794210     -4.83755003      0.33975436      0.02520651      0.35429369      0.06935207 md_running
   644    322.00000000    196.82521640      0.88889702   2580.21767845    300.00000000      0.99955704      0.28190202     -4.83688804      0.00790138     -4.82898666      0.35614067      0.02514180      0.37061344      0.07269691 md_running
   645    322.50000000    197.03976930      0.88165620   2502.96997569    300.00000000      0.99955884      0.27346231     -4.82852447      0.00777318     -4.82075129      0.37434295      0.02493700      0.38848192      0.07641244 md_running
   646    323.00000000    197.25695904      0.86916398   2433.94602434    300.00000000      0.99956061      0.26592109     -4.82096207      0.00755446     -4.81340761      0.39192981      0.02458367      0.40558475      0.08000234 md_running
   647    323.50000000    197.47709330      0.85122057   2378.23336896    300.00000000      0.99956220      0.25983419     -4.81476226      0.00724576     -4.80751650      0.40763686      0.02407615      0.42071421      0.08320853 md_running
   648    324.00000000    197.69435973      0.82771955   2340.33584198    300.00000000      0.99956346      0.25569370     -4.81042667      0.00685120     -4.80357547      0.42071790      0.02341144      0.43314589      0.08587868 md_running
   649    324.50000000    197.90939226      0.79865262   2323.73017656    300.00000000      0.99956422      0.25387944     -4.80834690      0.00637846     -4.80196844      0.43077094      0.02258931      0.44247616      0.08793075 md_running
   650    325.00000000    198.11526199      0.76412729   2330.58074124    300.00000000      0.99956436      0.25462790     -4.80877364      0.00583891     -4.80293474      0.43759926      0.02161278      0.44848982      0.08932457 md_running
   651    325.50000000    198.33187486      0.72440270   2361.73422372    300.00000000      0.99956384      0.25803158     -4.81181562      0.00524759     -4.80656803      0.44090609      0.02048920      0.45086485      0.08999958 md_running
   652    326.00000000    198.54647820      0.67995101   2416.77671197    300.00000000      0.99956268      0.26404525     -4.81745089      0.00462333     -4.81282756      0.44003643      0.01923192      0.44891921      0.08982206 md_running
   653    326.50000000    198.76091014      0.63155566   2493.85796986    300.00000000      0.99956097      0.27246678     -4.82550593      0.00398863     -4.82151730      0.43405835      0.01786309      0.44170321      0.08860179 md_running
   654    327.00000000    198.98088796      0.58045347   2589.14717674    300.00000000      0.99955887      0.28287761     -4.83559747      0.00336926     -4.83222820      0.42170210      0.01641770      0.42793487      0.08607958 md_running
   655    327.50000000    199.18776859      0.52853768   2696.04606571    300.00000000      0.99955658      0.29455686     -4.84703845      0.00279352     -4.84424493      0.40180305      0.01494930      0.40644659      0.08201770 md_running
   656    328.00000000    199.41540122      0.47861236   2804.59615602    300.00000000      0.99955431      0.30641652     -4.85876986      0.00229070     -4.85647916      0.37369543      0.01353720      0.37658514      0.07628026 md_running
   657    328.50000000    199.63875586      0.43461009   2901.80401613    300.00000000      0.99955230      0.31703697     -4.86939280      0.00188886     -4.86750394      0.33899140      0.01229263      0.34004610      0.06919633 md_running
   658    329.00000000    199.85886977      0.40144073   2972.42853472    300.00000000      0.99955074      0.32475306     -4.87725648      0.00161155     -4.87564494      0.30253560      0.01135446      0.30190210      0.06175482 md_running
   659    329.50000000    200.06954713      0.38390175   3000.16265805    300.00000000      0.99954985      0.32778316     -4.88057540      0.00147381     -4.87910159      0.27825391      0.01085838      0.27672050      0.05679834 md_running
   660    330.00000000    200.28155812      0.38439514   2969.93228263    300.00000000      0.99954981      0.32448034     -4.87767368      0.00147760     -4.87619608      0.29175257      0.01087234      0.29107347      0.05955374 md_running
   661    330.50000000    200.48780283      0.40092712   2871.98890494    300.00000000      0.99955087      0.31377952     -4.86740715      0.00160743     -4.86579972      0.36318109      0.01133993      0.36485287      0.07413403 md_running
   662    331.00000000    200.70740253      0.42750066   2708.93133563    300.00000000      0.99955326      0.29596464     -4.84996351      0.00182757     -4.84813594      0.48340428      0.01209154      0.48751449      0.09867449 md_running
   663    331.50000000    200.92173731      0.45645775   2502.81716229    300.00000000      0.99955713      0.27344561     -4.82765772      0.00208354     -4.82557419      0.62622897      0.01291057      0.63219799      0.12782845 md_running
   664    332.00000000    201.13289540      0.48067067   2297.09233495    300.00000000      0.99956226      0.25096912     -4.80524215      0.00231044     -4.80293171      0.75745735      0.01359542      0.76453192      0.15461533 md_running
   665    332.50000000    201.34741638      0.49496765   2146.17816432    300.00000000      0.99956757      0.23448097     -4.78878348      0.00244993     -4.78633356      0.84332580      0.01399980      0.85066490      0.17214316 md_running
   666    333.00000000    201.55296805      0.49709686   2092.44465976    300.00000000      0.99957102      0.22861031     -4.78306629      0.00247105     -4.78059524      0.86234192      0.01406002      0.86903871      0.17602481 md_running
   667    333.50000000    201.77309794      0.48831859   2145.27535555    300.00000000      0.99957097      0.23438234     -4.78914834      0.00238455     -4.78676378      0.81627900      0.01381174      0.82140250      0.16662225 md_running
   668    334.00000000    201.99698635      0.47344498   2279.48502474    300.00000000      0.99956773      0.24904543     -4.80418838      0.00224150     -4.80194688      0.72695767      0.01339105      0.72966223      0.14838961 md_running
   669    334.50000000    202.21648297      0.46012488   2452.66121575    300.00000000      0.99956310      0.26796582     -4.82348482      0.00211715     -4.82136767      0.62078762      0.01301430      0.62048398      0.12671774 md_running
   670    335.00000000    202.43353389      0.45714295   2624.50173941    300.00000000      0.99955868      0.28674028     -4.84265818      0.00208980     -4.84056839      0.51638776      0.01292996      0.51291028      0.10540721 md_running
   671    335.50000000    202.64529038      0.47164369   2765.84993777    300.00000000      0.99955521      0.30218329     -4.85859082      0.00222448     -4.85636634      0.42321960      0.01334010      0.41691718      0.08638934 md_running
   672    336.00000000    202.86438127      0.50645164   2859.64130232    300.00000000      0.99955288      0.31243048     -4.86947458      0.00256493     -4.86690964      0.34958122      0.01432462      0.34152819      0.07135797 md_running
   673    336.50000000    203.08530535      0.55965134   2899.24090414    300.00000000      0.99955167      0.31675694     -4.87461603      0.00313210     -4.87148394      0.30411685      0.01582933      0.29633337      0.06207759 md_running
   674    337.00000000    203.29834172      0.62663554   2886.28779237    300.00000000      0.99955146      0.31534175     -4.87419739      0.00392672     -4.87027067      0.29151531      0.01772393      0.28636418      0.05950531 md_running
   675    337.50000000    203.51713346      0.70240978   2828.86369603    300.00000000      0.99955214      0.30906787     -4.86910813      0.00493379     -4.86417433      0.30443222      0.01986715      0.30309860      0.06214197 md_running
   676    338.00000000    203.73435816      0.78276966   2738.81062001    300.00000000      0.99955357      0.29922911     -4.86062225      0.00612728     -4.85449497      0.32989292      0.02214007      0.33227028      0.06733911 md_running
   677    338.50000000    203.95302295      0.86453484   2629.34630142    300.00000000      0.99955562      0.28726957     -4.85016869      0.00747420     -4.84269449      0.35747227      0.02445274      0.36297339      0.07296872 md_running
   678    339.00000000    204.16595801      0.94542305   2513.13567046    300.00000000      0.99955812      0.27457296     -4.83909791      0.00893825     -4.83015966      0.38236279      0.02674060      0.39042558      0.07804948 md_running
   679    339.50000000    204.38266993      1.02383387   2400.91816279    300.00000000      0.99956087      0.26231262     -4.82855130      0.01048236     -4.81806895      0.40266837      0.02895839      0.41284764      0.08219434 md_running
   680    340.00000000    204.59323284      1.09866153   2301.15796587    300.00000000      0.99956366      0.25141331     -4.81941595      0.01207057     -4.80734538      0.41798941      0.03107484      0.42995309      0.08532173 md_running
   681    340.50000000    204.81156367      1.16915161   2219.95717580    300.00000000      0.99956624      0.24254171     -4.81232826      0.01366915     -4.79865910      0.42815477      0.03306860      0.44165867      0.08739673 md_running
   682    341.00000000    205.01732877      1.23480297   2160.92662767    300.00000000      0.99956837      0.23609232     -4.80765339      0.01524738     -4.79240601      0.43329127      0.03492550      0.44816138      0.08844521 md_running
   683    341.50000000    205.22257000      1.29529944   2125.21764027    300.00000000      0.99956989      0.23219093     -4.80548845      0.01677801     -4.78871044      0.43377719      0.03663660      0.44987928      0.08854440 md_running
   684    342.00000000    205.43737270      1.35046666   2112.10677268    300.00000000      0.99957069      0.23075850     -4.80572552      0.01823760     -4.78748792      0.43028548      0.03819697      0.44749523      0.08783166 md_running
   685    342.50000000    205.65195676      1.40024609   2119.99310834    300.00000000      0.99957076      0.23162012     -4.80816607      0.01960689     -4.78855918      0.42353888      0.03960494      0.44171515      0.08645451 md_running
   686    343.00000000    205.87046038      1.44468258   2147.25688336    300.00000000      0.99957017      0.23459883     -4.81261884      0.02087108     -4.79174777      0.41409132      0.04086179      0.43305990      0.08452604 md_running
   687    343.50000000    206.08877529      1.48392125   2192.54610710    300.00000000      0.99956899      0.23954691     -4.81893040      0.02202022     -4.79691018      0.40229283      0.04197163      0.42183526      0.08211768 md_running
   688    344.00000000    206.30476773      1.51821088   2254.58149024    300.00000000      0.99956732      0.24632459     -4.82696057      0.02304964     -4.80391093      0.38844970      0.04294149      0.40828657      0.07929196 md_running
   689    344.50000000    206.52061781      1.54791170   2331.76730290    300.00000000      0.99956526      0.25475754     -4.83654099      0.02396031     -4.81258068      0.37291790      0.04378155      0.39267930      0.07612155 md_running
   690    345.00000000    206.73808460      1.57350785   2421.80312196    300.00000000      0.99956295      0.26459441     -4.84743078      0.02475927     -4.82267151      0.35630692      0.04450552      0.37548027      0.07273085 md_running
   691    345.50000000    206.95072594      1.59562471   2521.37881324    300.00000000      0.99956051      0.27547357     -4.85928482      0.02546018     -4.83382464      0.33976281      0.04513108      0.35761867      0.06935379 md_running
   692    346.00000000    207.16530929      1.61504934   2626.04764760    300.00000000      0.99955808      0.28690918     -4.87163880      0.02608384     -4.84555495      0.32554281      0.04568049      0.34106549      0.06645115 md_running
   693    346.50000000    207.37612800      1.63274644   2730.25055274    300.00000000      0.99955579      0.29829388     -4.88391173      0.02665861     -4.85725312      0.31719014      0.04618104      0.32905255      0.06474617 md_running
   694    347.00000000    207.59257261      1.64987172   2827.75695395    300.00000000      0.99955374      0.30894695     -4.89545111      0.02722077     -4.86823034      0.31960537      0.04666542      0.32643725      0.06523917 md_running
   695    347.50000000    207.81081854      1.66776088   2912.62703245    300.00000000      0.99955201      0.31821944     -4.90564352      0.02781426     -4.87782925      0.33708358      0.04717140      0.33803799      0.06880690 md_running
   696    348.00000000    208.02558124      1.68789308   2980.66564763    300.00000000      0.99955064      0.32565301     -4.91406307      0.02848983     -4.88557324      0.36914682      0.04774083      0.36445732      0.07535178 md_running
   697    348.50000000    208.24323811      1.71179611   3030.90939844    300.00000000      0.99954965      0.33114240     -4.92066001      0.02930246     -4.89135755      0.40798703      0.04841691      0.39873356      0.08328000 md_running
   698    349.00000000    208.45950228      1.74088726   3065.46008045    300.00000000      0.99954896      0.33491724     -4.92572985      0.03030688     -4.89542297      0.44170614      0.04923973      0.42914153      0.09016289 md_running
   699    349.50000000    208.67541996      1.77627622   3087.04835701    300.00000000      0.99954851      0.33727587     -4.92965784      0.03155157     -4.89810627      0.45947703      0.05024068      0.44473448      0.09379036 md_running
   700    350.00000000    208.88855325      1.81856416   3095.05240901    300.00000000      0.99954826      0.33815035     -4.93242663      0.03307176     -4.89935488      0.45572165      0.05143676      0.43994997      0.09302379 md_running
   701    350.50000000    209.09423042      1.86768321   3082.55028552    300.00000000      0.99954826      0.33678443     -4.93329218      0.03488241     -4.89840977      0.43621558      0.05282606      0.42111982      0.08904213 md_running
   702    351.00000000    209.30879440      1.92281415   3037.37435388    300.00000000      0.99954866      0.33184873     -4.93086382      0.03697214     -4.89389167      0.42322206      0.05438540      0.41173645      0.08638984 md_running
   703    351.50000000    209.52331576      1.98240914   2948.50517110    300.00000000      0.99954971      0.32213931     -4.92380576      0.03929946     -4.88450630      0.45017531      0.05607100      0.44554150      0.09189165 md_running
   704    352.00000000    209.73765486      2.04432956   2815.96720498    300.00000000      0.99955163      0.30765886     -4.91198840      0.04179283     -4.87019557      0.53192737      0.05782237      0.53466699      0.10857922 md_running
   705    352.50000000    209.95754241      2.10610622   2659.07461124    300.00000000      0.99955445      0.29051754     -4.89739936      0.04435683     -4.85304253      0.64477933      0.05956968      0.65300151      0.13161503 md_running
   706    353.00000000    210.17970812      2.16532252   2516.43286544    300.00000000      0.99955779      0.27493320     -4.88425904      0.04688622     -4.83737282      0.74445714      0.06124457      0.75621235      0.15196168 md_running
   707    353.50000000    210.39261535      2.22007501   2431.40956140    300.00000000      0.99956064      0.26564397     -4.87741612      0.04928733     -4.82812879      0.79134045      0.06279320      0.80534950      0.16153169 md_running
   708    354.00000000    210.60608710      2.26935273   2428.07608090    300.00000000      0.99956179      0.26527977     -4.87957128      0.05149962     -4.82807166      0.76697736      0.06418699      0.78255383      0.15655860 md_running
   709    354.50000000    210.82132650      2.31314245   2496.54681772    300.00000000      0.99956084      0.27276055     -4.88956849      0.05350628     -4.83606221      0.68054391      0.06542555      0.69747444      0.13891544 md_running
   710    355.00000000    211.03562031      2.35220549   2600.71071494    300.00000000      0.99955859      0.28414099     -4.90330717      0.05532871     -4.84797847      0.56214153      0.06653042      0.58067754      0.11474666 md_running
   711    355.50000000    211.25502012      2.38764325   2700.15658610    300.00000000      0.99955620      0.29500596     -4.91627926      0.05700840     -4.85927086      0.44714076      0.06753275      0.46781682      0.09127223 md_running
   712    356.00000000    211.47178757      2.42049649   2767.63372421    300.00000000      0.99955444      0.30237818     -4.92553883      0.05858803     -4.86695080      0.36352025      0.06846198      0.38654383      0.07420326 md_running
   713    356.50000000    211.68861280      2.45151042   2793.12396066    300.00000000      0.99955354      0.30516312     -4.93004960      0.06009903     -4.86995056      0.32377789      0.06933919      0.34826027      0.06609089 md_running
   714    357.00000000    211.90699716      2.48106883   2779.49376699    300.00000000      0.99955347      0.30367395     -4.93019531      0.06155703     -4.86863829      0.32079283      0.07017522      0.34535271      0.06548156 md_running
   715    357.50000000    212.12311068      2.50923666   2736.15434710    300.00000000      0.99955407      0.29893890     -4.92703684      0.06296269     -4.86407415      0.33586947      0.07097193      0.35992305      0.06855907 md_running
   716    358.00000000    212.34217523      2.53585167   2673.96527161    300.00000000      0.99955518      0.29214442     -4.92176160      0.06430544     -4.85745616      0.35435519      0.07172472      0.37799697      0.07233245 md_running
   717    358.50000000    212.56234764      2.56062139   2602.49721350    300.00000000      0.99955662      0.28433617     -4.91541001      0.06556782     -4.84984219      0.36901985      0.07242531      0.39248449      0.07532586 md_running
   718    359.00000000    212.77895318      2.58320615   2528.77798312    300.00000000      0.99955825      0.27628197     -4.90872017      0.06672954     -4.84199063      0.37734220      0.07306410      0.40077351      0.07702465 md_running
   719    359.50000000    212.99484995      2.60328157   2457.12205719    300.00000000      0.99955997      0.26845319     -4.90215007      0.06777075     -4.83437932      0.37886862      0.07363192      0.40228836      0.07733623 md_running
   720    360.00000000    213.20988558      2.62058090   2389.38926380    300.00000000      0.99956170      0.26105303     -4.89587778      0.06867444     -4.82720334      0.37453289      0.07412122      0.39785134      0.07645121 md_running
   721    360.50000000    213.42022505      2.63491706   2325.58971100    300.00000000      0.99956342      0.25408260     -4.88988689      0.06942788     -4.82045902      0.36556495      0.07452671      0.38860587      0.07462063 md_running
   722    361.00000000    213.63300072      2.64619100   2264.74993681    300.00000000      0.99956514      0.24743555     -4.88405726      0.07002327     -4.81403400      0.35353032      0.07484558      0.37603872      0.07216407 md_running
   723    361.50000000    213.84081456      2.65438987   2205.70805333    300.00000000      0.99956689      0.24098492     -4.87825553      0.07045786     -4.80779768      0.34066191      0.07507748      0.36229222      0.06953732 md_running
   724    362.00000000    214.05609135      2.65957721   2147.66973931    300.00000000      0.99956868      0.23464394     -4.87239564      0.07073351     -4.80166213      0.33008025      0.07522420      0.35034079      0.06737735 md_running
   725    362.50000000    214.26673079      2.66188243   2090.58268909    300.00000000      0.99957055      0.22840688     -4.86647316      0.07085618     -4.79561698      0.32615187      0.07528940      0.34441215      0.06657547 md_running
   726    363.00000000    214.47423329      2.66148546   2035.38522564    300.00000000      0.99957248      0.22237628     -4.86060144      0.07083505     -4.78976639      0.33374138      0.07527818      0.34936472      0.06812467 md_running
   727    363.50000000    214.68517998      2.65860006   1984.29757528    300.00000000      0.99957441      0.21679469     -4.85502526      0.07068154     -4.78434372      0.35585044      0.07519657      0.36855482      0.07263767 md_running
   728    364.00000000    214.89842793      2.65344969   1941.51058575    300.00000000      0.99957623      0.21211999     -4.85021138      0.07040795     -4.77980343      0.38993018      0.07505089      0.40009151      0.07959416 md_running
   729    364.50000000    215.11032409      2.64623386   1913.62584709    300.00000000      0.99957769      0.20907344     -4.84689884      0.07002554     -4.77687330      0.42800881      0.07484680      0.43647383      0.08736693 md_running
   730    365.00000000    215.33282783      2.63709883   1908.93577083    300.00000000      0.99957842      0.20856102     -4.84602095      0.06954290     -4.77647805      0.46002478      0.07458842      0.46776017      0.09390216 md_running
   731    365.50000000    215.54191818      2.62612117   1935.29708056    300.00000000      0.99957803      0.21144113     -4.84846641      0.06896512     -4.77950129      0.47722730      0.07427792      0.48513214      0.09741361 md_running
   732    366.00000000    215.74356753      2.61330917   1997.27643818    300.00000000      0.99957629      0.21821270     -4.85475728      0.06829385     -4.78646343      0.47490828      0.07391555      0.48376630      0.09694025 md_running
   733    366.50000000    215.95402383      2.59862526   2094.02610680    300.00000000      0.99957329      0.22878309     -4.86480548      0.06752853     -4.79727695      0.45369825      0.07350022      0.46416876      0.09261077 md_running
   734    367.00000000    216.15733092      2.58202589   2219.11155389    300.00000000      0.99956946      0.24244932     -4.87789691      0.06666858     -4.81122833      0.41903040      0.07303072      0.43160147      0.08553422 md_running
   735    367.50000000    216.37118758      2.56350933   2362.29255649    300.00000000      0.99956532      0.25809258     -4.89289611      0.06571580     -4.82718031      0.37893275      0.07250699      0.39380219      0.07734932 md_running
   736    368.00000000    216.57752294      2.54315895   2512.11103031    300.00000000      0.99956133      0.27446102     -4.90854345      0.06467657     -4.84386687      0.34124675      0.07193140      0.35815649      0.06965670 md_running
   737    368.50000000    216.79237802      2.52117131   2657.88610018    300.00000000      0.99955778      0.29038769     -4.92368132      0.06356305     -4.86011827      0.31049035      0.07130949      0.32867128      0.06337858 md_running
   738    369.00000000    217.01332350      2.49786479   2790.26206214    300.00000000      0.99955479      0.30485044     -4.93731242      0.06239329     -4.87491914      0.28621925      0.07065029      0.30466997      0.05842426 md_running
   739    369.50000000    217.23274743      2.47366223   2900.27627049    300.00000000      0.99955242      0.31687006     -4.94848470      0.06119005     -4.88729465      0.26534161      0.06996573      0.28322954      0.05416263 md_running
   740    370.00000000    217.45064193      2.44904446   2978.45163487    300.00000000      0.99955071      0.32541112     -4.95619315      0.05997819     -4.89621496      0.24759972      0.06926944      0.26435656      0.05054108 md_running
   741    370.50000000    217.67239536      2.42447750   3014.46192782    300.00000000      0.99954970      0.32934543     -4.95931889      0.05878091     -4.90053798      0.23819229      0.06857458      0.25340627      0.04862080 md_running
   742    371.00000000    217.88310395      2.40031916   2997.80656267    300.00000000      0.99954950      0.32752574     -4.95671202      0.05761532     -4.89909670      0.25088062      0.06789128      0.26417178      0.05121079 md_running
   743    371.50000000    218.09219357      2.37670760   2920.05967187    300.00000000      0.99955026      0.31903150     -4.94742828      0.05648739     -4.89094089      0.30182932      0.06722344      0.31325168      0.06161065 md_running
   744    372.00000000    218.30695001      2.35344802   2778.90757669    300.00000000      0.99955217      0.30360991     -4.93114096      0.05538718     -4.87575378      0.39543904      0.06656556      0.40579063      0.08071866 md_running
   745    372.50000000    218.52519553      2.32993064   2584.70620600    300.00000000      0.99955548      0.28239241     -4.90890521      0.05428577     -4.85461944      0.52026006      0.06590039      0.53041743      0.10619764 md_running
   746    373.00000000    218.74351768      2.30513950   2366.16016794    300.00000000      0.99956025      0.25851514     -4.88378960      0.05313668     -4.83065292      0.65525873      0.06519919      0.66566096      0.13375413 md_running
   747    373.50000000    218.95858451      2.27781127   2169.96764518    300.00000000      0.99956603      0.23708010     -4.86092970      0.05188424     -4.80904546      0.76965947      0.06442623      0.78030423      0.15710608 md_running
   748    374.00000000    219.16943803      2.24677726   2047.92730903    300.00000000      0.99957133      0.22374656     -4.84613441      0.05048008     -4.79565433      0.83137223      0.06354846      0.84193830      0.16970315 md_running
   749    374.50000000    219.38755208      2.21139550   2032.80260292    300.00000000      0.99957386      0.22209411     -4.84312940      0.04890270     -4.79422670      0.82112360      0.06254771      0.83108864      0.16761115 md_running
   750    375.00000000    219.59133119      2.17186114   2119.97538255    300.00000000      0.99957240      0.23161818     -4.85140570      0.04716981     -4.80423589      0.74356591      0.06142951      0.75229912      0.15177975 md_running
   751    375.50000000    219.80513854      2.12920756   2271.29946659    300.00000000      0.99956816      0.24815112     -4.86667274      0.04533525     -4.82133749      0.62494296      0.06022308      0.63177663      0.12756595 md_running
   752    376.00000000    220.01758569      2.08500436   2437.37578351    300.00000000      0.99956333      0.26629581     -4.88344195      0.04347243     -4.83996952      0.49930463      0.05897283      0.50361863      0.10192013 md_running
   753    376.50000000    220.23012822      2.04093842   2579.34838187    300.00000000      0.99955933      0.28180704     -4.89748985      0.04165430     -4.85583555      0.39564226      0.05772646      0.39708750      0.08076014 md_running
   754    377.00000000    220.45343023      1.99846896   2677.44362058    300.00000000      0.99955661      0.29252445     -4.90673645      0.03993878     -4.86679767      0.33013988      0.05652524      0.32914193      0.06738952 md_running
   755    377.50000000    220.67251898      1.95863609   2728.67960426    300.00000000      0.99955508      0.29812224     -4.91094242      0.03836255     -4.87257987      0.30418421      0.05539859      0.30229282      0.06209134 md_running
   756    378.00000000    220.87847731      1.92199790   2740.39598025    300.00000000      0.99955450      0.29940232     -4.91096938      0.03694076     -4.87402862      0.30383900      0.05436231      0.30290441      0.06202088 md_running
   757    378.50000000    221.09487788      1.88865640   2723.59180620    300.00000000      0.99955460      0.29756638     -4.90803861      0.03567023     -4.87236838      0.31324438      0.05341927      0.31453270      0.06394074 md_running
   758    379.00000000    221.30884680      1.85832546   2688.79070339    300.00000000      0.99955517      0.29376418     -4.90329587      0.03453374     -4.86876214      0.32321567      0.05256138      0.32740844      0.06597612 md_running
   759    379.50000000    221.51507955      1.83041725   2644.04209692    300.00000000      0.99955602      0.28887516     -4.89758617      0.03350427     -4.86408190      0.33145197      0.05177202      0.33888611      0.06765735 md_running
   760    380.00000000    221.73048603      1.80412927   2594.86338553    300.00000000      0.99955705      0.28350213     -4.89147794      0.03254882     -4.85892912      0.33857968      0.05102848      0.34935405      0.06911229 md_running
   761    380.50000000    221.94131817      1.77852331   2545.18032764    300.00000000      0.99955817      0.27807401     -4.88534803      0.03163145     -4.85371658      0.34748462      0.05030424      0.36144360      0.07093000 md_running
   762    381.00000000    222.15662494      1.75258966   2498.74838684    300.00000000      0.99955930      0.27300108     -4.87956152      0.03071571     -4.84884581      0.35977455      0.04957072      0.37645476      0.07343867 md_running
   763    381.50000000    222.36936005      1.72531437   2460.26869160    300.00000000      0.99956034      0.26879697     -4.87460242      0.02976710     -4.84483532      0.37398670      0.04879926      0.39275314      0.07633972 md_running
   764    382.00000000    222.57462128      1.69574623   2435.02646396    300.00000000      0.99956116      0.26603913     -4.87103011      0.02875555     -4.84227456      0.38595120      0.04796295      0.40618621      0.07878196 md_running
   765    382.50000000    222.78836181      1.66306304   2427.49478769    300.00000000      0.99956159      0.26521626     -4.86932469      0.02765779     -4.84166690      0.39098561      0.04703853      0.41219320      0.07980960 md_running
   766    383.00000000    222.99576131      1.62662826   2439.68774524    300.00000000      0.99956153      0.26654840     -4.86970263      0.02645919     -4.84324344      0.38604570      0.04600799      0.40783282      0.07880125 md_running
   767    383.50000000    223.20836990      1.58603001   2470.08330907    300.00000000      0.99956098      0.26986927     -4.87199406      0.02515491     -4.84683915      0.37122439      0.04485970      0.39321271      0.07577586 md_running
   768    384.00000000    223.41446405      1.54109346   2513.73588747    300.00000000      0.99956004      0.27463854     -4.87565439      0.02374969     -4.85190470      0.35003264      0.04358871      0.37173877      0.07145011 md_running
   769    384.50000000    223.61840591      1.49186394   2563.63043522    300.00000000      0.99955890      0.28008977     -4.87991451      0.02225658     -4.85765793      0.32847655      0.04219628      0.34920521      0.06704999 md_running
   770    385.00000000    223.83263321      1.43856670   2612.67555276    300.00000000      0.99955774      0.28544821     -4.88400569      0.02069474     -4.86331095      0.31289521      0.04068881      0.33176009      0.06386947 md_running
   771    385.50000000    224.05087353      1.38155552   2655.37067363    300.00000000      0.99955672      0.29011287     -4.88734342      0.01908696     -4.86825646      0.30730696      0.03907629      0.32347377      0.06272877 md_running
   772    386.00000000    224.26639368      1.32126691   2688.70312576    300.00000000      0.99955590      0.29375461     -4.88962183      0.01745746     -4.87216436      0.31187117      0.03737107      0.32491811      0.06366044 md_running
   773    386.50000000    224.48374214      1.25818570   2712.08826144    300.00000000      0.99955531      0.29630955     -4.89080439      0.01583031     -4.87497408      0.32412695      0.03558687      0.33403820      0.06616214 md_running
   774    387.00000000    224.69738339      1.19285553   2726.98099319    300.00000000      0.99955493      0.29793666     -4.89107416      0.01422904     -4.87684512      0.34069296      0.03373905      0.34774735      0.06954366 md_running
   775    387.50000000    224.91298869      1.12590301   2736.52436966    300.00000000      0.99955470      0.29897932     -4.89080258      0.01267658     -4.87812600      0.35815907      0.03184535      0.36273499      0.07310891 md_running
   776    388.00000000    225.12784325      1.05808159   2744.82285723    300.00000000      0.99955454      0.29988598     -4.89046719      0.01119537     -4.87927182      0.37387033      0.02992707      0.37628130      0.07631596 md_running
   777    388.50000000    225.34493207      0.99034420   2756.05036169    300.00000000      0.99955436      0.30111264     -4.89055381      0.00980782     -4.88074599      0.38586953      0.02801116      0.38631861      0.07876529 md_running
   778    389.00000000    225.56913476      0.92393340   2773.44332724    300.00000000      0.99955409      0.30301291     -4.89144840      0.00853653     -4.88291187      0.39260038      0.02613278      0.39118879      0.08013922 md_running
   779    389.50000000    225.78374437      0.86047459   2798.12872093    300.00000000      0.99955367      0.30570992     -4.89330701      0.00740417     -4.88590284      0.39292348      0.02433790      0.38968710      0.08020517 md_running
   780    390.00000000    226.00031636      0.80203768   2827.90617982    300.00000000      0.99955313      0.30896326     -4.89591559      0.00643264     -4.88948295      0.38641224      0.02268505      0.38137505      0.07887607 md_running
   781    390.50000000    226.21235979      0.75110247   2856.73344900    300.00000000      0.99955255      0.31211278     -4.89863421      0.00564155     -4.89299266      0.37491121      0.02124439      0.36822332      0.07652843 md_running
   782    391.00000000    226.39922937      0.71031613   2874.88447385    300.00000000      0.99955207      0.31409588     -4.90040698      0.00504549     -4.89536149      0.36275513      0.02009077      0.35487366      0.07404708 md_running
   783    391.50000000    226.60855780      0.68196690   2870.07684395    300.00000000      0.99955190      0.31357062     -4.89987617      0.00465079     -4.89522538      0.35964912      0.01928894      0.35166244      0.07341307 md_running
   784    392.00000000    226.82240003      0.66719546   2830.29449422    300.00000000      0.99955226      0.30922419     -4.89569014      0.00445150     -4.89123864      0.38063919      0.01887114      0.37431367      0.07769765 md_running
   785    392.50000000    227.03808740      0.66524113   2748.41181136    300.00000000      0.99955337      0.30027809     -4.88698901      0.00442546     -4.88256355      0.43903581      0.01881586      0.43592639      0.08961781 md_running
   786    393.00000000    227.25030139      0.67318234   2628.68736782    300.00000000      0.99955539      0.28719758     -4.87415501      0.00453174     -4.86962326      0.53369496      0.01904047      0.53415229      0.10894003 md_running
   787    393.50000000    227.45526047      0.68643865   2492.21137494    300.00000000      0.99955827      0.27228688     -4.85940842      0.00471198     -4.85469644      0.64778071      0.01941542      0.65123030      0.13222768 md_running
   788    394.00000000    227.66082676      0.69984149   2377.42512706    300.00000000      0.99956148      0.25974589     -4.84695348      0.00489778     -4.84205570      0.75093633      0.01979451      0.75647378      0.15328424 md_running
   789    394.50000000    227.87808923      0.70893132   2329.44229044    300.00000000      0.99956383      0.25450352     -4.84183321      0.00502584     -4.83680737      0.80984847      0.02005161      0.81653790      0.16530963 md_running
   790    395.00000000    228.08977228      0.71109924   2378.17489950    300.00000000      0.99956390      0.25982781     -4.84744219      0.00505662     -4.84238557      0.80163336      0.02011292      0.80858576      0.16363272 md_running
   791    395.50000000    228.29958641      0.70622975   2519.63311482    300.00000000      0.99956129      0.27528284     -4.86334929      0.00498760     -4.85836169      0.72528909      0.01997519      0.73169735      0.14804902 md_running
   792    396.00000000    228.50774781      0.69660052   2716.49465164    300.00000000      0.99955711      0.29679097     -4.88535535      0.00485252     -4.88050283      0.60121036      0.01970284      0.60639585      0.12272155 md_running
   793    396.50000000    228.72306911      0.68607260   2917.58924673    300.00000000      0.99955290      0.31876159     -4.90775469      0.00470696     -4.90304774      0.45972360      0.01940506      0.46319470      0.09384069 md_running
   794    397.00000000    228.93411835      0.67890078   3079.91048754    300.00000000      0.99954960      0.33649602     -4.92583455      0.00460906     -4.92122549      0.33053784      0.01920221      0.33213564      0.06747075 md_running
   795    397.50000000    229.13408373      0.67856579   3179.17806281    300.00000000      0.99954750      0.34734151     -4.93699842      0.00460452     -4.93239390      0.24055073      0.01919274      0.24093703      0.04910221 md_running
   796    398.00000000    229.34807038      0.68696320   3209.92336841    300.00000000      0.99954656      0.35070059     -4.94069709      0.00471918     -4.93597791      0.21670176      0.01943025      0.21786863      0.04423406 md_running
   797    398.50000000    229.56309558      0.70417650   3181.01223898    300.00000000      0.99954660      0.34754190     -4.93794933      0.00495865     -4.93299068      0.24900469      0.01991712      0.25238415      0.05082787 md_running
   798    399.00000000    229.78330685      0.72883334   3109.40217032    300.00000000      0.99954740      0.33971814     -4.93062701      0.00531198     -4.92531503      0.29865865      0.02061452      0.30420112      0.06096344 md_running
   799    399.50000000    230.00196282      0.75877080   3014.86865026    300.00000000      0.99954876      0.32938986     -4.92089826      0.00575733     -4.91514093      0.34143546      0.02146128      0.34877402      0.06969522 md_running
   800    400.00000000    230.21942529      0.79167916   2915.63234244    300.00000000      0.99955041      0.31854779     -4.91074743      0.00626756     -4.90447987      0.36805763      0.02239207      0.37688533      0.07512945 md_running
   801    400.50000000    230.42350319      0.82552512   2825.28916811    300.00000000      0.99955212      0.30867733     -4.90164570      0.00681492     -4.89483079      0.37594054      0.02334938      0.38602729      0.07673854 md_running
   802    401.00000000    230.64208254      0.85874551   2751.08051480    300.00000000      0.99955367      0.30056966     -4.89436057      0.00737444     -4.88698613      0.36801309      0.02428899      0.37918662      0.07512036 md_running
   803    401.50000000    230.86277304      0.89025564   2693.82309672    300.00000000      0.99955497      0.29431399     -4.88894801      0.00792555     -4.88102246      0.35041305      0.02518023      0.36250173      0.07152776 md_running
   804    402.00000000    231.07965043      0.91936599   2649.67442350    300.00000000      0.99955599      0.28949052     -4.88495440      0.00845234     -4.87650206      0.33102085      0.02600360      0.34377427      0.06756935 md_running
   805    402.50000000    231.29220522      0.94567038   2612.63108807    300.00000000      0.99955683      0.28544335     -4.88169366      0.00894292     -4.87275074      0.31706439      0.02674760      0.33010140      0.06472050 md_running
   806    403.00000000    231.50229623      0.96894470   2576.96814608    300.00000000      0.99955760      0.28154699     -4.87851855      0.00938854     -4.86913001      0.31260679      0.02740589      0.32547819      0.06381059 md_running
   807    403.50000000    231.71877191      0.98907488   2538.90220882    300.00000000      0.99955842      0.27738809     -4.87500982      0.00978269     -4.86522712      0.31749854      0.02797526      0.32984841      0.06480912 md_running
   808    404.00000000    231.93980205      1.00601619   2496.96001440    300.00000000      0.99955935      0.27280569     -4.87100231      0.01012069     -4.86088163      0.32948422      0.02845443      0.34109232      0.06725568 md_running
   809    404.50000000    232.15586255      1.01978695   2451.79935549    300.00000000      0.99956040      0.26787166     -4.86656508      0.01039965     -4.85616542      0.34557665      0.02884393      0.35638451      0.07054054 md_running
   810    405.00000000    232.36427478      1.03046303   2406.02456120    300.00000000      0.99956155      0.26287052     -4.86198638      0.01061854     -4.85136784      0.36317235      0.02914590      0.37321073      0.07413225 md_running
   811    405.50000000    232.58079407      1.03818161   2363.79750838    300.00000000      0.99956271      0.25825700     -4.85772412      0.01077821     -4.84694591      0.38045737      0.02936421      0.38977833      0.07766053 md_running
   812    406.00000000    232.79943950      1.04315170   2330.30216013    300.00000000      0.99956375      0.25459746     -4.85435484      0.01088165     -4.84347318      0.39614064      0.02950479      0.40478520      0.08086187 md_running
   813    406.50000000    233.01844489      1.04566805   2310.74967462    300.00000000      0.99956450      0.25246125     -4.85246632      0.01093422     -4.84153210      0.40918077      0.02957596      0.41716957      0.08352367 md_running
   814    407.00000000    233.22849688      1.04612642   2308.95136359    300.00000000      0.99956481      0.25226478     -4.85249147      0.01094380     -4.84154767      0.41905331      0.02958892      0.42637437      0.08553890 md_running
   815    407.50000000    233.44197301      1.04504023   2326.34490784    300.00000000      0.99956459      0.25416511     -4.85459929      0.01092109     -4.84367820      0.42590996      0.02955820      0.43250815      0.08693851 md_running
   816    408.00000000    233.65553533      1.04305716   2362.07339216    300.00000000      0.99956385      0.25806863     -4.85870538      0.01087968     -4.84782570      0.43033963      0.02950211      0.43611729      0.08784271 md_running
   817    408.50000000    233.87268213      1.04097124   2413.92244811    300.00000000      0.99956266      0.26373341     -4.86457682      0.01083621     -4.85374061      0.43270498      0.02944311      0.43753038      0.08832553 md_running
   818    409.00000000    234.08617223      1.03972674   2479.39943379    300.00000000      0.99956114      0.27088711     -4.87196120      0.01081032     -4.86115088      0.43264386      0.02940791      0.43636829      0.08831306 md_running
   819    409.50000000    234.29782663      1.04040428   2556.05457320    300.00000000      0.99955940      0.27926207     -4.88061879      0.01082441     -4.86979437      0.42907896      0.02942708      0.43155486      0.08758538 md_running
   820    410.00000000    234.49840394      1.04417754   2640.99475259    300.00000000      0.99955754      0.28854222     -4.89026578      0.01090307     -4.87936271      0.42056768      0.02953380      0.42166759      0.08584802 md_running
   821    410.50000000    234.71386295      1.05222972   2729.87045104    300.00000000      0.99955565      0.29825235     -4.90046440      0.01107187     -4.88939253      0.40563001      0.02976155      0.40526425      0.08279888 md_running
   822    411.00000000    234.92802041      1.06562779   2816.07169336    300.00000000      0.99955386      0.30767028     -4.91051162      0.01135563     -4.89915599      0.38430643      0.03014051      0.38249172      0.07844622 md_running
   823    411.50000000    235.14876728      1.08515428   2890.37146150    300.00000000      0.99955230      0.31578791     -4.91942837      0.01177560     -4.90765277      0.35858099      0.03069280      0.35554016      0.07319504 md_running
   824    412.00000000    235.36009091      1.11113392   2940.99230522    300.00000000      0.99955113      0.32131849     -4.92592789      0.01234619     -4.91358171      0.33506360      0.03142761      0.33145619      0.06839457 md_running
   825    412.50000000    235.56330286      1.14328384   2954.88770398    300.00000000      0.99955052      0.32283664     -4.92856882      0.01307098     -4.91549784      0.32841927      0.03233695      0.32562784      0.06703830 md_running
   826    413.00000000    235.78033367      1.18062070   2920.89348623    300.00000000      0.99955065      0.31912260     -4.92606657      0.01393865     -4.91212792      0.35905310      0.03339300      0.35878796      0.07329141 md_running
   827    413.50000000    235.99553088      1.22146052   2835.66133372    300.00000000      0.99955169      0.30981055     -4.91796703      0.01491966     -4.90304737      0.43526944      0.03454812      0.43822505      0.08884900 md_running
   828    414.00000000    236.21822146      1.26356420   2710.08578557    300.00000000      0.99955371      0.29609077     -4.90537796      0.01596594     -4.88941201      0.54410184      0.03573899      0.54982965      0.11106432 md_running
   829    414.50000000    236.43832154      1.30444759   2572.81399582    300.00000000      0.99955652      0.28109313     -4.89138217      0.01701584     -4.87436633      0.65730827      0.03689535      0.66499264      0.13417249 md_running
   830    415.00000000    236.65620434      1.34186309   2465.77055200    300.00000000      0.99955946      0.26939808     -4.88062435      0.01800597     -4.86261839      0.74180049      0.03795362      0.75060885      0.15141939 md_running
   831    415.50000000    236.87463921      1.37436578   2428.01243232    300.00000000      0.99956137      0.26527281     -4.87748816      0.01888881     -4.85859935      0.77127771      0.03887293      0.78039755      0.15743640 md_running
   832    416.00000000    237.09387145      1.40173854   2476.00920420    300.00000000      0.99956125      0.27051671     -4.88383506      0.01964871     -4.86418635      0.73758043      0.03964715      0.74621096      0.15055797 md_running
   833    416.50000000    237.31344247      1.42503532   2595.78645063    300.00000000      0.99955909      0.28360298     -4.89807838      0.02030726     -4.87777112      0.65420313      0.04030609      0.66157134      0.13353865 md_running
   834    417.00000000    237.53139669      1.44618943   2753.27604630    300.00000000      0.99955587      0.30080953     -4.91640459      0.02091464     -4.89548995      0.54723597      0.04090441      0.55266011      0.11170407 md_running
   835    417.50000000    237.74630115      1.46738913   2912.47194204    300.00000000      0.99955264      0.31820250     -4.93485819      0.02153231     -4.91332588      0.44122458      0.04150403      0.44426979      0.09006459 md_running
   836    418.00000000    237.96726852      1.49050846   3046.82297406    300.00000000      0.99955000      0.33288104     -4.95060462      0.02221615     -4.92838847      0.34938362      0.04215795      0.35010386      0.07131763 md_running
   837    418.50000000    238.18025771      1.51677311   3140.50512031    300.00000000      0.99954814      0.34311629     -4.96196608      0.02300601     -4.93896007      0.27725418      0.04290082      0.27648025      0.05659427 md_running
   838    419.00000000    238.38824741      1.54666616   3185.76438917    300.00000000      0.99954708      0.34806110     -4.96813878      0.02392176     -4.94421701      0.22935736      0.04374633      0.22889997      0.04681738 md_running
   839    419.50000000    238.60504290      1.58001021   3180.23919181    300.00000000      0.99954679      0.34745744     -4.96886692      0.02496432     -4.94390259      0.21136288      0.04468944      0.21346806      0.04314427 md_running
   840    420.00000000    238.82437129      1.61614416   3125.81407483    300.00000000      0.99954725      0.34151122     -4.96433092      0.02611922     -4.93821170      0.22358101      0.04571146      0.22927015      0.04563828 md_running
   841    420.50000000    239.03866183      1.65411938   3028.55016528    300.00000000      0.99954844      0.33088464     -4.95517023      0.02736111     -4.92780912      0.25511050      0.04678556      0.26387051      0.05207421 md_running
   842    421.00000000    239.25632301      1.69287312   2898.03164000    300.00000000      0.99955034      0.31662482     -4.94240268      0.02865819     -4.91374449      0.29259214      0.04788168      0.30360496      0.05972512 md_running
   843    421.50000000    239.47624478      1.73135873   2745.89284434    300.00000000      0.99955290      0.30000288     -4.92727966      0.02997603     -4.89730363      0.32850252      0.04897022      0.34114341      0.06705530 md_running
   844    422.00000000    239.68439782      1.76862880   2584.02767989    300.00000000      0.99955607      0.28231828     -4.91107163      0.03128048     -4.87979116      0.36001138      0.05002438      0.37384408      0.07348702 md_running
   845    422.50000000    239.87179586      1.80387453   2423.42852479    300.00000000      0.99955973      0.26477200     -4.89495094      0.03253963     -4.86241131      0.38612011      0.05102128      0.40083096      0.07881644 md_running
   846    423.00000000    240.08966064      1.83643841   2273.53158621    300.00000000      0.99956373      0.24839499     -4.87992480      0.03372506     -4.84619974      0.40669874      0.05194232      0.42205891      0.08301703 md_running
   847    423.50000000    240.31113855      1.86580972   2141.77516291    300.00000000      0.99956784      0.23399992     -4.86678333      0.03481246     -4.83197087      0.42216850      0.05277307      0.43801402      0.08617478 md_running
   848    424.00000000    240.52720452      1.89160906   2033.50202924    300.00000000      0.99957177      0.22217053     -4.85609129      0.03578185     -4.82030944      0.43302208      0.05350278      0.44923367      0.08839026 md_running
   849    424.50000000    240.74870295      1.91357150   1952.11975329    300.00000000      0.99957521      0.21327910     -4.84820568      0.03661756     -4.81158812      0.43974283      0.05412398      0.45623394      0.08976213 md_running
   850    425.00000000    240.96633455      1.93153090   1899.38004441    300.00000000      0.99957784      0.20751701     -4.84330741      0.03730812     -4.80599929      0.44283491      0.05463194      0.45953781      0.09039330 md_running
   851    425.50000000    241.16799294      1.94540729   1875.73632144    300.00000000      0.99957942      0.20493381     -4.84143881      0.03784610     -4.80359271      0.44276586      0.05502443      0.45962047      0.09037920 md_running
   852    426.00000000    241.37370824      1.95519813   1880.67104246    300.00000000      0.99957981      0.20547296     -4.84254128      0.03822800     -4.80431328      0.43991078      0.05530135      0.45685486      0.08979641 md_running
   853    426.50000000    241.58894739      1.96097373   1912.93578185    300.00000000      0.99957901      0.20899805     -4.84648112      0.03845418     -4.80802694      0.43456198      0.05546471      0.45152047      0.08870459 md_running
   854    427.00000000    241.80243701      1.96287690   1970.73733276    300.00000000      0.99957716      0.21531316     -4.85306812      0.03852886     -4.81453927      0.42693628      0.05551854      0.44380920      0.08714800 md_running
   855    427.50000000    242.01454839      1.96112669   2051.93820311    300.00000000      0.99957447      0.22418477     -4.86207717      0.03846018     -4.82361699      0.41714362      0.05546904      0.43379232      0.08514908 md_running
   856    428.00000000    242.22604728      1.95602615   2154.25714647    300.00000000      0.99957120      0.23536364     -4.87327432      0.03826038     -4.83501394      0.40504839      0.05532477      0.42128506      0.08268016 md_running
   857    428.50000000    242.43523003      1.94797349   2275.22864830    300.00000000      0.99956759      0.24858040     -4.88641303      0.03794601     -4.84846702      0.39001038      0.05509701      0.40559230      0.07961053 md_running
   858    429.00000000    242.64403534      1.93747619   2411.56348455    300.00000000      0.99956385      0.26347568     -4.90116712      0.03753814     -4.86362898      0.37081204      0.05480010      0.38542423      0.07569169 md_running
   859    429.50000000    242.85529008      1.92516725   2557.94531979    300.00000000      0.99956018      0.27946865     -4.91699032      0.03706269     -4.87992763      0.34643274      0.05445195      0.35963849      0.07071529 md_running
   860    430.00000000    243.06810092      1.91181793   2706.00725896    300.00000000      0.99955677      0.29564517     -4.93300186      0.03655048     -4.89645138      0.31717224      0.05407438      0.32830666      0.06474251 md_running
   861    430.50000000    243.28482956      1.89834016   2844.28916386    300.00000000      0.99955379      0.31075318     -4.94797252      0.03603695     -4.91193557      0.28592110      0.05369317      0.29388942      0.05836340 md_running
   862    431.00000000    243.49733017      1.88577701   2959.64808219    300.00000000      0.99955139      0.32335673     -4.96049114      0.03556155     -4.92492959      0.26003000      0.05333783      0.26324375      0.05307840 md_running
   863    431.50000000    243.70987859      1.87526102   3039.70307391    300.00000000      0.99954968      0.33210315     -4.96921328      0.03516604     -4.93404724      0.25173889      0.05304039      0.24875946      0.05138598 md_running
   864    432.00000000    243.91470041      1.86793680   3075.56435000    300.00000000      0.99954871      0.33602118     -4.97320190      0.03489188     -4.93831002      0.27049482      0.05283323      0.26187927      0.05521452 md_running
   865    432.50000000    244.12618436      1.86482446   3063.31833026    300.00000000      0.99954852      0.33468324     -4.97206027      0.03477570     -4.93728457      0.31290138      0.05274520      0.30122881      0.06387073 md_running
   866    433.00000000    244.33469129      1.86664303   3003.67483927    300.00000000      0.99954909      0.32816688     -4.96589973      0.03484356     -4.93105616      0.36929556      0.05279664      0.35729741      0.07538214 md_running
   867    433.50000000    244.55485894      1.87362026   2900.94893800    300.00000000      0.99955045      0.31694355     -4.95519567      0.03510453     -4.92009114      0.43403741      0.05299398      0.42388885      0.08859752 md_running
   868    434.00000000    244.77787094      1.88533092   2763.33375382    300.00000000      0.99955261      0.30190839     -4.94079805      0.03554473     -4.90525333      0.50756495      0.05332521      0.50084177      0.10360626 md_running
   869    434.50000000    244.99490827      1.90063599   2605.25115378    300.00000000      0.99955556      0.28463705     -4.92422333      0.03612417     -4.88809916      0.59130760      0.05375810      0.58879488      0.12070016 md_running
   870    435.00000000    245.21088614      1.91779120   2450.37296187    300.00000000      0.99955911      0.26771581     -4.90797136      0.03677923     -4.87119213      0.67847453      0.05424333      0.68004814      0.13849303 md_running
   871    435.50000000    245.42109201      1.93475877   2331.33065346    300.00000000      0.99956266      0.25470983     -4.89560854      0.03743291     -4.85817563      0.74775042      0.05472324      0.75263700      0.15263392 md_running
   872    436.00000000    245.63984959      1.94968670   2279.70043025    300.00000000      0.99956513      0.24906897     -4.89065730      0.03801278     -4.85264452      0.77290322      0.05514547      0.78013927      0.15776821 md_running
   873    436.50000000    245.85550270      1.96138698   2308.82599649    300.00000000      0.99956545      0.25225108     -4.89462775      0.03847039     -4.85615736      0.73848812      0.05547640      0.74722445      0.15074326 md_running
   874    437.00000000    246.07248379      1.96958870   2403.41732859    300.00000000      0.99956357      0.26258567     -4.90578512      0.03879280     -4.86699233      0.65028842      0.05570838      0.65993616      0.13273957 md_running
   875    437.50000000    246.28972149      1.97484264   2526.37846033    300.00000000      0.99956057      0.27601981     -4.91995350      0.03900003     -4.88095346      0.53232128      0.05585698      0.54266882      0.10865963 md_running
   876    438.00000000    246.49857889      1.97815153   2637.50337076    300.00000000      0.99955768      0.28816077     -4.93265043      0.03913083     -4.89351960      0.41600547      0.05595057      0.42724299      0.08491676 md_running
   877    438.50000000    246.70842162      1.98055401   2709.43862627    300.00000000      0.99955565      0.29602007     -4.94090971      0.03922594     -4.90168376      0.32965870      0.05601853      0.34212915      0.06729130 md_running
   878    439.00000000    246.92489274      1.98283803   2732.39549554    300.00000000      0.99955469      0.29852822     -4.94371109      0.03931647     -4.90439462      0.29040631      0.05608313      0.30400532      0.05927894 md_running
   879    439.50000000    247.13514655      1.98541565   2710.98781261    300.00000000      0.99955473      0.29618932     -4.94162228      0.03941875     -4.90220353      0.29404061      0.05615603      0.30821714      0.06002079 md_running
   880    440.00000000    247.35631193      1.98832703   2657.94857612    300.00000000      0.99955555      0.29039452     -4.93608273      0.03953444     -4.89654828      0.31864074      0.05623838      0.33327780      0.06504227 md_running
   881    440.50000000    247.57055094      1.99131445   2587.70224297    300.00000000      0.99955692      0.28271974     -4.92867897      0.03965333     -4.88902564      0.34666288      0.05632288      0.36199772      0.07076226 md_running
   882    441.00000000    247.78666033      1.99391891   2512.48362629    300.00000000      0.99955860      0.27450172     -4.92074202      0.03975713     -4.88098490      0.37006699      0.05639654      0.38632993      0.07553961 md_running
   883    441.50000000    248.00330417      1.99557444   2440.69213682    300.00000000      0.99956038      0.26665814     -4.91315757      0.03982317     -4.87333440      0.38661357      0.05644337      0.40391323      0.07891716 md_running
   884    442.00000000    248.21852426      1.99568600   2377.20203473    300.00000000      0.99956209      0.25972152     -4.90643266      0.03982763     -4.86660503      0.39601533      0.05644652      0.41434364      0.08083629 md_running
   885    442.50000000    248.43760947      1.99369157   2324.42931857    300.00000000      0.99956364      0.25395583     -4.90079791      0.03974806     -4.86104985      0.39942223      0.05639011      0.41867892      0.08153172 md_running
   886    443.00000000    248.65622286      1.98910045   2283.46015993    300.00000000      0.99956495      0.24947974     -4.89634851      0.03956521     -4.85678330      0.39774690      0.05626026      0.41776873      0.08118975 md_running
   887    443.50000000    248.87157911      1.98151729   2254.87496288    300.00000000      0.99956595      0.24635666     -4.89313516      0.03926411     -4.85387105      0.39160587      0.05604577      0.41218583      0.07993621 md_running
   888    444.00000000    249.08210338      1.97065581   2238.68195825    300.00000000      0.99956661      0.24458749     -4.89115456      0.03883484     -4.85231972      0.38139430      0.05573856      0.40227839      0.07785179 md_running
   889    444.50000000    249.29194780      1.95634841   2233.82749474    300.00000000      0.99956691      0.24405711     -4.89029159      0.03827299     -4.85201860      0.36762252      0.05533389      0.38847889      0.07504063 md_running
   890    445.00000000    249.50244359      1.93855498   2237.78698493    300.00000000      0.99956690      0.24448971     -4.89027200      0.03757995     -4.85269205      0.35144595      0.05483061      0.37179933      0.07173860 md_running
   891    445.50000000    249.71141403      1.91737216   2246.62587130    300.00000000      0.99956669      0.24545540     -4.89067058      0.03676316     -4.85390742      0.33549706      0.05423147      0.35464301      0.06848305 md_running
   892    446.00000000    249.91870565      1.89303804   2255.49746184    300.00000000      0.99956639      0.24642467     -4.89096407      0.03583593     -4.85512814      0.32409480      0.05354320      0.34095694      0.06615557 md_running
   893    446.50000000    250.12849521      1.86594688   2259.65538542    300.00000000      0.99956617      0.24687894     -4.89064190      0.03481758     -4.85582433      0.32375871      0.05277695      0.33701000      0.06608697 md_running
   894    447.00000000    250.34156267      1.83665030   2255.90316778    300.00000000      0.99956615      0.24646899     -4.88936986      0.03373284     -4.85563701      0.34060231      0.05194832      0.34913636      0.06952516 md_running
   895    447.50000000    250.55563223      1.80585840   2244.11627762    300.00000000      0.99956639      0.24518121     -4.88714783      0.03261125     -4.85453659      0.37627712      0.05107739      0.37988942      0.07680724 md_running
   896    448.00000000    250.77477823      1.77442271   2228.65906208    300.00000000      0.99956683      0.24349243     -4.88448515      0.03148576     -4.85299939      0.42444545      0.05018825      0.42391610      0.08663957 md_running
   897    448.50000000    250.98938791      1.74328360   2218.37958144    300.00000000      0.99956727      0.24236935     -4.88239834      0.03039038     -4.85200796      0.47329108      0.04930751      0.46974355      0.09661014 md_running
   898    449.00000000    251.19214032      1.71339916   2224.36273808    300.00000000      0.99956740      0.24302304     -4.88216189      0.02935737     -4.85280453      0.51023476      0.04846225      0.50466153      0.10415124 md_running
   899    449.50000000    251.40285960      1.68566699   2256.05518144    300.00000000      0.99956687      0.24648560     -4.88486825      0.02841473     -4.85645352      0.52532203      0.04767786      0.51847201      0.10723091 md_running
   900    450.00000000    251.60430742      1.66085271   2317.34736454    300.00000000      0.99956551      0.25318209     -4.89098320      0.02758432     -4.86339888      0.51378539      0.04697601      0.50620717      0.10487600 md_running
   901    450.50000000    251.81200898      1.63954258   2404.58155001    300.00000000      0.99956341      0.26271287     -4.90011760      0.02688100     -4.87323660      0.47701816      0.04637327      0.46912934      0.09737092 md_running
   902    451.00000000    252.02979283      1.62213144   2507.39521625    300.00000000      0.99956088      0.27394579     -4.91112816      0.02631310     -4.88481506      0.42150531      0.04588081      0.41366298      0.08603941 md_running
   903    451.50000000    252.24953998      1.60883912   2611.38297298    300.00000000      0.99955835      0.28530698     -4.92242784      0.02588363     -4.89654421      0.35614732      0.04550484      0.34872546      0.07269827 md_running
   904    452.00000000    252.46995633      1.59973470   2700.91264436    300.00000000      0.99955616      0.29508856     -4.93228715      0.02559151     -4.90669564      0.29099662      0.04524733      0.28455756      0.05939944 md_running
   905    452.50000000    252.68662755      1.59474287   2760.95907135    300.00000000      0.99955457      0.30164894     -4.93906136      0.02543205     -4.91362931      0.23704928      0.04510614      0.23263236      0.04838748 md_running
   906    453.00000000    252.90272355      1.59362062   2777.82483863    300.00000000      0.99955376      0.30349161     -4.94123493      0.02539627     -4.91583867      0.21003609      0.04507440      0.20939854      0.04287344 md_running
   907    453.50000000    253.12259635      1.59588523   2740.10517298    300.00000000      0.99955391      0.29937055     -4.93752536      0.02546850     -4.91205687      0.23040816      0.04513845      0.23456009      0.04703187 md_running
   908    454.00000000    253.34065068      1.60070935   2641.24127324    300.00000000      0.99955525      0.28856916     -4.92714856      0.02562270     -4.90152585      0.30266472      0.04527490      0.31040658      0.06178118 md_running
   909    454.50000000    253.56136324      1.60683777   2484.05696820    300.00000000      0.99955802      0.27139597     -4.91032074      0.02581928     -4.88450147      0.41205713      0.04544824      0.42204542      0.08411081 md_running
   910    455.00000000    253.77737160      1.61256885   2285.62811281    300.00000000      0.99956244      0.24971660     -4.88883295      0.02600378     -4.86282917      0.54075374      0.04561033      0.55226304      0.11038089 md_running
   911    455.50000000    253.99720485      1.61586713   2079.82812621    300.00000000      0.99956843      0.22723189     -4.86632687      0.02611027     -4.84021661      0.66741361      0.04570362      0.68000098      0.13623523 md_running
   912    456.00000000    254.21459942      1.61465452   1913.20339502    300.00000000      0.99957515      0.20902728     -4.84793763      0.02607109     -4.82186654      0.76411088      0.04566933      0.77738706      0.15597348 md_running
   913    456.50000000    254.43226106      1.60727143   1829.77787350    300.00000000      0.99958049      0.19991262     -4.83859616      0.02583321     -4.81276295      0.80490478      0.04546050      0.81846507      0.16430050 md_running
   914    457.00000000    254.64727888      1.59294510   1850.26089550    300.00000000      0.99958191      0.20215049     -4.84064817      0.02537474     -4.81527342      0.77806493      0.04505529      0.79149799      0.15882184 md_running
   915    457.50000000    254.86287794      1.57202840   1960.96605489    300.00000000      0.99957883      0.21424560     -4.85255420      0.02471273     -4.82784147      0.69311272      0.04446368      0.70603877      0.14148104 md_running
   916    458.00000000    255.08217700      1.54586937   2122.29905259    300.00000000      0.99957324      0.23187206     -4.86987990      0.02389712     -4.84598278      0.57565949      0.04372379      0.58776128      0.11750600 md_running
   917    458.50000000    255.30224851      1.51639608   2289.16190541    300.00000000      0.99956756      0.25010268     -4.88764076      0.02299457     -4.86464619      0.45496836      0.04289016      0.46598496      0.09287003 md_running
   918    459.00000000    255.52012439      1.48564210   2427.29097973    300.00000000      0.99956309      0.26519399     -4.90214200      0.02207132     -4.88007068      0.35354481      0.04202030      0.36321711      0.07216703 md_running
   919    459.50000000    255.73275951      1.45539695   2517.97863007    300.00000000      0.99956015      0.27510208     -4.91141084      0.02118180     -4.89022904      0.28413944      0.04116484      0.29215459      0.05799972 md_running
   920    460.00000000    255.94681477      1.42703112   2555.28682080    300.00000000      0.99955865      0.27917819     -4.91487790      0.02036418     -4.89451372      0.24997307      0.04036254      0.25608133      0.05102554 md_running
   921    460.50000000    256.16105194      1.40146000   2540.97879065    300.00000000      0.99955841      0.27761497     -4.91278564      0.01964090     -4.89314474      0.24338849      0.03963927      0.24762805      0.04968147 md_running
   922    461.00000000    256.37979867      1.37920462   2480.26526971    300.00000000      0.99955932      0.27098170     -4.90571590      0.01902205     -4.88669384      0.25463741      0.03900980      0.25722920      0.05197764 md_running
   923    461.50000000    256.60039014      1.36048741   2380.18062366    300.00000000      0.99956132      0.26004694     -4.89443412      0.01850926     -4.87592486      0.27848355      0.03848039      0.27957500      0.05684522 md_running
   924    462.00000000    256.82122391      1.34533572   2249.61959514    300.00000000      0.99956442      0.24578248     -4.87989294      0.01809928     -4.86179366      0.31429217      0.03805184      0.31399263      0.06415462 md_running
   925    462.50000000    257.03220284      1.33366292   2100.02002589    300.00000000      0.99956864      0.22943796     -4.86333967      0.01778657     -4.84555310      0.36126513      0.03772168      0.35970776      0.07374293 md_running
   926    463.00000000    257.23642049      1.32533291   1945.43239771    300.00000000      0.99957389      0.21254847     -4.84630055      0.01756507     -4.82873548      0.41643497      0.03748608      0.41389709      0.08500443 md_running
   927    463.50000000    257.45387095      1.32017239   1801.62923417    300.00000000      0.99957990      0.19683724     -4.83050990      0.01742855     -4.81308135      0.47197416      0.03734011      0.46883592      0.09634132 md_running
   928    464.00000000    257.66680664      1.31794320   1683.99282338    300.00000000      0.99958604      0.18398485     -4.81766610      0.01736974     -4.80029636      0.51749619      0.03727706      0.51416553      0.10563347 md_running
   929    464.50000000    257.85653618      1.31830004   1604.34290583    300.00000000      0.99959131      0.17528269     -4.80907746      0.01737915     -4.79169831      0.54318886      0.03728716      0.54007959      0.11087796 md_running
   930    465.00000000    258.07540635      1.32075655   1567.91615823    300.00000000      0.99959468      0.17130288     -4.80531983      0.01744398     -4.78787585      0.54299132      0.03735664      0.54054987      0.11083764 md_running
   931    465.50000000    258.29241482      1.32467630   1571.82887177    300.00000000      0.99959559      0.17173037     -4.80605982      0.01754767     -4.78851215      0.51712196      0.03746750      0.51586869      0.10555708 md_running
   932    466.00000000    258.50984613      1.32930071   1606.16495552    300.00000000      0.99959430      0.17548176     -4.81017071      0.01767040     -4.79250030      0.47259493      0.03759830      0.47315984      0.09646804 md_running
   933    466.50000000    258.72608638      1.33380871   1657.55844326    300.00000000      0.99959167      0.18109676     -4.81613977      0.01779046     -4.79834931      0.42133850      0.03772581      0.42443735      0.08600536 md_running
   934    467.00000000    258.94517992      1.33738986   1713.63852630    300.00000000      0.99958865      0.18722380     -4.82256869      0.01788612     -4.80468258      0.37693155      0.03782710      0.38315018      0.07694083 md_running
   935    467.50000000    259.16226493      1.33931598   1766.42235096    300.00000000      0.99958584      0.19299070     -4.82855757      0.01793767     -4.81061989      0.34978078      0.03788158      0.35914538      0.07139870 md_running
   936    468.00000000    259.38160832      1.33900111   1813.44883530    300.00000000      0.99958345      0.19812859     -4.83383297      0.01792924     -4.81590373      0.34225829      0.03787267      0.35405962      0.06986318 md_running
   937    468.50000000    259.60302485      1.33603738   1856.72738111    300.00000000      0.99958144      0.20285699     -4.83861506      0.01784996     -4.82076510      0.34940245      0.03778884      0.36261627      0.07132148 md_running
   938    469.00000000    259.82468266      1.33020537   1900.93923831    300.00000000      0.99957959      0.20768736     -4.84342366      0.01769446     -4.82572920      0.36375217      0.03762389      0.37748278      0.07425060 md_running
   939    469.50000000    260.04287948      1.32148343   1951.57621612    300.00000000      0.99957767      0.21321971     -4.84887099      0.01746318     -4.83140781      0.37904519      0.03737720      0.39268900      0.07737228 md_running
   940    470.00000000    260.25642819      1.31004815   2013.26021232    300.00000000      0.99957550      0.21995900     -4.85547884      0.01716226     -4.83831657      0.39106169      0.03705376      0.40423309      0.07982513 md_running
   941    470.50000000    260.47998309      1.29627557   2088.45877307    300.00000000      0.99957298      0.22817483     -4.86353719      0.01680330     -4.84673389      0.39743621      0.03666421      0.40988437      0.08112633 md_running
   942    471.00000000    260.69796032      1.28073337   2176.54458404    300.00000000      0.99957017      0.23779866     -4.87299785      0.01640278     -4.85659507      0.39667411      0.03622461      0.40822509      0.08097076 md_running
   943    471.50000000    260.91897944      1.26416425   2273.35492366    300.00000000      0.99956721      0.24837569     -4.88342978      0.01598111     -4.86744867      0.38803602      0.03575596      0.39857408      0.07920752 md_running
   944    472.00000000    261.13363441      1.24744779   2371.20612347    300.00000000      0.99956433      0.25906643     -4.89400738      0.01556126     -4.87844612      0.37159387      0.03528315      0.38106783      0.07585128 md_running
   945    472.50000000    261.35099606      1.23152977   2459.96978082    300.00000000      0.99956179      0.26876432     -4.90363669      0.01516666     -4.88847004      0.34969328      0.03483292      0.35815293      0.07138084 md_running
   946    473.00000000    261.57221347      1.21730421   2528.64649472    300.00000000      0.99955978      0.27626760     -4.91112322      0.01481830     -4.89630493      0.32684337      0.03443056      0.33448964      0.06671662 md_running
   947    473.50000000    261.79187860      1.20545906   2567.05189257    300.00000000      0.99955848      0.28046359     -4.91535276      0.01453132     -4.90082144      0.31266508      0.03409553      0.31990471      0.06382249 md_running
   948    474.00000000    262.00610731      1.19628676   2567.73816649    300.00000000      0.99955800      0.28053857     -4.91550222      0.01431102     -4.90119120      0.32248529      0.03383610      0.32987381      0.06582703 md_running
   949    474.50000000    262.22653085      1.18949250   2527.91220531    300.00000000      0.99955842      0.27618737     -4.91122769      0.01414892     -4.89707876      0.37058313      0.03364393      0.37859350      0.07564497 md_running
   950    475.00000000    262.44598474      1.18405761   2452.47736630    300.00000000      0.99955980      0.26794573     -4.90301115      0.01401992     -4.88899122      0.45641140      0.03349021      0.46527194      0.09316459 md_running
   951    475.50000000    262.66452044      1.17824985   2357.36953724    300.00000000      0.99956201      0.25755471     -4.89252476      0.01388273     -4.87864203      0.56457507      0.03332594      0.57427724      0.11524340 md_running
   952    476.00000000    262.88025649      1.16984929   2271.40904695    300.00000000      0.99956460      0.24816309     -4.88289220      0.01368547     -4.86920673      0.66763325      0.03308833      0.67796885      0.13628007 md_running
   953    476.50000000    263.09199245      1.15664162   2230.90204818    300.00000000      0.99956662      0.24373749     -4.87815931      0.01337820     -4.86478111      0.73440379      0.03271477      0.74499802      0.14990955 md_running
   954    477.00000000    263.30554377      1.13708032   2263.56798716    300.00000000      0.99956684      0.24730641     -4.88147577      0.01292952     -4.86854625      0.74122054      0.03216149      0.75157111      0.15130101 md_running
   955    477.50000000    263.52344709      1.11086073   2371.14568997    300.00000000      0.99956473      0.25905983     -4.89307401      0.01234012     -4.88073389      0.68324343      0.03141989      0.69275638      0.13946648 md_running
   956    478.00000000    263.73401584      1.07912120   2525.87023069    300.00000000      0.99956106      0.27596428     -4.90983771      0.01164503     -4.89819268      0.57734750      0.03052216      0.58534723      0.11785056 md_running
   957    478.50000000    263.94766566      1.04417495   2685.05342601    300.00000000      0.99955720      0.29335586     -4.92700217      0.01090301     -4.91609915      0.45501073      0.02953373      0.46070630      0.09287868 md_running
   958    479.00000000    264.16428800      1.00892951   2811.58772088    300.00000000      0.99955413      0.30718038     -4.94048580      0.01017939     -4.93030641      0.35351804      0.02853684      0.35603607      0.07216157 md_running
   959    479.50000000    264.37980589      0.97625850   2886.26759845    300.00000000      0.99955221      0.31533954     -4.94825345      0.00953081     -4.93872265      0.30356417      0.02761276      0.30274446      0.06196478 md_running
   960    480.00000000    264.59539167      0.94850672   2908.58279230    300.00000000      0.99955138      0.31777759     -4.95032270      0.00899665     -4.94132605      0.30806404      0.02682782      0.30554890      0.06288331 md_running
   961    480.50000000    264.80839468      0.92717857   2890.66874012    300.00000000      0.99955141      0.31582039     -4.94810822      0.00859660     -4.93951162      0.33662351      0.02622457      0.33435896      0.06871299 md_running
   962    481.00000000    265.01816619      0.91282936   2848.85810595    300.00000000      0.99955200      0.31125236     -4.94344237      0.00833257     -4.93510979      0.36119873      0.02581871      0.36021245      0.07372938 md_running
   963    481.50000000    265.23568301      0.90514092   2796.83475531    300.00000000      0.99955291      0.30556854     -4.93782657      0.00819280     -4.92963377      0.37067281      0.02560125      0.37145357      0.07566327 md_running
   964    482.00000000    265.45864798      0.90312745   2742.34317479    300.00000000      0.99955395      0.29961506     -4.93208914      0.00815639     -4.92393274      0.36546611      0.02554430      0.36831458      0.07460046 md_running
   965    482.50000000    265.67511005      0.90539945   2687.25658404    300.00000000      0.99955504      0.29359657     -4.92638236      0.00819748     -4.91818488      0.35163059      0.02560856      0.35672079      0.07177629 md_running
   966    483.00000000    265.88642609      0.91042126   2629.78263587    300.00000000      0.99955620      0.28731724     -4.92046813      0.00828867     -4.91217946      0.33733594      0.02575060      0.34463734      0.06885841 md_running
   967    483.50000000    266.09842071      0.91670768   2567.15033685    300.00000000      0.99955749      0.28047434     -4.91399682      0.00840353     -4.90559329      0.32947392      0.02592841      0.33865924      0.06725358 md_running
   968    484.00000000    266.32055948      0.92293815   2497.87460365    300.00000000      0.99955899      0.27290561     -4.90677444      0.00851815     -4.89825629      0.33061670      0.02610463      0.34112023      0.06748685 md_running
   969    484.50000000    266.53042748      0.92800336   2422.78182135    300.00000000      0.99956073      0.26470134     -4.89887226      0.00861190     -4.89026036      0.33924334      0.02624790      0.35047510      0.06924776 md_running
   970    485.00000000    266.74335552      0.93100635   2344.99342899    300.00000000      0.99956270      0.25620256     -4.89061668      0.00866773     -4.88194895      0.35214182      0.02633284      0.36364738      0.07188065 md_running
   971    485.50000000    266.96264048      0.93124208   2269.26362605    300.00000000      0.99956482      0.24792869     -4.88252439      0.00867212     -4.87385228      0.36628346      0.02633950      0.37777656      0.07476730 md_running
   972    486.00000000    267.17729099      0.92816948   2200.90998817    300.00000000      0.99956694      0.24046071     -4.87517244      0.00861499     -4.86655745      0.37949175      0.02625260      0.39081368      0.07746343 md_running
   973    486.50000000    267.39071039      0.92138490   2144.83073260    300.00000000      0.99956889      0.23433376     -4.86909578      0.00848950     -4.86060628      0.39051962      0.02606070      0.40158548      0.07971448 md_running
   974    487.00000000    267.60211993      0.91060137   2104.89763509    300.00000000      0.99957047      0.22997086     -4.86471446      0.00829195     -4.85642251      0.39907240      0.02575570      0.40982373      0.08146031 md_running
   975    487.50000000    267.80482235      0.89563568   2083.95372438    300.00000000      0.99957151      0.22768263     -4.86233693      0.00802163     -4.85431530      0.40526705      0.02533240      0.41564878      0.08272479 md_running
   976    488.00000000    268.01512301      0.87640356   2084.17980023    300.00000000      0.99957188      0.22770733     -4.86220445      0.00768083     -4.85452361      0.40918170      0.02478844      0.41913462      0.08352387 md_running
   977    488.50000000    268.22895614      0.85292387   2107.24509073    300.00000000      0.99957149      0.23022733     -4.86450976      0.00727479     -4.85723496      0.41067665      0.02412433      0.42013476      0.08382902 md_running
   978    489.00000000    268.44826322      0.82533322   2153.94045525    300.00000000      0.99957031      0.23532904     -4.86935506      0.00681175     -4.86254331      0.40947402      0.02334395      0.41835946      0.08358353 md_running
   979    489.50000000    268.65908889      0.79391320   2223.61718796    300.00000000      0.99956843      0.24294158     -4.87668447      0.00630298     -4.87038149      0.40536547      0.02245526      0.41357837      0.08274488 md_running
   980    490.00000000    268.87925874      0.75913341   2314.00171337    300.00000000      0.99956599      0.25281656     -4.88626446      0.00576284     -4.88050163      0.39822578      0.02147154      0.40563545      0.08128750 md_running
   981    490.50000000    269.09872791      0.72171325   2421.55456295    300.00000000      0.99956321      0.26456726     -4.89772281      0.00520870     -4.89251411      0.38781172      0.02041313      0.39425745      0.07916174 md_running
   982    491.00000000    269.31674225      0.68270164   2541.94562988    300.00000000      0.99956028      0.27772060     -4.91060857      0.00466082     -4.90594775      0.37334422      0.01930972      0.37864333      0.07620857 md_running
   983    491.50000000    269.53175702      0.64356940   2670.12183802    300.00000000      0.99955738      0.29172451     -4.92439737      0.00414182     -4.92025555      0.35347064      0.01820289      0.35743336      0.07215189 md_running
   984    492.00000000    269.75099087      0.60628716   2799.80769819    300.00000000      0.99955464      0.30589335     -4.93843613      0.00367584     -4.93476029      0.32641064      0.01714839      0.32885265      0.06662829 md_running
   985    492.50000000    269.97108882      0.57332928   2922.76637201    300.00000000      0.99955219      0.31932722     -4.95184624      0.00328706     -4.94855918      0.29086057      0.01621620      0.29162836      0.05937166 md_running
   986    493.00000000    270.18832438      0.54749024   3028.41458643    300.00000000      0.99955014      0.33086983     -4.96349997      0.00299746     -4.96050252      0.24735834      0.01548536      0.24639485      0.05049181 md_running
   987    493.50000000    270.41325925      0.53139481   3103.76912446    300.00000000      0.99954861      0.33910270     -4.97198334      0.00282380     -4.96915953      0.20127490      0.01503011      0.19885814      0.04108507 md_running
   988    494.00000000    270.62377943      0.52670916   3134.44038734    300.00000000      0.99954774      0.34245369     -4.97570870      0.00277423     -4.97293447      0.17489968      0.01489758      0.17265425      0.03570125 md_running
   989    494.50000000    270.83830441      0.53331317   3107.54661756    300.00000000      0.99954767      0.33951541     -4.97322419      0.00284423     -4.97037996      0.20898971      0.01508437      0.20979382      0.04265985 md_running
   990    495.00000000    271.05102808      0.54891693   3016.74533299    300.00000000      0.99954857      0.32959490     -4.96375569      0.00301310     -4.96074260      0.30706742      0.01552572      0.31120070      0.06267988 md_running
   991    495.50000000    271.26703029      0.56938858   2868.50922617    300.00000000      0.99955057      0.31339935     -4.94792699      0.00324203     -4.94468496      0.43948151      0.01610474      0.44605448      0.08970879 md_running
   992    496.00000000    271.48122020      0.58959704   2687.30315452    300.00000000      0.99955367      0.29360165     -4.92833635      0.00347625     -4.92486010      0.57949057      0.01667632      0.58779950      0.11828802 md_running
   993    496.50000000    271.68328958      0.60439696   2515.37626936    300.00000000      0.99955751      0.27481776     -4.90962026      0.00365296     -4.90596731      0.69788856      0.01709493      0.70733650      0.14245591 md_running
   994    497.00000000    271.87520278      0.60959212   2400.92553913    300.00000000      0.99956108      0.26231343     -4.89716133      0.00371603     -4.89344531      0.76685137      0.01724187      0.77684995      0.15653288 md_running
   995    497.50000000    272.09119668      0.60273737   2377.08954659    300.00000000      0.99956296      0.25970923     -4.89468912      0.00363292     -4.89105619      0.76928969      0.01704799      0.77924182      0.15703060 md_running
   996    498.00000000    272.30724042      0.58359994   2445.50881036    300.00000000      0.99956229      0.26718438     -4.90239035      0.00340589     -4.89898446      0.70690726      0.01650670      0.71623025      0.14429684 md_running
   997    498.50000000    272.51234252      0.55414314   2577.21810835    300.00000000      0.99955962      0.28157430     -4.91700403      0.00307075     -4.91393329      0.59857530      0.01567353      0.60673082      0.12218367 md_running
   998    499.00000000    272.73164495      0.51810148   2729.41740988    300.00000000      0.99955625      0.29820285     -4.93376624      0.00268429     -4.93108195      0.47044231      0.01465412      0.47694762      0.09602863 md_running
   999    499.50000000    272.94692436      0.48037940   2864.19186817    300.00000000      0.99955326      0.31292765     -4.94853931      0.00230764     -4.94623167      0.34677060      0.01358718      0.35117639      0.07078425 md_running
  1000    500.00000000    273.16569533      0.44642664   2957.48776859    300.00000000      0.99955113      0.32312071     -4.95875431      0.00199297     -4.95676134      0.24691446      0.01262685      0.24878849      0.05040120 max_step
