  step         time_fs     wall_time_s        rti_dist          temp_K     temp_bath_K   thermo_lambda          kin_Ha     pot_real_Ha     pot_rtip_Ha    pot_total_Ha          f_real          f_rtip         f_total      rms_f_real state_decision
     1      0.50000000      9.03430180      8.26176941    150.91082449    300.00000000      1.00049988      0.01720464     -5.74444480      0.20477050     -5.53967430      0.06992500      0.07010344      0.08964955      0.01398500 md_running
     2      1.00000000     20.22349091      8.25087992    153.30523250    300.00000000      1.00048673      0.01747762     -5.74416062      0.20423106     -5.53992956      0.07255506      0.07001104      0.09142750      0.01451101 md_running
     3      1.50000000     39.24313585      8.23845638    156.54796086    300.00000000      1.00046886      0.01784731     -5.74389858      0.20361649     -5.54028209      0.07344113      0.06990562      0.09194406      0.01468823 md_running
     4      2.00000000     39.47235996      8.22449999    160.69936345    300.00000000      1.00044630      0.01832059     -5.74366608      0.20292720     -5.54073888      0.07257837      0.06978720      0.09115580      0.01451567 md_running
     5      2.50000000     39.71158451      8.20901096    165.77403831    300.00000000      1.00041952      0.01889913     -5.74346540      0.20216358     -5.54130181      0.07011924      0.06965577      0.08918465      0.01402385 md_running
     6      3.00000000     44.73015331      8.19198907    171.73642782    300.00000000      1.00038937      0.01957887     -5.74329297      0.20132605     -5.54196691      0.06639377      0.06951133      0.08632052      0.01327875 md_running
     7      3.50000000     55.08001575      8.17343434    178.50186373    300.00000000      1.00035692      0.02035017     -5.74313966      0.20041509     -5.54272458      0.06191444      0.06935389      0.08300204      0.01238289 md_running
     8      4.00000000     55.31537020      8.15334757    185.94539112    300.00000000      1.00032337      0.02119877     -5.74299182      0.19943123     -5.54356059      0.05738283      0.06918345      0.07978133      0.01147657 md_running
     9      4.50000000     55.55342103      8.13173091    193.91904522    300.00000000      1.00028982      0.02210781     -5.74283297      0.19837514     -5.54445783      0.05365232      0.06900002      0.07724959      0.01073046 md_running
    10      5.00000000     60.43468143      8.10858817    202.27616629    300.00000000      1.00025715      0.02306057     -5.74264728      0.19724761     -5.54539967      0.05157163      0.06880365      0.07591345      0.01031433 md_running
    11      5.50000000     60.66055103      8.08392513    210.89853524    300.00000000      1.00022596      0.02404356     -5.74242179      0.19604954     -5.54637225      0.05167711      0.06859438      0.07604930      0.01033542 md_running
    12      6.00000000     60.87794280      8.05774956    219.72055108    300.00000000      1.00019653      0.02504932     -5.74215010      0.19478198     -5.54736812      0.05391823      0.06837227      0.07761492      0.01078365 md_running
    13      6.50000000     61.09988321      8.03007121    228.74525131    300.00000000      1.00016883      0.02607818     -5.74183383      0.19344613     -5.54838770      0.05769726      0.06813741      0.08026972      0.01153945 md_running
    14      7.00000000     61.32525100      8.00090160    238.04758156    300.00000000      1.00014262      0.02713870     -5.74148279      0.19204328     -5.54943952      0.06217365      0.06788990      0.08348767      0.01243473 md_running
    15      7.50000000     61.54316649      7.97025380    247.76254684    300.00000000      1.00011753      0.02824626     -5.74111399      0.19057484     -5.55053915      0.06654464      0.06762985      0.08669599      0.01330893 md_running
    16      8.00000000     61.75680479      7.93814218    258.05923282    300.00000000      1.00009317      0.02942013     -5.74074865      0.18904230     -5.55170635      0.07016840      0.06735737      0.08937520      0.01403368 md_running
    17      8.50000000     61.97622493      7.90458218    269.10508813    300.00000000      1.00006920      0.03067942     -5.74040764      0.18744726     -5.55296038      0.07258675      0.06707260      0.09111741      0.01451735 md_running
    18      9.00000000     62.18662642      7.86959014    281.02776185    300.00000000      1.00004546      0.03203867     -5.74010764      0.18579135     -5.55431629      0.07351253      0.06677569      0.09164913      0.01470251 md_running
    19      9.50000000     62.40336101      7.83318319    293.88275573    300.00000000      1.00002194      0.03350421     -5.73985690      0.18407628     -5.55578062      0.07282439      0.06646676      0.09084667      0.01456488 md_running
    20     10.00000000     62.61714777      7.79537926    307.63398591    300.00000000      0.99999881      0.03507192     -5.73965316      0.18230381     -5.55734934      0.07056544      0.06614599      0.08874283      0.01411309 md_running
    21     10.50000000     62.82241937      7.75619708    322.15187933    300.00000000      0.99997636      0.03672704     -5.73948349      0.18047578     -5.55900771      0.06696046      0.06581351      0.08553877      0.01339209 md_running
    22     11.00000000     63.03526200      7.71565634    337.23083037    300.00000000      0.99995490      0.03844612     -5.73932612      0.17859406     -5.56073206      0.06244676      0.06546952      0.08161407      0.01248935 md_running
    23     11.50000000     63.25075176      7.67377784    352.62314777    300.00000000      0.99993474      0.04020093     -5.73915451      0.17666060     -5.56249391      0.05771036      0.06511416      0.07752485      0.01154207 md_running
    24     12.00000000     63.46578258      7.63058365    368.08322507    300.00000000      0.99991608      0.04196346     -5.73894237      0.17467742     -5.56426495      0.05370395      0.06474765      0.07397362      0.01074079 md_running
    25     12.50000000     63.68471864      7.58609733    383.41306978    300.00000000      0.99989899      0.04371114     -5.73866896      0.17264662     -5.56602235      0.05151888      0.06437017      0.07169661      0.01030378 md_running
    26     13.00000000     63.90053462      7.54034408    398.49954275    300.00000000      0.99988346      0.04543108     -5.73832328      0.17057037     -5.56775291      0.05197060      0.06398194      0.07124127      0.01039412 md_running
    27     13.50000000     64.11705740      7.49335098    413.33631777    300.00000000      0.99986933      0.04712255     -5.73790696      0.16845093     -5.56945603      0.05510625      0.06358319      0.07273487      0.01102125 md_running
    28     14.00000000     64.32208318      7.44514690    428.02361392    300.00000000      0.99985639      0.04879698     -5.73743376      0.16629064     -5.57114312      0.06016840      0.06317417      0.07580171      0.01203368 md_running
    29     14.50000000     64.53538304      7.39576246    442.74321402    300.00000000      0.99984439      0.05047510     -5.73692721      0.16409191     -5.57283530      0.06603889      0.06275513      0.07970681      0.01320778 md_running
    30     15.00000000     64.74894053      7.34522987    457.71573863    300.00000000      0.99983306      0.05218204     -5.73641540      0.16185721     -5.57455820      0.07164924      0.06232634      0.08359520      0.01432985 md_running
    31     15.50000000     64.95455872      7.29358280    473.14921542    300.00000000      0.99982220      0.05394154     -5.73592478      0.15958905     -5.57633573      0.07616923      0.06188810      0.08669786      0.01523385 md_running
    32     16.00000000     65.16764143      7.24085622    489.19048204    300.00000000      0.99981167      0.05577033     -5.73547516      0.15729000     -5.57818517      0.07903225      0.06144070      0.08843121      0.01580645 md_running
    33     16.50000000     65.36891458      7.18708622    505.89081087    300.00000000      0.99980141      0.05767426     -5.73507505      0.15496263     -5.58011242      0.07994066      0.06098445      0.08845011      0.01598813 md_running
    34     17.00000000     65.58671224      7.13231001    523.19345567    300.00000000      0.99979143      0.05964685     -5.73472057      0.15260954     -5.58211103      0.07885150      0.06051966      0.08665781      0.01577030 md_running
    35     17.50000000     65.80599021      7.07656578    540.94545627    300.00000000      0.99978181      0.06167068     -5.73439668      0.15023335     -5.58416333      0.07597503      0.06004665      0.08320890      0.01519501 md_running
    36     18.00000000     66.02012548      7.01989274    558.92828180    300.00000000      0.99977262      0.06372082     -5.73408096      0.14783668     -5.58624427      0.07176946      0.05956577      0.07849807      0.01435389 md_running
    37     18.50000000     66.22593183      6.96233107    576.89867327    300.00000000      0.99976397      0.06576954     -5.73374780      0.14542216     -5.58832563      0.06693270      0.05907734      0.07314255      0.01338654 md_running
    38     19.00000000     66.44151319      6.90392207    594.63066427    300.00000000      0.99975590      0.06779108     -5.73337399      0.14299242     -5.59038157      0.06237005      0.05858172      0.06794653      0.01247401 md_running
    39     19.50000000     66.65491504      6.84470830    611.95058132    300.00000000      0.99974846      0.06976564     -5.73294205      0.14055010     -5.59239196      0.05907862      0.05807928      0.06380685      0.01181572 md_running
    40     20.00000000     66.86889283      6.78473361    628.75753611    300.00000000      0.99974162      0.07168172     -5.73244314      0.13809783     -5.59434531      0.05789383      0.05757037      0.06151418      0.01157877 md_running
    41     20.50000000     67.07718410      6.72404322    645.02992853    300.00000000      0.99973534      0.07353686     -5.73187718      0.13563827     -5.59623890      0.05913504      0.05705540      0.06146886      0.01182701 md_running
    42     21.00000000     67.29908802      6.66268334    660.81906362    300.00000000      0.99972957      0.07533691     -5.73125305      0.13317405     -5.59807900      0.06246872      0.05653474      0.06349930      0.01249374 md_running
    43     21.50000000     67.52310887      6.60070081    676.22745968    300.00000000      0.99972422      0.07709355     -5.73058495      0.13070775     -5.59987720      0.06714163      0.05600880      0.06697209      0.01342833 md_running
    44     22.00000000     67.74567824      6.53814300    691.38435904    300.00000000      0.99971921      0.07882152     -5.72989046      0.12824194     -5.60164852      0.07231324      0.05547798      0.07109117      0.01446265 md_running
    45     22.50000000     67.96534080      6.47505753    706.42516547    300.00000000      0.99971448      0.08053625     -5.72918748      0.12577911     -5.60340837      0.07727905      0.05494269      0.07513508      0.01545581 md_running
    46     23.00000000     68.18302641      6.41149208    721.47221587    300.00000000      0.99970997      0.08225169     -5.72849263      0.12332169     -5.60517094      0.08153389      0.05440331      0.07855320      0.01630678 md_running
    47     23.50000000     68.39585129      6.34749425    736.62604424    300.00000000      0.99970562      0.08397931     -5.72781949      0.12087205     -5.60694744      0.08474474      0.05386027      0.08098036      0.01694895 md_running
    48     24.00000000     68.60926729      6.28311100    751.96670317    300.00000000      0.99970141      0.08572823     -5.72717957      0.11843245     -5.60874711      0.08672225      0.05331396      0.08220874      0.01734445 md_running
    49     24.50000000     68.82648988      6.21838745    767.55014189    300.00000000      0.99969731      0.08750482     -5.72658146      0.11600503     -5.61057644      0.08742396      0.05276477      0.08217216      0.01748479 md_running
    50     25.00000000     69.04144777      6.15336634    783.40830861    300.00000000      0.99969331      0.08931274     -5.72603078      0.11359175     -5.61243903      0.08691485      0.05221304      0.08093434      0.01738297 md_running
    51     25.50000000     69.25260420      6.08808676    799.53207833    300.00000000      0.99968940      0.09115094     -5.72552891      0.11119440     -5.61433451      0.08541162      0.05165913      0.07866879      0.01708232 md_running
    52     26.00000000     69.46864836      6.02258549    815.85528368    300.00000000      0.99968559      0.09301187     -5.72506923      0.10881461     -5.61625462      0.08322389      0.05110333      0.07566854      0.01664478 md_running
    53     26.50000000     69.68632827      5.95689766    832.28458411    300.00000000      0.99968189      0.09488490     -5.72464247      0.10645389     -5.61818858      0.08069736      0.05054595      0.07233656      0.01613947 md_running
    54     27.00000000     69.90457387      5.89105497    848.71807788    300.00000000      0.99967833      0.09675840     -5.72423864      0.10411359     -5.62012506      0.07827207      0.04998726      0.06916976      0.01565441 md_running
    55     27.50000000     70.12026783      5.82508533    865.05047652    300.00000000      0.99967492      0.09862038     -5.72384663      0.10179486     -5.62205177      0.07640299      0.04942749      0.06670800      0.01528060 md_running
    56     28.00000000     70.33315217      5.75901264    881.19314336    300.00000000      0.99967166      0.10046073     -5.72345704      0.09949868     -5.62395837      0.07548352      0.04886684      0.06543260      0.01509670 md_running
    57     28.50000000     70.53921019      5.69285700    897.08545915    300.00000000      0.99966856      0.10227254     -5.72306415      0.09722586     -5.62583829      0.07575118      0.04830549      0.06560923      0.01515024 md_running
    58     29.00000000     70.75821373      5.62663618    912.70816936    300.00000000      0.99966563      0.10405362     -5.72266590      0.09497710     -5.62768880      0.07716464      0.04774359      0.06716881      0.01543293 md_running
    59     29.50000000     70.97213893      5.56036677    928.08745937    300.00000000      0.99966284      0.10580694     -5.72226625      0.09275304     -5.62951321      0.07944617      0.04718128      0.06972427      0.01588923 md_running
    60     30.00000000     71.18585605      5.49406624    943.28581302    300.00000000      0.99966017      0.10753963     -5.72187281      0.09055429     -5.63131852      0.08213108      0.04661870      0.07269938      0.01642622 md_running
    61     30.50000000     71.38993946      5.42775433    958.40538686    300.00000000      0.99965762      0.10926334     -5.72149764      0.08838155     -5.63311609      0.08467501      0.04605602      0.07549688      0.01693500 md_running
    62     31.00000000     71.60295855      5.36145217    973.59480565    300.00000000      0.99965515      0.11099502     -5.72115870      0.08623551     -5.63492319      0.08661450      0.04549343      0.07765378      0.01732290 md_running
    63     31.50000000     71.81818482      5.29517995    989.00841476    300.00000000      0.99965274      0.11275225     -5.72087481      0.08411679     -5.63675802      0.08760483      0.04493109      0.07880423      0.01752097 md_running
    64     32.00000000     72.03130342      5.22895614   1004.74610686    300.00000000      0.99965035      0.11454643     -5.72065837      0.08202595     -5.63863242      0.08747572      0.04436916      0.07877439      0.01749514 md_running
    65     32.50000000     72.24403988      5.16279690   1020.82106122    300.00000000      0.99964798      0.11637906     -5.72051101      0.07996342     -5.64054759      0.08625347      0.04380778      0.07758589      0.01725069 md_running
    66     33.00000000     72.46199052      5.09671622   1037.15191964    300.00000000      0.99964565      0.11824087     -5.72042432      0.07792955     -5.64249477      0.08416481      0.04324707      0.07547745      0.01683296 md_running
    67     33.50000000     72.68657612      5.03072610   1053.58964446    300.00000000      0.99964336      0.12011486     -5.72038003      0.07592462     -5.64445542      0.08155730      0.04268713      0.07285244      0.01631146 md_running
    68     34.00000000     72.90623970      4.96483530   1069.98098243    300.00000000      0.99964114      0.12198356     -5.72036155      0.07394877     -5.64641278      0.07884315      0.04212802      0.07027025      0.01576863 md_running
    69     34.50000000     73.12109546      4.89904483   1086.19026053    300.00000000      0.99963900      0.12383150     -5.72035305      0.07200192     -5.64835113      0.07662618      0.04156977      0.06835276      0.01532524 md_running
    70     35.00000000     73.33835511      4.83335065   1102.10206831    300.00000000      0.99963695      0.12564553     -5.72034064      0.07008384     -5.65025680      0.07540671      0.04101234      0.06762632      0.01508134 md_running
    71     35.50000000     73.55287261      4.76774492   1117.64335323    300.00000000      0.99963501      0.12741732     -5.72031643      0.06819417     -5.65212226      0.07549176      0.04045566      0.06834895      0.01509835 md_running
    72     36.00000000     73.76684660      4.70221858   1132.76884699    300.00000000      0.99963317      0.12914171     -5.72027428      0.06633258     -5.65394170      0.07690600      0.03989965      0.07041626      0.01538120 md_running
    73     36.50000000     73.97703846      4.63676538   1147.49491197    300.00000000      0.99963142      0.13082056     -5.72021508      0.06449878     -5.65571630      0.07932689      0.03934426      0.07349110      0.01586538 md_running
    74     37.00000000     74.18642862      4.57137972   1161.94177930    300.00000000      0.99962977      0.13246758     -5.72015259      0.06269254     -5.65746005      0.08226833      0.03878944      0.07708357      0.01645367 md_running
    75     37.50000000     74.39755508      4.50605382   1176.28874736    300.00000000      0.99962817      0.13410321     -5.72010776      0.06091356     -5.65919420      0.08526699      0.03823513      0.08067425      0.01705340 md_running
    76     38.00000000     74.60922615      4.44077855   1190.71858964    300.00000000      0.99962661      0.13574829     -5.72010112      0.05916154     -5.66093958      0.08789588      0.03768126      0.08381840      0.01757918 md_running
    77     38.50000000     74.81621647      4.37554363   1205.38477309    300.00000000      0.99962508      0.13742032     -5.72015019      0.05743615     -5.66271405      0.08981172      0.03712772      0.08616983      0.01796234 md_running
    78     39.00000000     75.02693065      4.31033786   1220.38187458    300.00000000      0.99962355      0.13913007     -5.72026546      0.05573704     -5.66452843      0.09078729      0.03657443      0.08750398      0.01815746 md_running
    79     39.50000000     75.24821469      4.24514948   1235.73415402    300.00000000      0.99962202      0.14088031     -5.72044942      0.05406388     -5.66638554      0.09069366      0.03602129      0.08769551      0.01813873 md_running
    80     40.00000000     75.46042167      4.17996675   1251.39928429    300.00000000      0.99962050      0.14266622     -5.72069688      0.05241637     -5.66828051      0.08951605      0.03546819      0.08673030      0.01790321 md_running
    81     40.50000000     75.67130876      4.11477875   1267.27941536    300.00000000      0.99961898      0.14447664     -5.72099625      0.05079421     -5.67020204      0.08733161      0.03491506      0.08468453      0.01746632 md_running
    82     41.00000000     75.88298878      4.04957614   1283.24439712    300.00000000      0.99961749      0.14629673     -5.72133239      0.04919720     -5.67213519      0.08430055      0.03436179      0.08172466      0.01686011 md_running
    83     41.50000000     76.09302734      3.98435139   1299.15615467    300.00000000      0.99961604      0.14811076     -5.72168891      0.04762517     -5.67406374      0.08066064      0.03380834      0.07809014      0.01613213 md_running
    84     42.00000000     76.29765138      3.91909907   1314.88251068    300.00000000      0.99961463      0.14990364     -5.72205116      0.04607801     -5.67597315      0.07671743      0.03325466      0.07408875      0.01534349 md_running
    85     42.50000000     76.50733497      3.85381609   1330.31197868    300.00000000      0.99961328      0.15166269     -5.72240581      0.04455570     -5.67785012      0.07283449      0.03270071      0.07009581      0.01456690 md_running
    86     43.00000000     76.71094180      3.78850159   1345.35949901    300.00000000      0.99961199      0.15337818     -5.72274325      0.04305823     -5.67968501      0.06939947      0.03214650      0.06651335      0.01387989 md_running
    87     43.50000000     76.92117965      3.72315694   1359.96517627    300.00000000      0.99961076      0.15504331     -5.72305700      0.04158569     -5.68147130      0.06677217      0.03159203      0.06371945      0.01335443 md_running
    88     44.00000000     77.13570681      3.65778581   1374.07041845    300.00000000      0.99960959      0.15665138     -5.72334039      0.04013819     -5.68320220      0.06514303      0.03103734      0.06189996      0.01302861 md_running
    89     44.50000000     77.34775047      3.59239524   1387.61806374    300.00000000      0.99960849      0.15819589     -5.72358681      0.03871591     -5.68487090      0.06455443      0.03048248      0.06112065      0.01291089 md_running
    90     45.00000000     77.55357659      3.52699522   1400.58086499    300.00000000      0.99960746      0.15967372     -5.72379307      0.03731909     -5.68647398      0.06485373      0.02992755      0.06124992      0.01297075 md_running
    91     45.50000000     77.75572541      3.46159797   1412.95309249    300.00000000      0.99960649      0.16108422     -5.72395948      0.03594798     -5.68801150      0.06571541      0.02937263      0.06196003      0.01314308 md_running
    92     46.00000000     77.97206278      3.39621760   1424.72155342    300.00000000      0.99960558      0.16242588     -5.72408452      0.03460288     -5.68948164      0.06673747      0.02881786      0.06282061      0.01334749 md_running
    93     46.50000000     78.18269999      3.33087058   1435.87142517    300.00000000      0.99960474      0.16369703     -5.72416608      0.03328410     -5.69088198      0.06756577      0.02826337      0.06347293      0.01351315 md_running
    94     47.00000000     78.38940451      3.26557497   1446.41383712    300.00000000      0.99960395      0.16489892     -5.72420651      0.03199194     -5.69221457      0.06792175      0.02770932      0.06364427      0.01358435 md_running
    95     47.50000000     78.59444770      3.20034912   1456.36193472    300.00000000      0.99960321      0.16603306     -5.72420741      0.03072670     -5.69348071      0.06762823      0.02715586      0.06314956      0.01352565 md_running
    96     48.00000000     78.80604414      3.13521111   1465.69629434    300.00000000      0.99960253      0.16709722     -5.72416700      0.02948865     -5.69467835      0.06663815      0.02660315      0.06193476      0.01332763 md_running
    97     48.50000000     79.01569948      3.07017835   1474.35805117    300.00000000      0.99960190      0.16808471     -5.72407855      0.02827799     -5.69580056      0.06504173      0.02605133      0.06009057      0.01300835 md_running
    98     49.00000000     79.22864316      3.00526731   1482.25001419    300.00000000      0.99960133      0.16898444     -5.72393116      0.02709489     -5.69683627      0.06305085      0.02550054      0.05783624      0.01261017 md_running
    99     49.50000000     79.43266004      2.94049328   1489.26126921    300.00000000      0.99960082      0.16978376     -5.72371095      0.02593950     -5.69777145      0.06093573      0.02495091      0.05549125      0.01218715 md_running
   100     50.00000000     79.63905849      2.87586873   1495.31676252    300.00000000      0.99960038      0.17047411     -5.72341049      0.02481186     -5.69859862      0.05897986      0.02440256      0.05343358      0.01179597 md_running
   101     50.50000000     79.83718348      2.81140004   1500.32415264    300.00000000      0.99960000      0.17104498     -5.72301996      0.02371191     -5.69930805      0.05757120      0.02385552      0.05202192      0.01151424 md_running
   102     51.00000000     80.05049761      2.74709109   1504.14197055    300.00000000      0.99959971      0.17148024     -5.72252106      0.02263953     -5.69988153      0.05696882      0.02330984      0.05152936      0.01139376 md_running
   103     51.50000000     80.26183275      2.68294420   1506.65164018    300.00000000      0.99959950      0.17176635     -5.72190077      0.02159457     -5.70030620      0.05727889      0.02276554      0.05207570      0.01145578 md_running
   104     52.00000000     80.47102868      2.61895972   1507.78289428    300.00000000      0.99959937      0.17189532     -5.72114989      0.02057685     -5.70057304      0.05844051      0.02222261      0.05357452      0.01168810 md_running
   105     52.50000000     80.68138884      2.55513615   1507.51418526    300.00000000      0.99959935      0.17186469     -5.72026652      0.01958616     -5.70068036      0.06022840      0.02168105      0.05574820      0.01204568 md_running
   106     53.00000000     80.89242309      2.49147071   1505.86626438    300.00000000      0.99959941      0.17167681     -5.71925213      0.01862228     -5.70062985      0.06233345      0.02114083      0.05823137      0.01246669 md_running
   107     53.50000000     81.10269492      2.42796036   1502.88441366    300.00000000      0.99959956      0.17133687     -5.71811211      0.01768497     -5.70042714      0.06444291      0.02060193      0.06067021      0.01288858 md_running
   108     54.00000000     81.31350305      2.36460305   1498.61298288    300.00000000      0.99959980      0.17084990     -5.71685106      0.01677404     -5.70007702      0.06630673      0.02006432      0.06278914      0.01326135 md_running
   109     54.50000000     81.52692532      2.30139907   1493.07102638    300.00000000      0.99960013      0.17021809     -5.71547122      0.01588931     -5.69958190      0.06776123      0.01952802      0.06441233      0.01355225 md_running
   110     55.00000000     81.74212171      2.23835241   1486.23803220    300.00000000      0.99960055      0.16943909     -5.71396972      0.01503066     -5.69893906      0.06873083      0.01899305      0.06546196      0.01374617 md_running
   111     55.50000000     81.94717387      2.17547186   1478.05718749    300.00000000      0.99960105      0.16850643     -5.71233976      0.01419803     -5.69814172      0.06922633      0.01845949      0.06595793      0.01384527 md_running
   112     56.00000000     82.15706022      2.11277143   1468.44276879    300.00000000      0.99960166      0.16741034     -5.71057146      0.01339141     -5.69718005      0.06937185      0.01792746      0.06603583      0.01387437 md_running
   113     56.50000000     82.37066892      2.05027065   1457.27866708    300.00000000      0.99960238      0.16613757     -5.70865189      0.01261083     -5.69604106      0.06938808      0.01739712      0.06592381      0.01387762 md_running
   114     57.00000000     82.58194833      1.98799546   1444.42056844    300.00000000      0.99960323      0.16467168     -5.70656359      0.01185638     -5.69470721      0.06955729      0.01686870      0.06591349      0.01391146 md_running
   115     57.50000000     82.79075859      1.92597922   1429.72692961    300.00000000      0.99960422      0.16299652     -5.70429039      0.01112819     -5.69316220      0.07020850      0.01634248      0.06636108      0.01404170 md_running
   116     58.00000000     82.99919967      1.86426286   1413.08755693    300.00000000      0.99960537      0.16109954     -5.70181969      0.01042643     -5.69139326      0.07161617      0.01581879      0.06756509      0.01432323 md_running
   117     58.50000000     83.21106443      1.80289534   1394.42219491    300.00000000      0.99960669      0.15897159     -5.69914277      0.00975129     -5.68939147      0.07397160      0.01529807      0.06973504      0.01479432 md_running
   118     59.00000000     83.41917685      1.74193427   1373.68482964    300.00000000      0.99960821      0.15660742     -5.69625334      0.00910301     -5.68715033      0.07731693      0.01478080      0.07292449      0.01546339 md_running
   119     59.50000000     83.62761492      1.68144627   1350.89603808    300.00000000      0.99960994      0.15400938     -5.69315394      0.00848178     -5.68467216      0.08149571      0.01426754      0.07698578      0.01629914 md_running
   120     60.00000000     83.83889815      1.62150585   1326.14007495    300.00000000      0.99961189      0.15118707     -5.68985465      0.00788784     -5.68196681      0.08626325      0.01375893      0.08166472      0.01725265 md_running
   121     60.50000000     84.05144131      1.56219517   1299.53182739    300.00000000      0.99961409      0.14815358     -5.68636863      0.00732136     -5.67904727      0.09131828      0.01325567      0.08665033      0.01826366 md_running
   122     61.00000000     84.26250689      1.50360318   1271.19313175    300.00000000      0.99961653      0.14492282     -5.68271004      0.00678247     -5.67592757      0.09638789      0.01275850      0.09165910      0.01927758 md_running
   123     61.50000000     84.47624443      1.44582511   1241.22152507    300.00000000      0.99961923      0.14150590     -5.67888972      0.00627123     -5.67261849      0.10127317      0.01226823      0.09648491      0.02025463 md_running
   124     62.00000000     84.68979845      1.38896208   1209.68113216    300.00000000      0.99962223      0.13791012     -5.67491483      0.00578765     -5.66912718      0.10585607      0.01178573      0.10100806      0.02117121 md_running
   125     62.50000000     84.90417581      1.33312050   1176.61507676    300.00000000      0.99962554      0.13414042     -5.67078979      0.00533163     -5.66545816      0.11010851      0.01131190      0.10520449      0.02202170 md_running
   126     63.00000000     85.11660835      1.27841105   1142.05957774    300.00000000      0.99962920      0.13020090     -5.66651831      0.00490300     -5.66161531      0.11409816      0.01084768      0.10914895      0.02281963 md_running
   127     63.50000000     85.32631742      1.22494759   1106.05395541    300.00000000      0.99963326      0.12609607     -5.66210461      0.00450149     -5.65760312      0.11797708      0.01039402      0.11300188      0.02359542 md_running
   128     64.00000000     85.53455691      1.17284624   1068.65905852    300.00000000      0.99963776      0.12183285     -5.65755466      0.00412670     -5.65342795      0.12192700      0.00995193      0.11695343      0.02438540 md_running
   129     64.50000000     85.75016013      1.12222428   1029.97695484    300.00000000      0.99964276      0.11742289     -5.65287938      0.00377816     -5.64910122      0.12611953      0.00952239      0.12118185      0.02522391 md_running
   130     65.00000000     85.97204917      1.07319902    990.16121299    300.00000000      0.99964831      0.11288368     -5.64809556      0.00345527     -5.64464029      0.13068958      0.00910640      0.12582484      0.02613792 md_running
   131     65.50000000     86.18779736      1.02588654    949.42104906    300.00000000      0.99965448      0.10823908     -5.64322625      0.00315733     -5.64006892      0.13570549      0.00870494      0.13094932      0.02714110 md_running
   132     66.00000000     86.40715947      0.98040060    908.02344451    300.00000000      0.99966132      0.10351953     -5.63830130      0.00288356     -5.63541774      0.14116797      0.00831897      0.13655106      0.02823359 md_running
   133     66.50000000     86.61995634      0.93685138    866.29227607    300.00000000      0.99966889      0.09876196     -5.63335614      0.00263307     -5.63072307      0.14701245      0.00794945      0.14255797      0.02940249 md_running
   134     67.00000000     86.84583013      0.89534443    824.59989552    300.00000000      0.99967724      0.09400880     -5.62843290      0.00240492     -5.62602798      0.15312081      0.00759725      0.14884334      0.03062416 md_running
   135     67.50000000     87.06756832      0.85597956    783.35214201    300.00000000      0.99968640      0.08930634     -5.62357684      0.00219810     -5.62137874      0.15935532      0.00726323      0.15526080      0.03187106 md_running
   136     68.00000000     87.28959292      0.81885013    742.98510940    300.00000000      0.99969639      0.08470428     -5.61883642      0.00201155     -5.61682488      0.16553624      0.00694817      0.16162479      0.03310725 md_running
   137     68.50000000     87.50306709      0.78404135    703.97049100    300.00000000      0.99970720      0.08025640     -5.61426478      0.00184416     -5.61242061      0.17147945      0.00665281      0.16774695      0.03429589 md_running
   138     69.00000000     87.71493592      0.75162823    666.80510742    300.00000000      0.99971875      0.07601935     -5.60991757      0.00169483     -5.60822273      0.17703393      0.00637778      0.17347210      0.03540679 md_running
   139     69.50000000     87.92618456      0.72167474    631.99608556    300.00000000      0.99973091      0.07205094     -5.60585192      0.00156244     -5.60428947      0.18206302      0.00612361      0.17866088      0.03641260 md_running
   140     70.00000000     88.13735947      0.69423287    600.04318546    300.00000000      0.99974347      0.06840813     -5.60212428      0.00144588     -5.60067841      0.18646745      0.00589076      0.18321222      0.03729349 md_running
   141     70.50000000     88.35253572      0.66934195    571.41578747    300.00000000      0.99975611      0.06514446     -5.59878753      0.00134406     -5.59744348      0.19017745      0.00567955      0.18705546      0.03803549 md_running
   142     71.00000000     88.56329204      0.64702811    546.53309454    300.00000000      0.99976842      0.06230770     -5.59588885      0.00125594     -5.59463292      0.19315741      0.00549022      0.19015466      0.03863148 md_running
   143     71.50000000     88.76827566      0.62730406    525.74547989    300.00000000      0.99977990      0.05993780     -5.59346787      0.00118053     -5.59228734      0.19541281      0.00532285      0.19251543      0.03908256 md_running
   144     72.00000000     88.97774408      0.61016916    509.32490398    300.00000000      0.99979000      0.05806577     -5.59155523      0.00111692     -5.59043831      0.19696571      0.00517746      0.19416057      0.03939314 md_running
   145     72.50000000     89.17948552      0.59560957    497.45964444    300.00000000      0.99979817      0.05671306     -5.59017195      0.00106425     -5.58910770      0.19787560      0.00505391      0.19515000      0.03957512 md_running
   146     73.00000000     89.38702540      0.58359938    490.25767946    300.00000000      0.99980395      0.05589200     -5.58932992      0.00102176     -5.58830816      0.19819255      0.00495200      0.19553459      0.03963851 md_running
   147     73.50000000     89.59609404      0.57410174    487.75817020    300.00000000      0.99980697      0.05560704     -5.58903347      0.00098878     -5.58804469      0.19796039      0.00487141      0.19535848      0.03959208 md_running
   148     74.00000000     89.80847925      0.56707072    489.93962010    300.00000000      0.99980707      0.05585574     -5.58928008      0.00096471     -5.58831538      0.19720202      0.00481175      0.19464422      0.03944040 md_running
   149     74.50000000     90.01853926      0.56245394    496.72796026    300.00000000      0.99980426      0.05662965     -5.59006127      0.00094906     -5.58911221      0.19590522      0.00477258      0.19337854      0.03918104 md_running
   150     75.00000000     90.22645042      0.56019569    508.00343809    300.00000000      0.99979877      0.05791511     -5.59136345      0.00094146     -5.59042199      0.19401488      0.00475342      0.19150488      0.03880298 md_running
   151     75.50000000     90.43772004      0.56024006    523.60022934    300.00000000      0.99979096      0.05969323     -5.59316821      0.00094161     -5.59222660      0.19145151      0.00475379      0.18894182      0.03829030 md_running
   152     76.00000000     90.64938560      0.56253380    543.29756920    300.00000000      0.99978129      0.06193883     -5.59545063      0.00094933     -5.59450129      0.18813431      0.00477326      0.18560644      0.03762686 md_running
   153     76.50000000     90.86384898      0.56702895    566.80663456    300.00000000      0.99977030      0.06461899     -5.59817822      0.00096457     -5.59721366      0.18402094      0.00481140      0.18145430      0.03680419 md_running
   154     77.00000000     91.07364675      0.57368474    593.75754427    300.00000000      0.99975850      0.06769154     -5.60130955      0.00098734     -5.60032221      0.17913783      0.00486788      0.17651035      0.03582757 md_running
   155     77.50000000     91.28495855      0.58246871    623.69632808    300.00000000      0.99974638      0.07110472     -5.60479303      0.00101781     -5.60377522      0.17359039      0.00494241      0.17087973      0.03471808 md_running
   156     78.00000000     91.49536418      0.59335649    656.09228101    300.00000000      0.99973433      0.07479803     -5.60856869      0.00105622     -5.60751247      0.16757195      0.00503480      0.16475689      0.03351439 md_running
   157     78.50000000     91.70553350      0.60633070    690.35641589    300.00000000      0.99972268      0.07870433     -5.61256994      0.00110291     -5.61146703      0.16134406      0.00514489      0.15840651      0.03226881 md_running
   158     79.00000000     91.92479898      0.62137905    725.87094338    300.00000000      0.99971167      0.08275317     -5.61672641      0.00115834     -5.61556807      0.15520329      0.00527258      0.15213080      0.03104066 md_running
   159     79.50000000     92.13363568      0.63849146    762.02352424    300.00000000      0.99970143      0.08687476     -5.62096884      0.00122301     -5.61974583      0.14944448      0.00541778      0.14623273      0.02988890 md_running
   160     80.00000000     92.34825158      0.65765694    798.24198679    300.00000000      0.99969206      0.09100386     -5.62523235      0.00129754     -5.62393481      0.14431697      0.00558040      0.14097149      0.02886339 md_running
   161     80.50000000     92.55972145      0.67886031    834.02365694    300.00000000      0.99968357      0.09508316     -5.62946001      0.00138255     -5.62807745      0.13999216      0.00576032      0.13652860      0.02799843 md_running
   162     81.00000000     92.77242344      0.70207951    868.95486953    300.00000000      0.99967593      0.09906551     -5.63360527      0.00147875     -5.63212652      0.13654697      0.00595734      0.13299032      0.02730939 md_running
   163     81.50000000     92.98617180      0.72728327    902.71809348    300.00000000      0.99966910      0.10291469     -5.63763244      0.00158682     -5.63604562      0.13395466      0.00617120      0.13033667      0.02679093 md_running
   164     82.00000000     93.19775324      0.75442931    935.08890160    300.00000000      0.99966300      0.10660514     -5.64151668      0.00170749     -5.63980919      0.13210214      0.00640154      0.12845777      0.02642043 md_running
   165     82.50000000     93.39915970      0.78346353    965.92121106    300.00000000      0.99965758      0.11012019     -5.64524192      0.00184145     -5.64340047      0.13081719      0.00664791      0.12718137      0.02616344 md_running
   166     83.00000000     93.61043701      0.81431969    995.12624096    300.00000000      0.99965275      0.11344972     -5.64879877      0.00198935     -5.64680942      0.12990181      0.00690973      0.12630631      0.02598036 md_running
   167     83.50000000     93.81517936      0.84692030   1022.65279037    300.00000000      0.99964846      0.11658789     -5.65218172      0.00215182     -5.65002990      0.12916765      0.00718636      0.12563853      0.02583353 md_running
   168     84.00000000     94.02472166      0.88117874   1048.47055152    300.00000000      0.99964463      0.11953125     -5.65538787      0.00232943     -5.65305844      0.12845190      0.00747705      0.12500925      0.02569038 md_running
   169     84.50000000     94.23815138      0.91700160   1072.55599959    300.00000000      0.99964123      0.12227712     -5.65841491      0.00252268     -5.65589223      0.12761461      0.00778102      0.12427316      0.02552292 md_running
   170     85.00000000     94.44940309      0.95429108   1094.88313049    300.00000000      0.99963820      0.12482254     -5.66126023      0.00273201     -5.65852821      0.12655308      0.00809743      0.12332252      0.02531062 md_running
   171     85.50000000     94.66031010      0.99294731   1115.42046135    300.00000000      0.99963552      0.12716390     -5.66392029      0.00295783     -5.66096246      0.12520476      0.00842544      0.12209048      0.02504095 md_running
   172     86.00000000     94.86876369      1.03287081   1134.13371546    300.00000000      0.99963315      0.12929731     -5.66639123      0.00320047     -5.66319076      0.12354997      0.00876420      0.12055415      0.02470999 md_running
   173     86.50000000     95.07939879      1.07396439   1150.99499504    300.00000000      0.99963108      0.13121959     -5.66867005      0.00346020     -5.66520985      0.12160577      0.00911289      0.11872812      0.02432115 md_running
   174     87.00000000     95.28518225      1.11613489   1165.98825085    300.00000000      0.99962928      0.13292890     -5.67075478      0.00373727     -5.66701751      0.11941440      0.00947072      0.11665275      0.02388288 md_running
   175     87.50000000     95.48565137      1.15929438   1179.11215685    300.00000000      0.99962773      0.13442510     -5.67264532      0.00403189     -5.66861343      0.11705660      0.00983694      0.11440789      0.02341132 md_running
   176     88.00000000     95.69613994      1.20336103   1190.38137166    300.00000000      0.99962641      0.13570985     -5.67434332      0.00434423     -5.66999908      0.11463634      0.01021086      0.11209736      0.02292727 md_running
   177     88.50000000     95.90395481      1.24825957   1199.82006308    300.00000000      0.99962532      0.13678591     -5.67585165      0.00467446     -5.67117720      0.11227127      0.01059183      0.10984047      0.02245425 md_running
   178     89.00000000     96.10581248      1.29392100   1207.46057831    300.00000000      0.99962443      0.13765697     -5.67717370      0.00502269     -5.67215101      0.11007907      0.01097928      0.10775521      0.02201581 md_running
   179     89.50000000     96.31690223      1.34028258   1213.34987986    300.00000000      0.99962374      0.13832838     -5.67831478      0.00538907     -5.67292571      0.10815909      0.01137267      0.10594083      0.02163182 md_running
   180     90.00000000     96.52673558      1.38728756   1217.55156430    300.00000000      0.99962323      0.13880740     -5.67928215      0.00577370     -5.67350845      0.10656358      0.01177153      0.10444820      0.02131272 md_running
   181     90.50000000     96.72585775      1.43488492   1220.14241359    300.00000000      0.99962289      0.13910277     -5.68008446      0.00617668     -5.67390778      0.10528575      0.01217540      0.10326970      0.02105715 md_running
   182     91.00000000     96.93682923      1.48302863   1221.21101456    300.00000000      0.99962271      0.13922459     -5.68073171      0.00659812     -5.67413359      0.10426816      0.01258392      0.10234645      0.02085363 md_running
   183     91.50000000     97.14677174      1.53167695   1220.85706871    300.00000000      0.99962267      0.13918424     -5.68123527      0.00703810     -5.67419717      0.10341146      0.01299671      0.10157820      0.02068229 md_running
   184     92.00000000     97.35134977      1.58079152   1219.18741614    300.00000000      0.99962278      0.13899389     -5.68160737      0.00749671     -5.67411067      0.10260060      0.01341346      0.10084936      0.02052012 md_running
   185     92.50000000     97.56338979      1.63033660   1216.30826910    300.00000000      0.99962301      0.13866565     -5.68186005      0.00797399     -5.67388606      0.10173544      0.01383386      0.10006030      0.02034709 md_running
   186     93.00000000     97.78210731      1.68027827   1212.31495138    300.00000000      0.99962336      0.13821039     -5.68200420      0.00847001     -5.67353419      0.10075820      0.01425763      0.09915580      0.02015164 md_running
   187     93.50000000     97.99582275      1.73058353   1207.28706884    300.00000000      0.99962382      0.13763719     -5.68204875      0.00898476     -5.67306399      0.09967168      0.01468449      0.09814248      0.01993434 md_running
   188     94.00000000     98.20139387      1.78121956   1201.28831301    300.00000000      0.99962439      0.13695330     -5.68200075      0.00951823     -5.67248252      0.09854349      0.01511415      0.09709300      0.01970870 md_running
   189     94.50000000     98.41081903      1.83215304   1194.37043002    300.00000000      0.99962506      0.13616462     -5.68186594      0.01007035     -5.67179558      0.09750244      0.01554633      0.09613927      0.01950049 md_running
   190     95.00000000     98.62295526      1.88335005   1186.57725540    300.00000000      0.99962584      0.13527616     -5.68164901      0.01064102     -5.67100799      0.09671848      0.01598076      0.09545478      0.01934370 md_running
   191     95.50000000     98.83318628      1.93477594   1177.94565702    300.00000000      0.99962671      0.13429211     -5.68135397      0.01123007     -5.67012390      0.09636470      0.01641712      0.09521604      0.01927294 md_running
   192     96.00000000     99.03765744      1.98639514   1168.51280400    300.00000000      0.99962769      0.13321671     -5.68098467      0.01183730     -5.66914737      0.09657869      0.01685512      0.09556112      0.01931574 md_running
   193     96.50000000     99.24845210      2.03817124   1158.33157062    300.00000000      0.99962877      0.13205600     -5.68054653      0.01246243     -5.66808410      0.09741533      0.01729446      0.09654350      0.01948307 md_running
   194     97.00000000     99.45901566      2.09006701   1147.48580161    300.00000000      0.99962995      0.13081952     -5.68004864      0.01310514     -5.66694350      0.09883095      0.01773481      0.09811602      0.01976619 md_running
   195     97.50000000     99.66739430      2.14204448   1136.09795838    300.00000000      0.99963122      0.12952125     -5.67950475      0.01376506     -5.66573969      0.10070302      0.01817585      0.10015060      0.02014060 md_running
   196     98.00000000     99.87642855      2.19406543   1124.32664909    300.00000000      0.99963257      0.12817926     -5.67893227      0.01444177     -5.66449050      0.10283758      0.01861726      0.10244877      0.02056752 md_running
   197     98.50000000    100.08643532      2.24609156   1112.36107312    300.00000000      0.99963398      0.12681512     -5.67835252      0.01513478     -5.66321774      0.10499981      0.01905872      0.10477226      0.02099996 md_running
   198     99.00000000    100.29996006      2.29808488   1100.40646010    300.00000000      0.99963543      0.12545223     -5.67778840      0.01584358     -5.66194482      0.10696322      0.01949990      0.10689345      0.02139264 md_running
   199     99.50000000    100.51070295      2.35000789   1088.65768177    300.00000000      0.99963691      0.12411280     -5.67726211      0.01656761     -5.66069449      0.10853538      0.01994048      0.10862089      0.02170708 md_running
   200    100.00000000    100.72228929      2.40182365   1077.28156417    300.00000000      0.99963837      0.12281586     -5.67679174      0.01730627     -5.65948547      0.10958122      0.02038015      0.10981723      0.02191624 md_running
   201    100.50000000    100.93418166      2.45349643   1066.39839466    300.00000000      0.99963981      0.12157512     -5.67639093      0.01805893     -5.65833199      0.11002321      0.02081861      0.11040807      0.02200464 md_running
   202    101.00000000    101.13958927      2.50499161   1056.06404995    300.00000000      0.99964121      0.12039695     -5.67606515      0.01882495     -5.65724021      0.10985595      0.02125556      0.11039150      0.02197119 md_running
   203    101.50000000    101.35210995      2.55627542   1046.27954675    300.00000000      0.99964256      0.11928147     -5.67581399      0.01960363     -5.65621036      0.10913950      0.02169072      0.10982278      0.02182790 md_running
   204    102.00000000    101.56499277      2.60731598   1037.00106810    300.00000000      0.99964387      0.11822367     -5.67563163      0.02039429     -5.65523734      0.10798821      0.02212381      0.10881601      0.02159764 md_running
   205    102.50000000    101.77510168      2.65808346   1028.14981038    300.00000000      0.99964513      0.11721458     -5.67550827      0.02119622     -5.65431204      0.10656290      0.02255459      0.10753068      0.02131258 md_running
   206    103.00000000    101.98693070      2.70855017   1019.63667869    300.00000000      0.99964636      0.11624404     -5.67543297      0.02200873     -5.65342424      0.10505824      0.02298281      0.10616035      0.02101165 md_running
   207    103.50000000    102.19725659      2.75869050   1011.38065819    300.00000000      0.99964757      0.11530281     -5.67539583      0.02283112     -5.65256471      0.10367100      0.02340827      0.10490088      0.02073420 md_running
   208    104.00000000    102.40315138      2.80848070   1003.32463019    300.00000000      0.99964876      0.11438438     -5.67538933      0.02366269     -5.65172663      0.10255908      0.02383075      0.10390849      0.02051182 md_running
   209    104.50000000    102.61381949      2.85789872    995.44462289    300.00000000      0.99964995      0.11348601     -5.67541041      0.02450276     -5.65090765      0.10185453      0.02425007      0.10331369      0.02037091 md_running
   210    105.00000000    102.82849575      2.90692400    987.74762861    300.00000000      0.99965113      0.11260852     -5.67545916      0.02535062     -5.65010853      0.10162743      0.02466607      0.10318580      0.02032549 md_running
   211    105.50000000    103.04215872      2.95553726    980.26145875    300.00000000      0.99965230      0.11175505     -5.67553811      0.02620560     -5.64933251      0.10185015      0.02507857      0.10349844      0.02037003 md_running
   212    106.00000000    103.25812652      3.00372025    973.02355260    300.00000000      0.99965345      0.11092989     -5.67565090      0.02706701     -5.64858389      0.10241495      0.02548741      0.10414719      0.02048299 md_running
   213    106.50000000    103.47500511      3.05145544    966.07822096    300.00000000      0.99965457      0.11013809     -5.67580205      0.02793414     -5.64786791      0.10312027      0.02589246      0.10493637      0.02062405 md_running
   214    107.00000000    103.69084366      3.09872573    959.47028180    300.00000000      0.99965566      0.10938475     -5.67599604      0.02880630     -5.64718974      0.10372424      0.02629356      0.10563170      0.02074485 md_running
   215    107.50000000    103.90512904      3.14551410    953.23298124    300.00000000      0.99965671      0.10867366     -5.67623599      0.02968278     -5.64655321      0.10397451      0.02669057      0.10598877      0.02079490 md_running
   216    108.00000000    104.11827245      3.19180328    947.38349560    300.00000000      0.99965771      0.10800679     -5.67652315      0.03056282     -5.64596033      0.10363905      0.02708335      0.10578164      0.02072781 md_running
   217    108.50000000    104.33011819      3.23757570    941.91638553    300.00000000      0.99965865      0.10738351     -5.67685632      0.03144569     -5.64541063      0.10255565      0.02747174      0.10485327      0.02051113 md_running
   218    109.00000000    104.54070871      3.28281346    936.78946503    300.00000000      0.99965955      0.10679901     -5.67723008      0.03233059     -5.64489949      0.10066536      0.02785560      0.10314920      0.02013307 md_running
   219    109.50000000    104.75487042      3.32749851    931.92091805    300.00000000      0.99966040      0.10624397     -5.67763425      0.03321674     -5.64441751      0.09801460      0.02823476      0.10071944      0.01960292 md_running
   220    110.00000000    104.96605652      3.37161272    927.19369036    300.00000000      0.99966122      0.10570504     -5.67805459      0.03410332     -5.64395127      0.09477113      0.02860908      0.09773283      0.01895423 md_running
   221    110.50000000    105.17529896      3.41513814    922.45964668    300.00000000      0.99966204      0.10516534     -5.67847343      0.03498951     -5.64348393      0.09123499      0.02897841      0.09448188      0.01824700 md_running
   222    111.00000000    105.38717581      3.45805736    917.54328373    300.00000000      0.99966288      0.10460485     -5.67886997      0.03587448     -5.64299549      0.08783081      0.02934259      0.09138028      0.01756616 md_running
   223    111.50000000    105.59918223      3.50035339    912.26012196    300.00000000      0.99966379      0.10400254     -5.67922182      0.03675742     -5.64246440      0.08502243      0.02970148      0.08886916      0.01700449 md_running
   224    112.00000000    105.81242505      3.54200997    906.45134493    300.00000000      0.99966478      0.10334030     -5.67950978      0.03763750     -5.64187228      0.08322948      0.03005495      0.08733719      0.01664590 md_running
   225    112.50000000    106.02320202      3.58301183    900.00560244    300.00000000      0.99966590      0.10260546     -5.67972041      0.03851392     -5.64120649      0.08274225      0.03040286      0.08704415      0.01654845 md_running
   226    113.00000000    106.23458339      3.62334498    892.86695882    300.00000000      0.99966715      0.10179161     -5.67984637      0.03938589     -5.64046049      0.08365155      0.03074510      0.08806117      0.01673031 md_running
   227    113.50000000    106.44689098      3.66299700    885.03275861    300.00000000      0.99966856      0.10089847     -5.67988676      0.04025264     -5.63963412      0.08580928      0.03108156      0.09024726      0.01716186 md_running
   228    114.00000000    106.66286447      3.70195676    876.55404017    300.00000000      0.99967012      0.09993185     -5.67984632      0.04111345     -5.63873287      0.08884932      0.03141214      0.09325410      0.01776986 md_running
   229    114.50000000    106.87644813      3.74021454    867.53593651    300.00000000      0.99967184      0.09890374     -5.67973637      0.04196761     -5.63776876      0.09231203      0.03173677      0.09664414      0.01846241 md_running
   230    115.00000000    107.08242429      3.77776230    858.12994969    300.00000000      0.99967368      0.09783141     -5.67957344      0.04281446     -5.63675898      0.09572520      0.03205538      0.09996001      0.01914504 md_running
   231    115.50000000    107.28316815      3.81459444    848.52109824    300.00000000      0.99967562      0.09673595     -5.67937847      0.04365339     -5.63572507      0.09868475      0.03236791      0.10279922      0.01973695 md_running
   232    116.00000000    107.48995145      3.85070914    838.89411748    300.00000000      0.99967763      0.09563842     -5.67917202      0.04448388     -5.63468814      0.10091644      0.03267435      0.10489193      0.02018329 md_running
   233    116.50000000    107.69829195      3.88610882    829.39573559    300.00000000      0.99967967      0.09455555     -5.67897090      0.04530553     -5.63366537      0.10225895      0.03297473      0.10607601      0.02045179 md_running
   234    117.00000000    107.91364385      3.92080057    820.11473149    300.00000000      0.99968172      0.09349747     -5.67878471      0.04611803     -5.63266668      0.10267328      0.03326910      0.10631035      0.02053466 md_running
   235    117.50000000    108.12969788      3.95479609    811.07225157    300.00000000      0.99968376      0.09246658     -5.67861593      0.04692124     -5.63169469      0.10225329      0.03355756      0.10568325      0.02045066 md_running
   236    118.00000000    108.34242559      3.98811151    802.22216151    300.00000000      0.99968580      0.09145762     -5.67845911      0.04771510     -5.63074401      0.10120953      0.03384025      0.10439750      0.02024191 md_running
   237    118.50000000    108.55298828      4.02076704    793.46368163    300.00000000      0.99968784      0.09045911     -5.67830268      0.04849970     -5.62980298      0.09986072      0.03411734      0.10276454      0.01997214 md_running
   238    119.00000000    108.76464985      4.05278638    784.66380194    300.00000000      0.99968993      0.08945587     -5.67813152      0.04927523     -5.62885628      0.09859599      0.03438903      0.10116897      0.01971920 md_running
   239    119.50000000    108.97804727      4.08419592    775.68701949    300.00000000      0.99969209      0.08843247     -5.67793019      0.05004197     -5.62788823      0.09782710      0.03465555      0.10002011      0.01956542 md_running
   240    120.00000000    109.19285813      4.11502417    766.42638681    300.00000000      0.99969436      0.08737671     -5.67768665      0.05080027     -5.62688638      0.09790666      0.03491714      0.09968134      0.01958133 md_running
   241    120.50000000    109.40453149      4.14530067    756.82877218    300.00000000      0.99969676      0.08628253     -5.67739502      0.05155055     -5.62584447      0.09903645      0.03517404      0.10037355      0.01980729 md_running
   242    121.00000000    109.61852236      4.17505519    746.90972090    300.00000000      0.99969932      0.08515171     -5.67705756      0.05229326     -5.62476431      0.10120790      0.03542652      0.10210081      0.02024158 md_running
   243    121.50000000    109.83216224      4.20431788    736.75359181    300.00000000      0.99970202      0.08399385     -5.67668440      0.05302887     -5.62365554      0.10419759      0.03567482      0.10466325      0.02083952 md_running
   244    122.00000000    110.04454913      4.23311856    726.49931653    300.00000000      0.99970485      0.08282481     -5.67629217      0.05375788     -5.62253429      0.10761956      0.03591920      0.10769579      0.02152391 md_running
   245    122.50000000    110.25623819      4.26148582    716.31683488    300.00000000      0.99970776      0.08166395     -5.67590082      0.05448078     -5.62142004      0.11100772      0.03615991      0.11073934      0.02220154 md_running
   246    123.00000000    110.46743442      4.28944659    706.37965612    300.00000000      0.99971071      0.08053106     -5.67553071      0.05519806     -5.62033265      0.11393024      0.03639716      0.11335577      0.02278605 md_running
   247    123.50000000    110.68132255      4.31702607    696.83811928    300.00000000      0.99971364      0.07944328     -5.67519976      0.05591014     -5.61928962      0.11604844      0.03663118      0.11519192      0.02320969 md_running
   248    124.00000000    110.89411925      4.34424818    687.79489148    300.00000000      0.99971651      0.07841230     -5.67492040      0.05661748     -5.61830292      0.11716637      0.03686217      0.11604348      0.02343327 md_running
   249    124.50000000    111.10728386      4.37113553    679.29033422    300.00000000      0.99971930      0.07744273     -5.67469755      0.05732048     -5.61737707      0.11725790      0.03709031      0.11587447      0.02345158 md_running
   250    125.00000000    111.31333663      4.39770952    671.29666924    300.00000000      0.99972197      0.07653141     -5.67452850      0.05801955     -5.61650896      0.11645645      0.03731580      0.11481761      0.02329129 md_running
   251    125.50000000    111.52365748      4.42398997    663.72803929    300.00000000      0.99972455      0.07566855     -5.67440374      0.05871506     -5.61568868      0.11505248      0.03753880      0.11316681      0.02301050 md_running
   252    126.00000000    111.72587082      4.44999478    656.47456123    300.00000000      0.99972707      0.07484161     -5.67431074      0.05940736     -5.61490338      0.11344651      0.03775946      0.11132337      0.02268930 md_running
   253    126.50000000    111.93321213      4.47574014    649.43009910    300.00000000      0.99972955      0.07403851     -5.67423774      0.06009675     -5.61414099      0.11204870      0.03797791      0.10971109      0.02240974 md_running
   254    127.00000000    112.14449175      4.50124002    642.51532188    300.00000000      0.99973203      0.07325019     -5.67417564      0.06078349     -5.61339216      0.11122678      0.03819429      0.10870423      0.02224536 md_running
   255    127.50000000    112.35793643      4.52650651    635.70082311    300.00000000      0.99973452      0.07247330     -5.67412142      0.06146778     -5.61265364      0.11121895      0.03840868      0.10854639      0.02224379 md_running
   256    128.00000000    112.56839605      4.55155004    629.01020468    300.00000000      0.99973703      0.07171053     -5.67407794      0.06214982     -5.61192812      0.11209624      0.03862118      0.10931672      0.02241925 md_running
   257    128.50000000    112.78379616      4.57637916    622.51539382    300.00000000      0.99973953      0.07097009     -5.67405360      0.06282974     -5.61122387      0.11376872      0.03883186      0.11092492      0.02275374 md_running
   258    129.00000000    112.99401441      4.60100051    616.33048569    300.00000000      0.99974199      0.07026497     -5.67406165      0.06350762     -5.61055403      0.11602217      0.03904078      0.11315266      0.02320443 md_running
   259    129.50000000    113.20454704      4.62541867    610.59968486    300.00000000      0.99974435      0.06961163     -5.67411867      0.06418349     -5.60993517      0.11858321      0.03924798      0.11572076      0.02371664 md_running
   260    130.00000000    113.41401213      4.64963599    605.48202411    300.00000000      0.99974655      0.06902819     -5.67424306      0.06485734     -5.60938572      0.12117089      0.03945347      0.11834243      0.02423418 md_running
   261    130.50000000    113.61770608      4.67365236    601.13978066    300.00000000      0.99974849      0.06853315     -5.67445309      0.06552908     -5.60892401      0.12354193      0.03965726      0.12076598      0.02470839 md_running
   262    131.00000000    113.83193486      4.69746539    597.72981509    300.00000000      0.99975011      0.06814440     -5.67476692      0.06619854     -5.60856838      0.12551516      0.03985932      0.12279932      0.02510303 md_running
   263    131.50000000    114.03761047      4.72107094    595.39171703    300.00000000      0.99975133      0.06787784     -5.67520039      0.06686553     -5.60833486      0.12696201      0.04005962      0.12431050      0.02539240 md_running
   264    132.00000000    114.24854819      4.74446327    594.23299328    300.00000000      0.99975207      0.06774574     -5.67576571      0.06752980     -5.60823592      0.12780338      0.04025811      0.12522515      0.02556068 md_running
   265    132.50000000    114.45725658      4.76763476    594.32192310    300.00000000      0.99975230      0.06775588     -5.67647049      0.06819102     -5.60827947      0.12802296      0.04045472      0.12552585      0.02560459 md_running
   266    133.00000000    114.66239696      4.79057614    595.68633455    300.00000000      0.99975200      0.06791143     -5.67731762      0.06884886     -5.60846876      0.12765827      0.04064939      0.12524802      0.02553165 md_running
   267    133.50000000    114.87067269      4.81327701    598.30932377    300.00000000      0.99975115      0.06821047     -5.67830507      0.06950291     -5.60880216      0.12678660      0.04084201      0.12447602      0.02535732 md_running
   268    134.00000000    115.08284989      4.83572566    602.13431889    300.00000000      0.99974980      0.06864654     -5.67942589      0.07015273     -5.60927316      0.12552778      0.04103249      0.12332969      0.02510556 md_running
   269    134.50000000    115.30212877      4.85790954    607.07745228    300.00000000      0.99974798      0.06921008     -5.68067012      0.07079786     -5.60987226      0.12402430      0.04122073      0.12195275      0.02480486 md_running
   270    135.00000000    115.52507727      4.87981565    613.03771543    300.00000000      0.99974575      0.06988958     -5.68202584      0.07143780     -5.61058803      0.12241498      0.04140661      0.12048673      0.02448300 md_running
   271    135.50000000    115.73988379      4.90143072    619.90951629    300.00000000      0.99974319      0.07067300     -5.68348040      0.07207207     -5.61140833      0.12081058      0.04159002      0.11904226      0.02416212 md_running
   272    136.00000000    115.95614834      4.92274159    627.59339920    300.00000000      0.99974034      0.07154901     -5.68502222      0.07270015     -5.61232207      0.11926074      0.04177085      0.11766925      0.02385215 md_running
   273    136.50000000    116.16775939      4.94373535    635.99918346    300.00000000      0.99973727      0.07250731     -5.68664055      0.07332156     -5.61331900      0.11773226      0.04194899      0.11633379      0.02354645 md_running
   274    137.00000000    116.37290621      4.96439942    645.04211555    300.00000000      0.99973404      0.07353825     -5.68832543      0.07393578     -5.61438964      0.11611221      0.04212433      0.11492238      0.02322244 md_running
   275    137.50000000    116.58161525      4.98472154    654.63320815    300.00000000      0.99973067      0.07463169     -5.69006634      0.07454235     -5.61552399      0.11423404      0.04229676      0.11326783      0.02284681 md_running
   276    138.00000000    116.79287000      5.00468972    664.66241199    300.00000000      0.99972723      0.07577507     -5.69185050      0.07514076     -5.61670975      0.11192163      0.04246620      0.11119478      0.02238433 md_running
   277    138.50000000    117.00271730      5.02429210    674.98090905    300.00000000      0.99972377      0.07695144     -5.69366061      0.07573053     -5.61793008      0.10904931      0.04263253      0.10857911      0.02180986 md_running
   278    139.00000000    117.21492117      5.04351697    685.38825039    300.00000000      0.99972035      0.07813793     -5.69547333      0.07631119     -5.61916214      0.10559233      0.04279566      0.10540044      0.02111847 md_running
   279    139.50000000    117.43144959      5.06235254    695.63373455    300.00000000      0.99971703      0.07930597     -5.69725944      0.07688224     -5.62037720      0.10168144      0.04295549      0.10179491      0.02033629 md_running
   280    140.00000000    117.64449478      5.08078685    705.43071899    300.00000000      0.99971391      0.08042288     -5.69898557      0.07744319     -5.62154239      0.09759808      0.04311191      0.09804845      0.01951962 md_running
   281    140.50000000    117.86252823      5.09880759    714.47800888    300.00000000      0.99971105      0.08145432     -5.70061667      0.07799352     -5.62262316      0.09375057      0.04326482      0.09457044      0.01875011 md_running
   282    141.00000000    118.07401989      5.11640198    722.49451310    300.00000000      0.99970853      0.08236824     -5.70211958      0.07853271     -5.62358687      0.09062288      0.04341411      0.09183825      0.01812458 md_running
   283    141.50000000    118.28610372      5.13355655    729.25505871    300.00000000      0.99970640      0.08313898     -5.70346788      0.07906021     -5.62440768      0.08864500      0.04355967      0.09026491      0.01772900 md_running
   284    142.00000000    118.49798905      5.15025713    734.61765480    300.00000000      0.99970468      0.08375034     -5.70464442      0.07957545     -5.62506897      0.08806342      0.04370138      0.09007444      0.01761268 md_running
   285    142.50000000    118.71106746      5.16648880    738.53755546    300.00000000      0.99970339      0.08419723     -5.70564342      0.08007782     -5.62556560      0.08885321      0.04383911      0.09122253      0.01777064 md_running
   286    143.00000000    118.92414776      5.18223587    741.06556706    300.00000000      0.99970251      0.08448544     -5.70646997      0.08056671     -5.62590326      0.09072126      0.04397273      0.09340865      0.01814425 md_running
   287    143.50000000    119.13333309      5.19748191    742.33243764    300.00000000      0.99970200      0.08462987     -5.70713832      0.08104145     -5.62609686      0.09320303      0.04410210      0.09617227      0.01864061 md_running
   288    144.00000000    119.34898827      5.21220980    742.52198278    300.00000000      0.99970181      0.08465148     -5.70766898      0.08150139     -5.62616758      0.09578584      0.04422707      0.09901493      0.01915717 md_running
   289    144.50000000    119.56331815      5.22640183    741.84124065    300.00000000      0.99970189      0.08457387     -5.70808488      0.08194583     -5.62613905      0.09800790      0.04434749      0.10149211      0.01960158 md_running
   290    145.00000000    119.77221804      5.24003964    740.48971530    300.00000000      0.99970218      0.08441979     -5.70840810      0.08237405     -5.62603405      0.09951435      0.04446321      0.10326421      0.01990287 md_running
   291    145.50000000    119.98275961      5.25310434    738.63037726    300.00000000      0.99970262      0.08420782     -5.70865671      0.08278532     -5.62587140      0.10008295      0.04457407      0.10412179      0.02001659 md_running
   292    146.00000000    120.19324183      5.26557662    736.36942411    300.00000000      0.99970319      0.08395006     -5.70884206      0.08317889     -5.62566317      0.09962751      0.04467990      0.10398814      0.01992550 md_running
   293    146.50000000    120.40373263      5.27743694    733.74877260    300.00000000      0.99970387      0.08365129     -5.70896798      0.08355402     -5.62541396      0.09819200      0.04478054      0.10291367      0.01963840 md_running
   294    147.00000000    120.61294169      5.28866567    730.75061142    300.00000000      0.99970465      0.08330948     -5.70903176      0.08390995     -5.62512180      0.09594227      0.04487582      0.10106754      0.01918845 md_running
   295    147.50000000    120.81825123      5.29924325    727.31353312    300.00000000      0.99970555      0.08291764     -5.70902519      0.08424594     -5.62477925      0.09314535      0.04496557      0.09871263      0.01862907 md_running
   296    148.00000000    121.02822047      5.30915037    723.35388212    300.00000000      0.99970659      0.08246621     -5.70893794      0.08456123     -5.62437671      0.09015494      0.04504963      0.09618853      0.01803099 md_running
   297    148.50000000    121.24131364      5.31836821    718.78563539    300.00000000      0.99970781      0.08194541     -5.70875927      0.08485512     -5.62390415      0.08738163      0.04512785      0.09388136      0.01747633 md_running
   298    149.00000000    121.45702502      5.32687860    713.53884197    300.00000000      0.99970924      0.08134725     -5.70848027      0.08512691     -5.62335337      0.08524326      0.04520006      0.09217359      0.01704865 md_running
   299    149.50000000    121.66704085      5.33466419    707.57770980    300.00000000      0.99971089      0.08066765     -5.70809614      0.08537593     -5.62272021      0.08408819      0.04526613      0.09137468      0.01681764 md_running
   300    150.00000000    121.87104668      5.34170854    700.91413056    300.00000000      0.99971278      0.07990796     -5.70760739      0.08560155     -5.62200584      0.08411000      0.04532590      0.09164914      0.01682200 md_running
   301    150.50000000    122.07832772      5.34799621    693.61415936    300.00000000      0.99971492      0.07907573     -5.70702082      0.08580319     -5.62121763      0.08529851      0.04537925      0.09298075      0.01705970 md_running
   302    151.00000000    122.28918149      5.35351277    685.79888779    300.00000000      0.99971728      0.07818474     -5.70634985      0.08598030     -5.62036955      0.08743471      0.04542606      0.09517080      0.01748694 md_running
   303    151.50000000    122.50406219      5.35824470    677.63679246    300.00000000      0.99971984      0.07725422     -5.70561313      0.08613236     -5.61948077      0.09016313      0.04546621      0.09789989      0.01803263 md_running
   304    152.00000000    122.71803754      5.36217923    669.32910450    300.00000000      0.99972255      0.07630710     -5.70483333      0.08625890     -5.61857443      0.09307713      0.04549960      0.10080050      0.01861543 md_running
   305    152.50000000    122.93424938      5.36530420    661.09180305    300.00000000      0.99972533      0.07536800     -5.70403468      0.08635947     -5.61767521      0.09580881      0.04552612      0.10353709      0.01916176 md_running
   306    153.00000000    123.14516906      5.36760781    653.13447474    300.00000000      0.99972812      0.07446083     -5.70324084      0.08643364     -5.61680720      0.09809606      0.04554566      0.10586928      0.01961921 md_running
   307    153.50000000    123.35542623      5.36907843    645.64265769    300.00000000      0.99973085      0.07360672     -5.70247269      0.08648101     -5.61599168      0.09980184      0.04555814      0.10767028      0.01996037 md_running
   308    154.00000000    123.57067123      5.36970436    638.76583776    300.00000000      0.99973344      0.07282272     -5.70174703      0.08650117     -5.61524586      0.10093082      0.04556345      0.10894438      0.02018616 md_running
   309    154.50000000    123.78204817      5.36947375    632.60883694    300.00000000      0.99973584      0.07212079     -5.70107541      0.08649375     -5.61458167      0.10161100      0.04556150      0.10981172      0.02032220 md_running
   310    155.00000000    123.99417785      5.36837447    627.23503947    300.00000000      0.99973800      0.07150815     -5.70046473      0.08645833     -5.61400639      0.10204916      0.04555217      0.11046493      0.02040983 md_running
   311    155.50000000    124.20723809      5.36639395    622.67964427    300.00000000      0.99973989      0.07098881     -5.69991850      0.08639455     -5.61352395      0.10248820      0.04553536      0.11112644      0.02049764 md_running
   312    156.00000000    124.41513801      5.36351929    618.96634725    300.00000000      0.99974149      0.07056548     -5.69943901      0.08630202     -5.61313699      0.10314626      0.04551097      0.11199425      0.02062925 md_running
   313    156.50000000    124.62097185      5.35973731    616.12356761    300.00000000      0.99974278      0.07024138     -5.69902917      0.08618035     -5.61284882      0.10417142      0.04547888      0.11320000      0.02083428 md_running
   314    157.00000000    124.82353352      5.35503471    614.19605389    300.00000000      0.99974372      0.07002164     -5.69869375      0.08602919     -5.61266456      0.10560675      0.04543898      0.11477751      0.02112135 md_running
   315    157.50000000    125.03388880      5.34939831    613.24985215    300.00000000      0.99974430      0.06991377     -5.69844012      0.08584819     -5.61259193      0.10739150      0.04539115      0.11666535      0.02147830 md_running
   316    158.00000000    125.24026609      5.34281532    613.36993377    300.00000000      0.99974447      0.06992746     -5.69827772      0.08563703     -5.61264070      0.10938362      0.04533529      0.11872830      0.02187672 md_running
   317    158.50000000    125.45024895      5.33527360    614.65393486    300.00000000      0.99974420      0.07007384     -5.69821765      0.08539543     -5.61282221      0.11139132      0.04527130      0.12078608      0.02227826 md_running
   318    159.00000000    125.65879730      5.32676197    617.20296932    300.00000000      0.99974344      0.07036444     -5.69827145      0.08512318     -5.61314827      0.11320892      0.04519907      0.12264647      0.02264178 md_running
   319    159.50000000    125.87009609      5.31727036    621.10806582    300.00000000      0.99974218      0.07080964     -5.69844966      0.08482009     -5.61362957      0.11464806      0.04511854      0.12413328      0.02292961 md_running
   320    160.00000000    126.08332123      5.30678995    626.43530370    300.00000000      0.99974039      0.07141698     -5.69875984      0.08448606     -5.61427378      0.11555905      0.04502961      0.12510606      0.02311181 md_running
   321    160.50000000    126.29653147      5.29531337    633.21158083    300.00000000      0.99973808      0.07218951     -5.69920533      0.08412103     -5.61508430      0.11584218      0.04493222      0.12546991      0.02316844 md_running
   322    161.00000000    126.50707840      5.28283491    641.41515277    300.00000000      0.99973527      0.07312476     -5.69978382      0.08372503     -5.61605879      0.11544972      0.04482634      0.12517898      0.02308994 md_running
   323    161.50000000    126.70953545      5.26935072    650.97539675    300.00000000      0.99973203      0.07421468     -5.70048746      0.08329817     -5.61718929      0.11439275      0.04471192      0.12424383      0.02287855 md_running
   324    162.00000000    126.92217782      5.25485899    661.77665827    300.00000000      0.99972842      0.07544608     -5.70130351      0.08284063     -5.61846288      0.11272545      0.04458896      0.12271676      0.02254509 md_running
   325    162.50000000    127.13411171      5.23935997    673.66596511    300.00000000      0.99972453      0.07680153     -5.70221459      0.08235268     -5.61986191      0.11054340      0.04445744      0.12068873      0.02210868 md_running
   326    163.00000000    127.34489921      5.22285608    686.46826250    300.00000000      0.99972044      0.07826106     -5.70320120      0.08183468     -5.62136653      0.10799553      0.04431740      0.11830055      0.02159911 md_running
   327    163.50000000    127.55639910      5.20535182    700.00135167    300.00000000      0.99971624      0.07980390     -5.70424304      0.08128706     -5.62295598      0.10525594      0.04416887      0.11571506      0.02105119 md_running
   328    164.00000000    127.77289833      5.18685380    714.08507370    300.00000000      0.99971200      0.08140952     -5.70532007      0.08071036     -5.62460971      0.10250990      0.04401191      0.11310119      0.02050198 md_running
   329    164.50000000    127.98365395      5.16737076    728.55022842    300.00000000      0.99970780      0.08305863     -5.70641365      0.08010516     -5.62630848      0.09993810      0.04384659      0.11061971      0.01998762 md_running
   330    165.00000000    128.20101423      5.14691377    743.24852943    300.00000000      0.99970367      0.08473431     -5.70750752      0.07947216     -5.62803536      0.09768689      0.04367301      0.10839845      0.01953738 md_running
   331    165.50000000    128.41381918      5.12549641    758.05902632    300.00000000      0.99969966      0.08642279     -5.70858856      0.07881214     -5.62977642      0.09584365      0.04349128      0.10651290      0.01916873 md_running
   332    166.00000000    128.61879892      5.10313477    772.89386295    300.00000000      0.99969579      0.08811404     -5.70964767      0.07812595     -5.63152172      0.09442747      0.04330153      0.10498050      0.01888549 md_running
   333    166.50000000    128.82343358      5.07984738    787.69689137    300.00000000      0.99969207      0.08980166     -5.71067948      0.07741455     -5.63326493      0.09335267      0.04310393      0.10372631      0.01867053 md_running
   334    167.00000000    129.03791359      5.05565506    802.43135326    300.00000000      0.99968850      0.09148147     -5.71168095      0.07667894     -5.63500200      0.09246288      0.04289866      0.10261087      0.01849258 md_running
   335    167.50000000    129.24403606      5.03058088    817.06239884    300.00000000      0.99968507      0.09314949     -5.71264934      0.07592023     -5.63672911      0.09154626      0.04268589      0.10144360      0.01830925 md_running
   336    168.00000000    129.45878151      5.00465014    831.53793627    300.00000000      0.99968180      0.09479978     -5.71357987      0.07513957     -5.63844030      0.09039243      0.04246586      0.10003402      0.01807849 md_running
   337    168.50000000    129.67496213      4.97789028    845.77915730    300.00000000      0.99967868      0.09642335     -5.71446483      0.07433818     -5.64012665      0.08883748      0.04223880      0.09824351      0.01776750 md_running
   338    169.00000000    129.88989908      4.95033007    859.67351752    300.00000000      0.99967573      0.09800738     -5.71529268      0.07351730     -5.64177537      0.08680106      0.04200494      0.09600398      0.01736021 md_running
   339    169.50000000    130.10223031      4.92199906    873.07313683    300.00000000      0.99967296      0.09953501     -5.71604766      0.07267822     -5.64336943      0.08430657      0.04176455      0.09334061      0.01686131 md_running
   340    170.00000000    130.31950051      4.89292720    885.80508047    300.00000000      0.99967038      0.10098652     -5.71671111      0.07182221     -5.64488890      0.08149233      0.04151786      0.09039126      0.01629847 md_running
   341    170.50000000    130.53494291      4.86314384    897.68261173    300.00000000      0.99966802      0.10234062     -5.71726290      0.07095050     -5.64631240      0.07860998      0.04126514      0.08739048      0.01572200 md_running
   342    171.00000000    130.74016005      4.83267717    908.51604174    300.00000000      0.99966590      0.10357569     -5.71768246      0.07006431     -5.64761815      0.07598930      0.04100663      0.08463711      0.01519786 md_running
   343    171.50000000    130.95589010      4.80155399    918.12585883    300.00000000      0.99966404      0.10467126     -5.71795008      0.06916476     -5.64878532      0.07398745      0.04074254      0.08245104      0.01479749 md_running
   344    172.00000000    131.17056498      4.76979949    926.36077440    300.00000000      0.99966244      0.10561009     -5.71804938      0.06825296     -5.64979642      0.07291737      0.04047309      0.08111271      0.01458347 md_running
   345    172.50000000    131.38123990      4.73743711    933.11223967    300.00000000      0.99966113      0.10637979     -5.71796874      0.06732993     -5.65063881      0.07297359      0.04019849      0.08080165      0.01459472 md_running
   346    173.00000000    131.59072432      4.70448841    938.32174190    300.00000000      0.99966010      0.10697370     -5.71770226      0.06639663     -5.65130563      0.07418536      0.03991891      0.08155335      0.01483707 md_running
   347    173.50000000    131.80286756      4.67097320    941.98366871    300.00000000      0.99965934      0.10739118     -5.71725026      0.06545397     -5.65179629      0.07642179      0.03963452      0.08325993      0.01528436 md_running
   348    174.00000000    132.01522564      4.63691009    944.13360637    300.00000000      0.99965885      0.10763628     -5.71661738      0.06450281     -5.65211458      0.07940644      0.03934549      0.08567069      0.01588129 md_running
   349    174.50000000    132.22772464      4.60231738    944.83361703    300.00000000      0.99965861      0.10771609     -5.71581161      0.06354398     -5.65226764      0.08280552      0.03905196      0.08847191      0.01656110 md_running
   350    175.00000000    132.44196416      4.56721426    944.16482326    300.00000000      0.99965861      0.10763984     -5.71484280      0.06257834     -5.65226446      0.08629530      0.03875410      0.09135217      0.01725906 md_running
   351    175.50000000    132.64620147      4.53162192    942.21952861    300.00000000      0.99965884      0.10741807     -5.71372239      0.06160679     -5.65211559      0.08959425      0.03845209      0.09403468      0.01791885 md_running
   352    176.00000000    132.85488582      4.49556439    939.08846486    300.00000000      0.99965927      0.10706111     -5.71246156      0.06063030     -5.65183126      0.09246887      0.03814613      0.09628619      0.01849377 md_running
   353    176.50000000    133.06666993      4.45906921    934.84775163    300.00000000      0.99965989      0.10657765     -5.71107004      0.05964989     -5.65142015      0.09476290      0.03783646      0.09794477      0.01895258 md_running
   354    177.00000000    133.27776184      4.42216779    929.55310259    300.00000000      0.99966071      0.10597403     -5.70955509      0.05866670     -5.65088839      0.09639699      0.03752334      0.09891919      0.01927940 md_running
   355    177.50000000    133.48995127      4.38489597    923.23373092    300.00000000      0.99966172      0.10525359     -5.70792128      0.05768194     -5.65023934      0.09737336      0.03720708      0.09919977      0.01947467 md_running
   356    178.00000000    133.69920923      4.34729426    915.88934984    300.00000000      0.99966292      0.10441629     -5.70616958      0.05669690     -5.64947268      0.09777740      0.03688801      0.09885957      0.01955548 md_running
   357    178.50000000    133.90718461      4.30940797    907.49263634    300.00000000      0.99966433      0.10345902     -5.70429830      0.05571299     -5.64858531      0.09778264      0.03656654      0.09806007      0.01955653 md_running
   358    179.00000000    134.12005619      4.27128747    898.00025302    300.00000000      0.99966595      0.10237684     -5.70230357      0.05473169     -5.64757188      0.09763246      0.03624308      0.09704186      0.01952649 md_running
   359    179.50000000    134.33328705      4.23298794    887.37013810    300.00000000      0.99966782      0.10116495     -5.70018201      0.05375456     -5.64642745      0.09762261      0.03591809      0.09610796      0.01952452 md_running
   360    180.00000000    134.54807676      4.19456911    875.57792620    300.00000000      0.99966996      0.09982057     -5.69793208      0.05278323     -5.64514885      0.09806544      0.03559210      0.09559355      0.01961309 md_running
   361    180.50000000    134.76042158      4.15609462    862.63726550    300.00000000      0.99967238      0.09834527     -5.69555682      0.05181937     -5.64373745      0.09923291      0.03526563      0.09580936      0.01984658 md_running
   362    181.00000000    134.97275848      4.11763115    848.61796686    300.00000000      0.99967510      0.09674699     -5.69306571      0.05086466     -5.64220105      0.10130101      0.03493926      0.09697797      0.02026020 md_running
   363    181.50000000    135.18404327      4.07924732    833.65833900    300.00000000      0.99967813      0.09504151     -5.69047590      0.04992078     -5.64055512      0.10429860      0.03461356      0.09917095      0.02085972 md_running
   364    182.00000000    135.39229234      4.04101241    817.97277460    300.00000000      0.99968144      0.09325327     -5.68781348      0.04898934     -5.63882413      0.10809340      0.03428913      0.10228299      0.02161868 md_running
   365    182.50000000    135.61321602      4.00299494    801.84620797    300.00000000      0.99968502      0.09141476     -5.68511258      0.04807191     -5.63704068      0.11242647      0.03396654      0.10606138      0.02248529 md_running
   366    183.00000000    135.83392451      3.96526126    785.61577493    300.00000000      0.99968881      0.08956440     -5.68241322      0.04716989     -5.63524333      0.11696380      0.03364636      0.11016123      0.02339276 md_running
   367    183.50000000    136.05305176      3.92787414    769.64631716    300.00000000      0.99969274      0.08774380     -5.67975866      0.04628459     -5.63347408      0.12135102      0.03332912      0.11420895      0.02427020 md_running
   368    184.00000000    136.26824621      3.89089147    754.30033326    300.00000000      0.99969672      0.08599428     -5.67719147      0.04541711     -5.63177436      0.12527093      0.03301531      0.11786621      0.02505419 md_running
   369    184.50000000    136.48000281      3.85436505    739.90865207    300.00000000      0.99970065      0.08435355     -5.67475049      0.04456839     -5.63018210      0.12849096      0.03270537      0.12088191      0.02569819 md_running
   370    185.00000000    136.69002285      3.81833973    726.74883843    300.00000000      0.99970444      0.08285326     -5.67246848      0.04373915     -5.62872932      0.13088859      0.03239969      0.12312052      0.02617772 md_running
   371    185.50000000    136.89658802      3.78285285    715.02738165    300.00000000      0.99970798      0.08151695     -5.67036978      0.04292993     -5.62743985      0.13244560      0.03209857      0.12455688      0.02648912 md_running
   372    186.00000000    137.10025966      3.74793392    704.87611510    300.00000000      0.99971119      0.08035965     -5.66846960      0.04214103     -5.62632857      0.13324756      0.03180227      0.12527725      0.02664951 md_running
   373    186.50000000    137.30242026      3.71360435    696.35917121    300.00000000      0.99971400      0.07938867     -5.66677574      0.04137257     -5.62540316      0.13345689      0.03151098      0.12544797      0.02669138 md_running
   374    187.00000000    137.51469906      3.67987764    689.48361356    300.00000000      0.99971638      0.07860482     -5.66528867      0.04062450     -5.62466417      0.13326869      0.03122480      0.12527577      0.02665374 md_running
   375    187.50000000    137.72384733      3.64675906    684.22219886    300.00000000      0.99971829      0.07800499     -5.66400543      0.03989655     -5.62410887      0.13288769      0.03094378      0.12497584      0.02657754 md_running
   376    188.00000000    137.93433341      3.61424582    680.52584322    300.00000000      0.99971972      0.07758359     -5.66291991      0.03918832     -5.62373160      0.13250768      0.03066789      0.12473149      0.02650154 md_running
   377    188.50000000    138.14571332      3.58232904    678.33691742    300.00000000      0.99972067      0.07733404     -5.66202487      0.03849924     -5.62352562      0.13224624      0.03039707      0.12465537      0.02644925 md_running
   378    189.00000000    138.35935841      3.55099497    677.61454857    300.00000000      0.99972114      0.07725169     -5.66131516      0.03782870     -5.62348646      0.13213868      0.03013119      0.12478073      0.02642774 md_running
   379    189.50000000    138.57274243      3.52022530    678.34297917    300.00000000      0.99972114      0.07733473     -5.66078847      0.03717596     -5.62361251      0.13214031      0.02987010      0.12505394      0.02642806 md_running
   380    190.00000000    138.78435385      3.48999784    680.52133680    300.00000000      0.99972067      0.07758307     -5.66044454      0.03654025     -5.62390429      0.13214972      0.02961361      0.12535712      0.02642994 md_running
   381    190.50000000    138.99488607      3.46028764    684.14534110    300.00000000      0.99971973      0.07799623     -5.66028203      0.03592077     -5.62436126      0.13203297      0.02936151      0.12553285      0.02640659 md_running
   382    191.00000000    139.20479587      3.43106874    689.19690697    300.00000000      0.99971834      0.07857214     -5.66029838      0.03531670     -5.62498168      0.13164268      0.02911358      0.12541295      0.02632854 md_running
   383    191.50000000    139.40975908      3.40231591    695.63081923    300.00000000      0.99971652      0.07930564     -5.66048787      0.03472726     -5.62576061      0.13084540      0.02886961      0.12484100      0.02616908 md_running
   384    192.00000000    139.62045186      3.37400666    703.36752785    300.00000000      0.99971432      0.08018766     -5.66084092      0.03415176     -5.62668915      0.12953157      0.02862940      0.12369370      0.02590631 md_running
   385    192.50000000    139.83407124      3.34612263    712.29552150    300.00000000      0.99971179      0.08120550     -5.66134433      0.03358961     -5.62775472      0.12764014      0.02839279      0.12190042      0.02552803 md_running
   386    193.00000000    140.04523522      3.31865055    722.26741429    300.00000000      0.99970899      0.08234235     -5.66198100      0.03304032     -5.62894068      0.12517754      0.02815968      0.11946316      0.02503551 md_running
   387    193.50000000    140.25802732      3.29158283    733.10090272    300.00000000      0.99970599      0.08357743     -5.66272993      0.03250355     -5.63022638      0.12222547      0.02793001      0.11646398      0.02444509 md_running
   388    194.00000000    140.46966809      3.26491770    744.58697428    300.00000000      0.99970287      0.08488690     -5.66356667      0.03197906     -5.63158760      0.11894872      0.02770375      0.11307172      0.02378974 md_running
   389    194.50000000    140.68513543      3.23865912    756.50067950    300.00000000      0.99969970      0.08624513     -5.66446596      0.03146674     -5.63299923      0.11559551      0.02748093      0.10954284      0.02311910 md_running
   390    195.00000000    140.90000992      3.21281674    768.61553451    300.00000000      0.99969654      0.08762628     -5.66540152      0.03096657     -5.63443494      0.11247360      0.02726165      0.10620372      0.02249472 md_running
   391    195.50000000    141.11263685      3.18740518    780.72357401    300.00000000      0.99969346      0.08900667     -5.66634967      0.03047866     -5.63587101      0.10990780      0.02704603      0.10340782      0.02198156 md_running
   392    196.00000000    141.32564688      3.16244301    792.65174612    300.00000000      0.99969049      0.09036654     -5.66729083      0.03000314     -5.63728769      0.10816516      0.02683422      0.10145846      0.02163303 md_running
   393    196.50000000    141.53780206      3.13795112    804.28036748    300.00000000      0.99968768      0.09169227     -5.66821117      0.02954021     -5.63867096      0.10738678      0.02662640      0.10052899      0.02147736 md_running
   394    197.00000000    141.75007015      3.11395099    815.55927587    300.00000000      0.99968502      0.09297812     -5.66910533      0.02909007     -5.64001526      0.10753022      0.02642275      0.10059464      0.02150604 md_running
   395    197.50000000    141.96021087      3.09046313    826.50187617    300.00000000      0.99968252      0.09422564     -5.66997503      0.02865289     -5.64132214      0.10836287      0.02622345      0.10141707      0.02167257 md_running
   396    198.00000000    142.16989306      3.06750590    837.17310264    300.00000000      0.99968015      0.09544221     -5.67082780      0.02822878     -5.64259902      0.10948281      0.02602865      0.10258509      0.02189656 md_running
   397    198.50000000    142.37716469      3.04509339    847.67565402    300.00000000      0.99967789      0.09663956     -5.67167575      0.02781778     -5.64385796      0.11041196      0.02583847      0.10360796      0.02208239 md_running
   398    199.00000000    142.58950339      3.02323293    858.11150705    300.00000000      0.99967571      0.09782930     -5.67253053      0.02741981     -5.64511072      0.11072930      0.02565298      0.10403640      0.02214586 md_running
   399    199.50000000    142.80022966      3.00192486    868.54591514    300.00000000      0.99967359      0.09901888     -5.67339959      0.02703466     -5.64636493      0.11011400      0.02547218      0.10353381      0.02202280 md_running
   400    200.00000000    143.00630655      2.98116198    878.98539186    300.00000000      0.99967151      0.10020904     -5.67428354      0.02666198     -5.64762156      0.10840093      0.02529600      0.10193416      0.02168019 md_running
   401    200.50000000    143.21503348      2.96092869    889.35892552    300.00000000      0.99966949      0.10139168     -5.67517367      0.02630130     -5.64887238      0.10562930      0.02512431      0.09927620      0.02112586 md_running
   402    201.00000000    143.42303334      2.94120158    899.51851904    300.00000000      0.99966753      0.10254993     -5.67605244      0.02595200     -5.65010044      0.10202864      0.02495692      0.09579887      0.02040573 md_running
   403    201.50000000    143.63652007      2.92195024    909.25696455    300.00000000      0.99966568      0.10366016     -5.67689524      0.02561338     -5.65128186      0.09799270      0.02479357      0.09191644      0.01959854 md_running
   404    202.00000000    143.84122735      2.90313821    918.33497369    300.00000000      0.99966397      0.10469510     -5.67767366      0.02528463     -5.65238903      0.09403802      0.02463394      0.08817113      0.01880760 md_running
   405    202.50000000    144.04909876      2.88472446    926.51125602    300.00000000      0.99966242      0.10562724     -5.67835913      0.02496491     -5.65339422      0.09072222      0.02447770      0.08514940      0.01814444 md_running
   406    203.00000000    144.25288083      2.86666480    933.57250222    300.00000000      0.99966109      0.10643226     -5.67892604      0.02465330     -5.65427274      0.08853353      0.02432446      0.08335318      0.01770671 md_running
   407    203.50000000    144.46556594      2.84891376    939.35752920    300.00000000      0.99965998      0.10709179     -5.67935493      0.02434893     -5.65500600      0.08777418      0.02417383      0.08307480      0.01755484 md_running
   408    204.00000000    144.67573490      2.83142638    943.77064007    300.00000000      0.99965911      0.10759490     -5.67963368      0.02405093     -5.65558275      0.08847530      0.02402545      0.08431034      0.01769506 md_running
   409    204.50000000    144.88673441      2.81415955    946.79742643    300.00000000      0.99965848      0.10793997     -5.67975976      0.02375848     -5.65600128      0.09039950      0.02387894      0.08677200      0.01807990 md_running
   410    205.00000000    145.09811526      2.79707347    948.49952386    300.00000000      0.99965809      0.10813402     -5.67973944      0.02347086     -5.65626858      0.09315203      0.02373396      0.09001930      0.01863041 md_running
   411    205.50000000    145.30268888      2.78013283    948.98932308    300.00000000      0.99965791      0.10818986     -5.67958491      0.02318742     -5.65639750      0.09628284      0.02359021      0.09357428      0.01925657 md_running
   412    206.00000000    145.51343189      2.76330783    948.40786510    300.00000000      0.99965792      0.10812357     -5.67931181      0.02290761     -5.65640420      0.09938025      0.02344744      0.09701386      0.01987605 md_running
   413    206.50000000    145.72393288      2.74657481    946.89814756    300.00000000      0.99965810      0.10795146     -5.67893621      0.02263102     -5.65630519      0.10212054      0.02330546      0.10001365      0.02042411 md_running
   414    207.00000000    145.93466472      2.72991683    944.58224110    300.00000000      0.99965842      0.10768743     -5.67847127      0.02235734     -5.65611393      0.10428290      0.02316411      0.10235917      0.02085658 md_running
   415    207.50000000    146.14614572      2.71332372    941.55896537    300.00000000      0.99965887      0.10734276     -5.67792839      0.02208638     -5.65584201      0.10574366      0.02302332      0.10393280      0.02114873 md_running
   416    208.00000000    146.35057235      2.69679225    937.89958388    300.00000000      0.99965944      0.10692557     -5.67731545      0.02181807     -5.65549739      0.10647892      0.02288304      0.10471979      0.02129578 md_running
   417    208.50000000    146.56191358      2.68032572    933.64230611    300.00000000      0.99966012      0.10644022     -5.67663687      0.02155244     -5.65508443      0.10655179      0.02274332      0.10479056      0.02131036 md_running
   418    209.00000000    146.76901183      2.66393348    928.79711292    300.00000000      0.99966090      0.10588784     -5.67589351      0.02128962     -5.65460388      0.10608878      0.02260423      0.10428049      0.02121776 md_running
   419    209.50000000    146.97906646      2.64763014    923.36166213    300.00000000      0.99966179      0.10526817     -5.67508541      0.02102984     -5.65405557      0.10526366      0.02246589      0.10337359      0.02105273 md_running
   420    210.00000000    147.18930042      2.63143446    917.33686551    300.00000000      0.99966280      0.10458131     -5.67421239      0.02077334     -5.65343905      0.10428759      0.02232846      0.10229279      0.02085752 md_running
   421    210.50000000    147.40045520      2.61536804    910.73092559    300.00000000      0.99966393      0.10382820     -5.67327612      0.02052045     -5.65275567      0.10338197      0.02219213      0.10127309      0.02067639 md_running
   422    211.00000000    147.61013392      2.59945396    903.57148910    300.00000000      0.99966517      0.10301199     -5.67227939      0.02027148     -5.65200791      0.10276191      0.02205710      0.10054534      0.02055238 md_running
   423    211.50000000    147.82178892      2.58371522    895.92123420    300.00000000      0.99966654      0.10213982     -5.67122979      0.02002675     -5.65120303      0.10259166      0.02192355      0.10028952      0.02051833 md_running
   424    212.00000000    148.03120271      2.56817321    887.87410202    300.00000000      0.99966801      0.10122240     -5.67013848      0.01978654     -5.65035193      0.10295395      0.02179167      0.10060047      0.02059079 md_running
   425    212.50000000    148.24203030      2.55284635    879.55126219    300.00000000      0.99966957      0.10027355     -5.66901927      0.01955107     -5.64946820      0.10384171      0.02166162      0.10147967      0.02076834 md_running
   426    213.00000000    148.45849459      2.53774889    871.10250679    300.00000000      0.99967120      0.09931035     -5.66788948      0.01932051     -5.64856897      0.10515438      0.02153351      0.10282916      0.02103088 md_running
   427    213.50000000    148.67554667      2.52288991    862.68879477    300.00000000      0.99967287      0.09835114     -5.66676781      0.01909492     -5.64767289      0.10672239      0.02140743      0.10447595      0.02134448 md_running
   428    214.00000000    148.89053170      2.50827281    854.46931432    300.00000000      0.99967456      0.09741408     -5.66567228      0.01887430     -5.64679799      0.10833396      0.02128340      0.10620196      0.02166679 md_running
   429    214.50000000    149.09410372      2.49389511    846.59724175    300.00000000      0.99967622      0.09651662     -5.66462053      0.01865854     -5.64596200      0.10977463      0.02116140      0.10778621      0.02195493 md_running
   430    215.00000000    149.30235556      2.47974843    839.20830669    300.00000000      0.99967782      0.09567424     -5.66362783      0.01844746     -5.64518038      0.11088327      0.02104136      0.10906141      0.02217665 md_running
   431    215.50000000    149.51969323      2.46581882    832.40838902    300.00000000      0.99967933      0.09489901     -5.66270622      0.01824079     -5.64446543      0.11156695      0.02092317      0.10992938      0.02231339 md_running
   432    216.00000000    149.73345210      2.45208746    826.26282453    300.00000000      0.99968073      0.09419838     -5.66186306      0.01803820     -5.64382486      0.11180922      0.02080665      0.11036902      0.02236184 md_running
   433    216.50000000    149.94648839      2.43853154    820.79075437    300.00000000      0.99968201      0.09357454     -5.66110002      0.01783931     -5.64326071      0.11170653      0.02069163      0.11047347      0.02234131 md_running
   434    217.00000000    150.15664004      2.42512536    815.96935445    300.00000000      0.99968315      0.09302487     -5.66041420      0.01764370     -5.64277050      0.11140050      0.02057787      0.11038009      0.02228010 md_running
   435    217.50000000    150.36847449      2.41184160    811.74527416    300.00000000      0.99968417      0.09254331     -5.65979892      0.01745094     -5.64234798      0.11108226      0.02046515      0.11027454      0.02221645 md_running
   436    218.00000000    150.57886759      2.39865272    808.05233810    300.00000000      0.99968507      0.09212229     -5.65924613      0.01726060     -5.64198552      0.11096726      0.02035324      0.11036506      0.02219345 md_running
   437    218.50000000    150.78813304      2.38553245    804.82752467    300.00000000      0.99968586      0.09175465     -5.65874836      0.01707230     -5.64167607      0.11122673      0.02024191      0.11081513      0.02224535 md_running
   438    219.00000000    151.00095260      2.37245712    802.02232253    300.00000000      0.99968655      0.09143484     -5.65829954      0.01688566     -5.64141388      0.11196728      0.02013097      0.11172346      0.02239346 md_running
   439    219.50000000    151.21210123      2.35940687    799.61858729    300.00000000      0.99968716      0.09116080     -5.65789736      0.01670040     -5.64119696      0.11320030      0.02002023      0.11309398      0.02264006 md_running
   440    220.00000000    151.42268155      2.34636676    797.63763719    300.00000000      0.99968767      0.09093496     -5.65754412      0.01651631     -5.64102781      0.11483787      0.01990958      0.11483331      0.02296757 md_running
   441    220.50000000    151.63322602      2.33332770    796.13446872    300.00000000      0.99968809      0.09076359     -5.65724595      0.01633325     -5.64091269      0.11671907      0.01979894      0.11677841      0.02334381 md_running
   442    221.00000000    151.84380795      2.32028701    795.19092688    300.00000000      0.99968838      0.09065602     -5.65701234      0.01615120     -5.64086114      0.11864781      0.01968829      0.11873287      0.02372956 md_running
   443    221.50000000    152.06099363      2.30724883    794.90370564    300.00000000      0.99968853      0.09062328     -5.65685467      0.01597019     -5.64088448      0.12041775      0.01957766      0.12049219      0.02408355 md_running
   444    222.00000000    152.27402666      2.29422412    795.35792598    300.00000000      0.99968851      0.09067506     -5.65678299      0.01579039     -5.64099260      0.12185995      0.01946714      0.12189227      0.02437199 md_running
   445    222.50000000    152.48422109      2.28123008    796.60978908    300.00000000      0.99968831      0.09081778     -5.65680391      0.01561203     -5.64119188      0.12285254      0.01935688      0.12281504      0.02457051 md_running
   446    223.00000000    152.69450381      2.26828944    798.68135618    300.00000000      0.99968791      0.09105395     -5.65692056      0.01543541     -5.64148515      0.12332705      0.01924707      0.12319554      0.02466541 md_running
   447    223.50000000    152.90988177      2.25542967    801.55483964    300.00000000      0.99968733      0.09138154     -5.65713134      0.01526089     -5.64187045      0.12327268      0.01913796      0.12302645      0.02465454 md_running
   448    224.00000000    153.12384384      2.24268188    805.16945866    300.00000000      0.99968657      0.09179363     -5.65742981      0.01508887     -5.64234095      0.12272436      0.01902979      0.12234708      0.02454487 md_running
   449    224.50000000    153.33698953      2.23007958    809.42707150    300.00000000      0.99968565      0.09227902     -5.65780502      0.01491976     -5.64288525      0.12175359      0.01892285      0.12123239      0.02435072 md_running
   450    225.00000000    153.55123097      2.21765743    814.20699457    300.00000000      0.99968462      0.09282396     -5.65824370      0.01475401     -5.64348969      0.12045339      0.01881745      0.11977841      0.02409068 md_running
   451    225.50000000    153.76511050      2.20545014    819.37798907    300.00000000      0.99968349      0.09341348     -5.65873127      0.01459203     -5.64413924      0.11893023      0.01871387      0.11809425      0.02378605 md_running
   452    226.00000000    153.97619782      2.19349163    824.80917725    300.00000000      0.99968230      0.09403266     -5.65925313      0.01443422     -5.64481892      0.11729782      0.01861239      0.11629611      0.02345956 md_running
   453    226.50000000    154.18585669      2.18181417    830.38340853    300.00000000      0.99968108      0.09466815     -5.65979635      0.01428094     -5.64551541      0.11566365      0.01851331      0.11449405      0.02313273 md_running
   454    227.00000000    154.38858011      2.17044790    836.00324906    300.00000000      0.99967986      0.09530884     -5.66035006      0.01413253     -5.64621752      0.11412201      0.01841686      0.11278421      0.02282440 md_running
   455    227.50000000    154.58579135      2.15942050    841.59156557    300.00000000      0.99967866      0.09594594     -5.66090579      0.01398929     -5.64691650      0.11275670      0.01832329      0.11125194      0.02255134 md_running
   456    228.00000000    154.78313684      2.14875711    847.09323789    300.00000000      0.99967748      0.09657316     -5.66145755      0.01385147     -5.64760608      0.11163257      0.01823281      0.10996325      0.02232651 md_running
   457    228.50000000    154.99139738      2.13848048    852.47598695    300.00000000      0.99967635      0.09718683     -5.66200181      0.01371930     -5.64828251      0.11079013      0.01814561      0.10895981      0.02215803 md_running
   458    229.00000000    155.20056024      2.12861119    857.73060900    300.00000000      0.99967525      0.09778588     -5.66253784      0.01359296     -5.64894488      0.11024135      0.01806186      0.10825496      0.02204827 md_running
   459    229.50000000    155.40706556      2.11916791    862.86558007    300.00000000      0.99967419      0.09837129     -5.66306675      0.01347262     -5.64959413      0.10996894      0.01798174      0.10783095      0.02199379 md_running
   460    230.00000000    155.62311676      2.11016787    867.89939698    300.00000000      0.99967317      0.09894518     -5.66359086      0.01335843     -5.65023243      0.10993409      0.01790537      0.10764700      0.02198682 md_running
   461    230.50000000    155.83712816      2.10162755    872.85979024    300.00000000      0.99967218      0.09951069     -5.66411337      0.01325052     -5.65086286      0.11007755      0.01783290      0.10764306      0.02201551 md_running
   462    231.00000000    156.04685906      2.09356305    877.78230787    300.00000000      0.99967121      0.10007188     -5.66463864      0.01314902     -5.65148962      0.11033455      0.01776447      0.10775369      0.02206691 md_running
   463    231.50000000    156.25926665      2.08599044    882.70047996    300.00000000      0.99967025      0.10063258     -5.66517063      0.01305407     -5.65211656      0.11065119      0.01770022      0.10792434      0.02213024 md_running
   464    232.00000000    156.47344651      2.07892612    887.63765905    300.00000000      0.99966930      0.10119544     -5.66571226      0.01296580     -5.65274646      0.11099833      0.01764027      0.10812660      0.02219967 md_running
   465    232.50000000    156.68225119      2.07238687    892.60165639    300.00000000      0.99966836      0.10176137     -5.66626451      0.01288436     -5.65338014      0.11137940      0.01758479      0.10836513      0.02227588 md_running
   466    233.00000000    156.88636756      2.06639008    897.58161421    300.00000000      0.99966742      0.10232911     -5.66682644      0.01280990     -5.65401653      0.11183272      0.01753390      0.10868063      0.02236654 md_running
   467    233.50000000    157.10046526      2.06095377    902.54667130    300.00000000      0.99966649      0.10289515     -5.66739446      0.01274259     -5.65465187      0.11241550      0.01748777      0.10913311      0.02248310 md_running
   468    234.00000000    157.30874670      2.05609661    907.44527195    300.00000000      0.99966558      0.10345362     -5.66796294      0.01268260     -5.65528034      0.11318403      0.01744656      0.10978213      0.02263681 md_running
   469    234.50000000    157.52439448      2.05183785    912.21536865    300.00000000      0.99966470      0.10399743     -5.66852482      0.01263012     -5.65589471      0.11417354      0.01741042      0.11066558      0.02283471 md_running
   470    235.00000000    157.74012503      2.04819718    916.79616826    300.00000000      0.99966385      0.10451967     -5.66907321      0.01258534     -5.65648788      0.11538152      0.01737953      0.11178231      0.02307630 md_running
   471    235.50000000    157.95372185      2.04519447    921.13981006    300.00000000      0.99966305      0.10501487     -5.66960294      0.01254846     -5.65705448      0.11676445      0.01735405      0.11308863      0.02335289 md_running
   472    236.00000000    158.16455735      2.04284943    925.21215078    300.00000000      0.99966231      0.10547914     -5.67011020      0.01251970     -5.65759050      0.11823381      0.01733415      0.11449301      0.02364676 md_running
   473    236.50000000    158.37864796      2.04118145    928.99200084    300.00000000      0.99966162      0.10591006     -5.67059258      0.01249927     -5.65809331      0.11967541      0.01732000      0.11587659      0.02393508 md_running
   474    237.00000000    158.58920839      2.04020943    932.47734538    300.00000000      0.99966099      0.10630741     -5.67105033      0.01248736     -5.65856297      0.12095660      0.01731175      0.11710113      0.02419132 md_running
   475    237.50000000    158.79843489      2.03995167    935.67658255    300.00000000      0.99966041      0.10667214     -5.67148447      0.01248421     -5.65900026      0.12194403      0.01730956      0.11802739      0.02438881 md_running
   476    238.00000000    159.01057180      2.04042581    938.59749458    300.00000000      0.99965989      0.10700514     -5.67189625      0.01249001     -5.65940624      0.12251577      0.01731359      0.11852737      0.02450315 md_running
   477    238.50000000    159.22486787      2.04164876    941.23540820    300.00000000      0.99965941      0.10730587     -5.67228538      0.01250499     -5.65978039      0.12257446      0.01732396      0.11849756      0.02451489 md_running
   478    239.00000000    159.43203571      2.04363678    943.56219709    300.00000000      0.99965899      0.10757114     -5.67264867      0.01252935     -5.66011932      0.12205617      0.01734083      0.11786806      0.02441123 md_running
   479    239.50000000    159.63931554      2.04640568    945.52617285    300.00000000      0.99965863      0.10779504     -5.67298064      0.01256333     -5.66041731      0.12093245      0.01736433      0.11660417      0.02418649 md_running
   480    240.00000000    159.85075610      2.04997102    947.05360181    300.00000000      0.99965833      0.10796918     -5.67327300      0.01260714     -5.66066586      0.11920880      0.01739458      0.11470538      0.02384176 md_running
   481    240.50000000    160.06141751      2.05434849    948.04236684    300.00000000      0.99965812      0.10808190     -5.67351435      0.01266104     -5.66085331      0.11692714      0.01743172      0.11220780      0.02338543 md_running
   482    241.00000000    160.27237726      2.05955411    948.37413547    300.00000000      0.99965801      0.10811973     -5.67369093      0.01272529     -5.66096564      0.11418886      0.01747590      0.10920868      0.02283777 md_running
   483    241.50000000    160.48250826      2.06560461    947.93014540    300.00000000      0.99965801      0.10806911     -5.67378976      0.01280017     -5.66098959      0.11112038      0.01752724      0.10583215      0.02222408 md_running
   484    242.00000000    160.69196469      2.07251747    946.60233875    300.00000000      0.99965816      0.10791773     -5.67379842      0.01288599     -5.66091243      0.10789099      0.01758589      0.10224931      0.02157820 md_running
   485    242.50000000    160.90290852      2.08031088    944.30252873    300.00000000      0.99965846      0.10765554     -5.67370717      0.01298308     -5.66072409      0.10468528      0.01765202      0.09865072      0.02093706 md_running
   486    243.00000000    161.11231631      2.08900348    940.96481412    300.00000000      0.99965894      0.10727503     -5.67350871      0.01309181     -5.66041690      0.10171218      0.01772578      0.09525760      0.02034244 md_running
   487    243.50000000    161.32336718      2.09861412    936.56188641    300.00000000      0.99965959      0.10677307     -5.67319971      0.01321254     -5.65998717      0.09919116      0.01780733      0.09230973      0.01983823 md_running
   488    244.00000000    161.53106411      2.10916134    931.11040155    300.00000000      0.99966044      0.10615157     -5.67278288      0.01334568     -5.65943720      0.09730432      0.01789683      0.09001555      0.01946086 md_running
   489    244.50000000    161.74772661      2.12066278    924.66747607    300.00000000      0.99966147      0.10541704     -5.67226480      0.01349163     -5.65877317      0.09617409      0.01799442      0.08852403      0.01923482 md_running
   490    245.00000000    161.96354640      2.13313449    917.32587776    300.00000000      0.99966268      0.10458006     -5.67165656      0.01365079     -5.65800577      0.09582979      0.01810025      0.08788591      0.01916596 md_running
   491    245.50000000    162.17501306      2.14659024    909.20299779    300.00000000      0.99966407      0.10365401     -5.67097179      0.01382355     -5.65714824      0.09620678      0.01821442      0.08804705      0.01924136 md_running
   492    246.00000000    162.39564561      2.16104070    900.44106804    300.00000000      0.99966560      0.10265510     -5.67022688      0.01401029     -5.65621659      0.09715351      0.01833704      0.08885445      0.01943070 md_running
   493    246.50000000    162.61080085      2.17649270    891.20255282    300.00000000      0.99966727      0.10160186     -5.66944112      0.01421136     -5.65522975      0.09846882      0.01846815      0.09009532      0.01969376 md_running
   494    247.00000000    162.82324687      2.19294865    881.65349948    300.00000000      0.99966905      0.10051322     -5.66863353      0.01442707     -5.65420646      0.09994041      0.01860779      0.09154282      0.01998808 md_running
   495    247.50000000    163.03651189      2.21040588    871.95160756    300.00000000      0.99967092      0.09940715     -5.66782241      0.01465768     -5.65316473      0.10137916      0.01875592      0.09299400      0.02027583 md_running
   496    248.00000000    163.23680026      2.22885625    862.23440434    300.00000000      0.99967284      0.09829934     -5.66702390      0.01490340     -5.65212050      0.10264775      0.01891247      0.09430210      0.02052955 md_running
   497    248.50000000    163.43712573      2.24828585    852.60998700    300.00000000      0.99967479      0.09720210     -5.66625032      0.01516437     -5.65108595      0.10367532      0.01907734      0.09539334      0.02073506 md_running
   498    249.00000000    163.64126592      2.26867471    843.14954845    300.00000000      0.99967676      0.09612356     -5.66551010      0.01544065     -5.65006945      0.10446216      0.01925034      0.09626906      0.02089243 md_running
   499    249.50000000    163.85144544      2.28999696    833.88889918    300.00000000      0.99967874      0.09506780     -5.66480688      0.01573226     -5.64907462      0.10505913      0.01943127      0.09698712      0.02101183 md_running
   500    250.00000000    164.06223090      2.31222069    824.84280618    300.00000000      0.99968071      0.09403649     -5.66414244      0.01603909     -5.64810334      0.10555445      0.01961984      0.09764391      0.02111089 max_step
