  step         time_fs     wall_time_s        rti_dist          temp_K     temp_bath_K   thermo_lambda          kin_Ha     pot_real_Ha     pot_rtip_Ha    pot_total_Ha          f_real          f_rtip         f_total      rms_f_real state_decision
     1      0.50000000      9.01987685      2.04527165    299.73750974    300.00000000      1.00000000      0.04698606     -7.72079069      0.10457840     -7.61621229      0.06786712      0.14462255      0.14588214      0.01163911 md_running
     2      1.00000000     20.18641445      2.03618004    299.71703290    300.00000000      0.99999980      0.04698285     -7.71985913      0.10365073     -7.61620840      0.07987322      0.14397967      0.14479990      0.01369814 md_running
     3      1.50000000     39.23565390      2.02390275    299.51412444    300.00000000      1.00000004      0.04695104     -7.71857864      0.10240456     -7.61617408      0.09369243      0.14311154      0.14416670      0.01606812 md_running
     4      2.00000000     39.47506283      2.00865759    299.38507295    300.00000000      1.00000042      0.04693081     -7.71701791      0.10086763     -7.61615028      0.10875233      0.14203354      0.14450715      0.01865087 md_running
     5      2.50000000     39.71473368      1.99070129    299.69498651    300.00000000      1.00000038      0.04697939     -7.71526734      0.09907229     -7.61619505      0.12442356      0.14076384      0.14617911      0.02133847 md_running
     6      3.00000000     43.64428487      1.97031834    300.83264181    300.00000000      0.99999929      0.04715773     -7.71342414      0.09705386     -7.61637028      0.13998583      0.13932255      0.14923956      0.02400737 md_running
     7      3.50000000     43.87911459      1.94780745    303.12871619    300.00000000      0.99999654      0.04751766     -7.71157726      0.09484885     -7.61672841      0.15465415      0.13773079      0.15338302      0.02652297 md_running
     8      4.00000000     44.11511129      1.92346640    306.80535830    300.00000000      0.99999172      0.04809400     -7.70979774      0.09249307     -7.61730466      0.16762749      0.13600961      0.15798833      0.02874788 md_running
     9      4.50000000     49.10874448      1.89757658    311.96904807    300.00000000      0.99998471      0.04890344     -7.70813535      0.09001992     -7.61811543      0.17817275      0.13417893      0.16227536      0.03055637 md_running
    10      5.00000000     49.38341535      1.87038877    318.63692647    300.00000000      0.99997561      0.04994868     -7.70662232      0.08745885     -7.61916347      0.18572316      0.13225646      0.16549617      0.03185126 md_running
    11      5.50000000     60.69460135      1.84211166    326.77570548    300.00000000      0.99996468      0.05122450     -7.70527769      0.08483438     -7.62044331      0.18994430      0.13025696      0.16710235      0.03257518 md_running
    12      6.00000000     60.94513933      1.81290390    336.33349942    300.00000000      0.99995227      0.05272275     -7.70411258      0.08216551     -7.62194706      0.19079604      0.12819166      0.16685538      0.03272125 md_running
    13      6.50000000     61.18102778      1.78287044    347.25284337    300.00000000      0.99993870      0.05443444     -7.70313169      0.07946568     -7.62366602      0.18855324      0.12606798      0.16486052      0.03233661 md_running
    14      7.00000000     61.40926792      1.75206345    359.46276301    300.00000000      0.99992432      0.05634843     -7.70233275      0.07674316     -7.62558960      0.18376594      0.12388959      0.16150975      0.03151560 md_running
    15      7.50000000     61.63909891      1.72048786    372.85937069    300.00000000      0.99990946      0.05844845     -7.70170364      0.07400196     -7.62770168      0.17715968      0.12165686      0.15735888      0.03038263 md_running
    16      8.00000000     61.86835420      1.68811047    387.28515366    300.00000000      0.99989443      0.06070980     -7.70122099      0.07124292     -7.62997807      0.16947980      0.11936744      0.15293734      0.02906555 md_running
    17      8.50000000     62.10018020      1.65487148    402.50850415    300.00000000      0.99987958      0.06309617     -7.70084786      0.06846499     -7.63238287      0.16135325      0.11701708      0.14858556      0.02767185 md_running
    18      9.00000000     62.33277400      1.62069719    418.20951680    300.00000000      0.99986521      0.06555742     -7.70053227      0.06566648     -7.63486578      0.15319266      0.11460060      0.14438149      0.02627233 md_running
    19      9.50000000     62.56103537      1.58551240    433.98018997    300.00000000      0.99985166      0.06802959     -7.70020910      0.06284624     -7.63736286      0.14520608      0.11211266      0.14018149      0.02490264 md_running
    20     10.00000000     62.79192928      1.54925182    449.34406467    300.00000000      0.99983919      0.07043799     -7.69980355      0.06000453     -7.63979902      0.13748265      0.10954865      0.13574309      0.02357808 md_running
    21     10.50000000     63.03045008      1.51187015    463.79675477    300.00000000      0.99982806      0.07270355     -7.69923829      0.05714378     -7.64209451      0.13012021      0.10690536      0.13088372      0.02231543 md_running
    22     11.00000000     63.26030888      1.47335014    476.86275992    300.00000000      0.99981841      0.07475175     -7.69844283      0.05426902     -7.64417381      0.12336291      0.10418159      0.12562440      0.02115656 md_running
    23     11.50000000     63.48861960      1.43370844    488.15772624    300.00000000      0.99981034      0.07652232     -7.69736392      0.05138800     -7.64597593      0.11767533      0.10137850      0.12026228      0.02018115 md_running
    24     12.00000000     63.71200142      1.39299890    497.43850041    300.00000000      0.99980384      0.07797715     -7.69597342      0.04851115     -7.64746228      0.11371782      0.09849990      0.11536418      0.01950245 md_running
    25     12.50000000     63.94564974      1.35131374    504.62308338    300.00000000      0.99979885      0.07910338     -7.69427110      0.04565122     -7.64861988      0.11216081      0.09555231      0.11164966      0.01923542 md_running
    26     13.00000000     64.18020943      1.30878257    509.77256177    300.00000000      0.99979524      0.07991060     -7.69228103      0.04282280     -7.64945823      0.11341750      0.09254490      0.10978962      0.01945094 md_running
    27     13.50000000     64.41129377      1.26556978    513.04253684    300.00000000      0.99979283      0.08042319     -7.69004385      0.04004167     -7.65000218      0.11744528      0.08948930      0.11017778      0.02014170 md_running
    28     14.00000000     64.64202109      1.22187070    514.62440365    300.00000000      0.99979147      0.08067116     -7.68760612      0.03732420     -7.65028192      0.12373153      0.08639931      0.11276731      0.02121978 md_running
    29     14.50000000     64.86524521      1.17790717    514.69935007    300.00000000      0.99979102      0.08068291     -7.68501242      0.03468663     -7.65032579      0.13146732      0.08329061      0.11708451      0.02254646 md_running
    30     15.00000000     65.08375023      1.13392277    513.42206399    300.00000000      0.99979138      0.08048269     -7.68230207      0.03214452     -7.65015755      0.13978144      0.08018045      0.12240971      0.02397232 md_running
    31     15.50000000     65.31015702      1.09017818    510.93659380    300.00000000      0.99979246      0.08009307     -7.67951171      0.02971221     -7.64979950      0.14789757      0.07708724      0.12797720      0.02536422 md_running
    32     16.00000000     65.54034993      1.04694679    507.41041923    300.00000000      0.99979421      0.07954032     -7.67667963      0.02740244     -7.64927719      0.15520799      0.07403032      0.13312454      0.02661795 md_running
    33     16.50000000     65.77471820      1.00451061    503.06356015    300.00000000      0.99979653      0.07885892     -7.67385095      0.02522604     -7.64862491      0.16129515      0.07102963      0.13736090      0.02766189 md_running
    34     17.00000000     66.00878434      0.96315642    498.17584113    300.00000000      0.99979930      0.07809273     -7.67107852      0.02319176     -7.64788676      0.16591741      0.06810544      0.14038028      0.02845460 md_running
    35     17.50000000     66.24215002      0.92317201    493.06438283    300.00000000      0.99980236      0.07729147     -7.66841909      0.02130616     -7.64711293      0.16899989      0.06527812      0.14206315      0.02898324 md_running
    36     18.00000000     66.46282750      0.88484236    488.03443690    300.00000000      0.99980552      0.07650299     -7.66592547      0.01957365     -7.64635182      0.17061026      0.06256780      0.14245194      0.02925942 md_running
    37     18.50000000     66.69244573      0.84844566    483.32300347    300.00000000      0.99980860      0.07576444     -7.66363750      0.01799650     -7.64564100      0.17091025      0.05999417      0.14170594      0.02931087 md_running
    38     19.00000000     66.92355530      0.81424861    479.05274578    300.00000000      0.99981149      0.07509504     -7.66157514      0.01657502     -7.64500012      0.17013779      0.05757607      0.14008482      0.02917839 md_running
    39     19.50000000     67.15448382      0.78250052    475.20670826    300.00000000      0.99981413      0.07449215     -7.65973393      0.01530768     -7.64442625      0.16859504      0.05533114      0.13792934      0.02891381 md_running
    40     20.00000000     67.37188409      0.75342666    471.63457830    300.00000000      0.99981657      0.07393219     -7.65808720      0.01419129     -7.64389590      0.16661583      0.05327531      0.13562397      0.02857438 md_running
    41     20.50000000     67.60265924      0.72722093    468.09364642    300.00000000      0.99981893      0.07337712     -7.65659134      0.01322126     -7.64337008      0.16453117      0.05142229      0.13355933      0.02821686 md_running
    42     21.00000000     67.83951152      0.70403758    464.31291744    300.00000000      0.99982140      0.07278447     -7.65519747      0.01239172     -7.64280574      0.16263315      0.04978297      0.13207861      0.02789136 md_running
    43     21.50000000     68.07139084      0.68398288    460.06334763    300.00000000      0.99982417      0.07211832     -7.65386204      0.01169581     -7.64216623      0.16114480      0.04836489      0.13143031      0.02763610 md_running
    44     22.00000000     68.29636588      0.66710768    455.21850673    300.00000000      0.99982738      0.07135885     -7.65255700      0.01112582     -7.64143118      0.16018429      0.04717164      0.13172068      0.02747138 md_running
    45     22.50000000     68.52260191      0.65340160    449.79062674    300.00000000      0.99983111      0.07050799     -7.65127593      0.01067334     -7.64060258      0.15973993      0.04620247      0.13288431      0.02739517 md_running
    46     23.00000000     68.75040900      0.64279012    443.92788105    300.00000000      0.99983532      0.06958896     -7.65003347      0.01032948     -7.63970399      0.15968483      0.04545213      0.13470594      0.02738572 md_running
    47     23.50000000     68.99342163      0.63513559    437.87344794    300.00000000      0.99983989      0.06863989     -7.64885898      0.01008493     -7.63877405      0.15983111      0.04491087      0.13689930      0.02741081 md_running
    48     24.00000000     69.22621149      0.63024253    431.91071206    300.00000000      0.99984463      0.06770518     -7.64778782      0.00993014     -7.63785768      0.15997269      0.04456488      0.13917131      0.02743509 md_running
    49     24.50000000     69.45158443      0.62786661    426.30718817    300.00000000      0.99984931      0.06682679     -7.64685283      0.00985541     -7.63699742      0.15994632      0.04439687      0.14128761      0.02743057 md_running
    50     25.00000000     69.67848309      0.62772693    421.26998327    300.00000000      0.99985372      0.06603717     -7.64607672      0.00985103     -7.63622570      0.15964330      0.04438700      0.14308400      0.02737860 md_running
    51     25.50000000     69.90776622      0.62952011    416.93513350    300.00000000      0.99985769      0.06535765     -7.64547140      0.00990739     -7.63556401      0.15899775      0.04451379      0.14444393      0.02726789 md_running
    52     26.00000000     70.14263985      0.63293507    413.38096670    300.00000000      0.99986110      0.06480051     -7.64503964      0.01001517     -7.63502447      0.15795247      0.04475527      0.14526173      0.02708863 md_running
    53     26.50000000     70.37563951      0.63766705    410.65110874    300.00000000      0.99986386      0.06437258     -7.64477916      0.01016548     -7.63461368      0.15644585      0.04508987      0.14542859      0.02683024 md_running
    54     27.00000000     70.61390006      0.64342968    408.77760756    300.00000000      0.99986591      0.06407890     -7.64468693      0.01035004     -7.63433689      0.15442139      0.04549735      0.14484475      0.02648305 md_running
    55     27.50000000     70.84311313      0.64996458    407.79067292    300.00000000      0.99986720      0.06392419     -7.64476013      0.01056135     -7.63419878      0.15188141      0.04595944      0.14347508      0.02604745 md_running
    56     28.00000000     71.06898555      0.65704833    407.71166010    300.00000000      0.99986769      0.06391180     -7.64499611      0.01079281     -7.63420330      0.14895270      0.04646033      0.14142013      0.02554518 md_running
    57     28.50000000     71.29714140      0.66449659    408.53425700    300.00000000      0.99986735      0.06404075     -7.64538869      0.01103889     -7.63434979      0.14594803      0.04698700      0.13898175      0.02502988 md_running
    58     29.00000000     71.53290841      0.67216549    410.20578775    300.00000000      0.99986621      0.06430278     -7.64592536      0.01129516     -7.63463020      0.14338220      0.04752928      0.13668339      0.02458984 md_running
    59     29.50000000     71.76329409      0.67995062    412.62004615    300.00000000      0.99986437      0.06468123     -7.64658600      0.01155832     -7.63502768      0.14190741      0.04807977      0.13520699      0.02433692 md_running
    60     30.00000000     71.99152649      0.68778429    415.62957016    300.00000000      0.99986196      0.06515299     -7.64734543      0.01182618     -7.63551925      0.14212286      0.04863369      0.13520817      0.02437387 md_running
    61     30.50000000     72.22079285      0.69563112    419.07788245    300.00000000      0.99985913      0.06569354     -7.64817718      0.01209757     -7.63607962      0.14433942      0.04918855      0.13707242      0.02475401 md_running
    62     31.00000000     72.45285793      0.70348257    422.84507135    300.00000000      0.99985604      0.06628408     -7.64906200      0.01237219     -7.63668981      0.14838502      0.04974373      0.14069636      0.02544782 md_running
    63     31.50000000     72.68444900      0.71135086    426.89192306    300.00000000      0.99985276      0.06691845     -7.64999385      0.01265050     -7.63734335      0.15357989      0.05030010      0.14544420      0.02633873 md_running
    64     32.00000000     72.91515659      0.71926272    431.28434380    300.00000000      0.99984931      0.06760699     -7.65098439      0.01293347     -7.63805092      0.15889818      0.05085955      0.15030617      0.02725081 md_running
    65     32.50000000     73.14320719      0.72725322    436.18355163    300.00000000      0.99984560      0.06837498     -7.65206042      0.01322243     -7.63883799      0.16321081      0.05142457      0.15414952      0.02799042 md_running
    66     33.00000000     73.36707334      0.73535977    441.79555601    300.00000000      0.99984149      0.06925470     -7.65325696      0.01351885     -7.63973811      0.16552978      0.05199779      0.15597243      0.02838812 md_running
    67     33.50000000     73.58437862      0.74361688    448.28957022    300.00000000      0.99983686      0.07027269     -7.65460281      0.01382415     -7.64077866      0.16517494      0.05258165      0.15508120      0.02832727 md_running
    68     34.00000000     73.81379477      0.75205164    455.70688346    300.00000000      0.99983166      0.07143541     -7.65610659      0.01413954     -7.64196705      0.16188015      0.05317808      0.15120308      0.02776222 md_running
    69     34.50000000     74.04689608      0.76068013    463.89111458    300.00000000      0.99982600      0.07271835     -7.65774511      0.01446586     -7.64327926      0.15585289      0.05378821      0.14455428      0.02672855 md_running
    70     35.00000000     74.27667405      0.76950491    472.46952312    300.00000000      0.99982010      0.07406307     -7.65945964      0.01480345     -7.64465620      0.14777872      0.05441221      0.13585619      0.02534384 md_running
    71     35.50000000     74.49846022      0.77851369    480.89803822    300.00000000      0.99981431      0.07538431     -7.66116376      0.01515209     -7.64601167      0.13877221      0.05504923      0.12630864      0.02379924 md_running
    72     36.00000000     74.72527908      0.78767908    488.56325284    300.00000000      0.99980902      0.07658589     -7.66275916      0.01551096     -7.64724820      0.13025973      0.05569732      0.11749236      0.02233936 md_running
    73     36.50000000     74.94095180      0.79695933    494.91490452    300.00000000      0.99980456      0.07758155     -7.66415645      0.01587860     -7.64827784      0.12374247      0.05635353      0.11111863      0.02122166 md_running
    74     37.00000000     75.16793401      0.80629991    499.58975007    300.00000000      0.99980116      0.07831437     -7.66529583      0.01625299     -7.64904284      0.12039437      0.05701401      0.10852537      0.02064746 md_running
    75     37.50000000     75.39824415      0.81563562    502.49058845    300.00000000      0.99979889      0.07876910     -7.66615893      0.01663154     -7.64952739      0.12065732      0.05767415      0.11012445      0.02069256 md_running
    76     38.00000000     75.62903605      0.82489342    503.80176462    300.00000000      0.99979768      0.07897463     -7.66677184      0.01701123     -7.64976061      0.12409592      0.05832877      0.11524467      0.02128227 md_running
    77     38.50000000     75.86426208      0.83399546    503.94238094    300.00000000      0.99979731      0.07899668     -7.66719775      0.01738871     -7.64980903      0.12966441      0.05897238      0.12255801      0.02223726 md_running
    78     39.00000000     76.09538322      0.84286200    503.47609412    300.00000000      0.99979747      0.07892358     -7.66752247      0.01776041     -7.64976206      0.13615338      0.05959934      0.13066582      0.02335011 md_running
    79     39.50000000     76.32465607      0.85141403    503.00062229    300.00000000      0.99979781      0.07884905     -7.66783685      0.01812265     -7.64971421      0.14251543      0.06020406      0.13844332      0.02444119 md_running
    80     40.00000000     76.55429033      0.85957548    503.03985515    300.00000000      0.99979799      0.07885520     -7.66822048      0.01847175     -7.64974873      0.14799962      0.06078117      0.14513159      0.02538173 md_running
    81     40.50000000     76.78668837      0.86727499    503.96243471    300.00000000      0.99979774      0.07899982     -7.66872791      0.01880415     -7.64992376      0.15217387      0.06132560      0.15032118      0.02609760 md_running
    82     41.00000000     77.01807660      0.87444711    505.94488879    300.00000000      0.99979689      0.07931058     -7.66938338      0.01911644     -7.65026693      0.15487836      0.06183275      0.15388194      0.02656142 md_running
    83     41.50000000     77.24915106      0.88103310    508.98219775    300.00000000      0.99979541      0.07978671     -7.67018281      0.01940548     -7.65077732      0.15615686      0.06229845      0.15588326      0.02678068 md_running
    84     42.00000000     77.47641573      0.88698138    512.93937980    300.00000000      0.99979336      0.08040702     -7.67110140      0.01966840     -7.65143300      0.15620299      0.06271905      0.15653758      0.02678859 md_running
    85     42.50000000     77.70612017      0.89224773    517.62949344    300.00000000      0.99979088      0.08114223     -7.67210663      0.01990265     -7.65220398      0.15529549      0.06309144      0.15613671      0.02663296 md_running
    86     43.00000000     77.92862190      0.89679533    522.88785668    300.00000000      0.99978808      0.08196652     -7.67317015      0.02010605     -7.65306410      0.15372021      0.06341301      0.15497368      0.02636280 md_running
    87     43.50000000     78.14404380      0.90059459    528.62389016    300.00000000      0.99978507      0.08286569     -7.67427572      0.02027677     -7.65399895      0.15173876      0.06368165      0.15331483      0.02602298 md_running
    88     44.00000000     78.37292788      0.90362291    534.82592675    300.00000000      0.99978187      0.08383790     -7.67542079      0.02041336     -7.65500743      0.14952843      0.06389579      0.15133793      0.02564392 md_running
    89     44.50000000     78.60481724      0.90586440    541.51201660    300.00000000      0.99977849      0.08488599     -7.67660818      0.02051476     -7.65609343      0.14720258      0.06405429      0.14915746      0.02524503 md_running
    90     45.00000000     78.83438622      0.90730968    548.66028151    300.00000000      0.99977495      0.08600654     -7.67783410      0.02058027     -7.65725383      0.14485450      0.06415648      0.14686953      0.02484234 md_running
    91     45.50000000     79.06747836      0.90795530    556.15050382    300.00000000      0.99977129      0.08718068     -7.67907991      0.02060957     -7.65847034      0.14260434      0.06420214      0.14460148      0.02445644 md_running
    92     46.00000000     79.29953658      0.90780300    563.74516066    300.00000000      0.99976761      0.08837120     -7.68030780      0.02060266     -7.65970514      0.14062058      0.06419137      0.14253509      0.02411623 md_running
    93     46.50000000     79.52324483      0.90685848    571.12394418    300.00000000      0.99976405      0.08952788     -7.68146728      0.02055981     -7.66090747      0.13908708      0.06412458      0.14087422      0.02385324 md_running
    94     47.00000000     79.75403503      0.90512986    577.96022733    300.00000000      0.99976076      0.09059952     -7.68250624      0.02048150     -7.66202474      0.13811945      0.06400235      0.13976489      0.02368729 md_running
    95     47.50000000     79.98309989      0.90262560    584.01028180    300.00000000      0.99975785      0.09154791     -7.68338680      0.02036832     -7.66301848      0.13768120      0.06382527      0.13921175      0.02361213 md_running
    96     48.00000000     80.20902703      0.89935207    589.17811702    300.00000000      0.99975539      0.09235801     -7.68409377      0.02022085     -7.66387292      0.13752707      0.06359380      0.13901697      0.02358570 md_running
    97     48.50000000     80.44033709      0.89531071    593.52902195    300.00000000      0.99975335      0.09304004     -7.68463843      0.02003953     -7.66459890      0.13722607      0.06330803      0.13879862      0.02353408 md_running
    98     49.00000000     80.66582501      0.89049520    597.24818955    300.00000000      0.99975165      0.09362305     -7.68505062      0.01982454     -7.66522608      0.13624648      0.06296752      0.13807334      0.02336608 md_running
    99     49.50000000     80.88379576      0.88488888    600.55989601    300.00000000      0.99975019      0.09414218     -7.68536615      0.01957571     -7.66579045      0.13408295      0.06257109      0.13638375      0.02299504 md_running
   100     50.00000000     81.11126819      0.87846251    603.63274900    300.00000000      0.99974887      0.09462388     -7.68561166      0.01929241     -7.66631925      0.13038340      0.06211668      0.13342668      0.02236057 md_running
   101     50.50000000     81.34187182      0.87117294    606.49785069    300.00000000      0.99974765      0.09507300     -7.68579152      0.01897356     -7.66681797      0.12508614      0.06160123      0.12918967      0.02145210 md_running
   102     51.00000000     81.57070801      0.86296286    609.00502765    300.00000000      0.99974653      0.09546602     -7.68588018      0.01861762     -7.66726256      0.11856755      0.06102069      0.12408572      0.02033417 md_running
   103     51.50000000     81.79324109      0.85376174    610.83526268    300.00000000      0.99974563      0.09575292     -7.68582530      0.01822273     -7.66760258      0.11178287      0.06037007      0.11905449      0.01917060 md_running
   104     52.00000000     82.02292926      0.84348823    611.57409182    300.00000000      0.99974508      0.09586874     -7.68555823      0.01778681     -7.66777142      0.10631659      0.05964362      0.11553452      0.01823314 md_running
   105     52.50000000     82.24807194      0.83205393    610.83252890    300.00000000      0.99974505      0.09575249     -7.68501449      0.01730784     -7.66770664      0.10410132      0.05883510      0.11512381      0.01785323 md_running
   106     53.00000000     82.47918304      0.81936827    608.38837850    300.00000000      0.99974568      0.09536936     -7.68415582      0.01678411     -7.66737171      0.10662722      0.05793809      0.11890067      0.01828642 md_running
   107     53.50000000     82.70979142      0.80534426    604.30464658    300.00000000      0.99974702      0.09472920     -7.68299024      0.01621448     -7.66677576      0.11399863      0.05694644      0.12676784      0.01955060 md_running
   108     54.00000000     82.92993444      0.78990433    598.98348287    300.00000000      0.99974899      0.09389507     -7.68158069      0.01559872     -7.66598197      0.12478889      0.05585467      0.13741814      0.02140112 md_running
   109     54.50000000     83.15580918      0.77298629    593.12948331    300.00000000      0.99975139      0.09297741     -7.68003952      0.01493770     -7.66510182      0.13680234      0.05465838      0.14890970      0.02346141 md_running
   110     55.00000000     83.38368347      0.75454850    587.62003669    300.00000000      0.99975388      0.09211377     -7.67850866      0.01423359     -7.66427507      0.14786164      0.05335464      0.15926830      0.02535806 md_running
   111     55.50000000     83.61692013      0.73457415    583.30748184    300.00000000      0.99975608      0.09143774     -7.67712737      0.01348998     -7.66363740      0.15625373      0.05194224      0.16688996      0.02679729 md_running
   112     56.00000000     83.85186216      0.71307418    580.80760891    300.00000000      0.99975761      0.09104587     -7.67599945      0.01271187     -7.66328758      0.16092151      0.05042196      0.17075820      0.02759781 md_running
   113     56.50000000     84.08369301      0.69008834    580.34396350    300.00000000      0.99975827      0.09097319     -7.67516665      0.01190555     -7.66326110      0.16153150      0.04879661      0.17053849      0.02770242 md_running
   114     57.00000000     84.30787265      0.66568460    581.70135685    300.00000000      0.99975803      0.09118597     -7.67460222      0.01107840     -7.66352382      0.15846199      0.04707101      0.16658500      0.02717601 md_running
   115     57.50000000     84.53988150      0.63995663    584.30806144    300.00000000      0.99975710      0.09159459     -7.67422310      0.01023861     -7.66398448      0.15271377      0.04525177      0.15986394      0.02619020 md_running
   116     58.00000000     84.77005286      0.61301973    587.41246219    300.00000000      0.99975578      0.09208123     -7.67391834      0.00939483     -7.66452351      0.14571470      0.04334704      0.15176950      0.02498987 md_running
   117     58.50000000     85.00285314      0.58500573    590.29018729    300.00000000      0.99975443      0.09253233     -7.67358100      0.00855579     -7.66502521      0.13901311      0.04136615      0.14383774      0.02384055 md_running
   118     59.00000000     85.23228456      0.55605739    592.41834068    300.00000000      0.99975332      0.09286593     -7.67313681      0.00773000     -7.66540682      0.13388289      0.03931920      0.13737631      0.02296073 md_running
   119     59.50000000     85.45773420      0.52632294    593.56900237    300.00000000      0.99975262      0.09304631     -7.67255773      0.00692540     -7.66563233      0.13096055      0.03721665      0.13311177      0.02245955 md_running
   120     60.00000000     85.68464081      0.49595096    593.80366328    300.00000000      0.99975234      0.09308309     -7.67186164      0.00614918     -7.66571245      0.13007246      0.03506903      0.13098410      0.02230724 md_running
   121     60.50000000     85.91351007      0.46508611    593.38102416    300.00000000      0.99975241      0.09301684     -7.67109648      0.00540763     -7.66568885      0.13043542      0.03288655      0.13029399      0.02236949 md_running
   122     61.00000000     86.14252388      0.43386632    592.61787821    300.00000000      0.99975268      0.09289721     -7.67031872      0.00470600     -7.66561272      0.13107688      0.03067898      0.13009785      0.02247950 md_running
   123     61.50000000     86.36895447      0.40242100    591.74800905    300.00000000      0.99975305      0.09276086     -7.66957019      0.00404857     -7.66552163      0.13122366      0.02845546      0.12960720      0.02250467 md_running
   124     62.00000000     86.60351072      0.37087062    590.81760926    300.00000000      0.99975343      0.09261501     -7.66886186      0.00343863     -7.66542323      0.13053341      0.02622451      0.12844605      0.02238630 md_running
   125     62.50000000     86.83941801      0.33932746    589.65109472    300.00000000      0.99975385      0.09243215     -7.66816819      0.00287858     -7.66528961      0.12914398      0.02399408      0.12672325      0.02214801 md_running
   126     63.00000000     87.07845252      0.30789727    587.89507916    300.00000000      0.99975445      0.09215688     -7.66743410      0.00237002     -7.66506408      0.12757729      0.02177162      0.12494534      0.02187932 md_running
   127     63.50000000     87.30982265      0.27668146    585.12181273    300.00000000      0.99975540      0.09172215     -7.66659190      0.00191382     -7.66467809      0.12655907      0.01956433      0.12383589      0.02170470 md_running
   128     64.00000000     87.53098331      0.24577997    580.96464326    300.00000000      0.99975689      0.09107048     -7.66558288      0.00151019     -7.66407268      0.12677768      0.01737927      0.12408554      0.02174219 md_running
   129     64.50000000     87.75537783      0.21529479    575.24353433    300.00000000      0.99975908      0.09017366     -7.66437747      0.00115880     -7.66321867      0.12863112      0.01522364      0.12608731      0.02206006 md_running
   130     65.00000000     87.98294630      0.18533508    568.03604972    300.00000000      0.99976202      0.08904383     -7.66298664      0.00085873     -7.66212791      0.13207638      0.01310517      0.12977940      0.02265091 md_running
   131     65.50000000     88.20700897      0.15602604    559.66826851    300.00000000      0.99976568      0.08773212     -7.66146111      0.00060860     -7.66085251      0.13667780      0.01103271      0.13469801      0.02344005 md_running
   132     66.00000000     88.43403841      0.12752785    550.63528647    300.00000000      0.99976989      0.08631613     -7.65987731      0.00040658     -7.65947072      0.14179550      0.00901758      0.14017607      0.02431773 md_running
   133     66.50000000     88.65301109      0.10008284    541.48236628    300.00000000      0.99977443      0.08488135     -7.65832004      0.00025041     -7.65806963      0.14680014      0.00707693      0.14556466      0.02517602 md_running
   134     67.00000000     88.87878806      0.07415377    532.68533060    300.00000000      0.99977906      0.08350235     -7.65686190      0.00013747     -7.65672443      0.15121922      0.00524346      0.15038022      0.02593388 md_running
   135     67.50000000     89.10277294      0.05091345    524.56577676    300.00000000      0.99978354      0.08222955     -7.65555078      0.00006480     -7.65548598      0.15479877      0.00360012      0.15436339      0.02654777 md_running
   136     68.00000000     89.32930780      0.03418235    517.26388150    300.00000000      0.99978775      0.08108492     -7.65440525      0.00002921     -7.65437604      0.15748448      0.00241706      0.15745674      0.02700837 md_running
   137     68.50000000     89.55999019      0.03303167    510.77380625    300.00000000      0.99979160      0.08006755     -7.65342021      0.00002728     -7.65339293      0.15935287      0.00233569      0.15973379      0.02732879 md_running
   138     69.00000000     89.79036684      0.04709636    505.02005646    300.00000000      0.99979511      0.07916561     -7.65257959      0.00005545     -7.65252414      0.16052434      0.00333022      0.16131109      0.02752970 md_running
   139     69.50000000     90.02229272      0.06636352    499.94058816    300.00000000      0.99979828      0.07836937     -7.65186949      0.00011010     -7.65175939      0.16108343      0.00469261      0.16226896      0.02762558 md_running
   140     70.00000000     90.25135253      0.08662108    495.54698460    300.00000000      0.99980113      0.07768064     -7.65128813      0.00018758     -7.65110055      0.16102427      0.00612504      0.16259794      0.02761543 md_running
   141     70.50000000     90.47613595      0.10663383    491.94226476    300.00000000      0.99980359      0.07711557     -7.65084828      0.00028427     -7.65056401      0.16024320      0.00754015      0.16219247      0.02748148 md_running
   142     71.00000000     90.69879455      0.12595943    489.28995070    300.00000000      0.99980554      0.07669980     -7.65057312      0.00039664     -7.65017647      0.15857131      0.00890668      0.16088397      0.02719476 md_running
   143     71.50000000     90.92237920      0.14440457    487.74422693    300.00000000      0.99980687      0.07645750     -7.65048424      0.00052132     -7.64996293      0.15583458      0.01021094      0.15850033      0.02672541 md_running
   144     72.00000000     91.14041026      0.16187414    487.36218930    300.00000000      0.99980748      0.07639761     -7.65058862      0.00065508     -7.64993354      0.15193718      0.01144623      0.15494768      0.02605701 md_running
   145     72.50000000     91.37126247      0.17832052    488.02588613    300.00000000      0.99980736      0.07650165     -7.65086537      0.00079496     -7.65007042      0.14696201      0.01260917      0.15030765      0.02520378 md_running
   146     73.00000000     91.60229311      0.19372388    489.40466516    300.00000000      0.99980667      0.07671778     -7.65125982      0.00093822     -7.65032160      0.14126328      0.01369835      0.14492548      0.02422645 md_running
   147     73.50000000     91.83274482      0.20808363    490.98106540    300.00000000      0.99980567      0.07696490     -7.65168745      0.00108247     -7.65060498      0.13552775      0.01471373      0.13946471      0.02324282 md_running
   148     74.00000000     92.05460533      0.22141454    492.14403660    300.00000000      0.99980475      0.07714720     -7.65204908      0.00122561     -7.65082347      0.13077892      0.01565637      0.13490729      0.02242840 md_running
   149     74.50000000     92.27539173      0.23374474    492.33071994    300.00000000      0.99980427      0.07717646     -7.65225289      0.00136592     -7.65088697      0.12822019      0.01652825      0.13240225      0.02198958 md_running
   150     75.00000000     92.50279784      0.24511444    491.18254394    300.00000000      0.99980454      0.07699648     -7.65223986      0.00150203     -7.65073783      0.12888860      0.01733221      0.13294460      0.02210421 md_running
   151     75.50000000     92.73593909      0.25557471    488.66732261    300.00000000      0.99980569      0.07660220     -7.65200326      0.00163296     -7.65037030      0.13316317      0.01807186      0.13691891      0.02283729 md_running
   152     76.00000000     92.96687737      0.26518598    485.12716780    300.00000000      0.99980765      0.07604725     -7.65159619      0.00175809     -7.64983810      0.14050772      0.01875148      0.14384772      0.02409688 md_running
   153     76.50000000     93.18925502      0.27401599    481.23091435    300.00000000      0.99981011      0.07543649     -7.65112463      0.00187712     -7.64924751      0.14963570      0.01937586      0.15252161      0.02566231 md_running
   154     77.00000000     93.41616980      0.28213743    477.83703945    300.00000000      0.99981257      0.07490447     -7.65072500      0.00199004     -7.64873496      0.15891619      0.01995013      0.16137039      0.02725390 md_running
   155     77.50000000     93.65078514      0.28962513    475.80168742    300.00000000      0.99981445      0.07458542     -7.65053392      0.00209707     -7.64843685      0.16677582      0.02047959      0.16885434      0.02860182 md_running
   156     78.00000000     93.87946095      0.29655303    475.78450622    300.00000000      0.99981519      0.07458272     -7.65065705      0.00219859     -7.64845846      0.17195271      0.02096947      0.17372502      0.02948965 md_running
   157     78.50000000     94.10765752      0.30299105    478.11181964    300.00000000      0.99981445      0.07494755     -7.65114653      0.00229509     -7.64885144      0.17367240      0.02142470      0.17521090      0.02978457 md_running
   158     79.00000000     94.33643764      0.30900230    482.72372090    300.00000000      0.99981215      0.07567050     -7.65199391      0.00238706     -7.64960685      0.17174633      0.02184976      0.17312243      0.02945425 md_running
   159     79.50000000     94.56443230      0.31464083    489.21045777    300.00000000      0.99980852      0.07668734     -7.65313417      0.00247497     -7.65065920      0.16662150      0.02224847      0.16790445      0.02857535 md_running
   160     80.00000000     94.79507446      0.31995021    496.93196805    300.00000000      0.99980399      0.07789774     -7.65446626      0.00255920     -7.65190705      0.15934485      0.02262390      0.16060026      0.02732742 md_running
   161     80.50000000     95.02919248      0.32496326    505.18844778    300.00000000      0.99979907      0.07919201     -7.65587879      0.00264003     -7.65323876      0.15140596      0.02297837      0.15269208      0.02596591 md_running
   162     81.00000000     95.25791043      0.32970277    513.39221645    300.00000000      0.99979419      0.08047801     -7.65727871      0.00271760     -7.65456111      0.14438450      0.02331351      0.14574449      0.02476174 md_running
   163     81.50000000     95.48464335      0.33418344    521.19019440    300.00000000      0.99978962      0.08170040     -7.65861030      0.00279196     -7.65581833      0.13943815      0.02363034      0.14089138      0.02391345 md_running
   164     82.00000000     95.71611379      0.33841466    528.50098008    300.00000000      0.99978546      0.08284642     -7.65986114      0.00286311     -7.65699803      0.13684125      0.02392953      0.13837992      0.02346808 md_running
   165     82.50000000     95.94790577      0.34240404    535.46220729    300.00000000      0.99978166      0.08393764     -7.66105406      0.00293101     -7.65812305      0.13587762      0.02421162      0.13747227      0.02330282 md_running
   166     83.00000000     96.17409267      0.34616120    542.30643324    300.00000000      0.99977808      0.08501052     -7.66222725      0.00299569     -7.65923156      0.13523424      0.02447729      0.13684262      0.02319248 md_running
   167     83.50000000     96.40422034      0.34970152    549.20564809    300.00000000      0.99977459      0.08609203     -7.66340910      0.00305728     -7.66035182      0.13361282      0.02472763      0.13518378      0.02291441 md_running
   168     84.00000000     96.62752474      0.35304905    556.15022134    300.00000000      0.99977114      0.08718064     -7.66459883      0.00311609     -7.66148274      0.13023768      0.02496434      0.13170788      0.02233558 md_running
   169     84.50000000     96.86033196      0.35623839    562.90066664    300.00000000      0.99976779      0.08823882     -7.66575906      0.00317264     -7.66258642      0.12507380      0.02518986      0.12636040      0.02144998 md_running
   170     85.00000000     97.08484623      0.35931497    569.02492528    300.00000000      0.99976470      0.08919884     -7.66682150      0.00322768     -7.66359382      0.11883606      0.02540741      0.11983145      0.02038022 md_running
   171     85.50000000     97.31572991      0.36233356    574.00998255    300.00000000      0.99976208      0.08998029     -7.66770503      0.00328214     -7.66442289      0.11282212      0.02562085      0.11339645      0.01934883 md_running
   172     86.00000000     97.54579749      0.36535532    577.40992631    300.00000000      0.99976014      0.09051326     -7.66833920      0.00333711     -7.66500209      0.10859110      0.02583452      0.10861535      0.01862322 md_running
   173     86.50000000     97.76974364      0.36844370    578.96191265    300.00000000      0.99975901      0.09075654     -7.66868336      0.00339377     -7.66528959      0.10742461      0.02605290      0.10681973      0.01842317 md_running
   174     87.00000000     98.00583162      0.37165934    578.63376484    300.00000000      0.99975875      0.09070510     -7.66873334      0.00345327     -7.66528007      0.10980671      0.02628028      0.10857906      0.01883170 md_running
   175     87.50000000     98.22967920      0.37505566    576.61437198    300.00000000      0.99975930      0.09038855     -7.66852031      0.00351667     -7.66500365      0.11525812      0.02652044      0.11349476      0.01976660 md_running
   176     88.00000000     98.45700709      0.37867468    573.24929358    300.00000000      0.99976054      0.08986105     -7.66809993      0.00358486     -7.66451507      0.12271885      0.02677634      0.12054027      0.02104611 md_running
   177     88.50000000     98.69086790      0.38254443    568.95131038    300.00000000      0.99976233      0.08918731     -7.66753848      0.00365851     -7.66387997      0.13107609      0.02704998      0.12859594      0.02247936 md_running
   178     89.00000000     98.92876082      0.38667796    564.12551138    300.00000000      0.99976447      0.08843083     -7.66689956      0.00373800     -7.66316156      0.13946299      0.02734226      0.13677168      0.02391770 md_running
   179     89.50000000     99.15835946      0.39107386    559.12964377    300.00000000      0.99976681      0.08764769     -7.66623996      0.00382347     -7.66241649      0.14729823      0.02765310      0.14446151      0.02526144 md_running
   180     90.00000000     99.39124361      0.39571824    554.26387817    300.00000000      0.99976920      0.08688494     -7.66560626      0.00391482     -7.66169144      0.15423924      0.02798151      0.15130192      0.02645181 md_running
   181     90.50000000     99.61621807      0.40058767    549.78200982    300.00000000      0.99977150      0.08618238     -7.66503787      0.00401176     -7.66102611      0.16007834      0.02832583      0.15706817      0.02745321 md_running
   182     91.00000000     99.85028946      0.40565284    545.90843972    300.00000000      0.99977359      0.08557517     -7.66456964      0.00411386     -7.66045579      0.16470823      0.02868399      0.16163809      0.02824723 md_running
   183     91.50000000    100.08633598      0.41088253    542.84537593    300.00000000      0.99977535      0.08509501     -7.66423266      0.00422061     -7.66001205      0.16807735      0.02905378      0.16494781      0.02882503 md_running
   184     92.00000000    100.31728337      0.41624747    540.77178582    300.00000000      0.99977667      0.08476996     -7.66405501      0.00433155     -7.65972346      0.17015589      0.02943314      0.16695655      0.02918149 md_running
   185     92.50000000    100.54518645      0.42172379    539.83207493    300.00000000      0.99977746      0.08462265     -7.66405915      0.00444627     -7.65961287      0.17092711      0.02982038      0.16763804      0.02931376 md_running
   186     93.00000000    100.77404362      0.42729574    540.11286249    300.00000000      0.99977763      0.08466667     -7.66425902      0.00456454     -7.65969448      0.17038111      0.03021437      0.16697469      0.02922012 md_running
   187     93.50000000    101.00422033      0.43295750    541.61739630    300.00000000      0.99977717      0.08490251     -7.66465535      0.00468630     -7.65996905      0.16853147      0.03061472      0.16497371      0.02890291 md_running
   188     94.00000000    101.23500031      0.43871401    544.24157000    300.00000000      0.99977610      0.08531387     -7.66523253      0.00481175     -7.66042078      0.16542971      0.03102177      0.16168258      0.02837096 md_running
   189     94.50000000    101.46627066      0.44458069    547.75815572    300.00000000      0.99977452      0.08586512     -7.66595549      0.00494130     -7.66101419      0.16119661      0.03143660      0.15722160      0.02764499 md_running
   190     95.00000000    101.69690731      0.45058201    551.82252013    300.00000000      0.99977259      0.08650224     -7.66677060      0.00507560     -7.66169499      0.15605630      0.03186096      0.15182024      0.02676343 md_running
   191     95.50000000    101.92957969      0.45674908    556.00326400    300.00000000      0.99977052      0.08715760     -7.66761050      0.00521549     -7.66239501      0.15034464      0.03229704      0.14582770      0.02578389 md_running
   192     96.00000000    102.15777741      0.46311618    559.83630639    300.00000000      0.99976854      0.08775846     -7.66840288      0.00536191     -7.66304097      0.14452451      0.03274726      0.13973139      0.02478575 md_running
   193     96.50000000    102.38576869      0.46971683    562.89165722    300.00000000      0.99976685      0.08823741     -7.66908035      0.00551585     -7.66356450      0.13916681      0.03321400      0.13413998      0.02386691 md_running
   194     97.00000000    102.60592273      0.47657942    564.83570982    300.00000000      0.99976564      0.08854215     -7.66959110      0.00567820     -7.66391290      0.13488839      0.03369925      0.12971952      0.02313317 md_running
   195     97.50000000    102.82549630      0.48372308    565.47545639    300.00000000      0.99976503      0.08864244     -7.66990507      0.00584970     -7.66405537      0.13226478      0.03420439      0.12709506      0.02268322 md_running
   196     98.00000000    103.05848358      0.49115418    564.77460399    300.00000000      0.99976504      0.08853258     -7.67001709      0.00603081     -7.66398627      0.13169987      0.03472985      0.12670083      0.02258634 md_running
   197     98.50000000    103.29097591      0.49886407    562.84088126    300.00000000      0.99976567      0.08822945     -7.66994417      0.00622163     -7.66372254      0.13329850      0.03527502      0.12863363      0.02286050 md_running
   198     99.00000000    103.52119091      0.50682852    559.89450203    300.00000000      0.99976685      0.08776758     -7.66972078      0.00642188     -7.66329890      0.13677475      0.03583819      0.13255582      0.02345668 md_running
   199     99.50000000    103.75283262      0.51500933    556.22659027    300.00000000      0.99976846      0.08719261     -7.66939217      0.00663087     -7.66276131      0.14148796      0.03641666      0.13774879      0.02426498 md_running
   200    100.00000000    103.98500691      0.52335801    552.15513366    300.00000000      0.99977036      0.08655438     -7.66900754      0.00684759     -7.66215995      0.14659055      0.03700700      0.14328417      0.02514007 md_running
   201    100.50000000    104.21592173      0.53182146    547.98181931    300.00000000      0.99977241      0.08590018     -7.66861336      0.00707085     -7.66154251      0.15123018      0.03760546      0.14823953      0.02593576 md_running
   202    101.00000000    104.44369577      0.54034899    543.94934699    300.00000000      0.99977448      0.08526806     -7.66824681      0.00729943     -7.66094739      0.15475584      0.03820844      0.15190661      0.02654041 md_running
   203    101.50000000    104.67514001      0.54889993    540.20592258    300.00000000      0.99977645      0.08468125     -7.66793049      0.00753228     -7.66039821      0.15691388      0.03881309      0.15398591      0.02691051 md_running
   204    102.00000000    104.90237963      0.55745067    536.78769661    300.00000000      0.99977829      0.08414542     -7.66766932      0.00776878     -7.65990054      0.15797214      0.03941771      0.15471160      0.02709200 md_running
   205    102.50000000    105.12836312      0.56600021    533.63194452    300.00000000      0.99977999      0.08365073     -7.66745293      0.00800891     -7.65944402      0.15873061      0.04002226      0.15487138      0.02722208 md_running
   206    103.00000000    105.35644183      0.57457344    530.62582415    300.00000000      0.99978159      0.08317950     -7.66726361      0.00825337     -7.65901024      0.16032129      0.04062848      0.15562498      0.02749487 md_running
   207    103.50000000    105.57817535      0.58322144    527.68014054    300.00000000      0.99978317      0.08271775     -7.66708820      0.00850368     -7.65858452      0.16376049      0.04123998      0.15806598      0.02808469 md_running
   208    104.00000000    105.80479816      0.59201869    524.80508948    300.00000000      0.99978474      0.08226706     -7.66693003      0.00876215     -7.65816788      0.16940402      0.04186204      0.16265632      0.02905255 md_running
   209    104.50000000    106.02904227      0.60105752    522.15305950    300.00000000      0.99978627      0.08185133     -7.66681623      0.00903175     -7.65778447      0.17663194      0.04250118      0.16886316      0.03029213 md_running
   210    105.00000000    106.26223689      0.61044015    520.00119276    300.00000000      0.99978762      0.08151401     -7.66679439      0.00931593     -7.65747846      0.18398153      0.04316464      0.17526086      0.03155257 md_running
   211    105.50000000    106.49440915      0.62026916    518.66829737    300.00000000      0.99978862      0.08130507     -7.66691979      0.00961835     -7.65730144      0.18961007      0.04385965      0.17999625      0.03251786 md_running
   212    106.00000000    106.72399543      0.63063728    518.38887902    300.00000000      0.99978908      0.08126127     -7.66723413      0.00994258     -7.65729155      0.19186104      0.04459279      0.18137961      0.03290390 md_running
   213    106.50000000    106.94878181      0.64161776    519.19109830    300.00000000      0.99978893      0.08138703     -7.66774607      0.01029183     -7.65745424      0.18969003      0.04536923      0.17833402      0.03253157 md_running
   214    107.00000000    107.18207558      0.65325624    520.82624749    300.00000000      0.99978821      0.08164335     -7.66841901      0.01066859     -7.65775042      0.18290443      0.04619219      0.17065053      0.03136785 md_running
   215    107.50000000    107.41145071      0.66556533    522.78026897    300.00000000      0.99978715      0.08194965     -7.66917322      0.01107443     -7.65809879      0.17222646      0.04706258      0.15906974      0.02953659 md_running
   216    108.00000000    107.64422470      0.67852227    524.36867419    300.00000000      0.99978610      0.08219865     -7.66989998      0.01150981     -7.65839017      0.15921215      0.04797877      0.14523263      0.02730466 md_running
   217    108.50000000    107.87018152      0.69206978    524.87987854    300.00000000      0.99978546      0.08227878     -7.67048570      0.01197401     -7.65851169      0.14604465      0.04893672      0.13151898      0.02504645 md_running
   218    109.00000000    108.10595962      0.70611972    523.71909583    300.00000000      0.99978559      0.08209682     -7.67083375      0.01246513     -7.65836862      0.13517089      0.04993020      0.12070262      0.02318162 md_running
   219    109.50000000    108.33921520      0.72055884    520.51623615    300.00000000      0.99978675      0.08159475     -7.67088223      0.01298013     -7.65790211      0.12868239      0.05095120      0.11520003      0.02206885 md_running
   220    110.00000000    108.57564407      0.73525575    515.18025508    300.00000000      0.99978912      0.08075830     -7.67061276      0.01351503     -7.65709773      0.12752260      0.05199043      0.11596174      0.02186994 md_running
   221    110.50000000    108.81025332      0.75006837    507.89806215    300.00000000      0.99979272      0.07961676     -7.67004992      0.01406506     -7.65598485      0.13105260      0.05303784      0.12192965      0.02247534 md_running
   222    111.00000000    109.04728016      0.76485110    499.09141602    300.00000000      0.99979745      0.07823625     -7.66925484      0.01462493     -7.65462991      0.13753232      0.05408314      0.13085892      0.02358660 md_running
   223    111.50000000    109.27637618      0.77946111    489.34426864    300.00000000      0.99980311      0.07670832     -7.66831447      0.01518899     -7.65312548      0.14504154      0.05511622      0.14054472      0.02487442 md_running
   224    112.00000000    109.50729163      0.79376316    479.31155036    300.00000000      0.99980938      0.07513561     -7.66732647      0.01575150     -7.65157497      0.15208129      0.05612753      0.14942138      0.02608173 md_running
   225    112.50000000    109.74076775      0.80763294    469.62962155    300.00000000      0.99981588      0.07361790     -7.66638560      0.01630677     -7.65007882      0.15770875      0.05710827      0.15658256      0.02704683 md_running
   226    113.00000000    109.97211202      0.82095887    460.84312895    300.00000000      0.99982221      0.07224055     -7.66557245      0.01684934     -7.64872311      0.16144816      0.05805056      0.16161527      0.02768813 md_running
   227    113.50000000    110.20554413      0.83364285    453.35424770    300.00000000      0.99982800      0.07106661     -7.66494531      0.01737401     -7.64757130      0.16316993      0.05894745      0.16444782      0.02798341 md_running
   228    114.00000000    110.43551969      0.84560035    447.38846974    300.00000000      0.99983292      0.07013144     -7.66453515      0.01787600     -7.64665916      0.16299557      0.05979297      0.16525010      0.02795351 md_running
   229    114.50000000    110.66223076      0.85675958    442.98027990    300.00000000      0.99983679      0.06944042     -7.66434310      0.01835092     -7.64599217      0.16122944      0.06058205      0.16435830      0.02765062 md_running
   230    115.00000000    110.88935871      0.86706067    439.98585054    300.00000000      0.99983958      0.06897102     -7.66434244      0.01879486     -7.64554759      0.15830402      0.06131045      0.16221999      0.02714892 md_running
   231    115.50000000    111.12020795      0.87645478    438.11916852    300.00000000      0.99984142      0.06867840     -7.66448471      0.01920432     -7.64528039      0.15474040      0.06197471      0.15935138      0.02653776 md_running
   232    116.00000000    111.35700467      0.88490361    437.00978160    300.00000000      0.99984252      0.06850450     -7.66470799      0.01957636     -7.64513163      0.15111903      0.06257213      0.15630851      0.02591670 md_running
   233    116.50000000    111.59347266      0.89237925    436.27934530    300.00000000      0.99984319      0.06839000     -7.66494999      0.01990852     -7.64504147      0.14801404      0.06310074      0.15362364      0.02538420 md_running
   234    117.00000000    111.81655511      0.89886449    435.62138372    300.00000000      0.99984371      0.06828686     -7.66516027      0.02019893     -7.64496134      0.14590486      0.06355932      0.15172715      0.02502248 md_running
   235    117.50000000    112.04437540      0.90435330    434.86467462    300.00000000      0.99984425      0.06816824     -7.66531017      0.02044637     -7.64486380      0.14507490      0.06394744      0.15085916      0.02488014 md_running
   236    118.00000000    112.27009333      0.90885161    434.00081778    300.00000000      0.99984491      0.06803282     -7.66539822      0.02065028     -7.64474794      0.14555571      0.06426551      0.15102676      0.02496260 md_running
   237    118.50000000    112.49845426      0.91237811    433.16859550    300.00000000      0.99984561      0.06790237     -7.66544690      0.02081085     -7.64463605      0.14713128      0.06451487      0.15201458      0.02523281 md_running
   238    119.00000000    112.72705693      0.91496490    432.60114574    300.00000000      0.99984621      0.06781341     -7.66549445      0.02092902     -7.64456543      0.14941253      0.06469779      0.15345590      0.02562404 md_running
   239    119.50000000    112.95893080      0.91665776    432.55081183    300.00000000      0.99984650      0.06780552     -7.66558287      0.02100654     -7.64457633      0.15193648      0.06481749      0.15492340      0.02605689 md_running
   240    120.00000000    113.18651604      0.91751555    433.21596593    300.00000000      0.99984627      0.06790979     -7.66574641      0.02104587     -7.64470054      0.15425196      0.06487815      0.15600785      0.02645399 md_running
   241    120.50000000    113.41672194      0.91760874    434.69052768    300.00000000      0.99984542      0.06814094     -7.66600339      0.02105014     -7.64495324      0.15596076      0.06488474      0.15635691      0.02674705 md_running
   242    121.00000000    113.64896470      0.91701675    436.94674220    300.00000000      0.99984393      0.06849462     -7.66635272      0.02102299     -7.64532972      0.15671577      0.06484288      0.15567374      0.02687653 md_running
   243    121.50000000    113.87009826      0.91582399    439.84650409    300.00000000      0.99984188      0.06894918     -7.66677671      0.02096834     -7.64580837      0.15620943      0.06475854      0.15370372      0.02678970 md_running
   244    122.00000000    114.09807046      0.91411481    443.16768112    300.00000000      0.99983943      0.06946980     -7.66724436      0.02089015     -7.64635421      0.15417183      0.06463768      0.15022984      0.02644025 md_running
   245    122.50000000    114.32227209      0.91196777    446.62917281    300.00000000      0.99983680      0.07001241     -7.66771518      0.02079213     -7.64692305      0.15041141      0.06448586      0.14511408      0.02579534 md_running
   246    123.00000000    114.55242233      0.90944963    449.90565821    300.00000000      0.99983422      0.07052602     -7.66814130      0.02067747     -7.64746383      0.14489538      0.06430780      0.13838057      0.02484935 md_running
   247    123.50000000    114.78597541      0.90660957    452.63354978    300.00000000      0.99983194      0.07095364     -7.66846796      0.02054852     -7.64791944      0.13789228      0.06410698      0.13037934      0.02364833 md_running
   248    124.00000000    115.01850374      0.90347400    454.41781689    300.00000000      0.99983023      0.07123334     -7.66863450      0.02040663     -7.64822787      0.13018642      0.06388526      0.12202543      0.02232679 md_running
   249    124.50000000    115.24213891      0.90004261    454.85263416    300.00000000      0.99982936      0.07130150     -7.66857657      0.02025192     -7.64832465      0.12327366      0.06364262      0.11502196      0.02114126 md_running
   250    125.00000000    115.47081279      0.89628642    453.56655770    300.00000000      0.99982962      0.07109990     -7.66823373      0.02008323     -7.64815050      0.11937950      0.06337702      0.11183190      0.02047342 md_running
   251    125.50000000    115.70109789      0.89214847    450.29862789    300.00000000      0.99983124      0.07058762     -7.66756159      0.01989822     -7.64766337      0.12081398      0.06308442      0.11481374      0.02071943 md_running
   252    126.00000000    115.93106410      0.88754751    444.99055703    300.00000000      0.99983442      0.06975554     -7.66654633      0.01969351     -7.64685282      0.12866043      0.06275909      0.12469742      0.02206508 md_running
   253    126.50000000    116.16493039      0.88238463    437.86709515    300.00000000      0.99983917      0.06863889     -7.66521827      0.01946507     -7.64575321      0.14192668      0.06239402      0.13994000      0.02434023 md_running
   254    127.00000000    116.40158610      0.87655271    429.47272281    300.00000000      0.99984533      0.06732301     -7.66365871      0.01920862     -7.64445009      0.15806666      0.06198164      0.15764086      0.02710821 md_running
   255    127.50000000    116.62900783      0.86994827    420.63834215    300.00000000      0.99985247      0.06593816     -7.66199509      0.01892025     -7.64307484      0.17408310      0.06151463      0.17470418      0.02985501 md_running
   256    128.00000000    116.86288418      0.86248432    412.36283253    300.00000000      0.99985987      0.06464091     -7.66038272      0.01859698     -7.64178574      0.18730076      0.06098685      0.18847192      0.03212182 md_running
   257    128.50000000    117.09655440      0.85410311    405.62108078    300.00000000      0.99986663      0.06358409     -7.65897574      0.01823730     -7.64073844      0.19577529      0.06039421      0.19703710      0.03357519 md_running
   258    129.00000000    117.32906865      0.84478651    401.14985574    300.00000000      0.99987182      0.06288319     -7.65789185      0.01784161     -7.64005024      0.19857034      0.05973543      0.19948460      0.03405453 md_running
   259    129.50000000    117.55776354      0.83456204    399.28140375    300.00000000      0.99987479      0.06259030     -7.65718671      0.01741235     -7.63977437      0.19581758      0.05901245      0.19594407      0.03358244 md_running
   260    130.00000000    117.78778012      0.82350364    399.88228257    300.00000000      0.99987532      0.06268449     -7.65684355      0.01695396     -7.63988959      0.18870678      0.05823050      0.18759298      0.03236295 md_running
   261    130.50000000    118.01793086      0.81172693    402.41980771    300.00000000      0.99987373      0.06308227     -7.65678354      0.01647252     -7.64031102      0.17930534      0.05739776      0.17651341      0.03075061 md_running
   262    131.00000000    118.24635130      0.79937932    406.13364394    300.00000000      0.99987070      0.06366444     -7.65689258      0.01597518     -7.64091740      0.17012717      0.05652465      0.16532306      0.02917657 md_running
   263    131.50000000    118.48428780      0.78662634    410.24766676    300.00000000      0.99986703      0.06430934     -7.65705483      0.01546952     -7.64158530      0.16334458      0.05562288      0.15643185      0.02801336 md_running
   264    132.00000000    118.71685614      0.77363675    414.14807508    300.00000000      0.99986338      0.06492076     -7.65718061      0.01496285     -7.64221777      0.16000147      0.05470438      0.15121399      0.02744003 md_running
   265    132.50000000    118.94243987      0.76056843    417.48146207    300.00000000      0.99986019      0.06544329     -7.65722074      0.01446161     -7.64275913      0.15965052      0.05378031      0.14948827      0.02737984 md_running
   266    133.00000000    119.17413299      0.74755646    420.15703198    300.00000000      0.99985762      0.06586271     -7.65716700      0.01397102     -7.64319598      0.16074932      0.05286022      0.14978503      0.02756828 md_running
   267    133.50000000    119.40566013      0.73470478    422.26917229    300.00000000      0.99985562      0.06619380     -7.65703898      0.01349478     -7.64354420      0.16153479      0.05195147      0.15025185      0.02770299 md_running
   268    134.00000000    119.63859646      0.72208216    423.98243187    300.00000000      0.99985404      0.06646237     -7.65686580      0.01303507     -7.64383073      0.16072812      0.05105892      0.14947266      0.02756464 md_running
   269    134.50000000    119.87127746      0.70972270    425.42694384    300.00000000      0.99985274      0.06668880     -7.65666905      0.01259266     -7.64407639      0.15781325      0.05018497      0.14681708      0.02706475 md_running
   270    135.00000000    120.10543493      0.69762991    426.63256401    300.00000000      0.99985164      0.06687779     -7.65645325      0.01216719     -7.64428606      0.15300649      0.04932988      0.14242389      0.02624040 md_running
   271    135.50000000    120.34137672      0.68578378    427.50639986    300.00000000      0.99985076      0.06701477     -7.65620245      0.01175748     -7.64444496      0.14706322      0.04849224      0.13700457      0.02522113 md_running
   272    136.00000000    120.57621563      0.67414915    427.84643995    300.00000000      0.99985023      0.06706808     -7.65588280      0.01136193     -7.64452087      0.14102716      0.04766954      0.13157471      0.02418596 md_running
   273    136.50000000    120.80822002      0.66268422    427.37689881    300.00000000      0.99985024      0.06699447     -7.65544896      0.01097876     -7.64447020      0.13597439      0.04685885      0.12718109      0.02331941 md_running
   274    137.00000000    121.04261588      0.65134849    425.79316241    300.00000000      0.99985104      0.06674621     -7.65485057      0.01060637     -7.64424420      0.13276713      0.04605729      0.12464370      0.02276937 md_running
   275    137.50000000    121.27615312      0.64010915    422.81378284    300.00000000      0.99985290      0.06627917     -7.65404187      0.01024349     -7.64379837      0.13189772      0.04526255      0.12439644      0.02262027 md_running
   276    138.00000000    121.51498588      0.62894604    418.23530768    300.00000000      0.99985605      0.06556146     -7.65298934      0.00988933     -7.64310001      0.13342796      0.04447320      0.12644306      0.02288271 md_running
   277    138.50000000    121.74704860      0.61785456    411.98498070    300.00000000      0.99986069      0.06458168     -7.65168052      0.00954361     -7.64213692      0.13707239      0.04368891      0.13045994      0.02350772 md_running
   278    139.00000000    121.96717459      0.60684702    404.16327385    300.00000000      0.99986694      0.06335557     -7.65013121      0.00920658     -7.64092462      0.14232887      0.04291056      0.13593211      0.02440920 md_running
   279    139.50000000    122.17575828      0.59595275    395.06183751    300.00000000      0.99987477      0.06192885     -7.64838755      0.00887899     -7.63950856      0.14861441      0.04214022      0.14228769      0.02548716 md_running
   280    140.00000000    122.40538963      0.58521714    385.15065663    300.00000000      0.99988400      0.06037520     -7.64652477      0.00856198     -7.63796280      0.15534746      0.04138110      0.14896856      0.02664187 md_running
   281    140.50000000    122.63892450      0.57470004    375.03031586    300.00000000      0.99989424      0.05878876     -7.64463926      0.00825700     -7.63638226      0.16201145      0.04063743      0.15548629      0.02778473 md_running
   282    141.00000000    122.87037548      0.56447347    365.35485412    300.00000000      0.99990492      0.05727206     -7.64283590      0.00796576     -7.63487014      0.16816644      0.03991430      0.16142204      0.02884031 md_running
   283    141.50000000    123.10807098      0.55461941    356.74373511    300.00000000      0.99991529      0.05592221     -7.64121478      0.00769007     -7.63352471      0.17346534      0.03921751      0.16644615      0.02974906 md_running
   284    142.00000000    123.34253803      0.54522721    349.70416610    300.00000000      0.99992460      0.05481870     -7.63985780      0.00743182     -7.63242598      0.17765157      0.03855339      0.17031143      0.03046699 md_running
   285    142.50000000    123.57855941      0.53639129    344.58092482    300.00000000      0.99993210      0.05401560     -7.63882169      0.00719289     -7.63162880      0.18054218      0.03792859      0.17283986      0.03096273 md_running
   286    143.00000000    123.81653345      0.52820864    341.54269165    300.00000000      0.99993726      0.05353933     -7.63813418      0.00697511     -7.63115907      0.18201498      0.03734999      0.17390982      0.03121531 md_running
   287    143.50000000    124.04716424      0.52077635    340.60442993    300.00000000      0.99993980      0.05339225     -7.63779975      0.00678020     -7.63101955      0.18198353      0.03682445      0.17343251      0.03120992 md_running
   288    144.00000000    124.27791519      0.51418882    341.66609528    300.00000000      0.99993968      0.05355867     -7.63780392      0.00660975     -7.63119417      0.18039901      0.03635864      0.17135290      0.03093817 md_running
   289    144.50000000    124.50896966      0.50853490    344.54965962    300.00000000      0.99993710      0.05401069     -7.63812056      0.00646519     -7.63165537      0.17724483      0.03595885      0.16764579      0.03039724 md_running
   290    145.00000000    124.72266984      0.50389494    349.02279305    300.00000000      0.99993240      0.05471189     -7.63871451      0.00634775     -7.63236676      0.17254785      0.03563075      0.16232768      0.02959171 md_running
   291    145.50000000    124.93731159      0.50033772    354.80512268    300.00000000      0.99992603      0.05561831     -7.63954326      0.00625845     -7.63328481      0.16642748      0.03537922      0.15550961      0.02854208 md_running
   292    146.00000000    125.16939163      0.49791736    361.55964755    300.00000000      0.99991848      0.05667714     -7.64055529      0.00619804     -7.63435725      0.15915237      0.03520807      0.14746007      0.02729441 md_running
   293    146.50000000    125.39885117      0.49667065    368.87743091    300.00000000      0.99991032      0.05782425     -7.64168674      0.00616704     -7.63551970      0.15122049      0.03511992      0.13870053      0.02593410 md_running
   294    147.00000000    125.62711452      0.49661466    376.27335393    300.00000000      0.99990211      0.05898362     -7.64286210      0.00616565     -7.63669645      0.14342901      0.03511596      0.13010035      0.02459787 md_running
   295    147.50000000    125.85584436      0.49774501    383.20463739    300.00000000      0.99989441      0.06007015     -7.64399534      0.00619375     -7.63780158      0.13689787      0.03519589      0.12292992      0.02347779 md_running
   296    148.00000000    126.08911117      0.50003490    389.12609580    300.00000000      0.99988775      0.06099838     -7.64499951      0.00625087     -7.63874864      0.13293384      0.03535781      0.11872339      0.02279796 md_running
   297    148.50000000    126.31802058      0.50343492    393.57751631    300.00000000      0.99988253      0.06169617     -7.64580031      0.00633617     -7.63946414      0.13263198      0.03559822      0.11878238      0.02274620 md_running
   298    149.00000000    126.54944885      0.50787356    396.27796328    300.00000000      0.99987904      0.06211949     -7.64635167      0.00644839     -7.63990328      0.13630356      0.03591208      0.12343597      0.02337587 md_running
   299    149.50000000    126.78418036      0.51325834    397.19721942    300.00000000      0.99987732      0.06226359     -7.64664633      0.00658585     -7.64006048      0.14319405      0.03629285      0.13172748      0.02455758 md_running
   300    150.00000000    127.01392618      0.51947741    396.57579679    300.00000000      0.99987724      0.06216617     -7.64672031      0.00674642     -7.63997389      0.15172224      0.03673260      0.14181371      0.02602015 md_running
   301    150.50000000    127.23641729      0.52640140    394.87514346    300.00000000      0.99987844      0.06189958     -7.64664418      0.00692746     -7.63971672      0.16007260      0.03722220      0.15170882      0.02745222 md_running
   302    151.00000000    127.45456614      0.53388540    392.66781243    300.00000000      0.99988043      0.06155357     -7.64650575      0.00712584     -7.63937991      0.16671328      0.03775140      0.15982644      0.02859109 md_running
   303    151.50000000    127.68730977      0.54177100    390.50249971    300.00000000      0.99988264      0.06121414     -7.64638872      0.00733790     -7.63905083      0.17074750      0.03830899      0.16529128      0.02928295 md_running
   304    152.00000000    127.92191734      0.54988845    388.78653692    300.00000000      0.99988460      0.06094515     -7.64635347      0.00755943     -7.63879404      0.17211092      0.03888299      0.16809081      0.02951678 md_running
   305    152.50000000    128.15218375      0.55805942    387.72731801    300.00000000      0.99988599      0.06077911     -7.64642746      0.00778576     -7.63864170      0.17159265      0.03946076      0.16906126      0.02942790 md_running
   306    153.00000000    128.38060139      0.56610056    387.35497019    300.00000000      0.99988670      0.06072074     -7.64660972      0.00801175     -7.63859798      0.17061110      0.04002935      0.16962631      0.02925956 md_running
   307    153.50000000    128.60835390      0.57382863    387.61644218    300.00000000      0.99988674      0.06076173     -7.64688509      0.00823198     -7.63865311      0.17069226      0.04057581      0.17124585      0.02927348 md_running
   308    154.00000000    128.83878077      0.58106729    388.49867891    300.00000000      0.99988617      0.06090003     -7.64724516      0.00844098     -7.63880418      0.17274598      0.04108766      0.17470133      0.02962569 md_running
   309    154.50000000    129.07300977      0.58765588    390.12174572    300.00000000      0.99988497      0.06115445     -7.64770339      0.00863349     -7.63906991      0.17653027      0.04155355      0.17961793      0.03027469 md_running
   310    155.00000000    129.30668110      0.59345926    392.75637359    300.00000000      0.99988294      0.06156745     -7.64829853      0.00880485     -7.63949368      0.18067936      0.04196391      0.18455056      0.03098625 md_running
   311    155.50000000    129.53930180      0.59837800    396.75482630    300.00000000      0.99987978      0.06219424     -7.64908372      0.00895141     -7.64013231      0.18326507      0.04231171      0.18755418      0.03142970 md_running
   312    156.00000000    129.77199143      0.60235736    402.41478093    300.00000000      0.99987523      0.06308148     -7.65010512      0.00907086     -7.64103426      0.18250894      0.04259310      0.18686298      0.03130003 md_running
   313    156.50000000    130.00224961      0.60539324    409.82582749    300.00000000      0.99986918      0.06424321     -7.65137760      0.00916252     -7.64221507      0.17731182      0.04280777      0.18138316      0.03040873 md_running
   314    157.00000000    130.22879544      0.60753409    418.75918233    300.00000000      0.99986183      0.06564358     -7.65286686      0.00922744     -7.64363942      0.16750669      0.04295915      0.17092334      0.02872716 md_running
   315    157.50000000    130.46432791      0.60887796    428.64737580    300.00000000      0.99985368      0.06719363     -7.65448581      0.00926831     -7.64521750      0.15393172      0.04305417      0.15625593      0.02639907 md_running
   316    158.00000000    130.69496714      0.60956502    438.66396743    300.00000000      0.99984543      0.06876381     -7.65610755      0.00928924     -7.64681832      0.13836852      0.04310276      0.13905249      0.02373001 md_running
   317    158.50000000    130.92388437      0.60976672    447.87152315    300.00000000      0.99983781      0.07020716     -7.65758862      0.00929539     -7.64829323      0.12342514      0.04311702      0.12180753      0.02116724 md_running
   318    159.00000000    131.15415174      0.60967318    455.39238705    300.00000000      0.99983145      0.07138611     -7.65879521      0.00929253     -7.64950267      0.11223023      0.04311040      0.10769034      0.01924733 md_running
   319    159.50000000    131.38952663      0.60948043    460.55934042    300.00000000      0.99982680      0.07219607     -7.65962756      0.00928666     -7.65034090      0.10758007      0.04309677      0.09997145      0.01844983 md_running
   320    160.00000000    131.62124107      0.60937844    463.01704156    300.00000000      0.99982409      0.07258133     -7.66003496      0.00928355     -7.65075141      0.11040122      0.04308956      0.10039777      0.01893365 md_running
   321    160.50000000    131.84605539      0.60954070    462.76051468    300.00000000      0.99982334      0.07254112     -7.66002168      0.00928850     -7.65073319      0.11914714      0.04310104      0.10785109      0.02043357 md_running
   322    161.00000000    132.07139100      0.61011594    460.10577197    300.00000000      0.99982443      0.07212497     -7.65964247      0.00930604     -7.65033643      0.13111672      0.04314171      0.11941602      0.02248633 md_running
   323    161.50000000    132.30216474      0.61122266    455.60914676    300.00000000      0.99982705      0.07142009     -7.65898892      0.00933983     -7.64964909      0.14394317      0.04321997      0.13235017      0.02468605 md_running
   324    162.00000000    132.53348229      0.61294602    449.96985575    300.00000000      0.99983081      0.07053609     -7.65817404      0.00939257     -7.64878147      0.15602971      0.04334183      0.14480749      0.02675887 md_running
   325    162.50000000    132.76444123      0.61533631    443.92976732    300.00000000      0.99983523      0.06958926     -7.65731656      0.00946597     -7.64785059      0.16645234      0.04351085      0.15573994      0.02854634 md_running
   326    163.00000000    132.99428690      0.61840933    438.18603042    300.00000000      0.99983981      0.06868889     -7.65652710      0.00956075     -7.64696635      0.17472282      0.04372814      0.16461050      0.02996472 md_running
   327    163.50000000    133.22338976      0.62214744    433.32736114    300.00000000      0.99984402      0.06792725     -7.65589821      0.00967669     -7.64622152      0.18063322      0.04399247      0.17119740      0.03097834 md_running
   328    164.00000000    133.44893922      0.62650159    429.78863378    300.00000000      0.99984742      0.06737253     -7.65549740      0.00981261     -7.64568479      0.18416978      0.04430035      0.17548853      0.03158486 md_running
   329    164.50000000    133.68019728      0.63139429    427.82845157    300.00000000      0.99984967      0.06706526     -7.65536323      0.00996647     -7.64539677      0.18544588      0.04464632      0.17760611      0.03180371 md_running
   330    165.00000000    133.90998790      0.63672330    427.53061565    300.00000000      0.99985060      0.06701857     -7.65550618      0.01013541     -7.64537077      0.18466142      0.04502314      0.17776291      0.03166917 md_running
   331    165.50000000    134.13417326      0.64236563    428.82630189    300.00000000      0.99985017      0.06722168     -7.65591156      0.01031584     -7.64559572      0.18207787      0.04542211      0.17623582      0.03122610 md_running
   332    166.00000000    134.36423119      0.64818173    431.53548470    300.00000000      0.99984851      0.06764636     -7.65654674      0.01050349     -7.64604325      0.17800867      0.04583337      0.17335280      0.03052824 md_running
   333    166.50000000    134.59083097      0.65401974    435.41703275    300.00000000      0.99984582      0.06825482     -7.65736863      0.01069355     -7.64667508      0.17279981      0.04624618      0.16947115      0.02963492 md_running
   334    167.00000000    134.82138407      0.65971964    440.21460673    300.00000000      0.99984236      0.06900688     -7.65833187      0.01088075     -7.64745112      0.16680270      0.04664922      0.16494815      0.02860643 md_running
   335    167.50000000    135.05578918      0.66511724    445.69303173    300.00000000      0.99983836      0.06986566     -7.65939382      0.01105952     -7.64833430      0.16035841      0.04703089      0.16011850      0.02750124 md_running
   336    168.00000000    135.28378699      0.67004812    451.65585738    300.00000000      0.99983402      0.07080038     -7.66051800      0.01122411     -7.64929388      0.15377519      0.04737956      0.15526967      0.02637223 md_running
   337    168.50000000    135.51171998      0.67435135    457.94546466    300.00000000      0.99982951      0.07178632     -7.66167427      0.01136874     -7.65030553      0.14733212      0.04768384      0.15064069      0.02526725 md_running
   338    169.00000000    135.73972715      0.67787327    464.43338079    300.00000000      0.99982493      0.07280335     -7.66283688      0.01148780     -7.65134908      0.14126671      0.04793288      0.14640850      0.02422704 md_running
   339    169.50000000    135.95708391      0.68047120    471.00235847    300.00000000      0.99982038      0.07383309     -7.66398256      0.01157603     -7.65240654      0.13576602      0.04811658      0.14268698      0.02328368 md_running
   340    170.00000000    136.18308661      0.68201672    477.53188010    300.00000000      0.99981594      0.07485664     -7.66508764      0.01162867     -7.65345897      0.13097109      0.04822586      0.13953252      0.02246136 md_running
   341    170.50000000    136.40290310      0.68239871    483.89773870    300.00000000      0.99981169      0.07585453     -7.66612855      0.01164170     -7.65448685      0.12695449      0.04825288      0.13692617      0.02177252 md_running
   342    171.00000000    136.63753328      0.68152650    489.97788360    300.00000000      0.99980769      0.07680764     -7.66708275      0.01161196     -7.65547079      0.12369999      0.04819120      0.13476885      0.02121437 md_running
   343    171.50000000    136.87240598      0.67933285    495.65491907    300.00000000      0.99980401      0.07769756     -7.66792993      0.01153733     -7.65639260      0.12109469      0.04803609      0.13287995      0.02076757 md_running
   344    172.00000000    137.09980316      0.67577697    500.81138222    300.00000000      0.99980069      0.07850587     -7.66865057      0.01141686     -7.65723371      0.11894667      0.04778465      0.13101726      0.02039919 md_running
   345    172.50000000    137.32448789      0.67084769    505.31270476    300.00000000      0.99979778      0.07921149     -7.66922428      0.01125092     -7.65797337      0.11706286      0.04743610      0.12895099      0.02007611 md_running
   346    173.00000000    137.54884590      0.66456647    508.98461995    300.00000000      0.99979536      0.07978709     -7.66962548      0.01104121     -7.65858426      0.11539977      0.04699195      0.12660373      0.01979090 md_running
   347    173.50000000    137.76915799      0.65698970    511.59632190    300.00000000      0.99979351      0.08019649     -7.66982084      0.01079089     -7.65902996      0.11423798      0.04645619      0.12420783      0.01959165 md_running
   348    174.00000000    137.99958357      0.64821040    512.86480080    300.00000000      0.99979236      0.08039533     -7.66977014      0.01050442     -7.65926573      0.11436545      0.04583540      0.12251175      0.01961351 md_running
   349    174.50000000    138.22223958      0.63835814    512.49685748    300.00000000      0.99979207      0.08033765     -7.66943182      0.01018753     -7.65924430      0.11704932      0.04513874      0.12281753      0.02007379 md_running
   350    175.00000000    138.44488168      0.62759708    510.26422521    300.00000000      0.99979279      0.07998767     -7.66877586      0.00984695     -7.65892890      0.12363268      0.04437782      0.12667632      0.02120283 md_running
   351    175.50000000    138.66378808      0.61612173    506.10039212    300.00000000      0.99979463      0.07933496     -7.66779767      0.00949015     -7.65830752      0.13483108      0.04356639      0.13518357      0.02312334 md_running
   352    176.00000000    138.89051238      0.60415002    500.20151772    300.00000000      0.99979760      0.07841027     -7.66653490      0.00912493     -7.65740997      0.15019856      0.04271986      0.14826342      0.02575884 md_running
   353    176.50000000    139.11298761      0.59191330    493.09238971    300.00000000      0.99980157      0.07729586     -7.66507716      0.00875903     -7.65631813      0.16816991      0.04185459      0.16452072      0.02884090 md_running
   354    177.00000000    139.31384723      0.57964407    485.61882056    300.00000000      0.99980617      0.07612432     -7.66356530      0.00839968     -7.65516562      0.18651940      0.04098703      0.18170979      0.03198781 md_running
   355    177.50000000    139.54166804      0.56756205    478.84861544    300.00000000      0.99981083      0.07506304     -7.66217488      0.00805317     -7.65412171      0.20285470      0.04013270      0.19733471      0.03478929 md_running
   356    178.00000000    139.76976582      0.55585983    473.88777532    300.00000000      0.99981479      0.07428540     -7.66108698      0.00772450     -7.65336248      0.21501269      0.03930523      0.20912593      0.03687437 md_running
   357    178.50000000    140.00451194      0.54468968    471.64708292    300.00000000      0.99981728      0.07393415     -7.66045028      0.00741717     -7.65303311      0.22138503      0.03851538      0.21539353      0.03796722 md_running
   358    179.00000000    140.23651141      0.53415388    472.62496853    300.00000000      0.99981773      0.07408744     -7.66034684      0.00713301     -7.65321383      0.22118063      0.03777038      0.21529906      0.03793217 md_running
   359    179.50000000    140.46670247      0.52429951    476.78329897    300.00000000      0.99981597      0.07473929     -7.66077115      0.00687225     -7.65389890      0.21456749      0.03707357      0.20899288      0.03679802 md_running
   360    180.00000000    140.69622253      0.51511898    483.56407903    300.00000000      0.99981228      0.07580223     -7.66163338      0.00663369     -7.65499969      0.20265125      0.03642441      0.19758931      0.03475440 md_running
   361    180.50000000    140.92674205      0.50655594    492.04128855    300.00000000      0.99980727      0.07713109     -7.66278399      0.00641497     -7.65636902      0.18729713      0.03581891      0.18298084      0.03212119 md_running
   362    181.00000000    141.15685946      0.49851586    501.14663660    300.00000000      0.99980171      0.07855842     -7.66405030      0.00621295     -7.65783734      0.17081321      0.03525039      0.16750572      0.02929422 md_running
   363    181.50000000    141.38676887      0.49087963    509.89117503    300.00000000      0.99979628      0.07992919     -7.66527203      0.00602407     -7.65924796      0.15553053      0.03471043      0.15349649      0.02667327 md_running
   364    182.00000000    141.60722012      0.48351817    517.52167406    300.00000000      0.99979150      0.08112533     -7.66632678      0.00584475     -7.66048204      0.14328614      0.03418990      0.14271808      0.02457337 md_running
   365    182.50000000    141.84285751      0.47630614    523.58028150    300.00000000      0.99978764      0.08207506     -7.66713985      0.00567169     -7.66146816      0.13497026      0.03367993      0.13589971      0.02314721 md_running
   366    183.00000000    142.06856098      0.46913337    527.87545128    300.00000000      0.99978481      0.08274836     -7.66767890      0.00550215     -7.66217675      0.13036724      0.03317274      0.13263364      0.02235780 md_running
   367    183.50000000    142.29992667      0.46191281    530.40177114    300.00000000      0.99978299      0.08314438     -7.66794175      0.00533409     -7.66260767      0.12852884      0.03266217      0.13184030      0.02204252 md_running
   368    184.00000000    142.53261347      0.45458464    531.25093627    300.00000000      0.99978210      0.08327749     -7.66794178      0.00516618     -7.66277560      0.12840148      0.03214399      0.13243111      0.02202067 md_running
   369    184.50000000    142.76534553      0.44711650    530.54675184    300.00000000      0.99978208      0.08316711     -7.66769780      0.00499783     -7.66269997      0.12929204      0.03161591      0.13374062      0.02217340 md_running
   370    185.00000000    143.00283826      0.43950064    528.42216607    300.00000000      0.99978285      0.08283406     -7.66723029      0.00482902     -7.66240127      0.13097322      0.03107739      0.13559153      0.02246172 md_running
   371    185.50000000    143.23369422      0.43174882    525.02960332    300.00000000      0.99978435      0.08230225     -7.66656299      0.00466018     -7.66190281      0.13351909      0.03052925      0.13811314      0.02289833 md_running
   372    186.00000000    143.46409789      0.42388589    520.56608527    300.00000000      0.99978651      0.08160256     -7.66572720      0.00449198     -7.66123522      0.13704954      0.02997326      0.14148157      0.02350380 md_running
   373    186.50000000    143.69321915      0.41594315    515.29831344    300.00000000      0.99978923      0.08077680     -7.66476502      0.00432522     -7.66043981      0.14154997      0.02941162      0.14573782      0.02427562 md_running
   374    187.00000000    143.92512983      0.40795213    509.57029812    300.00000000      0.99979238      0.07987889     -7.66373150      0.00416062     -7.65957088      0.14677946      0.02884657      0.15068927      0.02517247 md_running
   375    187.50000000    144.15533411      0.39993978    503.78417205    300.00000000      0.99979575      0.07897188     -7.66269048      0.00399880     -7.65869168      0.15231443      0.02828001      0.15594916      0.02612171 md_running
   376    188.00000000    144.38953357      0.39192519    498.35569627    300.00000000      0.99979911      0.07812092     -7.66170827      0.00384013     -7.65786814      0.15766567      0.02771330      0.16105116      0.02703944 md_running
   377    188.50000000    144.62027378      0.38391780    493.66066455    300.00000000      0.99980220      0.07738494     -7.66084451      0.00368482     -7.65715969      0.16239065      0.02714709      0.16556378      0.02784977 md_running
   378    189.00000000    144.85061391      0.37591669    489.99330938    300.00000000      0.99980480      0.07681006     -7.66014559      0.00353283     -7.65661275      0.16616000      0.02658132      0.16915914      0.02849620 md_running
   379    189.50000000    145.07828008      0.36791114    487.54506917    300.00000000      0.99980672      0.07642628     -7.65964154      0.00338397     -7.65625758      0.16878917      0.02601525      0.17164780      0.02894710 md_running
   380    190.00000000    145.30487022      0.35988195    486.40503810    300.00000000      0.99980786      0.07624757     -7.65934597      0.00323788     -7.65610809      0.17025293      0.02544750      0.17299644      0.02919814 md_running
   381    190.50000000    145.53920095      0.35180351    486.57969870    300.00000000      0.99980816      0.07627495     -7.65925930      0.00309414     -7.65616516      0.17063686      0.02487626      0.17327981      0.02926398 md_running
   382    191.00000000    145.77066094      0.34364639    488.02778729    300.00000000      0.99980764      0.07650195     -7.65937451      0.00295232     -7.65642219      0.17009092      0.02429947      0.17263809      0.02917035 md_running
   383    191.50000000    146.00408953      0.33537986    490.69680371    300.00000000      0.99980634      0.07692034     -7.65968291      0.00281199     -7.65687092      0.16878705      0.02371494      0.17123306      0.02894674 md_running
   384    192.00000000    146.22422505      0.32697469    494.54396778    300.00000000      0.99980431      0.07752341     -7.66017749      0.00267281     -7.65750467      0.16685997      0.02312060      0.16919207      0.02861625 md_running
   385    192.50000000    146.42622067      0.31840544    499.53880438    300.00000000      0.99980160      0.07830638     -7.66085341      0.00253455     -7.65831886      0.16436917      0.02251466      0.16656844      0.02818908 md_running
   386    193.00000000    146.65724235      0.30965277    505.64582993    300.00000000      0.99979827      0.07926371     -7.66170603      0.00239712     -7.65930891      0.16128538      0.02189576      0.16332839      0.02766021 md_running
   387    193.50000000    146.88453709      0.30070555    512.79196989    300.00000000      0.99979437      0.08038392     -7.66272410      0.00226060     -7.66046351      0.15751902      0.02126309      0.15937959      0.02701429 md_running
   388    194.00000000    147.11940735      0.29156246    520.83587477    300.00000000      0.99979003      0.08164486     -7.66388628      0.00212522     -7.66176106      0.15296172      0.02061658      0.15461095      0.02623272 md_running
   389    194.50000000    147.34707158      0.28223349    529.54429170    300.00000000      0.99978537      0.08300996     -7.66515653      0.00199139     -7.66316514      0.14752438      0.01995692      0.14892918      0.02530022 md_running
   390    195.00000000    147.57543893      0.27274130    538.58418054    300.00000000      0.99978059      0.08442703     -7.66648312      0.00185970     -7.66462343      0.14122223      0.01928572      0.14234298      0.02421941 md_running
   391    195.50000000    147.81068246      0.26312242    547.53425241    300.00000000      0.99977590      0.08583002     -7.66780072      0.00173084     -7.66606988      0.13423475      0.01860556      0.13502226      0.02302107 md_running
   392    196.00000000    148.04201117      0.25342832    555.91376357    300.00000000      0.99977152      0.08714357     -7.66903397      0.00160565     -7.66742833      0.12700735      0.01792009      0.12740112      0.02178158 md_running
   393    196.50000000    148.27883759      0.24372639    563.23045843    300.00000000      0.99976767      0.08829052     -7.67010614      0.00148506     -7.66862108      0.12034099      0.01723406      0.12027212      0.02063831 md_running
   394    197.00000000    148.51184231      0.23410060    569.03696300    300.00000000      0.99976453      0.08920073     -7.67094728      0.00137008     -7.66957720      0.11542344      0.01655341      0.11482945      0.01979496 md_running
   395    197.50000000    148.74203644      0.22465198    572.99012247    300.00000000      0.99976224      0.08982042     -7.67150364      0.00126171     -7.67024193      0.11368799      0.01588529      0.11254416      0.01949733 md_running
   396    198.00000000    148.97622933      0.21549855    574.91111708    300.00000000      0.99976089      0.09012155     -7.67174724      0.00116099     -7.67058625      0.11632344      0.01523805      0.11467732      0.01994931 md_running
   397    198.50000000    149.20756064      0.20677413    574.83318590    300.00000000      0.99976048      0.09010933     -7.67168383      0.00106889     -7.67061494      0.12354105      0.01462114      0.12150801      0.02118712 md_running
   398    199.00000000    149.43696528      0.19862543    573.01483767    300.00000000      0.99976094      0.08982429     -7.67135484      0.00098630     -7.67036853      0.13431343      0.01404494      0.13202674      0.02303456 md_running
   399    199.50000000    149.66495159      0.19120691    569.90738552    300.00000000      0.99976211      0.08933718     -7.67083226      0.00091400     -7.66991826      0.14679055      0.01352037      0.14435602      0.02517437 md_running
   400    200.00000000    149.89989496      0.18467280    566.08131111    300.00000000      0.99976376      0.08873741     -7.67020717      0.00085260     -7.66935457      0.15888412      0.01305834      0.15636803      0.02724840 md_running
   401    200.50000000    150.12653651      0.17916593    562.12091391    300.00000000      0.99976563      0.08811659     -7.66957261      0.00080251     -7.66877009      0.16871038      0.01266894      0.16614840      0.02893359 md_running
   402    201.00000000    150.35254666      0.17480372    558.50982327    300.00000000      0.99976746      0.08755053     -7.66900564      0.00076391     -7.66824173      0.17494956      0.01236049      0.17236069      0.03000360 md_running
   403    201.50000000    150.57968730      0.17166327    555.53925797    300.00000000      0.99976906      0.08708487     -7.66855238      0.00073671     -7.66781567      0.17709510      0.01213843      0.17449432      0.03037156 md_running
   404    202.00000000    150.79875597      0.16976871    553.27401191    300.00000000      0.99977033      0.08672977     -7.66822238      0.00072054     -7.66750185      0.17556257      0.01200446      0.17297195      0.03010873 md_running
   405    202.50000000    151.02715003      0.16908449    551.59194641    300.00000000      0.99977127      0.08646610     -7.66799480      0.00071474     -7.66728006      0.17164908      0.01195608      0.16910709      0.02943757 md_running
   406    203.00000000    151.25700226      0.16951747    550.28459463    300.00000000      0.99977199      0.08626116     -7.66783484      0.00071840     -7.66711644      0.16724916      0.01198670      0.16481528      0.02868299 md_running
   407    203.50000000    151.47681465      0.17092862    549.18440471    300.00000000      0.99977257      0.08608870     -7.66771405      0.00073041     -7.66698363      0.16423856      0.01208648      0.16198463      0.02816668 md_running
   408    204.00000000    151.70453826      0.17315202    548.26446301    300.00000000      0.99977308      0.08594449     -7.66762659      0.00074954     -7.66687705      0.16367541      0.01224370      0.16166058      0.02807010 md_running
   409    204.50000000    151.93973371      0.17601731    547.66697543    300.00000000      0.99977348      0.08585083     -7.66759435      0.00077455     -7.66681979      0.16527784      0.01244630      0.16352086      0.02834492 md_running
   410    205.00000000    152.17015240      0.17937105    547.64488770    300.00000000      0.99977366      0.08584737     -7.66765704      0.00080435     -7.66685269      0.16762824      0.01268345      0.16609914      0.02874801 md_running
   411    205.50000000    152.39912475      0.18309352    548.44629687    300.00000000      0.99977348      0.08597299     -7.66785418      0.00083808     -7.66701610      0.16891068      0.01294667      0.16754262      0.02896794 md_running
   412    206.00000000    152.62819412      0.18710924    550.18800746    300.00000000      0.99977285      0.08624602     -7.66820458      0.00087525     -7.66732933      0.16764096      0.01323062      0.16634679      0.02875019 md_running
   413    206.50000000    152.85312467      0.19139037    552.76158352    300.00000000      0.99977176      0.08664945     -7.66869171      0.00091576     -7.66777596      0.16308728      0.01353334      0.16177115      0.02796924 md_running
   414    207.00000000    153.06072155      0.19595347    555.81053873    300.00000000      0.99977034      0.08712739     -7.66925940      0.00095994     -7.66829945      0.15538232      0.01385600      0.15394492      0.02664785 md_running
   415    207.50000000    153.29007212      0.20085081    558.79400282    300.00000000      0.99976882      0.08759507     -7.66982213      0.00100853     -7.66881360      0.14542984      0.01420230      0.14377220      0.02494101 md_running
   416    208.00000000    153.51555437      0.20615815    561.11166465    300.00000000      0.99976750      0.08795838     -7.67028546      0.00106253     -7.66922293      0.13472669      0.01457758      0.13275884      0.02310544 md_running
   417    208.50000000    153.74838882      0.21196112    562.23539388    300.00000000      0.99976664      0.08813454     -7.67056680      0.00112319     -7.66944361      0.12506650      0.01498791      0.12272732      0.02144873 md_running
   418    209.00000000    153.98157337      0.21834238    561.80760015    300.00000000      0.99976646      0.08806748     -7.67061057      0.00119183     -7.66941874      0.11817094      0.01543914      0.11545822      0.02026615 md_running
   419    209.50000000    154.21852642      0.22537119    559.68591770    300.00000000      0.99976706      0.08773489     -7.67039570      0.00126980     -7.66912590      0.11519607      0.01593615      0.11218601      0.01975596 md_running
   420    210.00000000    154.45200904      0.23309662    555.92507253    300.00000000      0.99976849      0.08714535     -7.66993273      0.00135835     -7.66857438      0.11632194      0.01648242      0.11314685      0.01994905 md_running
   421    210.50000000    154.68224686      0.24154450    550.71227300    300.00000000      0.99977069      0.08632820     -7.66925258      0.00145859     -7.66779399      0.12079842      0.01707978      0.11759095      0.02071676 md_running
   422    211.00000000    154.91391021      0.25071802    544.28656258    300.00000000      0.99977359      0.08532092     -7.66839435      0.00157149     -7.66682286      0.12750037      0.01772844      0.12435396      0.02186613 md_running
   423    211.50000000    155.14242810      0.26060112    536.88560306    300.00000000      0.99977711      0.08416077     -7.66739546      0.00169782     -7.66569764      0.13538291      0.01842728      0.13234681      0.02321798 md_running
   424    212.00000000    155.37133712      0.27116338    528.74498080    300.00000000      0.99978118      0.08288467     -7.66629349      0.00183824     -7.66445525      0.14365302      0.01917415      0.14074474      0.02463629 md_running
   425    212.50000000    155.60074235      0.28236521    520.12995661    300.00000000      0.99978570      0.08153420     -7.66512967      0.00199325     -7.66313641      0.15175055      0.01996624      0.14896770      0.02602500 md_running
   426    213.00000000    155.83081955      0.29416268    511.37252639    300.00000000      0.99979055      0.08016141     -7.66395637      0.00216329     -7.66179308      0.15927618      0.02080044      0.15660486      0.02731564 md_running
   427    213.50000000    156.06573076      0.30651161    502.88760340    300.00000000      0.99979554      0.07883133     -7.66283935      0.00234873     -7.66049061      0.16592730      0.02167364      0.16334744      0.02845630 md_running
   428    214.00000000    156.29635922      0.31937044    495.15372280    300.00000000      0.99980040      0.07761899     -7.66185430      0.00254994     -7.65930437      0.17144805      0.02258290      0.16893599      0.02940310 md_running
   429    214.50000000    156.52477598      0.33270205    488.66380930    300.00000000      0.99980479      0.07660165     -7.66107988      0.00276727     -7.65831262      0.17562474      0.02352559      0.17315525      0.03011939 md_running
   430    215.00000000    156.75303818      0.34647443    483.85569164    300.00000000      0.99980838      0.07584794     -7.66058607      0.00300111     -7.65758496      0.17830076      0.02449944      0.17584876      0.03057833 md_running
   431    215.50000000    156.98085098      0.36066050    481.04352020    300.00000000      0.99981085      0.07540711     -7.66042314      0.00325190     -7.65717124      0.17936897      0.02550255      0.17691068      0.03076152 md_running
   432    216.00000000    157.20564026      0.37523718    480.36778200    300.00000000      0.99981198      0.07530119     -7.66061434      0.00352007     -7.65709427      0.17877545      0.02653328      0.17628922      0.03065974 md_running
   433    216.50000000    157.43810969      0.39018395    481.77215241    300.00000000      0.99981172      0.07552133     -7.66115133      0.00380609     -7.65734524      0.17652072      0.02759017      0.17398855      0.03027305 md_running
   434    217.00000000    157.66486073      0.40548103    485.01340986    300.00000000      0.99981019      0.07602942     -7.66199654      0.00411037     -7.65788617      0.17267178      0.02867184      0.17008145      0.02961297 md_running
   435    217.50000000    157.88280292      0.42110724    489.69439365    300.00000000      0.99980761      0.07676320     -7.66308764      0.00443328     -7.65865436      0.16738142      0.02977678      0.16472836      0.02870568 md_running
   436    218.00000000    158.10274568      0.43703788    495.31459158    300.00000000      0.99980433      0.07764421     -7.66434631      0.00477505     -7.65957126      0.16090666      0.03090324      0.15819813      0.02759526 md_running
   437    218.50000000    158.33011983      0.45324270    501.33024294    300.00000000      0.99980071      0.07858721     -7.66568667      0.00513572     -7.66055095      0.15363192      0.03204910      0.15089180      0.02634766 md_running
   438    219.00000000    158.55685580      0.46968416    507.21692967    300.00000000      0.99979711      0.07950999     -7.66702563      0.00551508     -7.66151055      0.14608994      0.03321169      0.14336653      0.02505422 md_running
   439    219.50000000    158.77188875      0.48631591    512.53382361    300.00000000      0.99979380      0.08034345     -7.66829310      0.00591258     -7.66238052      0.13895867      0.03438773      0.13633256      0.02383122 md_running
   440    220.00000000    158.98832267      0.50308177    516.97286343    300.00000000      0.99979099      0.08103930     -7.66943942      0.00632728     -7.66311214      0.13299074      0.03557325      0.13057605      0.02280772 md_running
   441    220.50000000    159.21857231      0.51991548    520.37075513    300.00000000      0.99978878      0.08157195     -7.67043784      0.00675780     -7.66368004      0.12887905      0.03676358      0.12681354      0.02210258 md_running
   442    221.00000000    159.44707575      0.53674119    522.67897404    300.00000000      0.99978720      0.08193378     -7.67127912      0.00720228     -7.66407684      0.12708226      0.03795333      0.12549900      0.02179443 md_running
   443    221.50000000    159.67633635      0.55347505    523.92466507    300.00000000      0.99978623      0.08212905     -7.67196532      0.00765837     -7.66430695      0.12766734      0.03913660      0.12665833      0.02189477 md_running
   444    222.00000000    159.90849472      0.57002795    524.16778796    300.00000000      0.99978582      0.08216716     -7.67250320      0.00812330     -7.66437991      0.13022932      0.04030706      0.12982426      0.02233414 md_running
   445    222.50000000    160.13982404      0.58630896    523.45961668    300.00000000      0.99978595      0.08205615     -7.67289810      0.00859395     -7.66430414      0.13402768      0.04145830      0.13419410      0.02298556 md_running
   446    223.00000000    160.37579870      0.60222936    521.82821971    300.00000000      0.99978659      0.08180041     -7.67315045      0.00906701     -7.66408344      0.13824035      0.04258405      0.13889817      0.02370802 md_running
   447    223.50000000    160.60942448      0.61770687    519.30119802    300.00000000      0.99978774      0.08140428     -7.67326049      0.00953904     -7.66372145      0.14225067      0.04367847      0.14328743      0.02439579 md_running
   448    224.00000000    160.83501622      0.63266981    515.94031484    300.00000000      0.99978938      0.08087744     -7.67323462      0.01000678     -7.66322785      0.14587539      0.04473651      0.14715628      0.02501742 md_running
   449    224.50000000    161.06117880      0.64706052    511.84789175    300.00000000      0.99979149      0.08023592     -7.67308594      0.01046718     -7.66261876      0.14949044      0.04575409      0.15086256      0.02563740 md_running
   450    225.00000000    161.29204778      0.66083777    507.17631806    300.00000000      0.99979401      0.07950362     -7.67283496      0.01091766     -7.66191730      0.15399533      0.04672829      0.15529500      0.02640998 md_running
   451    225.50000000    161.51647096      0.67397790    502.15950115    300.00000000      0.99979686      0.07871720     -7.67251594      0.01135616     -7.66115979      0.16046738      0.04765743      0.16153868      0.02751993 md_running
   452    226.00000000    161.73284936      0.68647438    497.14755565    300.00000000      0.99979988      0.07793154     -7.67218207      0.01178118     -7.66040089      0.16955536      0.04854107      0.17027672      0.02907850 md_running
   453    226.50000000    161.95959629      0.69833620    492.64087216    300.00000000      0.99980282      0.07722508     -7.67191061      0.01219184     -7.65971878      0.18090414      0.04937983      0.18120972      0.03102480 md_running
   454    227.00000000    162.18589069      0.70958502    489.28854539    300.00000000      0.99980533      0.07669958     -7.67180378      0.01258777     -7.65921601      0.19305351      0.05017524      0.19293281      0.03310840 md_running
   455    227.50000000    162.40507208      0.72025126    487.80951755    300.00000000      0.99980692      0.07646773     -7.67197650      0.01296905     -7.65900746      0.20387833      0.05092945      0.20336017      0.03496484 md_running
   456    228.00000000    162.63344226      0.73036926    488.83938788    300.00000000      0.99980712      0.07662917     -7.67253069      0.01333598     -7.65919470      0.21122362      0.05164491      0.21035007      0.03622455 md_running
   457    228.50000000    162.86778034      0.73997289    492.74529648    300.00000000      0.99980560      0.07724145     -7.67352645      0.01368900     -7.65983745      0.21343098      0.05232398      0.21224292      0.03660311 md_running
   458    229.00000000    163.10149812      0.74909169    499.48147003    300.00000000      0.99980228      0.07829740     -7.67495793      0.01402846     -7.66092947      0.20968812      0.05296878      0.20822057      0.03596122 md_running
   459    229.50000000    163.33235171      0.75774800    508.54755553    300.00000000      0.99979746      0.07971857     -7.67674625      0.01435455     -7.66239170      0.20016494      0.05358087      0.19844733      0.03432800 md_running
   460    230.00000000    163.55658673      0.76595521    519.07396869    300.00000000      0.99979168      0.08136866     -7.67875355      0.01466718     -7.66408637      0.18595289      0.05416121      0.18401078      0.03189066 md_running
   461    230.50000000    163.79357357      0.77371762    530.00685978    300.00000000      0.99978560      0.08308248     -7.68081206      0.01496597     -7.66584609      0.16887025      0.05471010      0.16673505      0.02896101 md_running
   462    231.00000000    164.03297761      0.78103119    540.32010960    300.00000000      0.99977985      0.08469915     -7.68275834      0.01525024     -7.66750810      0.15118642      0.05522725      0.14891253      0.02592826 md_running
   463    231.50000000    164.26591659      0.78788475    549.18553428    300.00000000      0.99977486      0.08608887     -7.68446072      0.01551906     -7.66894166      0.13527093      0.05571187      0.13295678      0.02319877 md_running
   464    232.00000000    164.48386335      0.79426165    556.04890811    300.00000000      0.99977092      0.08716476     -7.68583106      0.01577129     -7.67005977      0.12303764      0.05616278      0.12083842      0.02110078 md_running
   465    232.50000000    164.71366270      0.80014122    560.60765994    300.00000000      0.99976814      0.08787938     -7.68682152      0.01600565     -7.67081588      0.11555484      0.05657853      0.11366560      0.01981749 md_running
   466    233.00000000    164.94129200      0.80549995    562.73406053    300.00000000      0.99976654      0.08821271     -7.68741084      0.01622075     -7.67119009      0.11280671      0.05695745      0.11140709      0.01934619 md_running
   467    233.50000000    165.16346837      0.81031236    562.40969948    300.00000000      0.99976612      0.08816186     -7.68759469      0.01641515     -7.67117953      0.11387658      0.05729774      0.11308263      0.01952967 md_running
   468    234.00000000    165.39487019      0.81455130    559.70197233    300.00000000      0.99976685      0.08773740     -7.68738156      0.01658735     -7.67079421      0.11752111      0.05759747      0.11738118      0.02015470 md_running
   469    234.50000000    165.62213601      0.81818803    554.77040934    300.00000000      0.99976870      0.08696434     -7.68679419      0.01673579     -7.67005839      0.12271473      0.05785463      0.12323512      0.02104540 md_running
   470    235.00000000    165.85444700      0.82119205    547.88737043    300.00000000      0.99977161      0.08588538     -7.68587353      0.01685891     -7.66901462      0.12875845      0.05806705      0.12992523      0.02208189 md_running
   471    235.50000000    166.08432055      0.82353099    539.44852139    300.00000000      0.99977548      0.08456253     -7.68467972      0.01695508     -7.66772464      0.13521364      0.05823243      0.13700433      0.02318895 md_running
   472    236.00000000    166.31800341      0.82517059    529.96074599    300.00000000      0.99978015      0.08307525     -7.68329070      0.01702266     -7.66626804      0.14179522      0.05834837      0.14418177      0.02431768 md_running
   473    236.50000000    166.55307371      0.82607491    519.99985332    300.00000000      0.99978540      0.08151380     -7.68179577      0.01705999     -7.66473578      0.14829633      0.05841232      0.15124502      0.02543261 md_running
   474    237.00000000    166.78477944      0.82620694    510.15293342    300.00000000      0.99979095      0.07997023     -7.68028558      0.01706545     -7.66322013      0.15453472      0.05842165      0.15800467      0.02650249 md_running
   475    237.50000000    167.01496055      0.82552948    500.96284479    300.00000000      0.99979648      0.07852961     -7.67884448      0.01703747     -7.66180701      0.16032982      0.05837375      0.16427243      0.02749634 md_running
   476    238.00000000    167.24568980      0.82400634    492.88016689    300.00000000      0.99980168      0.07726259     -7.67754197      0.01697466     -7.66056731      0.16549998      0.05826605      0.16985811      0.02838301 md_running
   477    238.50000000    167.46679436      0.82160385    486.23312311    300.00000000      0.99980625      0.07622062     -7.67642871      0.01687582     -7.65955289      0.16986676      0.05809617      0.17457410      0.02913191 md_running
   478    239.00000000    167.69607848      0.81829259    481.22118974    300.00000000      0.99980996      0.07543496     -7.67553512      0.01674007     -7.65879505      0.17326145      0.05786202      0.17824252      0.02971409 md_running
   479    239.50000000    167.92731560      0.81404926    477.92369859    300.00000000      0.99981265      0.07491806     -7.67487328      0.01656690     -7.65830638      0.17554313      0.05756198      0.18071367      0.03010540 md_running
   480    240.00000000    168.16178152      0.80885849    476.32339474    300.00000000      0.99981425      0.07466720     -7.67444020      0.01635630     -7.65808390      0.17661149      0.05719493      0.18187832      0.03028862 md_running
   481    240.50000000    168.39496400      0.80271457    476.33968750    300.00000000      0.99981477      0.07466975     -7.67422401      0.01610877     -7.65811524      0.17642792      0.05676049      0.18169225      0.03025714 md_running
   482    241.00000000    168.61992367      0.79562260    477.85442175    300.00000000      0.99981424      0.07490720     -7.67420732      0.01582538     -7.65838194      0.17500669      0.05625901      0.18016566      0.03001340 md_running
   483    241.50000000    168.84607051      0.78759927    480.73705410    300.00000000      0.99981279      0.07535907     -7.67437116      0.01550782     -7.65886335      0.17239418      0.05569168      0.17734297      0.02956536 md_running
   484    242.00000000    169.09009982      0.77867308    484.85527273    300.00000000      0.99981050      0.07600463     -7.67469752      0.01515829     -7.65953923      0.16864844      0.05506050      0.17328335      0.02892297 md_running
   485    242.50000000    169.32888357      0.76888408    490.03965974    300.00000000      0.99980751      0.07681732     -7.67516355      0.01477957     -7.66038398      0.16383363      0.05436831      0.16805545      0.02809724 md_running
   486    243.00000000    169.56244071      0.75828307    496.05046849    300.00000000      0.99980399      0.07775956     -7.67573486      0.01437483     -7.66136003      0.15802729      0.05361871      0.16174224      0.02710146 md_running
   487    243.50000000    169.79932479      0.74693045    502.54883469    300.00000000      0.99980013      0.07877823     -7.67636252      0.01394763     -7.66241489      0.15134457      0.05281596      0.15446259      0.02595538 md_running
   488    244.00000000    170.02738780      0.73489500    509.07406318    300.00000000      0.99979621      0.07980111     -7.67697768      0.01350177     -7.66347591      0.14396899      0.05196492      0.14640044      0.02469048 md_running
   489    244.50000000    170.23906950      0.72225264    515.07108378    300.00000000      0.99979253      0.08074118     -7.67749664      0.01304122     -7.66445542      0.13616873      0.05107097      0.13782081      0.02335274 md_running
   490    245.00000000    170.47379683      0.70908529    519.95209918    300.00000000      0.99978939      0.08150632     -7.67783057      0.01257005     -7.66526052      0.12829907      0.05013990      0.12907388      0.02200311 md_running
   491    245.50000000    170.70216108      0.69548002    523.17260827    300.00000000      0.99978709      0.08201116     -7.67789708      0.01209231     -7.66580477      0.12083230      0.04917786      0.12062856      0.02072257 md_running
   492    246.00000000    170.93295130      0.68152845    524.29339465    300.00000000      0.99978586      0.08218685     -7.67763096      0.01161203     -7.66601894      0.11440153      0.04819134      0.11312650      0.01961970 md_running
   493    246.50000000    171.15179849      0.66732644    523.00981600    300.00000000      0.99978588      0.08198564     -7.67698799      0.01113311     -7.66585488      0.10989766      0.04718710      0.10749895      0.01884729 md_running
   494    247.00000000    171.38249164      0.65297414    519.16020282    300.00000000      0.99978728      0.08138218     -7.67594607      0.01065938     -7.66528669      0.10849648      0.04617224      0.10502078      0.01860699 md_running
   495    247.50000000    171.61122761      0.63857606    512.73627369    300.00000000      0.99979013      0.08037518     -7.67450688      0.01019448     -7.66431239      0.11142404      0.04515415      0.10707044      0.01910907 md_running
   496    248.00000000    171.83975611      0.62424112    503.89685425    300.00000000      0.99979451      0.07898954     -7.67269841      0.00974192     -7.66295648      0.11942317      0.04414051      0.11451754      0.02048090 md_running
   497    248.50000000    172.07069754      0.61008249    492.98288575    300.00000000      0.99980038      0.07727870     -7.67057684      0.00930502     -7.66127182      0.13225315      0.04313935      0.12712968      0.02268123 md_running
   498    249.00000000    172.29731526      0.59621676    480.53893179    300.00000000      0.99980765      0.07532801     -7.66823013      0.00888686     -7.65934326      0.14867638      0.04215889      0.14357257      0.02549779 md_running
   499    249.50000000    172.52765897      0.58276237    467.32184532    300.00000000      0.99981607      0.07325614     -7.66577968      0.00849030     -7.65728938      0.16682746      0.04120752      0.16186711      0.02861067 md_running
   500    250.00000000    172.75763673      0.56983705    454.27029044    300.00000000      0.99982520      0.07121021     -7.66337613      0.00811786     -7.65525827      0.18458782      0.04029356      0.17981440      0.03165655 md_running
   501    250.50000000    172.98063481      0.55755445    442.41593243    300.00000000      0.99983438      0.06935195     -7.66118482      0.00777167     -7.65341314      0.19988359      0.03942505      0.19529819      0.03427975 md_running
   502    251.00000000    173.21243631      0.54602020    432.73809326    300.00000000      0.99984274      0.06783488     -7.65936324      0.00745345     -7.65190979      0.21095079      0.03860946      0.20653759      0.03617776 md_running
   503    251.50000000    173.43974858      0.53532772    425.99429755    300.00000000      0.99984939      0.06677774     -7.65803317      0.00716439     -7.65086878      0.21663081      0.03785339      0.21237273      0.03715188 md_running
   504    252.00000000    173.66742572      0.52555464    422.57947197    300.00000000      0.99985361      0.06624244     -7.65725831      0.00690519     -7.65035312      0.21658054      0.03716232      0.21246873      0.03714326 md_running
   505    252.50000000    173.90120595      0.51676044    422.46512815    300.00000000      0.99985505      0.06622452     -7.65703447      0.00667603     -7.65035844      0.21134911      0.03654048      0.20738954      0.03624607 md_running
   506    253.00000000    174.13613786      0.50898575    425.23741499    300.00000000      0.99985385      0.06665909     -7.65729583      0.00647666     -7.65081917      0.20230919      0.03599073      0.19852765      0.03469574 md_running
   507    253.50000000    174.37218985      0.50225365    430.21686895    300.00000000      0.99985052      0.06743966     -7.65793422      0.00630647     -7.65162775      0.19139242      0.03551470      0.18783553      0.03282353 md_running
   508    254.00000000    174.60728757      0.49657291    436.61647728    300.00000000      0.99984580      0.06844285     -7.65882382      0.00616462     -7.65265921      0.18062969      0.03511301      0.17735740      0.03097774 md_running
   509    254.50000000    174.83111684      0.49194255    443.68780818    300.00000000      0.99984042      0.06955133     -7.65984581      0.00605019     -7.65379563      0.17154315      0.03478559      0.16860672      0.02941941 md_running
   510    255.00000000    175.05081648      0.48835697    450.81693943    300.00000000      0.99983494      0.07066887     -7.66090295      0.00596231     -7.65494063      0.16469282      0.03453205      0.16210527      0.02824459 md_running
   511    255.50000000    175.28701897      0.48581070    457.55623841    300.00000000      0.99982979      0.07172531     -7.66192450      0.00590030     -7.65602420      0.15964296      0.03435200      0.15735995      0.02737854 md_running
   512    256.00000000    175.51196158      0.48430170    463.60488186    300.00000000      0.99982518      0.07267348     -7.66286320      0.00586370     -7.65699949      0.15538713      0.03424530      0.15331052      0.02664867 md_running
   513    256.50000000    175.73972841      0.48383259    468.75975274    300.00000000      0.99982126      0.07348154     -7.66368755      0.00585235     -7.65783520      0.15094364      0.03421213      0.14894219      0.02588662 md_running
   514    257.00000000    175.96600568      0.48440930    472.86340313    300.00000000      0.99981808      0.07412482     -7.66437312      0.00586631     -7.65850681      0.14582600      0.03425291      0.14376113      0.02500895 md_running
   515    257.50000000    176.19449715      0.48603707    475.77525515    300.00000000      0.99981572      0.07458127     -7.66489782      0.00590580     -7.65899202      0.14018882      0.03436801      0.13793774      0.02404218 md_running
   516    258.00000000    176.42215112      0.48871471    477.37147635    300.00000000      0.99981421      0.07483149     -7.66524184      0.00597105     -7.65927079      0.13469865      0.03455735      0.13217576      0.02310063 md_running
   517    258.50000000    176.64214002      0.49242811    477.56450408    300.00000000      0.99981362      0.07486175     -7.66539127      0.00606214     -7.65932914      0.13028666      0.03481993      0.12746396      0.02234398 md_running
   518    259.00000000    176.87029211      0.49714468    476.32637067    300.00000000      0.99981397      0.07466766     -7.66534110      0.00617882     -7.65916228      0.12785944      0.03515344      0.12478428      0.02192771 md_running
   519    259.50000000    177.09710080      0.50280924    473.70367311    300.00000000      0.99981525      0.07425654     -7.66509750      0.00632043     -7.65877708      0.12798745      0.03555398      0.12477865      0.02194967 md_running
   520    260.00000000    177.33079793      0.50934221    469.82228890    300.00000000      0.99981745      0.07364810     -7.66467902      0.00648574     -7.65819328      0.13073699      0.03601593      0.12755191      0.02242121 md_running
   521    260.50000000    177.56401499      0.51664045    464.88340372    300.00000000      0.99982048      0.07287389     -7.66411526      0.00667293     -7.65744233      0.13571985      0.03653200      0.13271043      0.02327576 md_running
   522    261.00000000    177.78800604      0.52458055    459.15311570    300.00000000      0.99982422      0.07197563     -7.66344553      0.00687962     -7.65656591      0.14230099      0.03709345      0.13958049      0.02440442 md_running
   523    261.50000000    178.00798619      0.53302419    452.95379312    300.00000000      0.99982851      0.07100384     -7.66271755      0.00710287     -7.65561468      0.14979982      0.03769050      0.14743843      0.02569046 md_running
   524    262.00000000    178.23833804      0.54182430    446.66550726    300.00000000      0.99983312      0.07001811     -7.66198718      0.00733934     -7.65464784      0.15758679      0.03831276      0.15561534      0.02702591 md_running
   525    262.50000000    178.46519977      0.55083148    440.72888230    300.00000000      0.99983778      0.06908750     -7.66132003      0.00758538     -7.65373464      0.16512554      0.03894967      0.16354174      0.02831880 md_running
   526    263.00000000    178.69660260      0.55990042    435.63053250    300.00000000      0.99984211      0.06828829     -7.66078941      0.00783721     -7.65295219      0.17195955      0.03959094      0.17073848      0.02949082 md_running
   527    263.50000000    178.93361706      0.56889547    431.86241243    300.00000000      0.99984568      0.06769761     -7.66046894      0.00809105     -7.65237789      0.17770174      0.04022698      0.17680505      0.03047560 md_running
   528    264.00000000    179.16513869      0.57769491    429.85889248    300.00000000      0.99984805      0.06738354     -7.66042453      0.00834329     -7.65208124      0.18203501      0.04084920      0.18141566      0.03121875 md_running
   529    264.50000000    179.39517153      0.58619430    429.92503115    300.00000000      0.99984887      0.06739391     -7.66070145      0.00859059     -7.65211086      0.18473272      0.04145020      0.18433815      0.03168140 md_running
   530    265.00000000    179.62170418      0.59430863    432.18413506    300.00000000      0.99984793      0.06774804     -7.66131627      0.00883007     -7.65248620      0.18567810      0.04202397      0.18545067      0.03184353 md_running
   531    265.50000000    179.85115775      0.60197373    436.56525238    300.00000000      0.99984525      0.06843482     -7.66225587      0.00905931     -7.65319656      0.18485840      0.04256597      0.18473821      0.03170295 md_running
   532    266.00000000    180.07994317      0.60914658    442.83325963    300.00000000      0.99984102      0.06941737     -7.66348109      0.00927649     -7.65420460      0.18234098      0.04307317      0.18226415      0.03127122 md_running
   533    266.50000000    180.30330144      0.61580502    450.64517777    300.00000000      0.99983559      0.07064195     -7.66493664      0.00948040     -7.65545624      0.17822410      0.04354399      0.17812457      0.03056518 md_running
   534    267.00000000    180.53507038      0.62194657    459.60292100    300.00000000      0.99982935      0.07204614     -7.66655966      0.00967044     -7.65688922      0.17261713      0.04397826      0.17242643      0.02960359 md_running
   535    267.50000000    180.75569394      0.62758660    469.28427987    300.00000000      0.99982269      0.07356376     -7.66828390      0.00984662     -7.65843727      0.16564559      0.04437707      0.16529294      0.02840798 md_running
   536    268.00000000    180.98532068      0.63275597    479.25028745    300.00000000      0.99981595      0.07512601     -7.67004135      0.01000950     -7.66003185      0.15749981      0.04474260      0.15691161      0.02701100 md_running
   537    268.50000000    181.21648638      0.63749808    489.04076945    300.00000000      0.99980944      0.07666074     -7.67176080      0.01016010     -7.66160071      0.14849169      0.04507792      0.14759204      0.02546611 md_running
   538    269.00000000    181.44810962      0.64186549    498.17246620    300.00000000      0.99980345      0.07809220     -7.67336795      0.01029978     -7.66306817      0.13912040      0.04538674      0.13783387      0.02385895 md_running
   539    269.50000000    181.67642472      0.64591626    506.14971944    300.00000000      0.99979823      0.07934269     -7.67478605      0.01043020     -7.66435585      0.13014869      0.04567318      0.12840816      0.02232032 md_running
   540    270.00000000    181.91271125      0.64971007    512.49093158    300.00000000      0.99979399      0.08033673     -7.67594076      0.01055308     -7.66538768      0.12261304      0.04594144      0.12037753      0.02102796 md_running
   541    270.50000000    182.14272925      0.65330459    516.76838369    300.00000000      0.99979091      0.08100725     -7.67676600      0.01067017     -7.66609583      0.11775314      0.04619561      0.11503361      0.02019450 md_running
   542    271.00000000    182.36706996      0.65675230    518.65817331    300.00000000      0.99978915      0.08130349     -7.67721161      0.01078309     -7.66642852      0.11669371      0.04643940      0.11356876      0.02001281 md_running
   543    271.50000000    182.59384485      0.66009843    517.99457769    300.00000000      0.99978879      0.08119946     -7.67725209      0.01089325     -7.66635884      0.11989863      0.04667601      0.11648832      0.02056245 md_running
   544    272.00000000    182.81042051      0.66338035    514.81278372    300.00000000      0.99978988      0.08070069     -7.67689383      0.01100184     -7.66589200      0.12683462      0.04690807      0.12323481      0.02175196 md_running
   545    272.50000000    183.04204224      0.66662865    509.36588649    300.00000000      0.99979235      0.07984685     -7.67617689      0.01110984     -7.66506705      0.13615854      0.04713776      0.13238566      0.02335100 md_running
   546    273.00000000    183.27123339      0.66986993    502.10376307    300.00000000      0.99979608      0.07870846     -7.67517332      0.01121814     -7.66395518      0.14622411      0.04736696      0.14220325      0.02507723 md_running
   547    273.50000000    183.50147531      0.67313123    493.60565592    300.00000000      0.99980083      0.07737632     -7.67397558      0.01132764     -7.66264794      0.15553381      0.04759757      0.15111047      0.02667383 md_running
   548    274.00000000    183.72608898      0.67644546    484.46952679    300.00000000      0.99980631      0.07594416     -7.67267969      0.01143946     -7.66124023      0.16310237      0.04783192      0.15805972      0.02797183 md_running
   549    274.50000000    183.94381215      0.67985716    475.18370363    300.00000000      0.99981224      0.07448854     -7.67136506      0.01155514     -7.65980991      0.16870316      0.04807316      0.16278656      0.02893235 md_running
   550    275.00000000    184.17218572      0.68342733    466.03210204    300.00000000      0.99981837      0.07305396     -7.67007826      0.01167682     -7.65840144      0.17295370      0.04832561      0.16591068      0.02966132 md_running
   551    275.50000000    184.39874286      0.68723631    457.07943461    300.00000000      0.99982461      0.07165057     -7.66883145      0.01180734     -7.65702411      0.17712487      0.04859495      0.16876952      0.03037666 md_running
   552    276.00000000    184.62249772      0.69138358    448.25761489    300.00000000      0.99983097      0.07026768     -7.66761608      0.01195028     -7.65566580      0.18260758      0.04888820      0.17289195      0.03131694 md_running
   553    276.50000000    184.84702193      0.69598413    439.52461658    300.00000000      0.99983751      0.06889872     -7.66642801      0.01210985     -7.65431816      0.19015805      0.04921351      0.17919986      0.03261184 md_running
   554    277.00000000    185.07778662      0.70116110    431.02359669    300.00000000      0.99984423      0.06756612     -7.66529313      0.01229067     -7.65300246      0.19930013      0.04957958      0.18733146      0.03417969 md_running
   555    277.50000000    185.30377610      0.70703490    423.15521196    300.00000000      0.99985090      0.06633269     -7.66428037      0.01249746     -7.65178291      0.20834036      0.04999492      0.19561307      0.03573008 md_running
   556    278.00000000    185.53335381      0.71371000    416.50530525    300.00000000      0.99985707      0.06529027     -7.66348770      0.01273455     -7.65075315      0.21504757      0.05046692      0.20176911      0.03688035 md_running
   557    278.50000000    185.76384104      0.72126130    411.64770949    300.00000000      0.99986211      0.06452881     -7.66301160      0.01300545     -7.65000616      0.21739986      0.05100088      0.20372670      0.03728377 md_running
   558    279.00000000    185.99271718      0.72972200    408.90970296    300.00000000      0.99986549      0.06409961     -7.66290741      0.01331235     -7.64959506      0.21415080      0.05159914      0.20021689      0.03672656 md_running
   559    279.50000000    186.21632953      0.73907482    408.20331125    300.00000000      0.99986697      0.06398887     -7.66316275      0.01365579     -7.64950696      0.20511063      0.05226048      0.19107324      0.03517618 md_running
   560    280.00000000    186.43201776      0.74924802    408.99017292    300.00000000      0.99986681      0.06411222     -7.66369075      0.01403431     -7.64965643      0.19117970      0.05297984      0.17728040      0.03278705 md_running
   561    280.50000000    186.67977921      0.76011684    410.39442966    300.00000000      0.99986566      0.06433235     -7.66434835      0.01444444     -7.64990391      0.17420086      0.05374838      0.16084714      0.02987520 md_running
   562    281.00000000    186.91588326      0.77151001    411.41595973    300.00000000      0.99986442      0.06449248     -7.66497106      0.01488069     -7.65009037      0.15670248      0.05455400      0.14456100      0.02687425 md_running
   563    281.50000000    187.14095355      0.78322029    411.15917374    300.00000000      0.99986396      0.06445223     -7.66540934      0.01533585     -7.65007348      0.14141705      0.05538204      0.13144940      0.02425282 md_running
   564    282.00000000    187.37732650      0.79501689    409.00664356    300.00000000      0.99986496      0.06411480     -7.66555676      0.01580130     -7.64975546      0.13067640      0.05621618      0.12395863      0.02241082 md_running
   565    282.50000000    187.60752737      0.80665789    404.70848754    300.00000000      0.99986784      0.06344103     -7.66536416      0.01626742     -7.64909673      0.12567269      0.05703933      0.12294111      0.02155269 md_running
   566    283.00000000    187.84107474      0.81790178    398.39198413    300.00000000      0.99987276      0.06245088     -7.66484152      0.01672408     -7.64811744      0.12596245      0.05783439      0.12726435      0.02160238 md_running
   567    283.50000000    188.07708468      0.82851719    390.51046712    300.00000000      0.99987957      0.06121539     -7.66405042      0.01716102     -7.64688940      0.12984102      0.05858501      0.13467341      0.02226755 md_running
   568    284.00000000    188.30976246      0.83829057    381.74960287    300.00000000      0.99988790      0.05984206     -7.66308943      0.01756828     -7.64552115      0.13530424      0.05927609      0.14298605      0.02320449 md_running
   569    284.50000000    188.53784711      0.84703138    372.90467311    300.00000000      0.99989710      0.05845555     -7.66207519      0.01793655     -7.64413864      0.14075493      0.05989416      0.15066826      0.02413927 md_running
   570    285.00000000    188.76521111      0.85457517    364.74343398    300.00000000      0.99990641      0.05717622     -7.66112126      0.01825747     -7.64286379      0.14519847      0.06042759      0.15685231      0.02490133 md_running
   571    285.50000000    188.99392509      0.86078495    357.87197069    300.00000000      0.99991497      0.05609907     -7.66031631      0.01852377     -7.64179254      0.14816531      0.06086669      0.16117486      0.02541014 md_running
   572    286.00000000    189.21882602      0.86555156    352.62994341    300.00000000      0.99992210      0.05527734     -7.65970843      0.01872949     -7.64097894      0.14961868      0.06120374      0.16366664      0.02565939 md_running
   573    286.50000000    189.44906735      0.86879308    349.05197544    300.00000000      0.99992738      0.05471647     -7.65929816      0.01887004     -7.64042812      0.14984386      0.06143295      0.16463495      0.02569801 md_running
   574    287.00000000    189.68115279      0.87045390    346.91346376    300.00000000      0.99993082      0.05438124     -7.65904638      0.01894225     -7.64010413      0.14934115      0.06155039      0.16456815      0.02561180 md_running
   575    287.50000000    189.91033652      0.87050353    345.84748661    300.00000000      0.99993273      0.05421414     -7.65889223      0.01894441     -7.63994782      0.14868274      0.06155389      0.16400566      0.02549888 md_running
   576    288.00000000    190.13895546      0.86893543    345.48983005    300.00000000      0.99993354      0.05415807     -7.65877751      0.01887622     -7.63990129      0.14836793      0.06144301      0.16341433      0.02544489 md_running
   577    288.50000000    190.37187386      0.86576592    345.59737323    300.00000000      0.99993367      0.05417493     -7.65866455      0.01873877     -7.63992578      0.14871431      0.06121889      0.16310587      0.02550429 md_running
   578    289.00000000    190.60801533      0.86103286    346.10652112    300.00000000      0.99993329      0.05425474     -7.65854594      0.01853444     -7.64001150      0.14979192      0.06088422      0.16317796      0.02568910 md_running
   579    289.50000000    190.84019932      0.85479424    347.12059668    300.00000000      0.99993238      0.05441371     -7.65844246      0.01826683     -7.64017563      0.15145715      0.06044308      0.16354485      0.02597469 md_running
   580    290.00000000    191.07185405      0.84712648    348.84596370    300.00000000      0.99993074      0.05468417     -7.65839195      0.01794058     -7.64045137      0.15343168      0.05990089      0.16400041      0.02631332 md_running
   581    290.50000000    191.30650379      0.83812249    351.50864171    300.00000000      0.99992809      0.05510157     -7.65843612      0.01756123     -7.64087489      0.15536963      0.05926421      0.16427197      0.02664567 md_running
   582    291.00000000    191.53752036      0.82788939    355.27603551    300.00000000      0.99992422      0.05569213     -7.65860836      0.01713502     -7.64147334      0.15694053      0.05854062      0.16409219      0.02691508 md_running
   583    291.50000000    191.76870056      0.81654580    360.20355765    300.00000000      0.99991906      0.05646456     -7.65892441      0.01666868     -7.64225574      0.15787617      0.05773851      0.16324253      0.02707554 md_running
   584    292.00000000    192.00044987      0.80421882    366.21364152    300.00000000      0.99991272      0.05740668     -7.65937913      0.01616920     -7.64320993      0.15798639      0.05686686      0.16157238      0.02709444 md_running
   585    292.50000000    192.22469974      0.79104061    373.10723035    300.00000000      0.99990547      0.05848730     -7.65994820      0.01564363     -7.64430457      0.15716102      0.05593502      0.15900540      0.02695289 md_running
   586    293.00000000    192.45200558      0.77714451    380.60058214    300.00000000      0.99989766      0.05966194     -7.66059349      0.01509884     -7.64549465      0.15535803      0.05495242      0.15553035      0.02664368 md_running
   587    293.50000000    192.68267229      0.76266100    388.37731708    300.00000000      0.99988971      0.06088100     -7.66127157      0.01454130     -7.64673027      0.15256975      0.05392828      0.15117125      0.02616550 md_running
   588    294.00000000    192.91566115      0.74771333    396.14302118    300.00000000      0.99988194      0.06209833     -7.66194146      0.01397688     -7.64796458      0.14878358      0.05287132      0.14594993      0.02551617 md_running
   589    294.50000000    193.15047649      0.73241308    403.66427782    300.00000000      0.99987461      0.06327735     -7.66257198      0.01341072     -7.64916126      0.14395601      0.05178943      0.13985682      0.02468825 md_running
   590    295.00000000    193.37489995      0.71685582    410.77445903    300.00000000      0.99986785      0.06439192     -7.66314130      0.01284706     -7.65029424      0.13804744      0.05068936      0.13288175      0.02367494 md_running
   591    295.50000000    193.59282434      0.70111731    417.33727460    300.00000000      0.99986176      0.06542069     -7.66363199      0.01228914     -7.65134285      0.13109493      0.04957648      0.12509130      0.02248259 md_running
   592    296.00000000    193.81929399      0.68525048    423.17580812    300.00000000      0.99985639      0.06633592     -7.66401953      0.01173921     -7.65228032      0.12341370      0.04845453      0.11684499      0.02116527 md_running
   593    296.50000000    194.04849940      0.66928328    427.99741519    300.00000000      0.99985186      0.06709174     -7.66425925      0.01119850     -7.65306074      0.11591373      0.04732547      0.10913944      0.01987904 md_running
   594    297.00000000    194.28113042      0.65321788    431.36676160    300.00000000      0.99984843      0.06761991     -7.66428249      0.01066734     -7.65361515      0.11041879      0.04618948      0.10394455      0.01893667 md_running
   595    297.50000000    194.51305838      0.63703153    432.77079463    300.00000000      0.99984642      0.06784001     -7.66400640      0.01014523     -7.65386117      0.10951480      0.04504493      0.10396216      0.01878163 md_running
   596    298.00000000    194.74781254      0.62067967    431.77515789    300.00000000      0.99984620      0.06768393     -7.66335943      0.00963108     -7.65372835      0.11534042      0.04388868      0.11119204      0.01978072 md_running
   597    298.50000000    194.98305124      0.60410114    428.22018917    300.00000000      0.99984803      0.06712667     -7.66231283      0.00912345     -7.65318937      0.12803301      0.04271640      0.12535784      0.02195748 md_running
   598    299.00000000    195.21298248      0.58722558    422.38237091    300.00000000      0.99985194      0.06621155     -7.66090745      0.00862085     -7.65228660      0.14551278      0.04152312      0.14403086      0.02495524 md_running
   599    299.50000000    195.44273183      0.56998273    415.03445426    300.00000000      0.99985763      0.06505971     -7.65926367      0.00812201     -7.65114166      0.16461171      0.04030387      0.16392978      0.02823068 md_running
   600    300.00000000    195.66698808      0.55231357    407.35641880    300.00000000      0.99986437      0.06385612     -7.65756813      0.00762626     -7.64994188      0.18213996      0.03905447      0.18188820      0.03123674 md_running
   601    300.50000000    195.90207924      0.53418247    400.69617839    300.00000000      0.99987106      0.06281207     -7.65603557      0.00713377     -7.64890180      0.19551941      0.03777240      0.19538452      0.03353130 md_running
   602    301.00000000    196.12953958      0.51558825    396.24747183    300.00000000      0.99987642      0.06211471     -7.65485804      0.00664578     -7.64821226      0.20303107      0.03645759      0.20274343      0.03481954 md_running
   603    301.50000000    196.35768505      0.49657256    394.74945917    300.00000000      0.99987933      0.06187988     -7.65415591      0.00616461     -7.64799130      0.20397720      0.03511298      0.20329049      0.03498180 md_running
   604    302.00000000    196.58910366      0.47722417    396.30669241    300.00000000      0.99987926      0.06212399     -7.65394933      0.00569357     -7.64825576      0.19875817      0.03374484      0.19743405      0.03408674 md_running
   605    302.50000000    196.82134736      0.45767820    400.38833622    300.00000000      0.99987643      0.06276382     -7.65415781      0.00523673     -7.64892108      0.18882199      0.03236274      0.18662677      0.03238270 md_running
   606    303.00000000    197.04828140      0.43811009    406.00037664    300.00000000      0.99987171      0.06364355     -7.65462747      0.00479851     -7.64982896      0.17645054      0.03097906      0.17317517      0.03026102 md_running
   607    303.50000000    197.27268021      0.41872483    411.96721127    300.00000000      0.99986626      0.06457889     -7.65517539      0.00438326     -7.65079213      0.16432739      0.02960832      0.15984419      0.02818192 md_running
   608    304.00000000    197.50232601      0.39974253    417.22928593    300.00000000      0.99986115      0.06540376     -7.65563686      0.00399485     -7.65164201      0.15484943      0.02826607      0.14919566      0.02655646 md_running
   609    304.50000000    197.73622092      0.38138220    421.06797596    300.00000000      0.99985716      0.06600550     -7.65590109      0.00363631     -7.65226478      0.14929716      0.02696779      0.14271665      0.02560425 md_running
   610    305.00000000    197.96662105      0.36384615    423.20726805    300.00000000      0.99985464      0.06634085     -7.65592719      0.00330960     -7.65261759      0.14744433      0.02572781      0.14031852      0.02528649 md_running
   611    305.50000000    198.19362040      0.34730645    423.78678497    300.00000000      0.99985355      0.06643170     -7.65573870      0.00301554     -7.65272315      0.14791707      0.02455827      0.14062333      0.02536757 md_running
   612    306.00000000    198.42025695      0.33189456    423.23383181    300.00000000      0.99985363      0.06634502     -7.65540409      0.00275385     -7.65265024      0.14902264      0.02346849      0.14183846      0.02555717 md_running
   613    306.50000000    198.64751346      0.31769474    422.08008026    300.00000000      0.99985443      0.06616416     -7.65500713      0.00252325     -7.65248388      0.14945085      0.02246441      0.14254500      0.02563061 md_running
   614    307.00000000    198.87041674      0.30474158    420.77667387    300.00000000      0.99985552      0.06595984     -7.65461763      0.00232169     -7.65229594      0.14857628      0.02154848      0.14204425      0.02548062 md_running
   615    307.50000000    199.09913901      0.29302144    419.55758825    300.00000000      0.99985661      0.06576874     -7.65427054      0.00214654     -7.65212400      0.14645189      0.02071975      0.14035374      0.02511629 md_running
   616    308.00000000    199.33527139      0.28247764    418.39128842    300.00000000      0.99985760      0.06558591     -7.65395697      0.00199484     -7.65196213      0.14362063      0.01997419      0.13800650      0.02463074 md_running
   617    308.50000000    199.56906021      0.27301824    417.03481976    300.00000000      0.99985863      0.06537328     -7.65363468      0.00186347     -7.65177120      0.14085792      0.01930530      0.13577764      0.02415693 md_running
   618    309.00000000    199.79655792      0.26452552    415.15576833    300.00000000      0.99985998      0.06507872     -7.65324677      0.00174934     -7.65149742      0.13892322      0.01870478      0.13442173      0.02382514 md_running
   619    309.50000000    200.02425543      0.25686617    412.47412060    300.00000000      0.99986193      0.06465835     -7.65274529      0.00164951     -7.65109578      0.13834206      0.01816318      0.13444556      0.02372547 md_running
   620    310.00000000    200.24941371      0.24990113    408.87707489    300.00000000      0.99986470      0.06409449     -7.65210923      0.00156126     -7.65054796      0.13928428      0.01767068      0.13598790      0.02388706 md_running
   621    310.50000000    200.47376886      0.24349445    404.47128055    300.00000000      0.99986833      0.06340385     -7.65135281      0.00148224     -7.64987057      0.14159364      0.01721766      0.13885992      0.02428311 md_running
   622    311.00000000    200.69797565      0.23752010    399.56906310    300.00000000      0.99987266      0.06263539     -7.65052364      0.00141039     -7.64911324      0.14490667      0.01679521      0.14267449      0.02485129 md_running
   623    311.50000000    200.91674090      0.23186689    394.62566474    300.00000000      0.99987737      0.06186048     -7.64969239      0.00134406     -7.64834833      0.14878554      0.01639546      0.14698279      0.02551651 md_running
   624    312.00000000    201.14129182      0.22644127    390.15284370    300.00000000      0.99988199      0.06115933     -7.64893865      0.00128189     -7.64765675      0.15280494      0.01601182      0.15135930      0.02620583 md_running
   625    312.50000000    201.37566426      0.22116865    386.62675936    300.00000000      0.99988601      0.06060659     -7.64833692      0.00122289     -7.64711403      0.15661200      0.01563899      0.15545594      0.02685874 md_running
   626    313.00000000    201.59718480      0.21599381    384.40916869    300.00000000      0.99988894      0.06025897     -7.64794420      0.00116633     -7.64677787      0.15994915      0.01527307      0.15902513      0.02743105 md_running
   627    313.50000000    201.82992588      0.21088008    383.69908251    300.00000000      0.99989045      0.06014766     -7.64779110      0.00111176     -7.64667934      0.16266572      0.01491147      0.16192593      0.02789694 md_running
   628    314.00000000    202.06170047      0.20580809    384.53099850    300.00000000      0.99989038      0.06027806     -7.64788292      0.00105892     -7.64682400      0.16468360      0.01455283      0.16408873      0.02824300 md_running
   629    314.50000000    202.28648320      0.20077458    386.82029813    300.00000000      0.99988877      0.06063693     -7.64820567      0.00100776     -7.64719791      0.16596881      0.01419691      0.16548672      0.02846342 md_running
   630    315.00000000    202.50363624      0.19579101    390.43699464    300.00000000      0.99988579      0.06120387     -7.64873815      0.00095835     -7.64777980      0.16649226      0.01384451      0.16609636      0.02855319 md_running
   631    315.50000000    202.72987555      0.19088244    395.28359287    300.00000000      0.99988162      0.06196361     -7.64946541      0.00091090     -7.64855450      0.16617738      0.01349743      0.16584465      0.02849919 md_running
   632    316.00000000    202.95456257      0.18608671    401.34774894    300.00000000      0.99987640      0.06291421     -7.65038568      0.00086571     -7.64951997      0.16487640      0.01315832      0.16458530      0.02827607 md_running
   633    316.50000000    203.18749784      0.18145411    408.70382890    300.00000000      0.99987018      0.06406733     -7.65151184      0.00082314     -7.65068870      0.16235951      0.01283074      0.16208828      0.02784443 md_running
   634    317.00000000    203.41403416      0.17704740    417.45150716    300.00000000      0.99986297      0.06543860     -7.65286130      0.00078364     -7.65207766      0.15835398      0.01251914      0.15807910      0.02715748 md_running
   635    317.50000000    203.63941305      0.17294189    427.60906468    300.00000000      0.99985484      0.06703087     -7.65443888      0.00074772     -7.65369115      0.15264547      0.01222884      0.15233960      0.02617848 md_running
   636    318.00000000    203.86688869      0.16922552    439.00056412    300.00000000      0.99984597      0.06881657     -7.65621849      0.00071593     -7.65550256      0.14522720      0.01196605      0.14485628      0.02490626 md_running
   637    318.50000000    204.09884790      0.16599864    451.18590550    300.00000000      0.99983672      0.07072671     -7.65813194      0.00068889     -7.65744306      0.13644678      0.01173788      0.13596750      0.02340043 md_running
   638    319.00000000    204.33388043      0.16337298    463.47341572    300.00000000      0.99982760      0.07265287     -7.66007033      0.00066727     -7.65940306      0.12715054      0.01155221      0.12650921      0.02180614 md_running
   639    319.50000000    204.56435220      0.16146935    475.02046978    300.00000000      0.99981917      0.07446295     -7.66190061      0.00065181     -7.66124880      0.11876715      0.01141761      0.11790424      0.02036840 md_running
   640    320.00000000    204.79097361      0.16041360    484.99403242    300.00000000      0.99981192      0.07602638     -7.66349120      0.00064331     -7.66284789      0.11321886      0.01134295      0.11208689      0.01941687 md_running
   641    320.50000000    205.02440762      0.16033072    492.75023737    300.00000000      0.99980620      0.07724223     -7.66473994      0.00064265     -7.66409729      0.11236874      0.01133709      0.11096281      0.01927108 md_running
   642    321.00000000    205.26217092      0.16133666    497.98548337    300.00000000      0.99980218      0.07806289     -7.66559878      0.00065074     -7.66494804      0.11699563      0.01140822      0.11536466      0.02006459 md_running
   643    321.50000000    205.49423520      0.16352896    500.81539740    300.00000000      0.99979977      0.07850650     -7.66608655      0.00066854     -7.66541800      0.12616042      0.01156324      0.12437703      0.02163633 md_running
   644    322.00000000    205.72106802      0.16697734    501.75928095    300.00000000      0.99979872      0.07865446     -7.66628661      0.00069704     -7.66558958      0.13768170      0.01180708      0.13580517      0.02361222 md_running
   645    322.50000000    205.94895368      0.17171577    501.62684225    300.00000000      0.99979858      0.07863370     -7.66632858      0.00073716     -7.66559142      0.14907229      0.01214214      0.14713874      0.02556569 md_running
   646    323.00000000    206.17624598      0.17773727    501.32545926    300.00000000      0.99979881      0.07858646     -7.66635756      0.00078976     -7.66556779      0.15817456      0.01256792      0.15620564      0.02712671 md_running
   647    323.50000000    206.40685018      0.18499194    501.63187946    300.00000000      0.99979888      0.07863449     -7.66649831      0.00085555     -7.66564276      0.16353319      0.01308091      0.16154784      0.02804571 md_running
   648    324.00000000    206.63292062      0.19338862    502.99176503    300.00000000      0.99979841      0.07884766     -7.66682255      0.00093498     -7.66588757      0.16457963      0.01367464      0.16260504      0.02822517 md_running
   649    324.50000000    206.86343319      0.20279979    505.41375610    300.00000000      0.99979727      0.07922733     -7.66733151      0.00102819     -7.66630332      0.16174390      0.01434011      0.15982650      0.02773885 md_running
   650    325.00000000    207.09567215      0.21306862    508.50358118    300.00000000      0.99979560      0.07971168     -7.66796164      0.00113496     -7.66682668      0.15645700      0.01506623      0.15467389      0.02683215 md_running
   651    325.50000000    207.32682933      0.22401743    511.63357203    300.00000000      0.99979372      0.08020233     -7.66861109      0.00125460     -7.66735650      0.15088666      0.01584042      0.14935100      0.02587685 md_running
   652    326.00000000    207.56000225      0.23545651    514.19622544    300.00000000      0.99979204      0.08060404     -7.66918112      0.00138599     -7.66779512      0.14733592      0.01664929      0.14618200      0.02526790 md_running
   653    326.50000000    207.79336986      0.24719287    515.85387424    300.00000000      0.99979083      0.08086389     -7.66961536      0.00152761     -7.66808776      0.14724540      0.01747918      0.14658730      0.02525238 md_running
   654    327.00000000    208.02068107      0.25903811    516.68682961    300.00000000      0.99979017      0.08099446     -7.66992460      0.00167752     -7.66824708      0.15038969      0.01831676      0.15028305      0.02579162 md_running
   655    327.50000000    208.24750460      0.27081484    517.18269497    300.00000000      0.99978987      0.08107219     -7.67018465      0.00183352     -7.66835113      0.15498850      0.01914950      0.15543248      0.02658031 md_running
   656    328.00000000    208.47928072      0.28236130    518.06592011    300.00000000      0.99978956      0.08121065     -7.67050967      0.00199320     -7.66851647      0.15861481      0.01996596      0.15958815      0.02720222 md_running
   657    328.50000000    208.70701697      0.29353378    520.02537433    300.00000000      0.99978883      0.08151780     -7.67100788      0.00215405     -7.66885383      0.15915868      0.02075597      0.16065579      0.02729549 md_running
   658    329.00000000    208.93389090      0.30420715    523.44519531    300.00000000      0.99978736      0.08205389     -7.67173919      0.00231355     -7.66942564      0.15537709      0.02151069      0.15743009      0.02664695 md_running
   659    329.50000000    209.16045389      0.31427366    528.24428217    300.00000000      0.99978508      0.08280618     -7.67268826      0.00246920     -7.67021906      0.14706755      0.02222250      0.14975870      0.02522188 md_running
   660    330.00000000    209.38971171      0.32364075    533.88334081    300.00000000      0.99978221      0.08369014     -7.67376673      0.00261858     -7.67114815      0.13504895      0.02288486      0.13851703      0.02316070 md_running
   661    330.50000000    209.61339186      0.33222854    539.51751920    300.00000000      0.99977915      0.08457334     -7.67483759      0.00275940     -7.67207820      0.12105736      0.02349211      0.12548588      0.02076117 md_running
   662    331.00000000    209.84011363      0.33996778    544.22222889    300.00000000      0.99977640      0.08531084     -7.67575107      0.00288945     -7.67286162      0.10759520      0.02403935      0.11315578      0.01845242 md_running
   663    331.50000000    210.06638470      0.34679854    547.21887572    300.00000000      0.99977439      0.08578059     -7.67638146      0.00300673     -7.67337473      0.09766705      0.02452236      0.10437195      0.01674976 md_running
   664    332.00000000    210.29490452      0.35266950    548.03697234    300.00000000      0.99977341      0.08590883     -7.67665197      0.00310939     -7.67354258      0.09394513      0.02493750      0.10147388      0.01611146 md_running
   665    332.50000000    210.52541984      0.35753799    546.58511802    300.00000000      0.99977358      0.08568124     -7.67654675      0.00319584     -7.67335092      0.09723288      0.02528175      0.10501803      0.01667530 md_running
   666    333.00000000    210.75143680      0.36137076    543.14007907    300.00000000      0.99977486      0.08514120     -7.67610798      0.00326472     -7.67284326      0.10591811      0.02555277      0.11349043      0.01816481 md_running
   667    333.50000000    210.98714693      0.36414491    538.26842483    300.00000000      0.99977704      0.08437754     -7.67542477      0.00331504     -7.67210973      0.11731554      0.02574893      0.12446630      0.02011945 md_running
   668    334.00000000    211.22579747      0.36584921    532.70212330    300.00000000      0.99977981      0.08350498     -7.67461232      0.00334614     -7.67126618      0.12910349      0.02586945      0.13580193      0.02214107 md_running
   669    334.50000000    211.46421530      0.36648526    527.19842623    300.00000000      0.99978281      0.08264223     -7.67379047      0.00335779     -7.67043268      0.13971266      0.02591442      0.14599843      0.02396052 md_running
   670    335.00000000    211.68773022      0.36606893    522.40677430    300.00000000      0.99978564      0.08189111     -7.67306238      0.00335016     -7.66971222      0.14822384      0.02588498      0.15414981      0.02542018 md_running
   671    335.50000000    211.91940141      0.36463167    518.77359471    300.00000000      0.99978799      0.08132158     -7.67249891      0.00332391     -7.66917500      0.15419216      0.02578335      0.15980228      0.02644374 md_running
   672    336.00000000    212.15225835      0.36222203    516.51134353    300.00000000      0.99978964      0.08096695     -7.67213470      0.00328012     -7.66885458      0.15751770      0.02561297      0.16283933      0.02701406 md_running
   673    336.50000000    212.38527867      0.35890727    515.63203379    300.00000000      0.99979051      0.08082912     -7.67197217      0.00322036     -7.66875181      0.15833544      0.02537858      0.16337795      0.02715430 md_running
   674    337.00000000    212.61233304      0.35477507    516.02382380    300.00000000      0.99979063      0.08089053     -7.67199530      0.00314663     -7.66884867      0.15692872      0.02508639      0.16168366      0.02691305 md_running
   675    337.50000000    212.83943640      0.34993539    517.53717542    300.00000000      0.99979008      0.08112776     -7.67218264      0.00306137     -7.66912127      0.15366656      0.02474417      0.15810887      0.02635360 md_running
   676    338.00000000    213.07026425      0.34452219    520.03818006    300.00000000      0.99978895      0.08151981     -7.67251631      0.00296739     -7.66954892      0.14893237      0.02436140      0.15302245      0.02554169 md_running
   677    338.50000000    213.29983438      0.33869492    523.41050708    300.00000000      0.99978731      0.08204845     -7.67298170      0.00286786     -7.67011384      0.14312506      0.02394935      0.14681134      0.02454575 md_running
   678    339.00000000    213.52694705      0.33263923    527.51014151    300.00000000      0.99978525      0.08269110     -7.67356044      0.00276622     -7.67079422      0.13668708      0.02352115      0.13990780      0.02344164 md_running
   679    339.50000000    213.74758828      0.32656655    532.10112186    300.00000000      0.99978288      0.08341077     -7.67422009      0.00266614     -7.67155395      0.13017312      0.02309174      0.13285861      0.02232451 md_running
   680    340.00000000    213.97437208      0.32071192    536.82165702    300.00000000      0.99978037      0.08415075     -7.67490711      0.00257140     -7.67233570      0.12432956      0.02267776      0.12640881      0.02132234 md_running
   681    340.50000000    214.19712949      0.31532937    541.20838101    300.00000000      0.99977795      0.08483840     -7.67555199      0.00248582     -7.67306617      0.12004249      0.02229715      0.12145998      0.02058712 md_running
   682    341.00000000    214.41365162      0.31068403    544.77411944    300.00000000      0.99977587      0.08539735     -7.67608075      0.00241311     -7.67366763      0.11814745      0.02196868      0.11889334      0.02026212 md_running
   683    341.50000000    214.62636990      0.30704037    547.11849641    300.00000000      0.99977434      0.08576485     -7.67643319      0.00235684     -7.67407634      0.11914165      0.02171103      0.11927354      0.02043262 md_running
   684    342.00000000    214.85799448      0.30464760    548.02734014    300.00000000      0.99977352      0.08590732     -7.67657802      0.00232025     -7.67425777      0.12296433      0.02154184      0.12260570      0.02108821 md_running
   685    342.50000000    215.07674989      0.30372330    547.52574318    300.00000000      0.99977343      0.08582869     -7.67652184      0.00230620     -7.67421564      0.12896737      0.02147648      0.12827842      0.02211772 md_running
   686    343.00000000    215.30465496      0.30443726    545.87879554    300.00000000      0.99977400      0.08557052     -7.67630881      0.00231705     -7.67399176      0.13608560      0.02152697      0.13522708      0.02333849 md_running
   687    343.50000000    215.53101858      0.30689838    543.53943624    300.00000000      0.99977505      0.08520381     -7.67601278      0.00235467     -7.67365812      0.14308909      0.02170099      0.14219750      0.02453958 md_running
   688    344.00000000    215.75427458      0.31114743    541.05208665    300.00000000      0.99977632      0.08481390     -7.67572139      0.00242032     -7.67330108      0.14877356      0.02200145      0.14795750      0.02551445 md_running
   689    344.50000000    215.97314444      0.31715687    538.92923225    300.00000000      0.99977755      0.08448112     -7.67551709      0.00251471     -7.67300237      0.15207991      0.02242638      0.15142703      0.02608149 md_running
   690    345.00000000    216.19932731      0.32483738    537.52302830    300.00000000      0.99977848      0.08426069     -7.67545640      0.00263798     -7.67281841      0.15221759      0.02296947      0.15180452      0.02610510 md_running
   691    345.50000000    216.43512316      0.33404983    536.91960791    300.00000000      0.99977899      0.08416610     -7.67555294      0.00278973     -7.67276321      0.14878668      0.02362089      0.14869129      0.02551671 md_running
   692    346.00000000    216.66522123      0.34461966    536.88460077    300.00000000      0.99977912      0.08416061     -7.67576943      0.00296907     -7.67280036      0.14196373      0.02436829      0.14227791      0.02434658 md_running
   693    346.50000000    216.88782470      0.35635144    536.88189658    300.00000000      0.99977907      0.08416019     -7.67601937      0.00317466     -7.67284471      0.13275456      0.02519785      0.13359223      0.02276722 md_running
   694    347.00000000    217.12192488      0.36904148    536.18220746    300.00000000      0.99977917      0.08405051     -7.67618445      0.00340479     -7.67277966      0.12322298      0.02609517      0.12470806      0.02113257 md_running
   695    347.50000000    217.35489976      0.38248800    534.05258767    300.00000000      0.99977984      0.08371667     -7.67614556      0.00365743     -7.67248813      0.11646377      0.02704599      0.11867306      0.01997337 md_running
   696    348.00000000    217.59300746      0.39649842    529.98138910    300.00000000      0.99978144      0.08307848     -7.67581783      0.00393027     -7.67188755      0.11566580      0.02803667      0.11853248      0.01983652 md_running
   697    348.50000000    217.81636351      0.41089440    523.86565158    300.00000000      0.99978417      0.08211980     -7.67518139      0.00422086     -7.67096053      0.12217997      0.02905462      0.12548208      0.02095369 md_running
   698    349.00000000    218.04022207      0.42551493    516.09165560    300.00000000      0.99978803      0.08090117     -7.67429460      0.00452657     -7.66976803      0.13437564      0.03008845      0.13787617      0.02304523 md_running
   699    349.50000000    218.25890487      0.44021799    507.46760771    300.00000000      0.99979274      0.07954928     -7.67328347      0.00484480     -7.66843867      0.14882230      0.03112811      0.15238253      0.02552281 md_running
   700    350.00000000    218.49270055      0.45488077    499.02172698    300.00000000      0.99979782      0.07822533     -7.67230932      0.00517291     -7.66713641      0.16201943      0.03216493      0.16560066      0.02778610 md_running
   701    350.50000000    218.72928583      0.46939864    491.72772983    300.00000000      0.99980265      0.07708194     -7.67152512      0.00550838     -7.66601675      0.17129092      0.03319150      0.17492098      0.02937615 md_running
   702    351.00000000    218.96440702      0.48368269    486.24758673    300.00000000      0.99980666      0.07622289     -7.67103390      0.00584872     -7.66518517      0.17499640      0.03420153      0.17874852      0.03001163 md_running
   703    351.50000000    219.20305775      0.49765623    482.77548029    300.00000000      0.99980949      0.07567861     -7.67086429      0.00619154     -7.66467275      0.17252906      0.03518961      0.17651996      0.02958849 md_running
   704    352.00000000    219.42581555      0.51125028    481.01957562    300.00000000      0.99981111      0.07540336     -7.67096719      0.00653442     -7.66443277      0.16424943      0.03615085      0.16864768      0.02816855 md_running
   705    352.50000000    219.65509578      0.52439894    480.31402282    300.00000000      0.99981181      0.07529276     -7.67123402      0.00687486     -7.66435916      0.15138412      0.03708060      0.15642318      0.02596216 md_running
   706    353.00000000    219.88280718      0.53703518    479.81231100    300.00000000      0.99981209      0.07521411     -7.67152697      0.00721017     -7.66431680      0.13592397      0.03797412      0.14190729      0.02331077 md_running
   707    353.50000000    220.10903460      0.54908756    478.70063594    300.00000000      0.99981253      0.07503985     -7.67171400      0.00753743     -7.66417657      0.12050356      0.03882635      0.12776775      0.02066619 md_running
   708    354.00000000    220.33841994      0.56047844    476.37265562    300.00000000      0.99981360      0.07467492     -7.67169573      0.00785340     -7.66384232      0.10815926      0.03963181      0.11693963      0.01854916 md_running
   709    354.50000000    220.57901508      0.57112330    472.52794218    300.00000000      0.99981562      0.07407223     -7.67142082      0.00815455     -7.66326628      0.10163038      0.04038452      0.11184058      0.01742947 md_running
   710    355.00000000    220.80663132      0.58093147    467.18879535    300.00000000      0.99981873      0.07323528     -7.67088974      0.00843703     -7.66245271      0.10202092      0.04107806      0.11320988      0.01749644 md_running
   711    355.50000000    221.04049388      0.58980752    460.64838706    300.00000000      0.99982287      0.07221002     -7.67014483      0.00869682     -7.66144801      0.10807383      0.04170569      0.11972924      0.01853451 md_running
   712    356.00000000    221.27173103      0.59765341    453.37717375    300.00000000      0.99982782      0.07107021     -7.66925669      0.00892974     -7.66032695      0.11721774      0.04226048      0.12904021      0.02010268 md_running
   713    356.50000000    221.49968141      0.60437099    445.91776962    300.00000000      0.99983326      0.06990089     -7.66830718      0.00913161     -7.65917557      0.12707385      0.04273548      0.13897549      0.02179299 md_running
   714    357.00000000    221.73295592      0.60986475    438.79697634    300.00000000      0.99983883      0.06878466     -7.66737528      0.00929838     -7.65807690      0.13604850      0.04312395      0.14804684      0.02333213 md_running
   715    357.50000000    221.96001832      0.61404472    432.47143443    300.00000000      0.99984412      0.06779308     -7.66652918      0.00942627     -7.65710291      0.14325467      0.04341952      0.15539772      0.02456797 md_running
   716    358.00000000    222.19376359      0.61682922    427.30964214    300.00000000      0.99984877      0.06698393     -7.66582311      0.00951196     -7.65631115      0.14829748      0.04361641      0.16062581      0.02543281 md_running
   717    358.50000000    222.42966688      0.61814766    423.60209905    300.00000000      0.99985244      0.06640275     -7.66530002      0.00955266     -7.65574735      0.15108338      0.04370964      0.16361405      0.02591059 md_running
   718    359.00000000    222.66262367      0.61794308    421.57749939    300.00000000      0.99985487      0.06608538     -7.66499383      0.00954634     -7.65544749      0.15170176      0.04369517      0.16442280      0.02601664 md_running
   719    359.50000000    222.89856009      0.61617456    421.40175192    300.00000000      0.99985581      0.06605783     -7.66493010      0.00949178     -7.65543832      0.15033739      0.04357012      0.16320563      0.02578265 md_running
   720    360.00000000    223.13273976      0.61281928    423.14871133    300.00000000      0.99985515      0.06633167     -7.66512061      0.00938869     -7.65573192      0.14725658      0.04333287      0.16019681      0.02525429 md_running
   721    360.50000000    223.36341072      0.60787389    426.74931696    300.00000000      0.99985289      0.06689610     -7.66555628      0.00923777     -7.65631851      0.14283560      0.04298317      0.15573513      0.02449610 md_running
   722    361.00000000    223.59257152      0.60135531    431.94784491    300.00000000      0.99984922      0.06771100     -7.66619894      0.00904071     -7.65715823      0.13762874      0.04252224      0.15032567      0.02360313 md_running
   723    361.50000000    223.82478630      0.59330065    438.30370881    300.00000000      0.99984451      0.06870733     -7.66698180      0.00880014     -7.65818166      0.13239642      0.04195269      0.14466469      0.02270580 md_running
   724    362.00000000    224.05573059      0.58376626    445.25603491    300.00000000      0.99983923      0.06979716     -7.66781934      0.00851958     -7.65929976      0.12805746      0.04127851      0.13960075      0.02196167 md_running
   725    362.50000000    224.28289280      0.57282617    452.23767888    300.00000000      0.99983389      0.07089158     -7.66862549      0.00820325     -7.66042224      0.12551342      0.04050493      0.13599180      0.02152537 md_running
   726    363.00000000    224.51216512      0.56056973    458.79981498    300.00000000      0.99982888      0.07192025     -7.66933402      0.00785596     -7.66147806      0.12538101      0.03963827      0.13447961      0.02150267 md_running
   727    363.50000000    224.74347989      0.54709880    464.70489198    300.00000000      0.99982442      0.07284591     -7.66991228      0.00748293     -7.66242935      0.12776643      0.03868573      0.13527529      0.02191176 md_running
   728    364.00000000    224.97633863      0.53252502    469.96603605    300.00000000      0.99982057      0.07367063     -7.67036763      0.00708957     -7.66327805      0.13222588      0.03765521      0.13808819      0.02267655 md_running
   729    364.50000000    225.20402287      0.51696707    474.82445303    300.00000000      0.99981718      0.07443223     -7.67074443      0.00668137     -7.66406306      0.13790099      0.03655509      0.14219963      0.02364983 md_running
   730    365.00000000    225.43386408      0.50054795    479.67462646    300.00000000      0.99981400      0.07519253     -7.67111068      0.00626371     -7.66484698      0.14375329      0.03539408      0.14665603      0.02465349 md_running
   731    365.50000000    225.66399232      0.48339236    484.95804354    300.00000000      0.99981076      0.07602074     -7.67154210      0.00584170     -7.66570039      0.14876076      0.03418100      0.15046162      0.02551226 md_running
   732    366.00000000    225.89019341      0.46562446    491.04365398    300.00000000      0.99980717      0.07697471     -7.67210221      0.00542015     -7.66668206      0.15205693      0.03292462      0.15273755      0.02607755 md_running
   733    366.50000000    226.11762422      0.44736581    498.12235158    300.00000000      0.99980309      0.07808434     -7.67282641      0.00500340     -7.66782301      0.15303985      0.03163354      0.15284920      0.02624612 md_running
   734    367.00000000    226.34797459      0.42873385    506.14042951    300.00000000      0.99979851      0.07934124     -7.67371045      0.00459532     -7.66911513      0.15146102      0.03031606      0.15051012      0.02597535 md_running
   735    367.50000000    226.57219291      0.40984078    514.78507965    300.00000000      0.99979359      0.08069635     -7.67470822      0.00419924     -7.67050898      0.14748709      0.02898012      0.14585348      0.02529383 md_running
   736    368.00000000    226.80211816      0.39079266    523.53467671    300.00000000      0.99978861      0.08206791     -7.67573978      0.00381797     -7.67192181      0.14178069      0.02763321      0.13952164      0.02431519 md_running
   737    368.50000000    227.02885806      0.37168873    531.76872292    300.00000000      0.99978390      0.08335866     -7.67670853      0.00345381     -7.67325472      0.13553772      0.02628236      0.13271527      0.02324453 md_running
   738    369.00000000    227.25618376      0.35262052    538.90934893    300.00000000      0.99977977      0.08447801     -7.67752423      0.00310853     -7.67441570      0.13042622      0.02493404      0.12714339      0.02236791 md_running
   739    369.50000000    227.48802178      0.33367099    544.56487365    300.00000000      0.99977644      0.08536455     -7.67812521      0.00278341     -7.67534180      0.12820149      0.02359410      0.12463257      0.02198637 md_running
   740    370.00000000    227.71827548      0.31491362    548.62833086    300.00000000      0.99977399      0.08600153     -7.67849522      0.00247926     -7.67601595      0.12997880      0.02226776      0.12635193      0.02229118 md_running
   741    370.50000000    227.94738859      0.29641179    551.29916903    300.00000000      0.99977234      0.08642020     -7.67866601      0.00219650     -7.67646951      0.13559268      0.02095948      0.13211895      0.02325395 md_running
   742    371.00000000    228.17944541      0.27821818    553.02505167    300.00000000      0.99977130      0.08669075     -7.67870921      0.00193513     -7.67677408      0.14360165      0.01967300      0.14041019      0.02462748 md_running
   743    371.50000000    228.40744390      0.26037480    554.37110839    300.00000000      0.99977060      0.08690175     -7.67871449      0.00169488     -7.67701961      0.15191152      0.01841128      0.14904408      0.02605261 md_running
   744    372.00000000    228.63407240      0.24291358    555.85566038    300.00000000      0.99976996      0.08713447     -7.67876416      0.00147518     -7.67728899      0.15841701      0.01717658      0.15585695      0.02716829 md_running
   745    372.50000000    228.83611854      0.22585793    557.80425876    300.00000000      0.99976914      0.08743992     -7.67890953      0.00127530     -7.67763424      0.16144665      0.01597057      0.15915016      0.02768787 md_running
   746    373.00000000    229.05746375      0.20922502    560.26113714    300.00000000      0.99976807      0.08782506     -7.67915685      0.00109438     -7.67806248      0.16002543      0.01479444      0.15793991      0.02744413 md_running
   747    373.50000000    229.28406305      0.19302872    562.98252969    300.00000000      0.99976681      0.08825165     -7.67946616      0.00093150     -7.67853466      0.15400783      0.01364919      0.15208295      0.02641213 md_running
   748    374.00000000    229.50929236      0.17728248    565.51168931    300.00000000      0.99976552      0.08864812     -7.67976386      0.00078573     -7.67897814      0.14412974      0.01253576      0.14232359      0.02471805 md_running
   749    374.50000000    229.73834962      0.16200226    567.30021651    300.00000000      0.99976446      0.08892848     -7.67996128      0.00065612     -7.67930517      0.13200637      0.01145529      0.13029045      0.02263891 md_running
   750    375.00000000    229.96508639      0.14721000    567.84541253    300.00000000      0.99976388      0.08901395     -7.67997764      0.00054177     -7.67943587      0.12005244      0.01040932      0.11842140      0.02058882 md_running
   751    375.50000000    230.18990250      0.13293804    566.80725250    300.00000000      0.99976398      0.08885121     -7.67975759      0.00044181     -7.67931577      0.11109958      0.00940014      0.10958153      0.01905342 md_running
   752    376.00000000    230.39754969      0.11923482    564.08780362    300.00000000      0.99976486      0.08842491     -7.67928442      0.00035542     -7.67892900      0.10747478      0.00843117      0.10612304      0.01843177 md_running
   753    376.50000000    230.63001203      0.10617296    559.84011590    300.00000000      0.99976653      0.08775906     -7.67858232      0.00028182     -7.67830050      0.10972790      0.00750756      0.10858264      0.01881818 md_running
   754    377.00000000    230.85809450      0.09386042    554.39463232    300.00000000      0.99976889      0.08690544     -7.67770269      0.00022024     -7.67748245      0.11633811      0.00663693      0.11539732      0.01995182 md_running
   755    377.50000000    231.08095435      0.08245497    548.16286957    300.00000000      0.99977178      0.08592856     -7.67671058      0.00016997     -7.67654061      0.12482777      0.00583045      0.12405988      0.02140779 md_running
   756    378.00000000    231.30684419      0.07218115    541.53947533    300.00000000      0.99977502      0.08489030     -7.67566769      0.00013025     -7.67553744      0.13301391      0.00510398      0.13238406      0.02281170 md_running
   757    378.50000000    231.53810382      0.06334296    534.82871806    300.00000000      0.99977845      0.08383834     -7.67462102      0.00010031     -7.67452072      0.13950613      0.00447902      0.13899093      0.02392510 md_running
   758    379.00000000    231.77546003      0.05631235    528.22281328    300.00000000      0.99978195      0.08280281     -7.67359972      0.00007928     -7.67352044      0.14370853      0.00398188      0.14329972      0.02464581 md_running
   759    379.50000000    231.99205884      0.05145509    521.82736204    300.00000000      0.99978545      0.08180028     -7.67261875      0.00006619     -7.67255256      0.14561323      0.00363842      0.14531662      0.02497246 md_running
   760    380.00000000    232.22308935      0.04896832    515.71907304    300.00000000      0.99978890      0.08084276     -7.67168841      0.00005995     -7.67162846      0.14560275      0.00346258      0.14543508      0.02497067 md_running
   761    380.50000000    232.45492003      0.04870560    509.99333780    300.00000000      0.99979224      0.07994521     -7.67082234      0.00005931     -7.67076304      0.14426234      0.00344401      0.14424677      0.02474079 md_running
   762    381.00000000    232.68563338      0.05016013    504.76693313    300.00000000      0.99979541      0.07912593     -7.67003816      0.00006290     -7.66997526      0.14222280      0.00354686      0.14238285      0.02439101 md_running
   763    381.50000000    232.91607545      0.05264428    500.13923283    300.00000000      0.99979831      0.07840051     -7.66935053      0.00006929     -7.66928124      0.14005563      0.00372251      0.14040800      0.02401934 md_running
   764    382.00000000    233.13599238      0.05549667    496.13560703    300.00000000      0.99980089      0.07777291     -7.66876247      0.00007700     -7.66868547      0.13823540      0.00392421      0.13878271      0.02370718 md_running
   765    382.50000000    233.34995576      0.05818751    492.66572702    300.00000000      0.99980315      0.07722898     -7.66825873      0.00008464     -7.66817409      0.13713596      0.00411448      0.13786113      0.02351862 md_running
   766    383.00000000    233.57518061      0.06033547    489.52220620    300.00000000      0.99980516      0.07673621     -7.66780504      0.00009101     -7.66771403      0.13702869      0.00426636      0.13789249      0.02350023 md_running
   767    383.50000000    233.81001655      0.06169148    486.44454154    300.00000000      0.99980707      0.07625376     -7.66735831      0.00009515     -7.66726316      0.13805558      0.00436225      0.13899876      0.02367634 md_running
   768    384.00000000    234.03871852      0.06212259    483.23031212    300.00000000      0.99980905      0.07574991     -7.66688512      0.00009648     -7.66678863      0.14019486      0.00439273      0.14114472      0.02404322 md_running
   769    384.50000000    234.27220112      0.06160779    479.82226498    300.00000000      0.99981118      0.07521567     -7.66637697      0.00009489     -7.66628208      0.14322550      0.00435633      0.14410511      0.02456297 md_running
   770    385.00000000    234.50806012      0.06024977    476.34496783    300.00000000      0.99981344      0.07467058     -7.66585220      0.00009075     -7.66576144      0.14675902      0.00426030      0.14749550      0.02516896 md_running
   771    385.50000000    234.74154245      0.05830495    473.12208259    300.00000000      0.99981571      0.07416537     -7.66536418      0.00008499     -7.66527919      0.15030351      0.00412278      0.15083322      0.02577684 md_running
   772    386.00000000    234.97513447      0.05623089    470.60362793    300.00000000      0.99981769      0.07377058     -7.66498560      0.00007905     -7.66490655      0.15329593      0.00397612      0.15356652      0.02629004 md_running
   773    386.50000000    235.20389620      0.05473235    469.26438536    300.00000000      0.99981905      0.07356065     -7.66479386      0.00007489     -7.66471897      0.15518417      0.00387016      0.15515376      0.02661387 md_running
   774    387.00000000    235.43561681      0.05474176    469.52099092    300.00000000      0.99981947      0.07360087     -7.66485810      0.00007492     -7.66478318      0.15547487      0.00387083      0.15511016      0.02666372 md_running
   775    387.50000000    235.67181855      0.05723103    471.60837207    300.00000000      0.99981869      0.07392808     -7.66521931      0.00008188     -7.66513742      0.15379054      0.00404684      0.15306494      0.02637486 md_running
   776    388.00000000    235.90213803      0.06286621    475.48114797    300.00000000      0.99981666      0.07453517     -7.66587425      0.00009880     -7.66577544      0.14992717      0.00444531      0.14882017      0.02571230 md_running
   777    388.50000000    236.13709787      0.07177756    480.78420085    300.00000000      0.99981356      0.07536646     -7.66676974      0.00012880     -7.66664094      0.14393096      0.00507544      0.14243033      0.02468396 md_running
   778    389.00000000    236.36830306      0.08365878    486.90099015    300.00000000      0.99980977      0.07632531     -7.66781156      0.00017497     -7.66763659      0.13616880      0.00591557      0.13427801      0.02335276 md_running
   779    389.50000000    236.60306731      0.09802362    493.06028427    300.00000000      0.99980579      0.07729083     -7.66888043      0.00024022     -7.66864021      0.12740614      0.00693132      0.12516104      0.02184997 md_running
   780    390.00000000    236.83596498      0.11438216    498.48396173    300.00000000      0.99980213      0.07814103     -7.66985502      0.00032708     -7.66952793      0.11887880      0.00808804      0.11637680      0.02038755 md_running
   781    390.50000000    237.06751462      0.13230067    502.55066935    300.00000000      0.99979921      0.07877852     -7.67063831      0.00043759     -7.67020073      0.11222487      0.00935507      0.10966026      0.01924641 md_running
   782    391.00000000    237.29864068      0.15140309    504.92765709    300.00000000      0.99979728      0.07915113     -7.67117862      0.00057307     -7.67060555      0.10913702      0.01070581      0.10680578      0.01871684 md_running
   783    391.50000000    237.53288124      0.17135748    505.63008651    300.00000000      0.99979639      0.07926124     -7.67147906      0.00073408     -7.67074498      0.11067725      0.01211680      0.10890082      0.01898099 md_running
   784    392.00000000    237.76396221      0.19186436    504.98752444    300.00000000      0.99979642      0.07916051     -7.67159178      0.00092030     -7.67067148      0.11661258      0.01356686      0.11561670      0.01999889 md_running
   785    392.50000000    237.98979871      0.21265016    503.53247946    300.00000000      0.99979710      0.07893242     -7.67160009      0.00113050     -7.67046959      0.12550032      0.01503664      0.12536362      0.02152313 md_running
   786    393.00000000    238.22533837      0.23346595    501.85332212    300.00000000      0.99979808      0.07866920     -7.67159591      0.00136266     -7.67023325      0.13535499      0.01650854      0.13605115      0.02321319 md_running
   787    393.50000000    238.45866157      0.25408931    500.45490965    300.00000000      0.99979905      0.07844999     -7.67165649      0.00161403     -7.67004246      0.14424615      0.01796683      0.14570508      0.02473801 md_running
   788    394.00000000    238.68736156      0.27432771    499.66501600    300.00000000      0.99979972      0.07832617     -7.67183037      0.00188139     -7.66994897      0.15058408      0.01939790      0.15272934      0.02582496 md_running
   789    394.50000000    238.91781058      0.29402200    499.59372074    300.00000000      0.99979998      0.07831499     -7.67213154      0.00216122     -7.66997032      0.15325135      0.02079049      0.15601570      0.02628239 md_running
   790    395.00000000    239.14875653      0.31304878    500.13783025    300.00000000      0.99979982      0.07840029     -7.67253979      0.00244999     -7.67008981      0.15167466      0.02213589      0.15500522      0.02601199 md_running
   791    395.50000000    239.37762686      0.33132098    501.01286073    300.00000000      0.99979935      0.07853745     -7.67300706      0.00274434     -7.67026272      0.14594482      0.02342793      0.14980028      0.02502933 md_running
   792    396.00000000    239.61118935      0.34878613    501.80714058    300.00000000      0.99979880      0.07866196     -7.67346475      0.00304129     -7.67042345      0.13692213      0.02466290      0.14125989      0.02348195 md_running
   793    396.50000000    239.83901668      0.36542274    502.06253574    300.00000000      0.99979844      0.07870200     -7.67383779      0.00333834     -7.67049945      0.12628384      0.02583929      0.13103143      0.02165750 md_running
   794    397.00000000    240.07021992      0.38123497    501.36502891    300.00000000      0.99979853      0.07859266     -7.67405819      0.00363350     -7.67042469      0.11645848      0.02695738      0.12146278      0.01997247 md_running
   795    397.50000000    240.30256049      0.39624625    499.42371740    300.00000000      0.99979930      0.07828834     -7.67407824      0.00392528     -7.67015296      0.11018399      0.02801884      0.11516787      0.01889640 md_running
   796    398.00000000    240.53613866      0.41049255    496.11770096    300.00000000      0.99980087      0.07777010     -7.67387734      0.00421260     -7.66966474      0.10942913      0.02902621      0.11404112      0.01876694 md_running
   797    398.50000000    240.77008819      0.42401585    491.51172004    300.00000000      0.99980330      0.07704808     -7.67346539      0.00449474     -7.66897065      0.11417763      0.02998245      0.11816275      0.01958130 md_running
   798    399.00000000    241.00160527      0.43685825    485.81821799    300.00000000      0.99980653      0.07615558     -7.67287568      0.00477113     -7.66810455      0.12250944      0.03089054      0.12581789      0.02101020 md_running
   799    399.50000000    241.23017724      0.44905688    479.32439286    300.00000000      0.99981044      0.07513763     -7.67215309      0.00504130     -7.66711179      0.13183795      0.03175312      0.13457750      0.02261002 md_running
   800    400.00000000    241.46006308      0.46063973    472.33454881    300.00000000      0.99981487      0.07404192     -7.67134539      0.00530472     -7.66604066      0.13998183      0.03257215      0.14232809      0.02400669 md_running
   801    400.50000000    241.68955982      0.47162215    465.13082605    300.00000000      0.99981967      0.07291268     -7.67049602      0.00556069     -7.66493533      0.14554640      0.03334872      0.14769082      0.02496100 md_running
   802    401.00000000    241.92218481      0.48200442    457.96338380    300.00000000      0.99982468      0.07178913     -7.66964283      0.00580821     -7.66383462      0.14789023      0.03408286      0.15002682      0.02536297 md_running
   803    401.50000000    242.15256992      0.49177038    451.06796309    300.00000000      0.99982973      0.07070822     -7.66882155      0.00604595     -7.66277559      0.14699483      0.03477342      0.14932434      0.02520941 md_running
   804    402.00000000    242.38716703      0.50088695    444.67701711    300.00000000      0.99983465      0.06970640     -7.66806701      0.00627219     -7.66179481      0.14330787      0.03541806      0.14604460      0.02457710 md_running
   805    402.50000000    242.62431296      0.50930477    438.99758341    300.00000000      0.99983925      0.06881610     -7.66741014      0.00648478     -7.66092536      0.13758065      0.03601329      0.14095535      0.02359489 md_running
   806    403.00000000    242.85448900      0.51695964    434.15124332    300.00000000      0.99984335      0.06805640     -7.66686855      0.00668118     -7.66018737      0.13074988      0.03655457      0.13500225      0.02242342 md_running
   807    403.50000000    243.08284780      0.52377492    430.09282229    300.00000000      0.99984686      0.06742022     -7.66643296      0.00685850     -7.65957446      0.12386546      0.03703648      0.12922046      0.02124275 md_running
   808    404.00000000    243.30871392      0.52966446    426.55828282    300.00000000      0.99984988      0.06686615     -7.66605869      0.00701361     -7.65904508      0.11803015      0.03745293      0.12465153      0.02024200 md_running
   809    404.50000000    243.53305647      0.53453575    423.09480116    300.00000000      0.99985268      0.06632322     -7.66567023      0.00714321     -7.65852701      0.11424754      0.03779739      0.12217908      0.01959329 md_running
   810    405.00000000    243.76307308      0.53829329    419.17462642    300.00000000      0.99985569      0.06570871     -7.66518011      0.00724399     -7.65793612      0.11318141      0.03806308      0.12231252      0.01941045 md_running
   811    405.50000000    243.99705645      0.54084166    414.35183138    300.00000000      0.99985936      0.06495270     -7.66451312      0.00731274     -7.65720038      0.11492458      0.03824328      0.12502036      0.01970940 md_running
   812    406.00000000    244.23222552      0.54208843    408.40183005    300.00000000      0.99986405      0.06401999     -7.66363096      0.00734650     -7.65628446      0.11896129      0.03833144      0.12974531      0.02040169 md_running
   813    406.50000000    244.45363038      0.54194677    401.39829231    300.00000000      0.99986991      0.06292214     -7.66254171      0.00734266     -7.65519905      0.12438188      0.03832142      0.13561363      0.02133132 md_running
   814    407.00000000    244.67345211      0.54033785    393.71454587    300.00000000      0.99987683      0.06171765     -7.66130293      0.00729912     -7.65400381      0.13016893      0.03820766      0.14167723      0.02232379 md_running
   815    407.50000000    244.91518407      0.53719304    385.94389533    300.00000000      0.99988442      0.06049955     -7.66000721      0.00721441     -7.65279281      0.13539776      0.03798528      0.14707543      0.02322052 md_running
   816    408.00000000    245.14897808      0.53245604    378.76758462    300.00000000      0.99989206      0.05937461     -7.65876196      0.00708774     -7.65167422      0.13934604      0.03765033      0.15113090      0.02389765 md_running
   817    408.50000000    245.38295673      0.52608491    372.81194132    300.00000000      0.99989902      0.05844102     -7.65766707      0.00691913     -7.65074794      0.14152584      0.03719982      0.15337862      0.02427148 md_running
   818    409.00000000    245.60983932      0.51805414    368.51720462    300.00000000      0.99990461      0.05776778     -7.65679361      0.00670950     -7.65008411      0.14168911      0.03663196      0.15357301      0.02429948 md_running
   819    409.50000000    245.84650227      0.50835670    366.04339616    300.00000000      0.99990834      0.05738000     -7.65616895      0.00646066     -7.64970828      0.13984290      0.03594625      0.15170387      0.02398286 md_running
   820    410.00000000    246.07852173      0.49700634    365.23761531    300.00000000      0.99991011      0.05725368     -7.65577194      0.00617538     -7.64959656      0.13626202      0.03514366      0.14800849      0.02336874 md_running
   821    410.50000000    246.31334642      0.48403962    365.67043094    300.00000000      0.99991020      0.05732153     -7.65553826      0.00585736     -7.64968090      0.13153346      0.03422677      0.14301233      0.02255780 md_running
   822    411.00000000    246.54704203      0.46951760    366.73816544    300.00000000      0.99990922      0.05748891     -7.65537624      0.00551117     -7.64986507      0.12655699      0.03319991      0.13752873      0.02170434 md_running
   823    411.50000000    246.77896050      0.45352688    367.81198980    300.00000000      0.99990790      0.05765724     -7.65519151      0.00514217     -7.65004935      0.12249413      0.03206919      0.13262185      0.02100757 md_running
   824    412.00000000    247.00789651      0.43617978    368.39677597    300.00000000      0.99990690      0.05774891     -7.65491076      0.00475632     -7.65015444      0.12055494      0.03084257      0.12943795      0.02067500 md_running
   825    412.50000000    247.23843001      0.41761358    368.25737566    300.00000000      0.99990663      0.05772705     -7.65450294      0.00436003     -7.65014291      0.12162351      0.02952974      0.12889673      0.02085826 md_running
   826    413.00000000    247.47219097      0.39798869    367.46799059    300.00000000      0.99990718      0.05760331     -7.65398658      0.00395987     -7.65002671      0.12587317      0.02814205      0.13133543      0.02158707 md_running
   827    413.50000000    247.70468301      0.37748561    366.36566891    300.00000000      0.99990832      0.05743051     -7.65342232      0.00356238     -7.64985993      0.13266320      0.02669226      0.13633500      0.02275155 md_running
   828    414.00000000    247.93666752      0.35630092    365.42214842    300.00000000      0.99990956      0.05728261     -7.65289185      0.00317376     -7.64971809      0.14080394      0.02519428      0.14288001      0.02414768 md_running
   829    414.50000000    248.16405673      0.33464254    365.08651339    300.00000000      0.99991035      0.05723000     -7.65247250      0.00279964     -7.64967286      0.14893387      0.02366280      0.14969101      0.02554195 md_running
   830    415.00000000    248.38762090      0.31272449    365.65954480    300.00000000      0.99991026      0.05731982     -7.65221720      0.00244492     -7.64977228      0.15577009      0.02211296      0.15549128      0.02671435 md_running
   831    415.50000000    248.61786021      0.29076195    367.23581730    300.00000000      0.99990905      0.05756692     -7.65214446      0.00211356     -7.65003090      0.16024289      0.02055997      0.15917875      0.02748143 md_running
   832    416.00000000    248.84956489      0.26896733    369.70963186    300.00000000      0.99990676      0.05795471     -7.65224075      0.00180859     -7.65043216      0.16158685      0.01901886      0.15994259      0.02771192 md_running
   833    416.50000000    249.08287174      0.24754822    372.81751198    300.00000000      0.99990364      0.05844189     -7.65246614      0.00153200     -7.65093413      0.15944795      0.01750430      0.15738433      0.02734510 md_running
   834    417.00000000    249.31877639      0.22670832    376.19947358    300.00000000      0.99990007      0.05897204     -7.65276482      0.00128492     -7.65147991      0.15399715      0.01603070      0.15163995      0.02641029 md_running
   835    417.50000000    249.55228760      0.20665213    379.46654591    300.00000000      0.99989647      0.05948417     -7.65307546      0.00106763     -7.65200783      0.14603588      0.01461251      0.14348782      0.02504495 md_running
   836    418.00000000    249.78676756      0.18759508    382.26829473    300.00000000      0.99989326      0.05992337     -7.65334203      0.00087980     -7.65246224      0.13704025      0.01326497      0.13439727      0.02350221 md_running
   837    418.50000000    250.02154841      0.16978031    384.35559017    300.00000000      0.99989072      0.06025057     -7.65352413      0.00072063     -7.65280350      0.12904935      0.01200528      0.12641765      0.02213178 md_running
   838    419.00000000    250.25511144      0.15350237    385.62890676    300.00000000      0.99988902      0.06045017     -7.65360483      0.00058907     -7.65301576      0.12421128      0.01085426      0.12171046      0.02130206 md_running
   839    419.50000000    250.48886405      0.13913538    386.15769615    300.00000000      0.99988814      0.06053306     -7.65359372      0.00048397     -7.65310976      0.12394351      0.00983836      0.12167705      0.02125614 md_running
   840    420.00000000    250.70852473      0.12715594    386.15892820    300.00000000      0.99988793      0.06053325     -7.65352433      0.00040422     -7.65312011      0.12812910      0.00899128      0.12613796      0.02197396 md_running
   841    420.50000000    250.94304527      0.11813644    385.93642681    300.00000000      0.99988811      0.06049838     -7.65344433      0.00034891     -7.65309543      0.13518693      0.00835351      0.13343899      0.02318437 md_running
   842    421.00000000    251.17367530      0.11267082    385.80142760    300.00000000      0.99988835      0.06047721     -7.65340235      0.00031737     -7.65308499      0.14290933      0.00796703      0.14133086      0.02450875 md_running
   843    421.50000000    251.40121611      0.11121358    385.99556937    300.00000000      0.99988836      0.06050765     -7.65343671      0.00030921     -7.65312750      0.14928622      0.00786399      0.14779870      0.02560238 md_running
   844    422.00000000    251.62790644      0.11389409    386.64225079    300.00000000      0.99988795      0.06060902     -7.65356671      0.00032430     -7.65324242      0.15292805      0.00805353      0.15146869      0.02622694 md_running
   845    422.50000000    251.86101727      0.12044334    387.74340136    300.00000000      0.99988707      0.06078163     -7.65379243      0.00036266     -7.65342976      0.15316825      0.00851663      0.15169941      0.02626814 md_running
   846    423.00000000    252.08941408      0.13029722    389.21642419    300.00000000      0.99988576      0.06101254     -7.65410022      0.00042443     -7.65367579      0.15002050      0.00921340      0.14853446      0.02572830 md_running
   847    423.50000000    252.31793283      0.14278241    390.94250673    300.00000000      0.99988416      0.06128312     -7.65447164      0.00050967     -7.65396197      0.14406987      0.01009624      0.14259553      0.02470778 md_running
   848    424.00000000    252.53991564      0.15725851    392.79567986    300.00000000      0.99988238      0.06157361     -7.65488663      0.00061826     -7.65426838      0.13636324      0.01111986      0.13497316      0.02338610 md_running
   849    424.50000000    252.76212726      0.17317863    394.63929845    300.00000000      0.99988055      0.06186261     -7.65532369      0.00074977     -7.65457392      0.12829521      0.01224558      0.12711152      0.02200245 md_running
   850    425.00000000    252.99280609      0.19009530    396.29993670    300.00000000      0.99987883      0.06212293     -7.65575500      0.00090341     -7.65485159      0.12145019      0.01344177      0.12063990      0.02082854 md_running
   851    425.50000000    253.22002796      0.20764485    397.55317484    300.00000000      0.99987740      0.06231939     -7.65614390      0.00107791     -7.65506599      0.11733210      0.01468271      0.11707703      0.02012229 md_running
   852    426.00000000    253.44501863      0.22552897    398.15240169    300.00000000      0.99987647      0.06241332     -7.65644906      0.00127158     -7.65517748      0.11692830      0.01594731      0.11736867      0.02005304 md_running
   853    426.50000000    253.65667683      0.24349971    397.90303266    300.00000000      0.99987628      0.06237423     -7.65663680      0.00148230     -7.65515450      0.12030395      0.01721803      0.12149217      0.02063196 md_running
   854    427.00000000    253.88381056      0.26134901    396.75284057    300.00000000      0.99987695      0.06219393     -7.65669564      0.00170758     -7.65498806      0.12659645      0.01848017      0.12850254      0.02171111 md_running
   855    427.50000000    254.11828653      0.27890141    394.85914082    300.00000000      0.99987845      0.06189708     -7.65664719      0.00194465     -7.65470254      0.13443280      0.01972131      0.13698654      0.02305504 md_running
   856    428.00000000    254.34654147      0.29600935    392.60208076    300.00000000      0.99988053      0.06154327     -7.65654844      0.00219054     -7.65435790      0.14240851      0.02093102      0.14553758      0.02442286 md_running
   857    428.50000000    254.57056019      0.31254998    390.53445954    300.00000000      0.99988274      0.06121915     -7.65648412      0.00244219     -7.65404194      0.14937037      0.02210062      0.15301695      0.02561681 md_running
   858    429.00000000    254.80405681      0.32842327    389.28308840    300.00000000      0.99988448      0.06102299     -7.65655069      0.00269655     -7.65385414      0.15451882      0.02322303      0.15864181      0.02649976 md_running
   859    429.50000000    255.03333014      0.34355085    389.42771796    300.00000000      0.99988512      0.06104566     -7.65683758      0.00295068     -7.65388690      0.15739750      0.02429271      0.16196668      0.02699345 md_running
   860    430.00000000    255.26153637      0.35787554    391.38448622    300.00000000      0.99988414      0.06135240     -7.65740806      0.00320187     -7.65420619      0.15785608      0.02530562      0.16284382      0.02707209 md_running
   861    430.50000000    255.48822004      0.37136135    395.31712697    300.00000000      0.99988127      0.06196887     -7.65828656      0.00344773     -7.65483883      0.15601414      0.02625921      0.16138577      0.02675620 md_running
   862    431.00000000    255.70823362      0.38399374    401.09217562    300.00000000      0.99987656      0.06287415     -7.65945005      0.00368628     -7.65576377      0.15224200      0.02715246      0.15794395      0.02610929 md_running
   863    431.50000000    255.94513107      0.39577981    408.29228891    300.00000000      0.99987043      0.06400282     -7.66083148      0.00391604     -7.65691544      0.14713729      0.02798586      0.15308244      0.02523384 md_running
   864    432.00000000    256.17468249      0.40674817    416.28701625    300.00000000      0.99986349      0.06525605     -7.66232991      0.00413610     -7.65819381      0.14150948      0.02876144      0.14755981      0.02426868 md_running
   865    432.50000000    256.40578250      0.41694832    424.35529225    300.00000000      0.99985643      0.06652082     -7.66383059      0.00434615     -7.65948445      0.13634424      0.02948270      0.14229626      0.02338284 md_running
   866    433.00000000    256.63681881      0.42644926    431.84006766    300.00000000      0.99984986      0.06769411     -7.66522930      0.00454647     -7.66068283      0.13267203      0.03015452      0.13825915      0.02275306 md_running
   867    433.50000000    256.86658613      0.43533686    438.29488799    300.00000000      0.99984421      0.06870595     -7.66645564      0.00473795     -7.66171769      0.13135696      0.03078296      0.13628342      0.02252753 md_running
   868    434.00000000    257.10012647      0.44371004    443.58361672    300.00000000      0.99983964      0.06953500     -7.66748931      0.00492197     -7.66256734      0.13281854      0.03137504      0.13682591      0.02277819 md_running
   869    434.50000000    257.33031366      0.45167563    447.89742253    300.00000000      0.99983603      0.07021122     -7.66836257      0.00510027     -7.66326229      0.13684591      0.03193829      0.13977870      0.02346888 md_running
   870    435.00000000    257.55928808      0.45934217    451.67780273    300.00000000      0.99983307      0.07080382     -7.66914822      0.00527488     -7.66387334      0.14268906      0.03248040      0.14452016      0.02447097 md_running
   871    435.50000000    257.79433958      0.46681295    455.47086934    300.00000000      0.99983037      0.07139841     -7.66993522      0.00544786     -7.66448736      0.14930755      0.03300866      0.15011839      0.02560603 md_running
   872    436.00000000    258.01443426      0.47417872    459.77083998    300.00000000      0.99982750      0.07207246     -7.67080419      0.00562114     -7.66518306      0.15561893      0.03352950      0.15555972      0.02668843 md_running
   873    436.50000000    258.24214982      0.48151112    464.90742280    300.00000000      0.99982419      0.07287766     -7.67180922      0.00579632     -7.66601289      0.16064142      0.03404798      0.15989777      0.02754978 md_running
   874    437.00000000    258.46707499      0.48885731    470.99309720    300.00000000      0.99982030      0.07383163     -7.67296907      0.00597454     -7.66699453      0.16352977      0.03456743      0.16230223      0.02804512 md_running
   875    437.50000000    258.68609637      0.49623664    477.93236340    300.00000000      0.99981588      0.07491942     -7.67426862      0.00615627     -7.66811235      0.16362894      0.03508923      0.16212304      0.02806213 md_running
   876    438.00000000    258.91532735      0.50363975    485.47170676    300.00000000      0.99981110      0.07610126     -7.67566781      0.00634132     -7.66932649      0.16055683      0.03561271      0.15898096      0.02753527 md_running
   877    438.50000000    259.14696639      0.51103019    493.25270032    300.00000000      0.99980618      0.07732099     -7.67710907      0.00652880     -7.67058028      0.15433075      0.03613529      0.15290053      0.02646751 md_running
   878    439.00000000    259.38185418      0.51834841    500.85875215    300.00000000      0.99980140      0.07851330     -7.67852517      0.00671713     -7.67180805      0.14550307      0.03665277      0.14444751      0.02495357 md_running
   879    439.50000000    259.61232862      0.52551773    507.86218261    300.00000000      0.99979699      0.07961113     -7.67984637      0.00690422     -7.67294214      0.13530733      0.03715972      0.13487025      0.02320501 md_running
   880    440.00000000    259.84077468      0.53245168    513.87646333    300.00000000      0.99979317      0.08055392     -7.68100865      0.00708762     -7.67392103      0.12572798      0.03765002      0.12614616      0.02156217 md_running
   881    440.50000000    260.06795543      0.53906164    518.61380783    300.00000000      0.99979009      0.08129653     -7.68196390      0.00726469     -7.67469921      0.11926904      0.03811741      0.12069684      0.02045447 md_running
   882    441.00000000    260.30485420      0.54526425    521.94498822    300.00000000      0.99978784      0.08181872     -7.68268810      0.00743283     -7.67525527      0.11811112      0.03855600      0.12050966      0.02025589 md_running
   883    441.50000000    260.54148806      0.55098777    523.93575858    300.00000000      0.99978640      0.08213079     -7.68318938      0.00758969     -7.67559969      0.12280769      0.03896072      0.12592535      0.02106135 md_running
   884    442.00000000    260.76993520      0.55617699    524.84365435    300.00000000      0.99978565      0.08227311     -7.68350623      0.00773332     -7.67577291      0.13180139      0.03932765      0.13531066      0.02260375 md_running
   885    442.50000000    261.00401414      0.56079626    525.07821794    300.00000000      0.99978538      0.08230987     -7.68370217      0.00786231     -7.67583986      0.14232520      0.03965428      0.14596417      0.02440857 md_running
   886    443.00000000    261.23635146      0.56483043    525.12754273    300.00000000      0.99978536      0.08231761     -7.68385386      0.00797584     -7.67587803      0.15159507      0.03993954      0.15520484      0.02599834 md_running
   887    443.50000000    261.46428352      0.56828378    525.46657006    300.00000000      0.99978530      0.08237075     -7.68403622      0.00807366     -7.67596256      0.15746561      0.04018373      0.16096751      0.02700513 md_running
   888    444.00000000    261.69303392      0.57117704    526.46536679    300.00000000      0.99978497      0.08252732     -7.68430870      0.00815608     -7.67615262      0.15861802      0.04038832      0.16198577      0.02720277 md_running
   889    444.50000000    261.90917323      0.57354264    528.30986783    300.00000000      0.99978421      0.08281646     -7.68470162      0.00822378     -7.67647784      0.15460428      0.04055559      0.15784384      0.02651441 md_running
   890    445.00000000    262.13542382      0.57541887    530.95635460    300.00000000      0.99978299      0.08323132     -7.68520930      0.00827767     -7.67693163      0.14582987      0.04068826      0.14896675      0.02500962 md_running
   891    445.50000000    262.35971262      0.57684383    534.12606213    300.00000000      0.99978141      0.08372819     -7.68578879      0.00831872     -7.67747007      0.13353073      0.04078902      0.13660270      0.02290033 md_running
   892    446.00000000    262.58603548      0.57784948    537.32835364    300.00000000      0.99977968      0.08423017     -7.68636337      0.00834775     -7.67801561      0.11974514      0.04086013      0.12278471      0.02053612 md_running
   893    446.50000000    262.81010422      0.57845724    539.92478930    300.00000000      0.99977811      0.08463718     -7.68683232      0.00836532     -7.67846700      0.10733293      0.04090310      0.11034245      0.01840745 md_running
   894    447.00000000    263.03450180      0.57867479    541.24050476    300.00000000      0.99977704      0.08484343     -7.68708842      0.00837161     -7.67871681      0.09962686      0.04091849      0.10254004      0.01708587 md_running
   895    447.50000000    263.25402951      0.57849472    540.70771796    300.00000000      0.99977679      0.08475991     -7.68704082      0.00836640     -7.67867442      0.09912994      0.04090575      0.10182652      0.01700064 md_running
   896    448.00000000    263.46990373      0.57789496    538.01145653    300.00000000      0.99977761      0.08433726     -7.68663788      0.00834906     -7.67828882      0.10576657      0.04086334      0.10817231      0.01813882 md_running
   897    448.50000000    263.68841913      0.57684089    533.19080748    300.00000000      0.99977958      0.08358158     -7.68588446      0.00831864     -7.67756582      0.11702287      0.04078881      0.11916798      0.02006926 md_running
   898    449.00000000    263.91761645      0.57528852    526.66075082    300.00000000      0.99978263      0.08255795     -7.68484464      0.00827392     -7.67657072      0.12982621      0.04067904      0.13179745      0.02226501 md_running
   899    449.50000000    264.14597173      0.57318846    519.15101758    300.00000000      0.99978651      0.08138074     -7.68363263      0.00821363     -7.67541901      0.14179503      0.04053054      0.14368197      0.02431765 md_running
   900    450.00000000    264.37024062      0.57049021    511.57800345    300.00000000      0.99979080      0.08019362     -7.68239254      0.00813648     -7.67425606      0.15141141      0.04033975      0.15328641      0.02596684 md_running
   901    450.50000000    264.59824775      0.56714638    504.88129783    300.00000000      0.99979498      0.07914386     -7.68127214      0.00804138     -7.67323077      0.15784811      0.04010331      0.15976670      0.02707073 md_running
   902    451.00000000    264.82577513      0.56311634    499.85816740    300.00000000      0.99979850      0.07835645     -7.68039723      0.00792750     -7.67246973      0.16079626      0.03981834      0.16279823      0.02757633 md_running
   903    451.50000000    265.05299529      0.55836939    497.03120987    300.00000000      0.99980089      0.07791330     -7.67985022      0.00779441     -7.67205581      0.16035578      0.03948268      0.16246900      0.02750079 md_running
   904    452.00000000    265.27977054      0.55288701    496.57694314    300.00000000      0.99980189      0.07784209     -7.67965933      0.00764210     -7.67201723      0.15694098      0.03909502      0.15918279      0.02691516 md_running
   905    452.50000000    265.50789123      0.54666408    498.31495991    300.00000000      0.99980146      0.07811454     -7.67979637      0.00747104     -7.67232533      0.15125268      0.03865499      0.15362794      0.02593962 md_running
   906    453.00000000    265.73508066      0.53970941    501.76669162    300.00000000      0.99979983      0.07865562     -7.68018651      0.00728216     -7.67290436      0.14422992      0.03816322      0.14672629      0.02473523 md_running
   907    453.50000000    265.95873092      0.53204547    506.28192252    300.00000000      0.99979738      0.07936342     -7.68072753      0.00707681     -7.67365072      0.13698139      0.03762130      0.13956372      0.02349212 md_running
   908    454.00000000    266.18597566      0.52370755    511.19674381    300.00000000      0.99979456      0.08013385     -7.68131601      0.00685674     -7.67445927      0.13070060      0.03703172      0.13330508      0.02241497 md_running
   909    454.50000000    266.41369219      0.51474234    515.98885363    300.00000000      0.99979174      0.08088505     -7.68187080      0.00662399     -7.67524681      0.12646594      0.03639778      0.12900177      0.02168873 md_running
   910    455.00000000    266.63796927      0.50520619    520.39472259    300.00000000      0.99978914      0.08157570     -7.68235222      0.00638083     -7.67597139      0.12494552      0.03572347      0.12731197      0.02142798 md_running
   911    455.50000000    266.86076003      0.49516304    524.45181744    300.00000000      0.99978682      0.08221168     -7.68276906      0.00612966     -7.67663940      0.12613934      0.03501331      0.12825384      0.02163272 md_running
   912    456.00000000    267.08995103      0.48468216    528.44879293    300.00000000      0.99978466      0.08283824     -7.68317034      0.00587292     -7.67729742      0.12938700      0.03427220      0.13120622      0.02218969 md_running
   913    456.50000000    267.32320208      0.47383582    532.79357363    300.00000000      0.99978246      0.08351931     -7.68362411      0.00561301     -7.67801110      0.13364292      0.03350525      0.13516297      0.02291957 md_running
   914    457.00000000    267.54625878      0.46269726    537.85035331    300.00000000      0.99978001      0.08431200     -7.68419116      0.00535222     -7.67883894      0.13780908      0.03271764      0.13905133      0.02363406 md_running
   915    457.50000000    267.77291002      0.45133906    543.81523958    300.00000000      0.99977717      0.08524704     -7.68490511      0.00509267     -7.67981244      0.14096449      0.03191449      0.14195831      0.02417521 md_running
   916    458.00000000    267.99845181      0.43983236    550.66146943    300.00000000      0.99977391      0.08632024     -7.68576326      0.00483631     -7.68092695      0.14242517      0.03110084      0.14319388      0.02442571 md_running
   917    458.50000000    268.22873485      0.42824729    558.16266040    300.00000000      0.99977034      0.08749610     -7.68673147      0.00458489     -7.68214658      0.14171826      0.03028166      0.14226896      0.02430448 md_running
   918    459.00000000    268.45922527      0.41665474    565.96529534    300.00000000      0.99976662      0.08871923     -7.68775532      0.00434003     -7.68341529      0.13858278      0.02946194      0.13889654      0.02376675 md_running
   919    459.50000000    268.68280863      0.40512965    573.66248568    300.00000000      0.99976296      0.08992582     -7.68877177      0.00410325     -7.68466852      0.13302672      0.02864699      0.13304685      0.02281390 md_running
   920    460.00000000    268.90496365      0.39375602    580.84808581    300.00000000      0.99975953      0.09105221     -7.68971874      0.00387610     -7.68584264      0.12543656      0.02784276      0.12505337      0.02151219 md_running
   921    460.50000000    269.13087399      0.38263344    587.14500419    300.00000000      0.99975651      0.09203930     -7.69053827      0.00366021     -7.68687806      0.11673631      0.02705627      0.11577203      0.02002011 md_running
   922    461.00000000    269.35186634      0.37188475    592.22915063    300.00000000      0.99975401      0.09283628     -7.69118093      0.00345746     -7.68772347      0.10854050      0.02629622      0.10674989      0.01861454 md_running
   923    461.50000000    269.57362788      0.36166432    595.85841114    300.00000000      0.99975213      0.09340519     -7.69161059      0.00327003     -7.68834056      0.10313888      0.02557353      0.10026759      0.01768817 md_running
   924    462.00000000    269.80317593      0.35216592    597.90176677    300.00000000      0.99975092      0.09372550     -7.69180843      0.00310052     -7.68870791      0.10291166      0.02490189      0.09884479      0.01764920 md_running
   925    462.50000000    270.02946371      0.34362856    598.36247939    300.00000000      0.99975040      0.09379772     -7.69177787      0.00295201     -7.68882585      0.10901711      0.02429821      0.10389126      0.01869628 md_running
   926    463.00000000    270.25495814      0.33633817    597.38761098    300.00000000      0.99975052      0.09364490     -7.69154528      0.00282808     -7.68871719      0.12052470      0.02378270      0.11462131      0.02066982 md_running
   927    463.50000000    270.47567961      0.33062244    595.26705558    300.00000000      0.99975120      0.09331249     -7.69116012      0.00273278     -7.68842734      0.13502532      0.02337854      0.12858616      0.02315665 md_running
   928    464.00000000    270.70088215      0.32683600    592.41544912    300.00000000      0.99975229      0.09286548     -7.69069209      0.00267054     -7.68802155      0.14978913      0.02311080      0.14295767      0.02568862 md_running
   929    464.50000000    270.92574018      0.32533363    589.33014555    300.00000000      0.99975359      0.09238184     -7.69022439      0.00264605     -7.68757834      0.16243899      0.02300456      0.15529060      0.02785806 md_running
   930    465.00000000    271.15399051      0.32643242    586.53172351    300.00000000      0.99975490      0.09194316     -7.68984396      0.00266395     -7.68718000      0.17113902      0.02308226      0.16372211      0.02935010 md_running
   931    465.50000000    271.37975611      0.33036805    584.48396615    300.00000000      0.99975599      0.09162216     -7.68962912      0.00272858     -7.68690054      0.17468327      0.02336055      0.16705300      0.02995793 md_running
   932    466.00000000    271.61052775      0.33725400    583.49919454    300.00000000      0.99975668      0.09146779     -7.68963338      0.00284351     -7.68678987      0.17256741      0.02384746      0.16481702      0.02959507 md_running
   933    466.50000000    271.84295163      0.34705424    583.65223175    300.00000000      0.99975685      0.09149178     -7.68987166      0.00301117     -7.68686049      0.16502489      0.02454044      0.15732181      0.02830154 md_running
   934    467.00000000    272.07623400      0.35957710    584.72130658    300.00000000      0.99975655      0.09165937     -7.69031016      0.00323239     -7.68707776      0.15303539      0.02542594      0.14567622      0.02624535 md_running
   935    467.50000000    272.30474696      0.37449086    586.18951526    300.00000000      0.99975595      0.09188952     -7.69086621      0.00350609     -7.68736012      0.13833928      0.02648050      0.13182541      0.02372499 md_running
   936    468.00000000    272.53203000      0.39135625    587.31439947    300.00000000      0.99975531      0.09206585     -7.69141872      0.00382899     -7.68758972      0.12338194      0.02767307      0.11850844      0.02115983 md_running
   937    468.50000000    272.75859777      0.40966619    587.27388155    300.00000000      0.99975501      0.09205950     -7.69183118      0.00419566     -7.68763552      0.11117352      0.02896777      0.10898613      0.01906610 md_running
   938    469.00000000    272.98511161      0.42888622    585.36184820    300.00000000      0.99975539      0.09175978     -7.69198339      0.00459858     -7.68738481      0.10450641      0.03032684      0.10591017      0.01792270 md_running
   939    469.50000000    273.20987496      0.44848928    581.16237698    300.00000000      0.99975671      0.09110148     -7.69179936      0.00502857     -7.68677080      0.10445290      0.03171298      0.10962624      0.01791352 md_running
   940    470.00000000    273.43997912      0.46798310    574.65733800    300.00000000      0.99975910      0.09008177     -7.69126564      0.00547520     -7.68579044      0.10951790      0.03309140      0.11789480      0.01878216 md_running
   941    470.50000000    273.66894242      0.48693043    566.22097411    300.00000000      0.99976254      0.08875930     -7.69043084      0.00592753     -7.68450331      0.11675192      0.03443118      0.12755239      0.02002279 md_running
   942    471.00000000    273.89903469      0.50496251    556.51144043    300.00000000      0.99976685      0.08723726     -7.68938878      0.00637468     -7.68301410      0.12341516      0.03570624      0.13599535      0.02116552 md_running
   943    471.50000000    274.13052019      0.52178676    546.30556403    300.00000000      0.99977174      0.08563742     -7.68825264      0.00680654     -7.68144611      0.12773510      0.03689590      0.14162999      0.02190639 md_running
   944    472.00000000    274.35939208      0.53718997    536.32061178    300.00000000      0.99977687      0.08407220     -7.68712765      0.00721433     -7.67991333      0.12895411      0.03798507      0.14380775      0.02211545 md_running
   945    472.50000000    274.59399171      0.55103725    527.06513419    300.00000000      0.99978192      0.08262134     -7.68608748      0.00759105     -7.67849643      0.12712876      0.03896422      0.14261497      0.02180240 md_running
   946    473.00000000    274.82686632      0.56326776    518.74357334    300.00000000      0.99978666      0.08131687     -7.68515959      0.00793176     -7.67722783      0.12297963      0.03982905      0.13872500      0.02109083 md_running
   947    473.50000000    275.04678735      0.57388788    511.24435102    300.00000000      0.99979104      0.08014131     -7.68432318      0.00823368     -7.67608950      0.11776033      0.04058000      0.13326346      0.02019573 md_running
   948    474.00000000    275.27294571      0.58296325    504.19966977    300.00000000      0.99979516      0.07903701     -7.68351880      0.00849615     -7.67502265      0.11307680      0.04122173      0.12765471      0.01939251 md_running
   949    474.50000000    275.49195693      0.59060964    497.09218438    300.00000000      0.99979927      0.07792286     -7.68266535      0.00872049     -7.67394485      0.11061517      0.04176241      0.12343286      0.01897034 md_running
   950    475.00000000    275.71907289      0.59698318    489.40540151    300.00000000      0.99980370      0.07671790     -7.68168341      0.00890972     -7.67277369      0.11165512      0.04221309      0.12190916      0.01914869 md_running
   951    475.50000000    275.95342597      0.60226979    480.78695445    300.00000000      0.99980878      0.07536689     -7.68052011      0.00906822     -7.67145189      0.11655522      0.04258691      0.12375347      0.01998906 md_running
   952    476.00000000    276.18951084      0.60667437    471.19325921    300.00000000      0.99981470      0.07386301     -7.67917332      0.00920134     -7.66997197      0.12462662      0.04289836      0.12873241      0.02137329 md_running
   953    476.50000000    276.42183129      0.61040992    460.96368631    300.00000000      0.99982146      0.07225945     -7.67770231      0.00931501     -7.66838730      0.13448770      0.04316250      0.13582761      0.02306445 md_running
   954    477.00000000    276.64932873      0.61368675    450.78256745    300.00000000      0.99982877      0.07066348     -7.67622188      0.00941529     -7.66680660      0.14456721      0.04339421      0.14363150      0.02479307 md_running
   955    477.50000000    276.87589615      0.61670196    441.53234394    300.00000000      0.99983606      0.06921344     -7.67487851      0.00950803     -7.66537047      0.15345311      0.04360741      0.15074652      0.02631699 md_running
   956    478.00000000    277.10593782      0.61962934    434.06750076    300.00000000      0.99984259      0.06804328     -7.67381401      0.00959851     -7.66421550      0.16006659      0.04381441      0.15604607      0.02745119 md_running
   957    478.50000000    277.33764959      0.62261040    428.98384951    300.00000000      0.99984764      0.06724638     -7.67312828      0.00969109     -7.66343719      0.16371104      0.04402520      0.15878340      0.02807621 md_running
   958    479.00000000    277.56497820      0.62574675    426.46315735    300.00000000      0.99985072      0.06685124     -7.67285356      0.00978897     -7.66306458      0.16407270      0.04424698      0.15861549      0.02813824 md_running
   959    479.50000000    277.78723213      0.62909445    426.25542225    300.00000000      0.99985178      0.06681867     -7.67295165      0.00989400     -7.66305766      0.16116953      0.04448369      0.15555974      0.02764035 md_running
   960    480.00000000    278.01202927      0.63266087    427.78376429    300.00000000      0.99985113      0.06705825     -7.67333107      0.01000649     -7.66332457      0.15526648      0.04473588      0.14991056      0.02662798 md_running
   961    480.50000000    278.24564894      0.63640424    430.30551395    300.00000000      0.99984935      0.06745356     -7.67387293      0.01012526     -7.66374767      0.14681683      0.04500058      0.14218401      0.02517888 md_running
   962    481.00000000    278.47209208      0.64023553    433.07433640    300.00000000      0.99984710      0.06788759     -7.67445632      0.01024754     -7.66420878      0.13645548      0.04527149      0.13310782      0.02340192 md_running
   963    481.50000000    278.69172117      0.64402297    435.45732124    300.00000000      0.99984496      0.06826114     -7.67497724      0.01036914     -7.66460810      0.12503139      0.04553930      0.12364651      0.02144271 md_running
   964    482.00000000    278.92048375      0.64759872    437.00817175    300.00000000      0.99984335      0.06850425     -7.67535972      0.01048460     -7.66487511      0.11368749      0.04579214      0.11504294      0.01949724 md_running
   965    482.50000000    279.14993243      0.65076711    437.48626069    300.00000000      0.99984253      0.06857919     -7.67555999      0.01058745     -7.66497255      0.10394167      0.04601618      0.10878706      0.01782585 md_running
   966    483.00000000    279.36994436      0.65331412    436.83406976    300.00000000      0.99984260      0.06847696     -7.67556185      0.01067048     -7.66489137      0.09758670      0.04619628      0.10634027      0.01673598 md_running
   967    483.50000000    279.60267926      0.65501712    435.13843910    300.00000000      0.99984354      0.06821115     -7.67537163      0.01072619     -7.66464545      0.09618693      0.04631670      0.10857877      0.01649592 md_running
   968    484.00000000    279.83051737      0.65565511    432.58619076    300.00000000      0.99984524      0.06781107     -7.67501131      0.01074709     -7.66426422      0.10020131      0.04636182      0.11528106      0.01718438 md_running
   969    484.50000000    280.05905220      0.65501921    429.42822561    300.00000000      0.99984757      0.06731603     -7.67451343      0.01072625     -7.66378718      0.10856592      0.04631685      0.12517301      0.01861890 md_running
   970    485.00000000    280.29379300      0.65292322    425.95433488    300.00000000      0.99985030      0.06677148     -7.67391752      0.01065772     -7.66325980      0.11927227      0.04616864      0.13646156      0.02045503 md_running
   971    485.50000000    280.51754383      0.64921378    422.48152179    300.00000000      0.99985322      0.06622709     -7.67326862      0.01053696     -7.66273166      0.13017089      0.04590635      0.14731120      0.02232412 md_running
   972    486.00000000    280.75296812      0.64378016    419.34998401    300.00000000      0.99985604      0.06573620     -7.67261762      0.01036132     -7.66225629      0.13939361      0.04552213      0.15608645      0.02390581 md_running
   973    486.50000000    280.98965280      0.63656282    416.91654486    300.00000000      0.99985847      0.06535474     -7.67202032      0.01013031     -7.66189002      0.14550008      0.04501179      0.16147555      0.02495306 md_running
   974    487.00000000    281.22407201      0.62756030    415.52588244    300.00000000      0.99986016      0.06513674     -7.67153321      0.00984580     -7.66168742      0.14752693      0.04437521      0.16256384      0.02530066 md_running
   975    487.50000000    281.45335715      0.61683350    415.45101525    300.00000000      0.99986084      0.06512500     -7.67120449      0.00951209     -7.66169240      0.14508819      0.04361671      0.15895358      0.02488242 md_running
   976    488.00000000    281.68610368      0.60450646    416.81070936    300.00000000      0.99986028      0.06533815     -7.67106055      0.00913570     -7.66192485      0.13851231      0.04274506      0.15090425      0.02375467 md_running
   977    488.50000000    281.91766913      0.59076288    419.48704461    300.00000000      0.99985850      0.06575768     -7.67109190      0.00872502     -7.66236688      0.12899920      0.04177324      0.13948266      0.02212318 md_running
   978    489.00000000    282.14406785      0.57583795    423.08895755    300.00000000      0.99985575      0.06632231     -7.67124647      0.00828973     -7.66295674      0.11877045      0.04071789      0.12671774      0.02036896 md_running
   979    489.50000000    282.37269272      0.56000604    427.00591976    300.00000000      0.99985250      0.06693632     -7.67143768      0.00784017     -7.66359751      0.11099209      0.03959841      0.11563255      0.01903499 md_running
   980    490.00000000    282.60106192      0.54356523    430.55592157    300.00000000      0.99984933      0.06749281     -7.67156641      0.00738658     -7.66417983      0.10892814      0.03843587      0.10971755      0.01868102 md_running
   981    490.50000000    282.83290032      0.52681981    433.18062118    300.00000000      0.99984677      0.06790425     -7.67155323      0.00693848     -7.66461475      0.11403554      0.03725179      0.11120950      0.01955693 md_running
   982    491.00000000    283.06673931      0.51006255    434.61918742    300.00000000      0.99984514      0.06812976     -7.67136402      0.00650410     -7.66485992      0.12480842      0.03606687      0.11933277      0.02140447 md_running
   983    491.50000000    283.29695944      0.49355846    434.99866917    300.00000000      0.99984447      0.06818924     -7.67102557      0.00609000     -7.66493557      0.13795701      0.03489985      0.13087949      0.02365943 md_running
   984    492.00000000    283.52704343      0.47753170    434.80263886    300.00000000      0.99984449      0.06815851     -7.67061975      0.00570091     -7.66491884      0.15023092      0.03376659      0.14229094      0.02576439 md_running
   985    492.50000000    283.75691404      0.46215692    434.72529859    300.00000000      0.99984471      0.06814639     -7.67026037      0.00533973     -7.66492065      0.15923285      0.03267943      0.15085673      0.02730821 md_running
   986    493.00000000    283.98477469      0.44755532    435.46369197    300.00000000      0.99984455      0.06826214     -7.67006027      0.00500764     -7.66505263      0.16353558      0.03164694      0.15494017      0.02804612 md_running
   987    493.50000000    284.21643325      0.43379539    437.51698716    300.00000000      0.99984349      0.06858401     -7.67009877      0.00470446     -7.66539431      0.16261928      0.03067397      0.15389750      0.02788898 md_running
   988    494.00000000    284.43472358      0.42089757    441.04638095    300.00000000      0.99984131      0.06913727     -7.67040077      0.00442887     -7.66597190      0.15674887      0.02976195      0.14792386      0.02688221 md_running
   989    494.50000000    284.65416039      0.40884191    445.82445965    300.00000000      0.99983805      0.06988627     -7.67092830      0.00417879     -7.66674951      0.14684535      0.02890949      0.13791271      0.02518377 md_running
   990    495.00000000    284.88328136      0.39757647    451.27591162    300.00000000      0.99983409      0.07074082     -7.67158727      0.00395168     -7.66763560      0.13438338      0.02811290      0.12535333      0.02304656 md_running
   991    495.50000000    285.11503948      0.38702555    456.58641966    300.00000000      0.99983001      0.07157328     -7.67224625      0.00374472     -7.66850153      0.12133612      0.02736684      0.11229549      0.02080897 md_running
   992    496.00000000    285.34481690      0.37709733    460.85969260    300.00000000      0.99982645      0.07224315     -7.67275946      0.00355506     -7.66920440      0.11008470      0.02666481      0.10128829      0.01887937 md_running
   993    496.50000000    285.56945610      0.36769031    463.30349218    300.00000000      0.99982399      0.07262623     -7.67299803      0.00337990     -7.66961813      0.10308454      0.02599963      0.09500491      0.01767885 md_running
   994    497.00000000    285.77003347      0.35869918    463.40499551    300.00000000      0.99982306      0.07264214     -7.67287742      0.00321663     -7.66966079      0.10196333      0.02536386      0.09512642      0.01748657 md_running
   995    497.50000000    285.99504743      0.35002003    461.05659639    300.00000000      0.99982386      0.07227401     -7.67237746      0.00306285     -7.66931461      0.10654982      0.02475015      0.10120489      0.01827314 md_running
   996    498.00000000    286.22748842      0.34155503    456.59401126    300.00000000      0.99982633      0.07157447     -7.67154919      0.00291650     -7.66863270      0.11501358      0.02415159      0.11104044      0.01972467 md_running
   997    498.50000000    286.45680596      0.33321691    450.72505580    300.00000000      0.99983016      0.07065447     -7.67050308      0.00277584     -7.66772724      0.12499322      0.02356199      0.12208733      0.02143616 md_running
   998    499.00000000    286.67511511      0.32493320    444.36111658    300.00000000      0.99983481      0.06965688     -7.66938315      0.00263954     -7.66674361      0.13451468      0.02297625      0.13235766      0.02306908 md_running
   999    499.50000000    286.90185838      0.31664992    438.38814974    300.00000000      0.99983960      0.06872057     -7.66832939      0.00250668     -7.66582272      0.14229091      0.02239053      0.14061032      0.02440269 md_running
  1000    500.00000000    287.12349340      0.30833521    433.46111835    300.00000000      0.99984392      0.06794822     -7.66744520      0.00237677     -7.66506844      0.14769735      0.02180259      0.14627115      0.02532989 max_step
