  step         time_fs     wall_time_s        rti_dist          temp_K     temp_bath_K   thermo_lambda          kin_Ha     pot_real_Ha     pot_rtip_Ha    pot_total_Ha          f_real          f_rtip         f_total      rms_f_real state_decision
     1      0.50000000     10.48352950     33.53352852      0.32870670    300.00000000      1.13973681      0.00005465   -786.78730037     -0.00570297   -786.79300335      0.07841308      0.00018742      0.07842449      0.01306885 md_running
     2      1.00000000     21.72976196     33.53175892      3.00564900    300.00000000      1.12157977      0.00049971   -786.78764784     -0.01140599   -786.79905384      0.07521957      0.00037484      0.07524174      0.01253660 md_running
     3      1.50000000     40.72110609     33.52812824      7.18884185    300.00000000      1.02995532      0.00119520   -786.78828303     -0.01710913   -786.80539215      0.06884343      0.00056228      0.06887342      0.01147391 md_running
     4      2.00000000     40.98093553     33.52304551     11.81198285    300.00000000      1.01518007      0.00196383   -786.78900091     -0.02281243   -786.81181334      0.06045021      0.00074973      0.06048174      0.01007503 md_running
     5      2.50000000     41.23456340     33.51687901     15.77172957    300.00000000      1.01016204      0.00262217   -786.78960993     -0.02851593   -786.81812586      0.05160030      0.00093721      0.05162105      0.00860005 md_running
     6      3.00000000     41.48298088     33.51004170     18.21339908    300.00000000      1.00811921      0.00302812   -786.78996321     -0.03421962   -786.82418283      0.04466446      0.00112472      0.04465352      0.00744408 md_running
     7      3.50000000     41.75492862     33.50297550     18.79103336    300.00000000      1.00742362      0.00312416   -786.79000082     -0.03992350   -786.82992432      0.04235754      0.00131228      0.04229294      0.00705959 md_running
     8      4.00000000     45.71303578     33.49612187     17.79324868    300.00000000      1.00755755      0.00295827   -786.78977111     -0.04562751   -786.83539863      0.04549391      0.00149990      0.04537194      0.00758232 md_running
     9      4.50000000     45.96501846     33.48988807     16.06657409    300.00000000      1.00829205      0.00267119   -786.78941748     -0.05133160   -786.84074907      0.05184364      0.00168759      0.05167544      0.00864061 md_running
    10      5.00000000     46.21816085     33.48461510     14.73192136    300.00000000      1.00929290      0.00244930   -786.78912992     -0.05703567   -786.84616559      0.05843671      0.00187536      0.05823164      0.00973945 md_running
    11      5.50000000     46.47357108     33.48055140     14.77614638    300.00000000      1.00983088      0.00245665   -786.78907628     -0.06273966   -786.85181594      0.06329125      0.00206323      0.06305364      0.01054854 md_running
    12      6.00000000     46.71189814     33.47783463     16.66888098    300.00000000      1.00920349      0.00277133   -786.78933713     -0.06844348   -786.85778061      0.06556039      0.00225122      0.06529231      0.01092673 md_running
    13      6.50000000     46.95322536     33.47648003     20.17377200    300.00000000      1.00771275      0.00335405   -786.78987460     -0.07414707   -786.86402167      0.06531550      0.00243932      0.06501975      0.01088592 md_running
    14      7.00000000     47.20117706     33.47637621     24.45018179    300.00000000      1.00621028      0.00406503   -786.79054733     -0.07985039   -786.87039772      0.06331110      0.00262754      0.06299440      0.01055185 md_running
    15      7.50000000     47.44492574     33.47729598     28.39341581    300.00000000      1.00512353      0.00472063   -786.79116785     -0.08555345   -786.87672129      0.06068035      0.00281588      0.06035635      0.01011339 md_running
    16      8.00000000     47.69856266     33.47892173     31.05099733    300.00000000      1.00448029      0.00516247   -786.79157390     -0.09125625   -786.88283015      0.05852795      0.00300434      0.05821815      0.00975466 md_running
    17      8.50000000     47.97164440     33.48087811     31.94444667    300.00000000      1.00419793      0.00531101   -786.79168328     -0.09695886   -786.88864214      0.05754350      0.00319291      0.05727300      0.00959058 md_running
    18      9.00000000     53.03230388     33.48276751     31.19660489    300.00000000      1.00419873      0.00518668   -786.79151538     -0.10266137   -786.89417674      0.05778611      0.00338157      0.05757566      0.00963102 md_running
    19      9.50000000     53.30225551     33.48420435     29.45401009    300.00000000      1.00441500      0.00489696   -786.79117821     -0.10836385   -786.89954206      0.05879329      0.00357031      0.05865393      0.00979888 md_running
    20     10.00000000     53.54968557     33.48484576     27.66084530    300.00000000      1.00475180      0.00459883   -786.79082942     -0.11406642   -786.90489584      0.05989453      0.00375913      0.05982788      0.00998242 md_running
    21     10.50000000     53.79525695     33.48441783     26.76701557    300.00000000      1.00504434      0.00445023   -786.79062794     -0.11976917   -786.91039710      0.06049863      0.00394800      0.06050014      0.01008310 md_running
    22     11.00000000     54.05914189     33.48273590     27.45216398    300.00000000      1.00508483      0.00456414   -786.79068691     -0.12547218   -786.91615909      0.06024418      0.00413692      0.06030573      0.01004070 md_running
    23     11.50000000     54.33754385     33.47971905     29.93175106    300.00000000      1.00477285      0.00497639   -786.79104249     -0.13117552   -786.92221801      0.05906113      0.00432588      0.05917193      0.00984352 md_running
    24     12.00000000     59.49803578     33.47539774     33.88983177    300.00000000      1.00422104      0.00563445   -786.79164203     -0.13687922   -786.92852125      0.05722097      0.00451488      0.05736689      0.00953683 md_running
    25     12.50000000     59.76977648     33.46991321     38.55819636    300.00000000      1.00363633      0.00641060   -786.79235650     -0.14258327   -786.93493978      0.05537589      0.00470391      0.05553779      0.00922932 md_running
    26     13.00000000     60.01927687     33.46350729     42.93002689    300.00000000      1.00316000      0.00713745   -786.79301697     -0.14828763   -786.94130460      0.05449915      0.00489298      0.05465230      0.00908319 md_running
    27     13.50000000     60.27197242     33.45650390     46.06187135    300.00000000      1.00284116      0.00765815   -786.79346449     -0.15399219   -786.94745668      0.05554581      0.00508210      0.05566415      0.00925764 md_running
    28     14.00000000     60.52711890     33.44928374     47.38431773    300.00000000      1.00267893      0.00787801   -786.79360363     -0.15969684   -786.95330047      0.05886236      0.00527127      0.05892767      0.00981039 md_running
    29     14.50000000     60.78235162     33.44225440     46.92553980    300.00000000      1.00265416      0.00780174   -786.79344026     -0.16540141   -786.95884167      0.06382097      0.00546053      0.06382843      0.01063683 md_running
    30     15.00000000     61.06146991     33.43581685     45.35434883    300.00000000      1.00273509      0.00754051   -786.79308929     -0.17110572   -786.96419501      0.06904341      0.00564990      0.06899826      0.01150724 md_running
    31     15.50000000     67.64010939     33.43033040     43.78815806    300.00000000      1.00286573      0.00728012   -786.79274261     -0.17680960   -786.96955221      0.07295412      0.00583941      0.07286542      0.01215902 md_running
    32     16.00000000     67.91987704     33.42607975     43.40457214    300.00000000      1.00295701      0.00721635   -786.79260277     -0.18251288   -786.97511565      0.07423849      0.00602909      0.07411570      0.01237308 md_running
    33     16.50000000     68.18513572     33.42324663     44.99398109    300.00000000      1.00291681      0.00748060   -786.79280630     -0.18821541   -786.98102171      0.07212561      0.00621898      0.07197803      0.01202093 md_running
    34     17.00000000     68.44662989     33.42188966     48.64048061    300.00000000      1.00272058      0.00808686   -786.79336919     -0.19391712   -786.98728631      0.06652927      0.00640909      0.06636744      0.01108821 md_running
    35     17.50000000     68.69857942     33.42193498     53.67580919    300.00000000      1.00243529      0.00892402   -786.79417863     -0.19961799   -786.99379661      0.05810985      0.00659944      0.05794885      0.00968498 md_running
    36     18.00000000     68.95093289     33.42317999     58.92633182    300.00000000      1.00215532      0.00979696   -786.79503435     -0.20531806   -787.00035240      0.04833613      0.00679005      0.04820215      0.00805602 md_running
    37     18.50000000     69.20384487     33.42531012     63.13838012    300.00000000      1.00194148      0.01049725   -786.79572199     -0.21101745   -787.00673944      0.03966140      0.00698091      0.03960149      0.00661023 md_running
    38     19.00000000     69.57000242     33.42792669     65.40004961    300.00000000      1.00181504      0.01087327   -786.79608421     -0.21671635   -787.01280057      0.03544957      0.00717203      0.03552119      0.00590826 md_running
    39     19.50000000     69.82491770     33.43058096     65.40947350    300.00000000      1.00177548      0.01087484   -786.79606661     -0.22241499   -787.01848160      0.03775848      0.00736338      0.03796415      0.00629308 md_running
    40     20.00000000     70.07705824     33.43281087     63.52601336    300.00000000      1.00181278      0.01056170   -786.79572650     -0.22811360   -787.02384010      0.04468840      0.00755497      0.04497446      0.00744807 md_running
    41     20.50000000     70.32061554     33.43417701     60.62013551    300.00000000      1.00190909      0.01007857   -786.79520734     -0.23381245   -787.02901979      0.05297202      0.00774677      0.05329450      0.00882867 md_running
    42     21.00000000     70.57092054     33.43429485     57.79422678    300.00000000      1.00203436      0.00960874   -786.79469181     -0.23951179   -787.03420360      0.06046085      0.00793878      0.06079497      0.01007681 md_running
    43     21.50000000     70.83205648     33.43286188     56.06479660    300.00000000      1.00214356      0.00932121   -786.79434853     -0.24521182   -787.03956036      0.06604593      0.00813100      0.06637565      0.01100765 md_running
    44     22.00000000     71.09295104     33.42967827     56.08801146    300.00000000      1.00218771      0.00932507   -786.79428586     -0.25091273   -787.04519859      0.06922439      0.00832342      0.06953610      0.01153740 md_running
    45     22.50000000     71.35061964     33.42465997     57.99100140    300.00000000      1.00214079      0.00964146   -786.79452431     -0.25661461   -787.05113893      0.06989742      0.00851605      0.07017670      0.01164957 md_running
    46     23.00000000     71.59706781     33.41784410     61.34599164    300.00000000      1.00201856      0.01019925   -786.79499158     -0.26231752   -787.05730910      0.06832487      0.00870889      0.06855421      0.01138748 md_running
    47     23.50000000     71.83252096     33.40938569     65.29642813    300.00000000      1.00186591      0.01085604   -786.79554363     -0.26802141   -787.06356504      0.06514442      0.00890196      0.06530165      0.01085740 md_running
    48     24.00000000     72.08201388     33.39954594     68.81131815    300.00000000      1.00172786      0.01144042   -786.79600805     -0.27372618   -787.06973424      0.06138509      0.00909528      0.06144376      0.01023085 md_running
    49     24.50000000     72.33588638     33.38867207     71.00677362    300.00000000      1.00163300      0.01180543   -786.79623731     -0.27943166   -787.07566897      0.05833255      0.00928888      0.05826809      0.00972209 md_running
    50     25.00000000     72.59607761     33.37717051     71.44393801    300.00000000      1.00159283      0.01187811   -786.79615986     -0.28513761   -787.08129746      0.05707881      0.00948280      0.05688179      0.00951314 md_running
    51     25.50000000     72.85882053     33.36547501     70.30182760    300.00000000      1.00160580      0.01168823   -786.79580969     -0.29084375   -787.08665344      0.05784847      0.00967709      0.05753437      0.00964141 md_running
    52     26.00000000     73.12062275     33.35401124     68.34097285    300.00000000      1.00165837      0.01136222   -786.79531985     -0.29654978   -787.09186962      0.05974745      0.00987181      0.05934904      0.00995791 md_running
    53     26.50000000     73.37917004     33.34316059     66.64146666    300.00000000      1.00172367      0.01107966   -786.79487814     -0.30225541   -787.09713355      0.06131315      0.01006702      0.06086547      0.01021886 md_running
    54     27.00000000     73.63175718     33.33322644     66.19845372    300.00000000      1.00176487      0.01100601   -786.79465773     -0.30796040   -787.10261813      0.06128187      0.01026280      0.06081678      0.01021365 md_running
    55     27.50000000     73.87688008     33.32440616     67.53357505    300.00000000      1.00175101      0.01122798   -786.79475028     -0.31366454   -787.10841482      0.05906475      0.01045920      0.05861536      0.00984412 md_running
    56     28.00000000     74.12274509     33.31677268     70.48805653    300.00000000      1.00167783      0.01171919   -786.79513051     -0.31936774   -787.11449825      0.05492457      0.01065628      0.05453476      0.00915409 md_running
    57     28.50000000     74.36785218     33.31026818     74.28573634    300.00000000      1.00157063      0.01235058   -786.79566638     -0.32507000   -787.12073637      0.04999914      0.01085406      0.04973404      0.00833319 md_running
    58     29.00000000     74.59696879     33.30471117     77.83063275    300.00000000      1.00146525      0.01293995   -786.79616991     -0.33077140   -787.12694131      0.04615488      0.01105256      0.04609915      0.00769248 md_running
    59     29.50000000     74.83592902     33.29981615     80.10501921    300.00000000      1.00138924      0.01331808   -786.79646547     -0.33647215   -787.13293761      0.04532673      0.01125178      0.04554358      0.00755446 md_running
    60     30.00000000     75.08575333     33.29522313     80.51030168    300.00000000      1.00135655      0.01338547   -786.79644729     -0.34217249   -787.13861979      0.04822420      0.01145170      0.04870074      0.00803737 md_running
    61     30.50000000     75.32881157     33.29053229     79.04303508    300.00000000      1.00137021      0.01314152   -786.79611000     -0.34787275   -787.14398276      0.05377875      0.01165228      0.05444559      0.00896313 md_running
    62     31.00000000     75.57397179     33.28534040     76.27048918    300.00000000      1.00142476      0.01268056   -786.79554464     -0.35357323   -787.14911788      0.06018019      0.01185349      0.06096842      0.01003003 md_running
    63     31.50000000     75.80319231     33.27927525     73.13779934    300.00000000      1.00150587      0.01215973   -786.79490617     -0.35927425   -787.15418043      0.06589173      0.01205526      0.06675248      0.01098196 md_running
    64     32.00000000     76.04979835     33.27202573     70.68281931    300.00000000      1.00158916      0.01175157   -786.79436556     -0.36497607   -787.15934164      0.06988880      0.01225756      0.07078805      0.01164813 md_running
    65     32.50000000     76.30315808     33.26336647     69.74170784    300.00000000      1.00164357      0.01159510   -786.79406100     -0.37067889   -787.16473990      0.07159149      0.01246034      0.07250192      0.01193191 md_running
    66     33.00000000     76.54877464     33.25317535     70.71908290    300.00000000      1.00164387      0.01175760   -786.79405893     -0.37638285   -787.17044178      0.07079603      0.01266353      0.07169041      0.01179934 md_running
    67     33.50000000     76.78105030     33.24144350     73.47718983    300.00000000      1.00158589      0.01221616   -786.79433578     -0.38208799   -787.17642377      0.06766565      0.01286710      0.06851021      0.01127761 md_running
    68     34.00000000     77.01745470     33.22827715     77.37235905    300.00000000      1.00148939      0.01286376   -786.79478399     -0.38779426   -787.18257826      0.06279703      0.01307101      0.06354293      0.01046617 md_running
    69     34.50000000     77.26468808     33.21389111     81.43569768    300.00000000      1.00138491      0.01353932   -786.79524213     -0.39350154   -787.18874367      0.05732037      0.01327522      0.05789342      0.00955339 md_running
    70     35.00000000     77.51634910     33.19859427     84.65762252    300.00000000      1.00129852      0.01407499   -786.79554295     -0.39920959   -787.19475254      0.05292850      0.01347973      0.05322807      0.00882142 md_running
    71     35.50000000     77.76757688     33.18276786     86.30117737    300.00000000      1.00124547      0.01434824   -786.79556612     -0.40491814   -787.20048426      0.05145707      0.01368453      0.05139441      0.00857618 md_running
    72     36.00000000     78.00955301     33.16683811     86.14938109    300.00000000      1.00123069      0.01432301   -786.79528007     -0.41062687   -787.20590694      0.05373556      0.01388965      0.05330323      0.00895593 md_running
    73     36.50000000     78.24888321     33.15124432     84.59320345    300.00000000      1.00125043      0.01406428   -786.79475707     -0.41633542   -787.21109249      0.05882258      0.01409513      0.05809632      0.00980376 md_running
    74     37.00000000     78.48013048     33.13640363     82.50826090    300.00000000      1.00129256      0.01371764   -786.79415180     -0.42204343   -787.21619523      0.06480049      0.01430102      0.06387258      0.01080008 md_running
    75     37.50000000     78.72096724     33.12267566     80.95101457    300.00000000      1.00133680      0.01345874   -786.79364960     -0.42775062   -787.22140022      0.06992247      0.01450738      0.06886505      0.01165374 md_running
    76     38.00000000     78.96858470     33.11032921     80.78241686    300.00000000      1.00135927      0.01343071   -786.79340147     -0.43345674   -787.22685821      0.07309724      0.01471430      0.07196493      0.01218287 md_running
    77     38.50000000     79.21660866     33.09951519     82.36526909    300.00000000      1.00134339      0.01369387   -786.79347190     -0.43916167   -787.23263357      0.07391457      0.01492183      0.07275673      0.01231910 md_running
    78     39.00000000     79.45379814     33.09024951     85.45329403    300.00000000      1.00128983      0.01420728   -786.79381996     -0.44486540   -787.23868536      0.07252914      0.01513004      0.07140167      0.01208819 md_running
    79     39.50000000     79.69739064     33.08240864     89.30581402    300.00000000      1.00121531      0.01484779   -786.79431848     -0.45056805   -787.24488652      0.06950887      0.01533896      0.06848388      0.01158481 md_running
    80     40.00000000     79.94141132     33.07573890     92.97037011    300.00000000      1.00114141      0.01545705   -786.79480216     -0.45626985   -787.25107201      0.06565759      0.01554864      0.06482767      0.01094293 md_running
    81     40.50000000     80.19283806     33.06987850     95.61501163    300.00000000      1.00108452      0.01589674   -786.79512439     -0.46197115   -787.25709554      0.06182496      0.01575907      0.06129880      0.01030416 md_running
    82     41.00000000     80.43878306     33.06438904     96.78997719    300.00000000      1.00105258      0.01609209   -786.79520222     -0.46767237   -787.26287458      0.05868731      0.01597028      0.05857083      0.00978122 md_running
    83     41.50000000     80.68240299     33.05879214     96.54041091    300.00000000      1.00104608      0.01605060   -786.79503568     -0.47337393   -787.26840960      0.05658370      0.01618226      0.05695251      0.00943062 md_running
    84     42.00000000     80.93701432     33.05260720     95.35345766    300.00000000      1.00105965      0.01585326   -786.79469925     -0.47907628   -787.27377554      0.05545787      0.01639501      0.05633805      0.00924298 md_running
    85     42.50000000     81.17627870     33.04538703     93.97757535    300.00000000      1.00108326      0.01562451   -786.79431201     -0.48477984   -787.27909185      0.05496823      0.01660853      0.05633895      0.00916137 md_running
    86     43.00000000     81.42132122     33.03674907     93.17936007    300.00000000      1.00110391      0.01549180   -786.79399693     -0.49048494   -787.28448187      0.05470815      0.01682282      0.05651843      0.00911803 md_running
    87     43.50000000     81.67515855     33.02640076     93.51003620    300.00000000      1.00110918      0.01554677   -786.79384159     -0.49619185   -787.29003344      0.05441479      0.01703790      0.05659649      0.00906913 md_running
    88     44.00000000     81.93325275     33.01415781     95.14383539    300.00000000      1.00109228      0.01581841   -786.79387192     -0.50190073   -787.29577264      0.05410820      0.01725378      0.05657619      0.00901803 md_running
    89     44.50000000     82.19580264     32.99995462     97.83031504    300.00000000      1.00105521      0.01626505   -786.79404387     -0.50761165   -787.30165552      0.05413304      0.01747048      0.05677527      0.00902217 md_running
    90     45.00000000     82.45025300     32.98384658    100.97515416    300.00000000      1.00100750      0.01678791   -786.79425707     -0.51332458   -787.30758165      0.05506238      0.01768803      0.05773512      0.00917706 md_running
    91     45.50000000     82.70958997     32.96600397    103.83103006    300.00000000      1.00096132      0.01726272   -786.79438691     -0.51903938   -787.31342629      0.05742327      0.01790646      0.05996845      0.00957055 md_running
    92     46.00000000     82.96838367     32.94669779    105.74757058    300.00000000      1.00092672      0.01758136   -786.79432713     -0.52475585   -787.31908298      0.06133680      0.01812582      0.06362513      0.01022280 md_running
    93     46.50000000     83.21317693     32.92627864    106.40424829    300.00000000      1.00090916      0.01769054   -786.79402844     -0.53047372   -787.32450216      0.06633008      0.01834617      0.06829609      0.01105501 md_running
    94     47.00000000     83.47408309     32.90514930    105.94306170    300.00000000      1.00090877      0.01761386   -786.79352152     -0.53619268   -787.32971420      0.07147661      0.01856757      0.07311711      0.01191277 md_running
    95     47.50000000     83.72848231     32.88373186    104.94484915    300.00000000      1.00092038      0.01744790   -786.79291228     -0.54191243   -787.33482471      0.07570907      0.01879012      0.07706017      0.01261818 md_running
    96     48.00000000     83.98393427     32.86243123    104.24752036    300.00000000      1.00093414      0.01733196   -786.79235056     -0.54763269   -787.33998325      0.07809105      0.01901390      0.07920608      0.01301518 md_running
    97     48.50000000     84.24974945     32.84159765    104.66447808    300.00000000      1.00093790      0.01740129   -786.79198135     -0.55335324   -787.34533459      0.07797163      0.01923900      0.07891066      0.01299527 md_running
    98     49.00000000     84.49521191     32.82149209    106.70108701    300.00000000      1.00092191      0.01773989   -786.79189586     -0.55907396   -787.35096983      0.07507368      0.01946552      0.07590180      0.01251228 md_running
    99     49.50000000     84.74985828     32.80225904    110.37156147    300.00000000      1.00088386      0.01835013   -786.79210031     -0.56479486   -787.35689517      0.06954092      0.01969352      0.07033170      0.01159015 md_running
   100     50.00000000     85.00978627     32.78391115    115.18406094    300.00000000      1.00083017      0.01915025   -786.79251188     -0.57051606   -787.36302793      0.06198382      0.01992308      0.06282618      0.01033064 md_running
   101     50.50000000     85.26001383     32.76632808    120.29919993    300.00000000      1.00077219      0.02000068   -786.79298600     -0.57623779   -787.36922379      0.05356250      0.02015424      0.05456597      0.00892708 md_running
   102     51.00000000     85.51386477     32.74927004    124.80341965    300.00000000      1.00072072      0.02074954   -786.79336314     -0.58196041   -787.37532355      0.04610714      0.02038701      0.04738568      0.00768452 md_running
   103     51.50000000     85.77147982     32.73240375    127.99837971    300.00000000      1.00068274      0.02128073   -786.79351810     -0.58768430   -787.38120240      0.04196424      0.02062141      0.04355665      0.00699404 md_running
   104     52.00000000     86.03088738     32.71533657    129.60684777    300.00000000      1.00066071      0.02154815   -786.79339574     -0.59340990   -787.38680564      0.04276052      0.02085743      0.04454664      0.00712675 md_running
   105     52.50000000     86.29400350     32.69765425    129.83473388    300.00000000      1.00065326      0.02158604   -786.79302222     -0.59913760   -787.39215982      0.04778548      0.02109505      0.04959388      0.00796425 md_running
   106     53.00000000     86.54832593     32.67895801    129.28420519    300.00000000      1.00065595      0.02149451   -786.79249097     -0.60486775   -787.39735872      0.05479137      0.02133423      0.05653516      0.00913189 md_running
   107     53.50000000     86.79784076     32.65889775    128.75958335    300.00000000      1.00066218      0.02140729   -786.79192996     -0.61060061   -787.40253057      0.06177528      0.02157493      0.06343510      0.01029588 md_running
   108     54.00000000     87.05294576     32.63720001    129.03095274    300.00000000      1.00066448      0.02145240   -786.79146327     -0.61633633   -787.40779960      0.06748787      0.02181710      0.06906603      0.01124798 md_running
   109     54.50000000     87.31247773     32.61368888    130.62266228    300.00000000      1.00065671      0.02171704   -786.79117532     -0.62207498   -787.41325030      0.07128181      0.02206069      0.07278222      0.01188030 md_running
   110     55.00000000     87.57514462     32.58829938    133.68227068    300.00000000      1.00063622      0.02222572   -786.79108892     -0.62781649   -787.41890540      0.07296069      0.02230565      0.07438113      0.01216012 md_running
   111     55.50000000     87.83624891     32.56108307    137.96198164    300.00000000      1.00060483      0.02293726   -786.79116258     -0.63356071   -787.42472329      0.07268598      0.02255189      0.07401522      0.01211433 md_running
   112     56.00000000     88.08903517     32.53220583    142.91303130    300.00000000      1.00056755      0.02376041   -786.79130626     -0.63930744   -787.43061370      0.07091799      0.02279935      0.07213409      0.01181966 md_running
   113     56.50000000     88.34906513     32.50193789    147.86327364    300.00000000      1.00053030      0.02458342   -786.79141180     -0.64505639   -787.43646819      0.06833632      0.02304797      0.06940662      0.01138939 md_running
   114     57.00000000     88.58334839     32.47063657    152.22260428    300.00000000      1.00049774      0.02530820   -786.79138661     -0.65080727   -787.44219388      0.06570698      0.02329766      0.06659177      0.01095116 md_running
   115     57.50000000     88.82929145     32.43872229    155.65138388    300.00000000      1.00047231      0.02587826   -786.79118233     -0.65655980   -787.44774213      0.06372750      0.02354837      0.06439086      0.01062125 md_running
   116     58.00000000     89.08570450     32.40664891    158.14499454    300.00000000      1.00045417      0.02629284   -786.79080834     -0.66231373   -787.45312207      0.06286946      0.02380005      0.06329675      0.01047824 md_running
   117     58.50000000     89.34791955     32.37486858    160.01601801    300.00000000      1.00044159      0.02660391   -786.79032789     -0.66806888   -787.45839676      0.06325696      0.02405265      0.06346923      0.01054283 md_running
   118     59.00000000     89.59500522     32.34379356    161.78360293    300.00000000      1.00043157      0.02689779   -786.78983867     -0.67382516   -787.46366383      0.06463529      0.02430615      0.06469144      0.01077255 md_running
   119     59.50000000     89.85514865     32.31375805    164.00159970    300.00000000      1.00042073      0.02726655   -786.78944265     -0.67958260   -787.46902524      0.06649097      0.02456055      0.06647734      0.01108183 md_running
   120     60.00000000     90.10814465     32.28498502    167.07388180    300.00000000      1.00040631      0.02777734   -786.78921411     -0.68534134   -787.47455544      0.06825992      0.02481584      0.06827652      0.01137665 md_running
   121     60.50000000     90.36804546     32.25756319    171.11703341    300.00000000      1.00038719      0.02844954   -786.78917548     -0.69110165   -787.48027713      0.06953089      0.02507207      0.06968204      0.01158848 md_running
   122     61.00000000     90.62124947     32.23143781    175.92407340    300.00000000      1.00036423      0.02924875   -786.78929043     -0.69686389   -787.48615432      0.07015621      0.02532929      0.07054455      0.01169270 md_running
   123     61.50000000     90.88427632     32.20641668    181.04975925    300.00000000      1.00033974      0.03010094   -786.78947869     -0.70262850   -787.49210720      0.07022631      0.02558754      0.07094650      0.01170438 md_running
   124     62.00000000     91.14653921     32.18219043    185.98526334    300.00000000      1.00031633      0.03092150   -786.78964640     -0.70839595   -787.49804234      0.06993181      0.02584690      0.07106194      0.01165530 md_running
   125     62.50000000     91.39625788     32.15836314    190.34965706    300.00000000      1.00029597      0.03164712   -786.78971883     -0.71416667   -787.50388550      0.06941665      0.02610745      0.07101039      0.01156944 md_running
   126     63.00000000     91.65155320     32.13448932    194.02249824    300.00000000      1.00027938      0.03225775   -786.78966444     -0.71994106   -787.50960550      0.06868358      0.02636925      0.07076754      0.01144726 md_running
   127     63.50000000     91.90087976     32.11011233    197.17292096    300.00000000      1.00026603      0.03278154   -786.78950061     -0.72571944   -787.51522006      0.06760495      0.02663239      0.07018186      0.01126749 md_running
   128     64.00000000     92.14485569     32.08480022    200.18693645    300.00000000      1.00025448      0.03328264   -786.78928165     -0.73150201   -787.52078365      0.06600621      0.02689694      0.06906186      0.01100103 md_running
   129     64.50000000     92.40165997     32.05817691    203.52865113    300.00000000      1.00024292      0.03383823   -786.78907654     -0.73728885   -787.52636539      0.06377559      0.02716296      0.06728251      0.01062927 md_running
   130     65.00000000     92.66449518     32.02994751    207.58631244    300.00000000      1.00022976      0.03451284   -786.78894309     -0.74307998   -787.53202307      0.06096652      0.02743049      0.06487965      0.01016109 md_running
   131     65.50000000     92.91589304     31.99991716    212.55227479    300.00000000      1.00021412      0.03533847   -786.78890855     -0.74887528   -787.53778383      0.05787234      0.02769957      0.06211357      0.00964539 md_running
   132     66.00000000     93.17129122     31.96800247    218.36958392    300.00000000      1.00019613      0.03630565   -786.78896050     -0.75467461   -787.54363510      0.05504158      0.02797022      0.05947290      0.00917360 md_running
   133     66.50000000     93.41993916     31.93423572    224.75487371    300.00000000      1.00017674      0.03736725   -786.78905101     -0.76047776   -787.54952877      0.05320244      0.02824242      0.05760587      0.00886707 md_running
   134     67.00000000     93.67013495     31.89876144    231.28522215    300.00000000      1.00015732      0.03845297   -786.78911186     -0.76628455   -787.55539641      0.05303326      0.02851614      0.05712974      0.00883888 md_running
   135     67.50000000     93.92925994     31.86182528    237.51900808    300.00000000      1.00013921      0.03948939   -786.78907401     -0.77209483   -787.56116884      0.05484841      0.02879132      0.05837820      0.00914140 md_running
   136     68.00000000     94.19056127     31.82375535    243.11573687    300.00000000      1.00012336      0.04041989   -786.78888827     -0.77790848   -787.56679675      0.05846116      0.02906789      0.06127132      0.00974353 md_running
   137     68.50000000     94.44746146     31.78493618    247.93065132    300.00000000      1.00011013      0.04122041   -786.78853923     -0.78372553   -787.57226475      0.06332820      0.02934574      0.06539632      0.01055470 md_running
   138     69.00000000     94.70192793     31.74577605    252.06998804    300.00000000      1.00009932      0.04190860   -786.78805515     -0.78954608   -787.57760123      0.06874984      0.02962479      0.07014975      0.01145831 md_running
   139     69.50000000     94.95398423     31.70666928    255.89043256    300.00000000      1.00009013      0.04254378   -786.78750624     -0.79537041   -787.58287665      0.07397554      0.02990495      0.07483045      0.01232926 md_running
   140     70.00000000     95.20951707     31.66795681    259.92524365    300.00000000      1.00008140      0.04321460   -786.78699170     -0.80119891   -787.58819061      0.07823498      0.03018618      0.07868370      0.01303916 md_running
   141     70.50000000     95.46235840     31.62988961    264.73655978    300.00000000      1.00007181      0.04401452   -786.78661391     -0.80703213   -787.59364603      0.08082696      0.03046846      0.08101010      0.01347116 md_running
   142     71.00000000     95.70933229     31.59260024    270.73173951    300.00000000      1.00006038      0.04501126   -786.78644561     -0.81287071   -787.59931632      0.08125631      0.03075182      0.08131337      0.01354272 md_running
   143     71.50000000     95.94292053     31.55608704    278.01295367    300.00000000      1.00004678      0.04622182   -786.78650420     -0.81871538   -787.60521958      0.07936778      0.03103636      0.07944013      0.01322796 md_running
   144     72.00000000     96.19451307     31.52021394    286.33293852    300.00000000      1.00003152      0.04760509   -786.78674386     -0.82456687   -787.61131074      0.07541025      0.03132220      0.07565421      0.01256838 md_running
   145     72.50000000     96.43756549     31.48472487    295.17856208    300.00000000      1.00001562      0.04907574   -786.78706958     -0.83042587   -787.61749545      0.07001092      0.03160953      0.07060238      0.01166849 md_running
   146     73.00000000     96.69344903     31.44927098    303.94616093    300.00000000      1.00000028      0.05053342   -786.78736860     -0.83629293   -787.62366152      0.06410317      0.03189853      0.06523784      0.01068386 md_running
   147     73.50000000     96.94563765     31.41344546    312.13652489    300.00000000      0.99998640      0.05189513   -786.78754394     -0.84216845   -787.62971239      0.05878218      0.03218941      0.06064406      0.00979703 md_running
   148     74.00000000     97.20293269     31.37682185    319.49418542    300.00000000      0.99997441      0.05311840   -786.78753998     -0.84805264   -787.63559262      0.05508920      0.03248238      0.05778648      0.00918153 md_running
   149     74.50000000     97.45602605     31.33899056    326.05410053    300.00000000      0.99996423      0.05420904   -786.78735022     -0.85394548   -787.64129570      0.05368440      0.03277761      0.05717850      0.00894740 md_running
   150     75.00000000     97.69138204     31.29959082    332.09799124    300.00000000      0.99995545      0.05521388   -786.78701149     -0.85984674   -787.64685823      0.05457539      0.03307524      0.05868738      0.00909590 md_running
   151     75.50000000     97.94806010     31.25833728    338.05162023    300.00000000      0.99994741      0.05620372   -786.78658702     -0.86575603   -787.65234304      0.05716766      0.03337540      0.06166408      0.00952794 md_running
   152     76.00000000     98.20283480     31.21504070    344.36159383    300.00000000      0.99993947      0.05725280   -786.78614590     -0.87167280   -787.65781870      0.06061937      0.03367813      0.06529970      0.01010323 md_running
   153     76.50000000     98.46506460     31.16962141    351.38401757    300.00000000      0.99993111      0.05842034   -786.78574542     -0.87759643   -787.66334185      0.06416029      0.03398345      0.06888178      0.01069338 md_running
   154     77.00000000     98.70027038     31.12211567    359.30527821    300.00000000      0.99992206      0.05973731   -786.78541797     -0.88352629   -787.66894427      0.06721128      0.03429128      0.07187518      0.01120188 md_running
   155     77.50000000     98.95441717     31.07267530    368.10664197    300.00000000      0.99991232      0.06120060   -786.78516464     -0.88946176   -787.67462640      0.06939349      0.03460149      0.07393022      0.01156558 md_running
   156     78.00000000     99.21498537     31.02156003    377.57201420    300.00000000      0.99990216      0.06277429   -786.78495649     -0.89540232   -787.68035881      0.07054518      0.03491386      0.07490013      0.01175753 md_running
   157     78.50000000     99.44978154     30.96912197    387.33623063    300.00000000      0.99989196      0.06439767   -786.78474285     -0.90134760   -787.68609045      0.07078172      0.03522812      0.07490089      0.01179695 md_running
   158     79.00000000     99.70102621     30.91578233    396.97585977    300.00000000      0.99988219      0.06600034   -786.78446452     -0.90729740   -787.69176193      0.07051964      0.03554393      0.07433429      0.01175327 md_running
   159     79.50000000     99.95809847     30.86200110    406.14297458    300.00000000      0.99987319      0.06752444   -786.78407630     -0.91325177   -787.69732807      0.07036791      0.03586090      0.07380127      0.01172798 md_running
   160     80.00000000    100.21985692     30.80823958    414.70875700    300.00000000      0.99986513      0.06894857   -786.78356984     -0.91921096   -787.70278080      0.07082112      0.03617863      0.07381527      0.01180352 md_running
   161     80.50000000    100.47932533     30.75491828    422.83762126    300.00000000      0.99985791      0.07030006   -786.78298622     -0.92517549   -787.70816171      0.07194867      0.03649676      0.07448505      0.01199144 md_running
   162     81.00000000    100.74139662     30.70237731    430.94803759    300.00000000      0.99985118      0.07164848   -786.78240695     -0.93114609   -787.71355304      0.07331294      0.03681498      0.07543753      0.01221882 md_running
   163     81.50000000    101.01123975     30.65084211    439.56040244    300.00000000      0.99984451      0.07308035   -786.78192826     -0.93712367   -787.71905193      0.07422800      0.03713305      0.07603809      0.01237133 md_running
   164     82.00000000    101.27384444     30.60040186    449.08571353    300.00000000      0.99983752      0.07466401   -786.78162286     -0.94310924   -787.72473210      0.07414480      0.03745088      0.07576261      0.01235747 md_running
   165     82.50000000    101.53887930     30.55100349    459.65674805    300.00000000      0.99983005      0.07642152   -786.78151128     -0.94910382   -787.73061510      0.07291238      0.03776848      0.07445544      0.01215206 md_running
   166     83.00000000    101.80336395     30.50246291    471.08619231    300.00000000      0.99982220      0.07832176   -786.78155517     -0.95510832   -787.73666349      0.07080148      0.03808599      0.07238528      0.01180025 md_running
   167     83.50000000    102.06686042     30.45448821    482.95438008    300.00000000      0.99981427      0.08029494   -786.78167265     -0.96112343   -787.74279608      0.06840585      0.03840363      0.07012497      0.01140097 md_running
   168     84.00000000    102.32590347     30.40671300    494.77407872    300.00000000      0.99980660      0.08226005   -786.78176834     -0.96714957   -787.74891791      0.06642526      0.03872170      0.06834790      0.01107088 md_running
   169     84.50000000    102.58928049     30.35873293    506.16276492    300.00000000      0.99979946      0.08415351   -786.78176359     -0.97318679   -787.75495037      0.06541877      0.03904054      0.06757246      0.01090313 md_running
   170     85.00000000    102.84707984     30.31014180    516.95662124    300.00000000      0.99979296      0.08594807   -786.78161667     -0.97923481   -787.76085147      0.06561492      0.03936050      0.06798964      0.01093582 md_running
   171     85.50000000    103.10208394     30.26056320    527.24871452    300.00000000      0.99978707      0.08765921   -786.78133037     -0.98529303   -787.76662340      0.06685957      0.03968193      0.06942366      0.01114326 md_running
   172     86.00000000    103.35517729     30.20967671    537.35584330    300.00000000      0.99978161      0.08933960   -786.78094750     -0.99136060   -787.77230810      0.06870788      0.04000513      0.07142772      0.01145131 md_running
   173     86.50000000    103.60582302     30.15723801    547.72941596    300.00000000      0.99977634      0.09106429   -786.78053576     -0.99743652   -787.77797228      0.07058753      0.04033037      0.07343831      0.01176459 md_running
   174     87.00000000    103.84169044     30.10309415    558.83919438    300.00000000      0.99977101      0.09291138   -786.78016928     -1.00351969   -787.78368897      0.07193271      0.04065784      0.07490997      0.01198878 md_running
   175     87.50000000    104.08886039     30.04719211    571.05319933    300.00000000      0.99976544      0.09494205   -786.77990875     -1.00960909   -787.78951784      0.07227012      0.04098764      0.07538764      0.01204502 md_running
   176     88.00000000    104.35488884     29.98958181    584.52968971    300.00000000      0.99975953      0.09718262   -786.77978320     -1.01570378   -787.79548698      0.07128667      0.04131976      0.07457386      0.01188111 md_running
   177     88.50000000    104.62706833     29.93041267    599.14316228    300.00000000      0.99975335      0.09961223   -786.77977703     -1.02180303   -787.80158006      0.06892538      0.04165407      0.07241737      0.01148756 md_running
   178     89.00000000    104.88783941     29.86992388    614.48572974    300.00000000      0.99974705      0.10216305   -786.77983000     -1.02790638   -787.80773638      0.06551914      0.04199034      0.06926180      0.01091986 md_running
   179     89.50000000    105.14480123     29.80842506    629.95947697    300.00000000      0.99974088      0.10473568   -786.77985154     -1.03401368   -787.81386522      0.06190932      0.04232823      0.06592743      0.01031822 md_running
   180     90.00000000    105.40608347     29.74626960    644.94487531    300.00000000      0.99973509      0.10722712   -786.77974879     -1.04012516   -787.81987395      0.05935554      0.04266729      0.06360844      0.00989259 md_running
   181     90.50000000    105.66234560     29.68382120    659.01046937    300.00000000      0.99972983      0.10956563   -786.77946036     -1.04624144   -787.82570179      0.05903893      0.04300706      0.06340540      0.00983982 md_running
   182     91.00000000    105.90681965     29.62141562    672.08243387    300.00000000      0.99972515      0.11173895   -786.77898486     -1.05236353   -787.83134839      0.06129514      0.04334705      0.06566798      0.01021586 md_running
   183     91.50000000    106.16413948     29.55931874    684.48246623    300.00000000      0.99972095      0.11380055   -786.77838592     -1.05849285   -787.83687877      0.06535071      0.04368686      0.06970689      0.01089179 md_running
   184     92.00000000    106.42485111     29.49769219    696.80433103    300.00000000      0.99971704      0.11584916   -786.77776913     -1.06463114   -787.84240027      0.06990694      0.04402620      0.07432124      0.01165116 md_running
   185     92.50000000    106.69133950     29.43657082    709.68630869    300.00000000      0.99971318      0.11799089   -786.77724303     -1.07078039   -787.84802342      0.07383344      0.04436492      0.07843337      0.01230557 md_running
   186     93.00000000    106.95491391     29.37585409    723.58130475    300.00000000      0.99970921      0.12030104   -786.77687929     -1.07694264   -787.85382193      0.07649145      0.04470306      0.08141081      0.01274858 md_running
   187     93.50000000    107.21731416     29.31531498    738.62549566    300.00000000      0.99970507      0.12280225   -786.77668930     -1.08311986   -787.85980916      0.07771075      0.04504086      0.08307168      0.01295179 md_running
   188     94.00000000    107.45537354     29.25462289    754.63870099    300.00000000      0.99970078      0.12546457   -786.77662790     -1.08931370   -787.86594160      0.07763888      0.04537868      0.08353851      0.01293981 md_running
   189     94.50000000    107.70937250     29.19337836    771.22974708    300.00000000      0.99969647      0.12822297   -786.77661100     -1.09552538   -787.87213638      0.07654963      0.04571703      0.08305461      0.01275827 md_running
   190     95.00000000    107.96455367     29.13115007    787.95094899    300.00000000      0.99969225      0.13100300   -786.77654453     -1.10175555   -787.87830008      0.07474988      0.04605651      0.08188699      0.01245831 md_running
   191     95.50000000    108.22009291     29.06751305    804.43746662    300.00000000      0.99968822      0.13374401   -786.77634895     -1.10800423   -787.88435318      0.07252913      0.04639773      0.08026928      0.01208819 md_running
   192     96.00000000    108.47559314     29.00208255    820.50723227    300.00000000      0.99968445      0.13641573   -786.77597740     -1.11427086   -787.89024826      0.07015803      0.04674130      0.07842135      0.01169300 md_running
   193     96.50000000    108.73318159     28.93453918    836.19928941    300.00000000      0.99968091      0.13902466   -786.77542340     -1.12055436   -787.89597776      0.06787389      0.04708779      0.07650192      0.01131231 md_running
   194     97.00000000    108.99082745     28.86465039    851.75834082    300.00000000      0.99967757      0.14161147   -786.77471847     -1.12685326   -787.90157173      0.06584915      0.04743769      0.07463254      0.01097486 md_running
   195     97.50000000    109.24825404     28.79228560    867.56659679    300.00000000      0.99967435      0.14423972   -786.77392216     -1.13316582   -787.90708798      0.06414537      0.04779134      0.07282647      0.01069089 md_running
   196     98.00000000    109.48372462     28.71742755    884.02814612    300.00000000      0.99967115      0.14697658   -786.77310236     -1.13949017   -787.91259253      0.06269692      0.04814896      0.07101818      0.01044949 md_running
   197     98.50000000    109.73952039     28.64017344    901.43258527    300.00000000      0.99966790      0.14987020   -786.77231325     -1.14582444   -787.91813769      0.06139540      0.04851060      0.06910628      0.01023257 md_running
   198     99.00000000    109.99951231     28.56073219    919.81908194    300.00000000      0.99966460      0.15292710   -786.77157048     -1.15216691   -787.92373740      0.06029677      0.04887609      0.06713099      0.01004946 md_running
   199     99.50000000    110.26276366     28.47941890    938.91376828    300.00000000      0.99966126      0.15610174   -786.77084191     -1.15851607   -787.92935798      0.05978869      0.04924506      0.06546228      0.00996478 md_running
   200    100.00000000    110.52673774     28.39663755    958.18283403    300.00000000      0.99965798      0.15930538   -786.77005373     -1.16487068   -787.93492442      0.06058501      0.04961696      0.06482667      0.01009750 md_running
   201    100.50000000    110.78445416     28.31285411    976.99765932    300.00000000      0.99965485      0.16243349   -786.76911907     -1.17122992   -787.94034899      0.06333847      0.04999105      0.06600048      0.01055641 md_running
   202    101.00000000    111.03998152     28.22855865    994.85254046    300.00000000      0.99965196      0.16540200   -786.76797256     -1.17759340   -787.94556596      0.06809265      0.05036648      0.06923743      0.01134878 md_running
   203    101.50000000    111.29389660     28.14422261   1011.54256771    300.00000000      0.99964934      0.16817685   -786.76659960     -1.18396126   -787.95056086      0.07408378      0.05074234      0.07395027      0.01234730 md_running
   204    102.00000000    111.52897316     28.06025486   1027.22404664    300.00000000      0.99964698      0.17078402   -786.76504407     -1.19033419   -787.95537825      0.08008439      0.05111776      0.07895243      0.01334740 md_running
   205    102.50000000    111.78543200     27.97696533   1042.32988273    300.00000000      0.99964480      0.17329548   -786.76339301     -1.19671336   -787.96010637      0.08486831      0.05149198      0.08297081      0.01414472 md_running
   206    103.00000000    112.04682998     27.89454011   1057.38905947    300.00000000      0.99964274      0.17579918   -786.76174394     -1.20310035   -787.96484429      0.08753375      0.05186441      0.08506335      0.01458896 md_running
   207    103.50000000    112.30578475     27.81302676   1072.79495223    300.00000000      0.99964070      0.17836053   -786.76016545     -1.20949690   -787.96966235      0.08765082      0.05223469      0.08471766      0.01460847 md_running
   208    104.00000000    112.54683012     27.73233884   1088.62730769    300.00000000      0.99963866      0.18099279   -786.75866594     -1.21590476   -787.97457070      0.08526148      0.05260272      0.08190983      0.01421025 md_running
   209    104.50000000    112.79817190     27.65227811   1104.62759611    300.00000000      0.99963664      0.18365296   -786.75719127     -1.22232539   -787.97951666      0.08083444      0.05296865      0.07706797      0.01347241 md_running
   210    105.00000000    113.03956091     27.57256704   1120.28438463    300.00000000      0.99963468      0.18625602   -786.75564154     -1.22875973   -787.98440127      0.07520439      0.05333288      0.07099641      0.01253407 md_running
   211    105.50000000    113.29261052     27.49288528   1134.96601942    300.00000000      0.99963285      0.18869696   -786.75389491     -1.23520800   -787.98910291      0.06952606      0.05369595      0.06482296      0.01158768 md_running
   212    106.00000000    113.54886335     27.41290525   1148.08032556    300.00000000      0.99963122      0.19087732   -786.75183608     -1.24166968   -787.99350576      0.06517713      0.05405859      0.05992908      0.01086285 md_running
   213    106.50000000    113.79929897     27.33232618   1159.22772755    300.00000000      0.99962983      0.19273066   -786.74938355     -1.24814348   -787.99752703      0.06345653      0.05442156      0.05769251      0.01057609 md_running
   214    107.00000000    114.04758329     27.25089890   1168.29592178    300.00000000      0.99962870      0.19423832   -786.74650747     -1.25462743   -788.00113491      0.06506167      0.05478564      0.05887133      0.01084361 md_running
   215    107.50000000    114.30207994     27.16844590   1175.48917446    300.00000000      0.99962781      0.19543425   -786.74323499     -1.26111911   -788.00435410      0.06963218      0.05515157      0.06306261      0.01160536 md_running
   216    108.00000000    114.56268305     27.08487772   1181.27394415    300.00000000      0.99962712      0.19639601   -786.73964230     -1.26761572   -788.00725803      0.07597964      0.05551996      0.06894815      0.01266327 md_running
   217    108.50000000    114.82106534     27.00020353   1186.24068544    300.00000000      0.99962655      0.19722177   -786.73583103     -1.27411438   -788.00994541      0.08272309      0.05589129      0.07503435      0.01378718 md_running
   218    109.00000000    115.07709490     26.91453684   1190.92744538    300.00000000      0.99962604      0.19800098   -786.73190018     -1.28061222   -788.01251240      0.08875194      0.05626579      0.08016389      0.01479199 md_running
   219    109.50000000    115.33744526     26.82809125   1195.63211908    300.00000000      0.99962555      0.19878317   -786.72791294     -1.28710663   -788.01501957      0.09346402      0.05664345      0.08370456      0.01557734 md_running
   220    110.00000000    115.59576593     26.74116978   1200.27617881    300.00000000      0.99962505      0.19955528   -786.72387260     -1.29359533   -788.01746793      0.09680786      0.05702401      0.08559223      0.01613464 md_running
   221    110.50000000    115.85183597     26.65414647   1204.41114014    300.00000000      0.99962458      0.20024275   -786.71972299     -1.30007656   -788.01979955      0.09920215      0.05740696      0.08627920      0.01653369 md_running
   222    111.00000000    116.08799737     26.56743835   1207.38401381    300.00000000      0.99962420      0.20073702   -786.71537411     -1.30654921   -788.02192332      0.10133888      0.05779156      0.08656269      0.01688981 md_running
   223    111.50000000    116.33623515     26.48146873   1208.59110434    300.00000000      0.99962398      0.20093770   -786.71074515     -1.31301286   -788.02375802      0.10388214      0.05817691      0.08725921      0.01731369 md_running
   224    112.00000000    116.59023008     26.39662589   1207.71889693    300.00000000      0.99962396      0.20079269   -786.70580198     -1.31946794   -788.02526992      0.10714747      0.05856204      0.08882052      0.01785791 md_running
   225    112.50000000    116.83129081     26.31322289   1204.87210341    300.00000000      0.99962416      0.20031939   -786.70057842     -1.32591564   -788.02649407      0.11101345      0.05894597      0.09117107      0.01850224 md_running
   226    113.00000000    117.08295323     26.23146658   1200.52032668    300.00000000      0.99962454      0.19959587   -786.69516439     -1.33235786   -788.02752226      0.11506716      0.05932787      0.09383213      0.01917786 md_running
   227    113.50000000    117.33980183     26.15144216   1195.31842382    300.00000000      0.99962505      0.19873102   -786.68967410     -1.33879696   -788.02847105      0.11883588      0.05970708      0.09625077      0.01980598 md_running
   228    114.00000000    117.59643856     26.07311228   1189.88745802    300.00000000      0.99962562      0.19782808   -786.68421008     -1.34523544   -788.02944552      0.12205903      0.06008321      0.09811533      0.02034317 md_running
   229    114.50000000    117.87686569     25.99633110   1184.63394526    300.00000000      0.99962619      0.19695464   -786.67883139     -1.35167568   -788.03050707      0.12482623      0.06045615      0.09953473      0.02080437 md_running
   230    115.00000000    118.14900356     25.92086938   1179.70111456    300.00000000      0.99962674      0.19613452   -786.67354792     -1.35811957   -788.03166750      0.12750932      0.06082611      0.10098098      0.02125155 md_running
   231    115.50000000    118.42022810     25.84644489   1175.05934654    300.00000000      0.99962725      0.19536279   -786.66833752     -1.36456831   -788.03290584      0.13054085      0.06119354      0.10301926      0.02175681 md_running
   232    116.00000000    118.68617565     25.77275244   1170.66367352    300.00000000      0.99962774      0.19463197   -786.66317489     -1.37102229   -788.03419718      0.13419480      0.06155912      0.10600836      0.02236580 md_running
   233    116.50000000    118.95291664     25.69949133   1166.59362451    300.00000000      0.99962821      0.19395530   -786.65805714     -1.37748107   -788.03553820      0.13845487      0.06192371      0.10993940      0.02307581 md_running
   234    117.00000000    119.21643264     25.62638764   1163.11256618    300.00000000      0.99962863      0.19337654   -786.65301451     -1.38394353   -788.03695804      0.14306271      0.06228824      0.11448043      0.02384379 md_running
   235    117.50000000    119.47724928     25.55321217   1160.62879319    300.00000000      0.99962897      0.19296360   -786.64810522     -1.39040801   -788.03851323      0.14765291      0.06265366      0.11915374      0.02460882 md_running
   236    118.00000000    119.74326765     25.47979482   1159.60035917    300.00000000      0.99962917      0.19279261   -786.64339862     -1.39687249   -788.04027111      0.15185218      0.06302085      0.12348747      0.02530870 md_running
   237    118.50000000    120.02317404     25.40603597   1160.43727943    300.00000000      0.99962919      0.19293176   -786.63896016     -1.40333480   -788.04229496      0.15533094      0.06339056      0.12708892      0.02588849 md_running
   238    119.00000000    120.29423329     25.33191395   1163.40765446    300.00000000      0.99962898      0.19342560   -786.63483608     -1.40979278   -788.04462886      0.15786682      0.06376334      0.12969555      0.02631114 md_running
   239    119.50000000    120.57204433     25.25748892   1168.55216786    300.00000000      0.99962853      0.19428092   -786.63103899     -1.41624441   -788.04728340      0.15939179      0.06413951      0.13121774      0.02656530 md_running
   240    120.00000000    120.84980888     25.18290206   1175.64171043    300.00000000      0.99962785      0.19545961   -786.62754000     -1.42268791   -788.05022791      0.16002085      0.06451912      0.13177661      0.02667014 md_running
   241    120.50000000    121.10683976     25.10836809   1184.21133292    300.00000000      0.99962699      0.19688438   -786.62427493     -1.42912183   -788.05339676      0.16003107      0.06490193      0.13168219      0.02667185 md_running
   242    121.00000000    121.38031213     25.03415982   1193.65419572    300.00000000      0.99962601      0.19845433   -786.62115838     -1.43554509   -788.05670347      0.15975246      0.06528744      0.13131302      0.02662541 md_running
   243    121.50000000    121.65443126     24.96058449   1203.37050551    300.00000000      0.99962499      0.20006974   -786.61810793     -1.44195702   -788.06006495      0.15944526      0.06567496      0.13097098      0.02657421 md_running
   244    122.00000000    121.89714962     24.88795248   1212.91163492    300.00000000      0.99962399      0.20165603   -786.61506695     -1.44835745   -788.06342440      0.15921340      0.06606366      0.13077341      0.02653557 md_running
   245    122.50000000    122.15285012     24.81654317   1222.02798592    300.00000000      0.99962303      0.20317169   -786.61201190     -1.45474668   -788.06675859      0.15899304      0.06645266      0.13063661      0.02649884 md_running
   246    123.00000000    122.40138594     24.74657296   1230.61695418    300.00000000      0.99962214      0.20459967   -786.60894046     -1.46112557   -788.07006603      0.15864453      0.06684112      0.13038248      0.02644076 md_running
   247    123.50000000    122.67929420     24.67817090   1238.61094503    300.00000000      0.99962132      0.20592874   -786.60584918     -1.46749540   -788.07334458      0.15805219      0.06722836      0.12986616      0.02634203 md_running
   248    124.00000000    122.95266763     24.61136344   1245.91423634    300.00000000      0.99962057      0.20714297   -786.60272345     -1.47385790   -788.07658135      0.15716752      0.06761387      0.12902642      0.02619459 md_running
   249    124.50000000    123.20029161     24.54607209   1252.41260479    300.00000000      0.99961990      0.20822337   -786.59953807     -1.48021505   -788.07975312      0.15597891      0.06799742      0.12784466      0.02599649 md_running
   250    125.00000000    123.46569499     24.48212340   1257.98698576    300.00000000      0.99961932      0.20915016   -786.59626216     -1.48656894   -788.08283111      0.15450115      0.06837902      0.12632658      0.02575019 md_running
   251    125.50000000    123.73354409     24.41926917   1262.53319322    300.00000000      0.99961883      0.20990600   -786.59286023     -1.49292161   -788.08578184      0.15280137      0.06875894      0.12451881      0.02546690 md_running
   252    126.00000000    124.01614462     24.35721514   1265.99159101    300.00000000      0.99961846      0.21048098   -786.58930425     -1.49927479   -788.08857904      0.15094071      0.06913766      0.12246185      0.02515679 md_running
   253    126.50000000    124.29359755     24.29565511   1268.33949042    300.00000000      0.99961818      0.21087134   -786.58556976     -1.50562979   -788.09119956      0.14905171      0.06951582      0.12024190      0.02484195 md_running
   254    127.00000000    124.57574200     24.23430480   1269.58648446    300.00000000      0.99961801      0.21107866   -786.58163900     -1.51198731   -788.09362631      0.14724906      0.06989415      0.11797658      0.02454151 md_running
   255    127.50000000    124.85685153     24.17292605   1269.80831782    300.00000000      0.99961795      0.21111554   -786.57750948     -1.51834740   -788.09585688      0.14570898      0.07027340      0.11589144      0.02428483 md_running
   256    128.00000000    125.13505505     24.11134554   1269.15397419    300.00000000      0.99961797      0.21100675   -786.57319533     -1.52470952   -788.09790485      0.14466733      0.07065425      0.11427483      0.02411122 md_running
   257    128.50000000    125.41010915     24.04947218   1267.82645035    300.00000000      0.99961807      0.21078604   -786.56872500     -1.53107258   -788.09979758      0.14433062      0.07103730      0.11337782      0.02405510 md_running
   258    129.00000000    125.68807475     23.98730854   1266.08217651    300.00000000      0.99961821      0.21049604   -786.56414223     -1.53743505   -788.10157728      0.14479944      0.07142292      0.11333985      0.02413324 md_running
   259    129.50000000    125.95905600     23.92495151   1264.21877088    300.00000000      0.99961839      0.21018624   -786.55950486     -1.54379509   -788.10329995      0.14602326      0.07181127      0.11412099      0.02433721 md_running
   260    130.00000000    126.22081002     23.86258753   1262.50681632    300.00000000      0.99961856      0.20990161   -786.55487307     -1.55015071   -788.10502378      0.14786006      0.07220226      0.11554886      0.02464334 md_running
   261    130.50000000    126.50488162     23.80048785   1261.11906388    300.00000000      0.99961871      0.20967089   -786.55029520     -1.55649989   -788.10679508      0.15010689      0.07259550      0.11741192      0.02501781 md_running
   262    131.00000000    126.78572355     23.73899046   1260.11636375    300.00000000      0.99961882      0.20950418   -786.54580588     -1.56284068   -788.10864655      0.15255190      0.07299035      0.11952505      0.02542532 md_running
   263    131.50000000    127.06512412     23.67846431   1259.44919764    300.00000000      0.99961890      0.20939326   -786.54142432     -1.56917143   -788.11059574      0.15501105      0.07338598      0.12170912      0.02583517 md_running
   264    132.00000000    127.34527177     23.61927117   1258.93683890    300.00000000      0.99961895      0.20930808   -786.53714746     -1.57549093   -788.11263839      0.15732541      0.07378143      0.12376708      0.02622090 md_running
   265    132.50000000    127.62483566     23.56173359   1258.27098815    300.00000000      0.99961900      0.20919737   -786.53294678     -1.58179850   -788.11474529      0.15934230      0.07417573      0.12552465      0.02655705 md_running
   266    133.00000000    127.90342114     23.50610472   1257.05256512    300.00000000      0.99961908      0.20899480   -786.52877474     -1.58809406   -788.11686879      0.16100080      0.07456796      0.12692861      0.02683347 md_running
   267    133.50000000    128.18202072     23.45254405   1254.84332254    300.00000000      0.99961923      0.20862750   -786.52456926     -1.59437811   -788.11894736      0.16235321      0.07495738      0.12808136      0.02705887 md_running
   268    134.00000000    128.46343769     23.40110112   1251.24220348    300.00000000      0.99961951      0.20802878   -786.52026704     -1.60065176   -788.12091879      0.16354352      0.07534344      0.12919241      0.02725725 md_running
   269    134.50000000    128.74392345     23.35171283   1245.97296945    300.00000000      0.99961993      0.20715273   -786.51581699     -1.60691659   -788.12273358      0.16466079      0.07572586      0.13039375      0.02744346 md_running
   270    135.00000000    129.02241962     23.30421604   1238.95592849    300.00000000      0.99962052      0.20598609   -786.51119324     -1.61317452   -788.12436776      0.16569545      0.07610465      0.13165595      0.02761591 md_running
   271    135.50000000    129.26555193     23.25837235   1230.35186542    300.00000000      0.99962129      0.20455560   -786.50640547     -1.61942756   -788.12583303      0.16651408      0.07648005      0.13277462      0.02775235 md_running
   272    136.00000000    129.52216716     23.21389844   1220.50532325    300.00000000      0.99962221      0.20291854   -786.50149247     -1.62567763   -788.12717010      0.16689132      0.07685250      0.13343766      0.02781522 md_running
   273    136.50000000    129.77446563     23.17049661   1209.79073342    300.00000000      0.99962325      0.20113715   -786.49649588     -1.63192638   -788.12842226      0.16667656      0.07722261      0.13343419      0.02777943 md_running
   274    137.00000000    130.02077536     23.12788025   1198.46795255    300.00000000      0.99962438      0.19925465   -786.49143906     -1.63817504   -788.12961410      0.16588663      0.07759104      0.13276978      0.02764777 md_running
   275    137.50000000    130.26822798     23.08579556   1186.64889728    300.00000000      0.99962559      0.19728964   -786.48632029     -1.64442435   -788.13074464      0.16473519      0.07795849      0.13167114      0.02745586 md_running
   276    138.00000000    130.51922102     23.04404313   1174.35540463    300.00000000      0.99962687      0.19524575   -786.48112847     -1.65067453   -788.13180300      0.16354545      0.07832562      0.13051719      0.02725758 md_running
   277    138.50000000    130.75110706     23.00249366   1161.58303618    300.00000000      0.99962824      0.19312225   -786.47585358     -1.65692522   -788.13277881      0.16266583      0.07869299      0.12971560      0.02711097 md_running
   278    139.00000000    130.97334868     22.96110251   1148.36705989    300.00000000      0.99962968      0.19092499   -786.47049814     -1.66317557   -788.13367371      0.16236008      0.07906100      0.12956897      0.02706001 md_running
   279    139.50000000    131.21326281     22.91992071   1134.84083953    300.00000000      0.99963120      0.18867615   -786.46508969     -1.66942420   -788.13451389      0.16269904      0.07942982      0.13014371      0.02711651 md_running
   280    140.00000000    131.44911610     22.87909729   1121.25168356    300.00000000      0.99963279      0.18641684   -786.45968253     -1.67566931   -788.13535184      0.16354391      0.07979937      0.13126764      0.02725732 md_running
   281    140.50000000    131.69554480     22.83886997   1107.91057118    300.00000000      0.99963440      0.18419878   -786.45434938     -1.68190884   -788.13625822      0.16465592      0.08016929      0.13264853      0.02744265 md_running
   282    141.00000000    131.95153001     22.79954714   1095.11365157    300.00000000      0.99963600      0.18207119   -786.44916593     -1.68814058   -788.13730651      0.16580208      0.08053899      0.13401342      0.02763368 md_running
   283    141.50000000    132.20478422     22.76147926   1083.07636196    300.00000000      0.99963756      0.18006990   -786.44419795     -1.69436240   -788.13856035      0.16683461      0.08090766      0.13521580      0.02780577 md_running
   284    142.00000000    132.45076084     22.72501963   1071.89169479    300.00000000      0.99963904      0.17821036   -786.43949035     -1.70057245   -788.14006280      0.16772729      0.08127438      0.13626109      0.02795455 md_running
   285    142.50000000    132.69263204     22.69048266   1061.51926572    300.00000000      0.99964045      0.17648586   -786.43506342     -1.70676936   -788.14183278      0.16857030      0.08163825      0.13729390      0.02809505 md_running
   286    143.00000000    132.94620096     22.65810630   1051.80437144    300.00000000      0.99964178      0.17487069   -786.43091127     -1.71295241   -788.14386368      0.16954372      0.08199845      0.13855974      0.02825729 md_running
   287    143.50000000    133.20485976     22.62802564   1042.53359653    300.00000000      0.99964306      0.17332935   -786.42700954     -1.71912158   -788.14613112      0.17085279      0.08235435      0.14031320      0.02847546 md_running
   288    144.00000000    133.45424354     22.60026167   1033.53156915    300.00000000      0.99964431      0.17183269   -786.42333070     -1.72527753   -788.14860822      0.17260517      0.08270558      0.14268336      0.02876753 md_running
   289    144.50000000    133.69450738     22.57472226   1024.74500546    300.00000000      0.99964556      0.17037186   -786.41985964     -1.73142154   -788.15128119      0.17471187      0.08305204      0.14555554      0.02911865 md_running
   290    145.00000000    133.93690578     22.55121418   1016.24805816    300.00000000      0.99964680      0.16895917   -786.41659454     -1.73755538   -788.15414992      0.17688474      0.08339392      0.14856564      0.02948079 md_running
   291    145.50000000    134.18122397     22.52946607   1008.16248437    300.00000000      0.99964801      0.16761488   -786.41353522     -1.74368109   -788.15721630      0.17875680      0.08373164      0.15126149      0.02979280 md_running
   292    146.00000000    134.41971520     22.50915602   1000.54778020    300.00000000      0.99964916      0.16634888   -786.41066638     -1.74980079   -788.16046717      0.18007418      0.08406584      0.15333127      0.03001236 md_running
   293    146.50000000    134.66037538     22.48994084    993.33100654    300.00000000      0.99965027      0.16514903   -786.40794789     -1.75591654   -788.16386443      0.18080851      0.08439726      0.15472954      0.03013475 md_running
   294    147.00000000    134.89458025     22.47148463    986.32689683    300.00000000      0.99965134      0.16398455   -786.40531979     -1.76203009   -788.16734989      0.18112163      0.08472674      0.15563521      0.03018694 md_running
   295    147.50000000    135.13343564     22.45348586    979.35083673    300.00000000      0.99965241      0.16282472   -786.40272520     -1.76814282   -788.17086803      0.18125622      0.08505510      0.15632168      0.03020937 md_running
   296    148.00000000    135.37986235     22.43570064    972.34179475    300.00000000      0.99965351      0.16165941   -786.40013337     -1.77425557   -788.17438893      0.18138206      0.08538307      0.15697199      0.03023034 md_running
   297    148.50000000    135.63186381     22.41796257    965.42633988    300.00000000      0.99965462      0.16050966   -786.39755174     -1.78036858   -788.17792032      0.18152041      0.08571128      0.15759039      0.03025340 md_running
   298    149.00000000    135.87989305     22.40019905    958.91074114    300.00000000      0.99965571      0.15942640   -786.39502722     -1.78648147   -788.18150869      0.18152141      0.08604015      0.15799646      0.03025357 md_running
   299    149.50000000    136.11570865     22.38243953    953.19839550    300.00000000      0.99965672      0.15847667   -786.39263135     -1.79259321   -788.18522456      0.18115096      0.08636983      0.15792787      0.03019183 md_running
   300    150.00000000    136.36789797     22.36481281    948.67508500    300.00000000      0.99965757      0.15772464   -786.39044122     -1.79870227   -788.18914349      0.18019233      0.08670023      0.15715480      0.03003205 md_running
   301    150.50000000    136.61164555     22.34753339    945.60364220    300.00000000      0.99965821      0.15721399   -786.38852167     -1.80480670   -788.19332837      0.17853628      0.08703101      0.15557835      0.02975605 md_running
   302    151.00000000    136.87990396     22.33087714    944.03098171    300.00000000      0.99965860      0.15695252   -786.38690601     -1.81090440   -788.19781041      0.17624353      0.08736159      0.15329784      0.02937392 md_running
   303    151.50000000    137.16072130     22.31514757    943.75180316    300.00000000      0.99965874      0.15690610   -786.38558705     -1.81699330   -788.20258035      0.17358248      0.08769125      0.15065576      0.02893041 md_running
   304    152.00000000    137.42648148     22.30063507    944.36016204    300.00000000      0.99965870      0.15700725   -786.38452292     -1.82307166   -788.20759458      0.17102014      0.08801920      0.14823228      0.02850336 md_running
   305    152.50000000    137.69130963     22.28757514    945.35616569    300.00000000      0.99965855      0.15717284   -786.38365035     -1.82913832   -788.21278866      0.16916567      0.08834472      0.14676881      0.02819428 md_running
   306    153.00000000    137.96657565     22.27611462    946.30344392    300.00000000      0.99965838      0.15733033   -786.38290838     -1.83519284   -788.21810123      0.16862231      0.08866725      0.14697594      0.02810372 md_running
   307    153.50000000    138.24401738     22.26629136    947.00443303    300.00000000      0.99965824      0.15744688   -786.38226676     -1.84123563   -788.22350240      0.16978457      0.08898642      0.14928109      0.02829743 md_running
   308    154.00000000    138.52158364     22.25803028    947.62713011    300.00000000      0.99965814      0.15755041   -786.38174626     -1.84726789   -788.22901415      0.17264520      0.08930215      0.15360755      0.02877420 md_running
   309    154.50000000    138.78858353     22.25115420    948.74064015    300.00000000      0.99965802      0.15773554   -786.38142679     -1.85329151   -788.23471830      0.17672156      0.08961460      0.15932393      0.02945359 md_running
   310    155.00000000    139.05793600     22.24540624    951.20140291    300.00000000      0.99965775      0.15814466   -786.38143087     -1.85930884   -788.24073971      0.18118919      0.08992413      0.16545147      0.03019820 md_running
   311    155.50000000    139.33517439     22.24047623    955.90439373    300.00000000      0.99965718      0.15892657   -786.38188196     -1.86532253   -788.24720450      0.18513228      0.09023130      0.17095916      0.03085538 md_running
   312    156.00000000    139.61915908     22.23602691    963.52408497    300.00000000      0.99965618      0.16019340   -786.38286399     -1.87133532   -788.25419931      0.18782841      0.09053677      0.17508086      0.03130473 md_running
   313    156.50000000    139.89236167     22.23171553    974.33280845    300.00000000      0.99965470      0.16199043   -786.38439148     -1.87734979   -788.26174127      0.18891028      0.09084127      0.17744958      0.03148505 md_running
   314    157.00000000    140.15941379     22.22721272    988.15764302    300.00000000      0.99965274      0.16428892   -786.38640453     -1.88336834   -788.26977287      0.18839851      0.09114559      0.17811589      0.03139975 md_running
   315    157.50000000    140.43525855     22.22221835   1004.50104881    300.00000000      0.99965041      0.16700614   -786.38879046     -1.88939297   -788.27818343      0.18660421      0.09145046      0.17742917      0.03110070 md_running
   316    158.00000000    140.70878708     22.21647573   1022.76900068    300.00000000      0.99964783      0.17004333   -786.39142447     -1.89542530   -788.28684977      0.18400609      0.09175660      0.17590626      0.03066768 md_running
   317    158.50000000    140.98614787     22.20978414   1042.49002718    300.00000000      0.99964510      0.17332210   -786.39420850     -1.90146645   -788.29567495      0.18105083      0.09206463      0.17401988      0.03017514 md_running
   318    159.00000000    141.26001402     22.20200977   1063.43157732    300.00000000      0.99964229      0.17680380   -786.39709109     -1.90751699   -788.30460808      0.17803889      0.09237501      0.17207583      0.02967315 md_running
   319    159.50000000    141.51188858     22.19309474   1085.62613653    300.00000000      0.99963943      0.18049382   -786.40007254     -1.91357699   -788.31364953      0.17517217      0.09268804      0.17027856      0.02919536 md_running
   320    160.00000000    141.75121667     22.18305816   1109.31341744    300.00000000      0.99963652      0.18443201   -786.40319620     -1.91964594   -788.32284214      0.17253096      0.09300382      0.16870820      0.02875516 md_running
   321    160.50000000    142.02676416     22.17198707   1134.79060088    300.00000000      0.99963354      0.18866780   -786.40652149     -1.92572295   -788.33224444      0.17006796      0.09332228      0.16732053      0.02834466 md_running
   322    161.00000000    142.29390690     22.16001598   1162.22598798    300.00000000      0.99963046      0.19322914   -786.41009082     -1.93180683   -788.34189765      0.16768517      0.09364319      0.16602458      0.02794753 md_running
   323    161.50000000    142.57237397     22.14729713   1191.50508159    300.00000000      0.99962731      0.19809702   -786.41390008     -1.93789638   -788.35179645      0.16533347      0.09396626      0.16478502      0.02755558 md_running
   324    162.00000000    142.85036644     22.13396566   1222.15079507    300.00000000      0.99962413      0.20319211   -786.41788266     -1.94399056   -788.36187322      0.16310709      0.09429118      0.16370061      0.02718451 md_running
   325    162.50000000    143.13067580     22.12010711   1253.35715068    300.00000000      0.99962101      0.20838041   -786.42191065     -1.95008878   -788.37199943      0.16132016      0.09461776      0.16307226      0.02688669 md_running
   326    163.00000000    143.39867660     22.10573550   1284.18398199    300.00000000      0.99961803      0.21350561   -786.42582430     -1.95619100   -788.38201530      0.16047369      0.09494598      0.16336861      0.02674561 md_running
   327    163.50000000    143.66847480     22.09078377   1313.89963279    300.00000000      0.99961527      0.21844607   -786.42949139     -1.96229779   -788.39178918      0.16101013      0.09527599      0.16498955      0.02683502 md_running
   328    164.00000000    143.94916295     22.07510527   1342.28949344    300.00000000      0.99961275      0.22316611   -786.43286024     -1.96841031   -788.40127055      0.16292942      0.09560817      0.16788898      0.02715490 md_running
   329    164.50000000    144.22461326     22.05848732   1369.78632365    300.00000000      0.99961044      0.22773767   -786.43598177     -1.97453016   -788.41051194      0.16565119      0.09594306      0.17147452      0.02760853 md_running
   330    165.00000000    144.50369229     22.04066880   1397.37928640    300.00000000      0.99960825      0.23232521   -786.43899872     -1.98065927   -788.41965799      0.16817768      0.09628136      0.17476642      0.02802961 md_running
   331    165.50000000    144.77763889     22.02136041   1426.28674899    300.00000000      0.99960610      0.23713130   -786.44208860     -1.98679963   -788.42888822      0.16946349      0.09662391      0.17675573      0.02824392 md_running
   332    166.00000000    145.05082478     22.00026651   1457.52204668    300.00000000      0.99960390      0.24232442   -786.44539475     -1.99295318   -788.43834793      0.16882510      0.09697160      0.17679483      0.02813752 md_running
   333    166.50000000    145.32741628     21.97710652   1491.53614418    300.00000000      0.99960160      0.24797953   -786.44896500     -1.99912163   -788.44808663      0.16625029      0.09732534      0.17487803      0.02770838 md_running
   334    167.00000000    145.58850660     21.95163770   1528.09767796    300.00000000      0.99959921      0.25405817   -786.45273352     -2.00530624   -788.45803977      0.16251749      0.09768601      0.17175021      0.02708625 md_running
   335    167.50000000    145.84792529     21.92367734   1566.43110806    300.00000000      0.99959679      0.26043140   -786.45655007     -2.01150777   -788.46805784      0.15893931      0.09805439      0.16864136      0.02648988 md_running
   336    168.00000000    146.11912130     21.89312209   1605.50484522    300.00000000      0.99959442      0.26692771   -786.46022709     -2.01772633   -788.47795342      0.15695863      0.09843106      0.16688554      0.02615977 md_running
   337    168.50000000    146.39396310     21.85996119   1644.36880435    300.00000000      0.99959214      0.27338915   -786.46360094     -2.02396139   -788.48756233      0.15766262      0.09881639      0.16748947      0.02627710 md_running
   338    169.00000000    146.66816984     21.82427932   1682.43314487    300.00000000      0.99959000      0.27971764   -786.46657801     -2.03021178   -788.49678980      0.16139795      0.09921045      0.17079763      0.02689966 md_running
   339    169.50000000    146.94208449     21.78624657   1719.61348631    300.00000000      0.99958801      0.28589916   -786.46915986     -2.03647583   -788.50563568      0.16768434      0.09961305      0.17641193      0.02794739 md_running
   340    170.00000000    147.22272634     21.74609617   1756.29976795    300.00000000      0.99958614      0.29199855   -786.47143487     -2.04275152   -788.51418639      0.17537876      0.10002382      0.18329675      0.02922979 md_running
   341    170.50000000    147.50190754     21.70409613   1793.15434520    300.00000000      0.99958436      0.29812591   -786.47354184     -2.04903673   -788.52257857      0.18307391      0.10044219      0.19013853      0.03051232 md_running
   342    171.00000000    147.77847535     21.66051625   1830.80428638    300.00000000      0.99958263      0.30438550   -786.47561426     -2.05532943   -788.53094369      0.18945931      0.10086758      0.19568274      0.03157655 md_running
   343    171.50000000    148.05813625     21.61559619   1869.51096359    300.00000000      0.99958092      0.31082079   -786.47772146     -2.06162788   -788.53934934      0.19359331      0.10129942      0.19900281      0.03226555 md_running
   344    172.00000000    148.31504114     21.56951993   1908.93066178    300.00000000      0.99957924      0.31737462   -786.47982435     -2.06793079   -788.54775514      0.19509662      0.10173730      0.19969524      0.03251610 md_running
   345    172.50000000    148.56104672     21.52240362   1948.08813577    300.00000000      0.99957761      0.32388486   -786.48176859     -2.07423737   -788.55600596      0.19418486      0.10218095      0.19792174      0.03236414 md_running
   346    173.00000000    148.80655533     21.47429820   1985.61435035    300.00000000      0.99957609      0.33012388   -786.48332570     -2.08054734   -788.56387304      0.19154392      0.10263030      0.19430989      0.03192399 md_running
   347    173.50000000    149.05344438     21.42520107   2020.13071508    300.00000000      0.99957471      0.33586250   -786.48426118     -2.08686081   -788.57112199      0.18808563      0.10308541      0.18971784      0.03134761 md_running
   348    174.00000000    149.30283155     21.37507423   2050.59229539    300.00000000      0.99957351      0.34092698   -786.48439265     -2.09317816   -788.57757081      0.18477761      0.10354644      0.18505821      0.03079627 md_running
   349    174.50000000    149.55103481     21.32386910   2076.49967874    300.00000000      0.99957250      0.34523428   -786.48362930     -2.09949990   -788.58312919      0.18247911      0.10401358      0.18115215      0.03041318 md_running
   350    175.00000000    149.79870810     21.27155435   2097.91096339    300.00000000      0.99957168      0.34879407   -786.48197760     -2.10582643   -788.58780403      0.18188701      0.10448696      0.17867983      0.03031450 md_running
   351    175.50000000    150.05156041     21.21814171   2115.25232132    300.00000000      0.99957102      0.35167721   -786.47950995     -2.11215793   -788.59166787      0.18355569      0.10496655      0.17821197      0.03059262 md_running
   352    176.00000000    150.30071122     21.16370915   2129.06139453    300.00000000      0.99957050      0.35397308   -786.47632400     -2.11849416   -788.59481816      0.18786492      0.10545213      0.18019661      0.03131082 md_running
   353    176.50000000    150.55516798     21.10841752   2139.77086934    300.00000000      0.99957010      0.35575361   -786.47250690     -2.12483441   -788.59734132      0.19500672      0.10594315      0.18491662      0.03250112 md_running
   354    177.00000000    150.80436375     21.05252021   2147.60647978    300.00000000      0.99956979      0.35705634   -786.46812143     -2.13117747   -788.59929889      0.20488533      0.10643875      0.19239419      0.03414756 md_running
   355    177.50000000    151.05051883     20.99635827   2152.62491986    300.00000000      0.99956958      0.35789070   -786.46321002     -2.13752164   -788.60073166      0.21700106      0.10693769      0.20220840      0.03616684 md_running
   356    178.00000000    151.28256767     20.94034309   2154.79224681    300.00000000      0.99956946      0.35825103   -786.45781131     -2.14386490   -788.60167621      0.23055651      0.10743845      0.21356293      0.03842609 md_running
   357    178.50000000    151.53043324     20.88493498   2154.05541288    300.00000000      0.99956944      0.35812853   -786.45196383     -2.15020503   -788.60216886      0.24457325      0.10793925      0.22542029      0.04076221 md_running
   358    179.00000000    151.78807874     20.83061716   2150.50272519    300.00000000      0.99956951      0.35753786   -786.44573206     -2.15653976   -788.60227181      0.25804731      0.10843815      0.23673719      0.04300788 md_running
   359    179.50000000    152.03605498     20.77785400   2144.45626757    300.00000000      0.99956967      0.35653259   -786.43922569     -2.16286695   -788.60209265      0.27019678      0.10893321      0.24666514      0.04503280 md_running
   360    180.00000000    152.28666022     20.72705598   2136.37990571    300.00000000      0.99956990      0.35518983   -786.43256551     -2.16918480   -788.60175032      0.28065345      0.10942265      0.25476494      0.04677557 md_running
   361    180.50000000    152.53428501     20.67855900   2126.93769304    300.00000000      0.99957019      0.35361999   -786.42589917     -2.17549186   -788.60139104      0.28934708      0.10990491      0.26100393      0.04822451 md_running
   362    181.00000000    152.79222696     20.63260575   2117.02025456    300.00000000      0.99957051      0.35197114   -786.41940840     -2.18178714   -788.60119553      0.29657500      0.11037881      0.26574783      0.04942917 md_running
   363    181.50000000    153.04149309     20.58935005   2107.59733120    300.00000000      0.99957084      0.35040451   -786.41327354     -2.18807005   -788.60134358      0.30282655      0.11084347      0.26960771      0.05047109 md_running
   364    182.00000000    153.27229711     20.54887607   2099.58109014    300.00000000      0.99957114      0.34907174   -786.40766128     -2.19434033   -788.60200162      0.30867403      0.11129830      0.27331279      0.05144567 md_running
   365    182.50000000    153.51576473     20.51122024   2093.73347153    300.00000000      0.99957138      0.34809953   -786.40270573     -2.20059797   -788.60330370      0.31460310      0.11174291      0.27751245      0.05243385 md_running
   366    183.00000000    153.76741220     20.47638773   2090.69244091    300.00000000      0.99957154      0.34759394   -786.39851550     -2.20684307   -788.60535857      0.32073246      0.11217701      0.28247089      0.05345541 md_running
   367    183.50000000    154.01753283     20.44435256   2091.07198140    300.00000000      0.99957159      0.34765704   -786.39519210     -2.21307594   -788.60826803      0.32664900      0.11260047      0.28786131      0.05444150 md_running
   368    184.00000000    154.25943029     20.41504311   2095.52842979    300.00000000      0.99957151      0.34839796   -786.39284104     -2.21929708   -788.61213812      0.33138242      0.11301332      0.29272995      0.05523040 md_running
   369    184.50000000    154.50571320     20.38831299   2104.66031151    300.00000000      0.99957128      0.34991620   -786.39155198     -2.22550737   -788.61705935      0.33387240      0.11341594      0.29597412      0.05564540 md_running
   370    185.00000000    154.73620624     20.36390718   2118.81984018    300.00000000      0.99957089      0.35227034   -786.39135775     -2.23170820   -788.62306595      0.33340660      0.11380919      0.29680673      0.05556777 md_running
   371    185.50000000    154.97464035     20.34144021   2138.06620256    300.00000000      0.99957033      0.35547019   -786.39222622     -2.23790147   -788.63012770      0.32973498      0.11419451      0.29486976      0.05495583 md_running
   372    186.00000000    155.22509276     20.32040114   2162.25781108    300.00000000      0.99956962      0.35949224   -786.39407591     -2.24408959   -788.63816550      0.32305826      0.11457400      0.29026064      0.05384304 md_running
   373    186.50000000    155.48039881     20.30017063   2191.22063201    300.00000000      0.99956877      0.36430753   -786.39680626     -2.25027531   -788.64708157      0.31383859      0.11495028      0.28334723      0.05230643 md_running
   374    187.00000000    155.72994222     20.28004403   2224.87536091    300.00000000      0.99956780      0.36990290   -786.40032552     -2.25646160   -788.65678712      0.30264776      0.11532648      0.27462066      0.05044129 md_running
   375    187.50000000    155.96043135     20.25925566   2263.17029485    300.00000000      0.99956671      0.37626973   -786.40453942     -2.26265152   -788.66719094      0.29007860      0.11570612      0.26460814      0.04834643 md_running
   376    188.00000000    156.20712561     20.23700139   2305.91499687    300.00000000      0.99956552      0.38337637   -786.40932399     -2.26884811   -788.67817210      0.27680124      0.11609302      0.25394661      0.04613354 md_running
   377    188.50000000    156.45397748     20.21245559   2352.69881878    300.00000000      0.99956425      0.39115454   -786.41451364     -2.27505431   -788.68956795      0.26366299      0.11649124      0.24348566      0.04394383 md_running
   378    189.00000000    156.69681898     20.18478233   2402.84470474    300.00000000      0.99956294      0.39949169   -786.41989820     -2.28127292   -788.70117112      0.25161164      0.11690503      0.23416703      0.04193527 md_running
   379    189.50000000    156.94854506     20.15315487   2455.41011500    300.00000000      0.99956160      0.40823110   -786.42521962     -2.28750650   -788.71272612      0.24169909      0.11733874      0.22699462      0.04028318 md_running
   380    190.00000000    157.20125246     20.11678610   2509.33915435    300.00000000      0.99956027      0.41719722   -786.43020251     -2.29375727   -788.72395978      0.23489179      0.11779675      0.22281789      0.03914863 md_running
   381    190.50000000    157.45636885     20.07496826   2563.71610791    300.00000000      0.99955897      0.42623781   -786.43460425     -2.30002693   -788.73463118      0.23164099      0.11828320      0.22182370      0.03860683 md_running
   382    191.00000000    157.70842000     20.02712636   2618.09734375    300.00000000      0.99955773      0.43527912   -786.43826680     -2.30631644   -788.74458324      0.23186911      0.11880181      0.22369481      0.03864485 md_running
   383    191.50000000    157.94899019     19.97286625   2672.61036757    300.00000000      0.99955654      0.44434233   -786.44117170     -2.31262595   -788.75379765      0.23490997      0.11935561      0.22759865      0.03915166 md_running
   384    192.00000000    158.19572655     19.91201877   2727.60464706    300.00000000      0.99955539      0.45348556   -786.44334651     -2.31895461   -788.76230112      0.23973599      0.11994668      0.23238461      0.03995600 md_running
   385    192.50000000    158.44920003     19.84468080   2783.33765613    300.00000000      0.99955428      0.46275161   -786.44483569     -2.32530059   -788.77013628      0.24573864      0.12057588      0.23740974      0.04095644 md_running
   386    193.00000000    158.72571771     19.77123336   2840.02246733    300.00000000      0.99955319      0.47217590   -786.44570908     -2.33166104   -788.77737012      0.25299693      0.12124269      0.24281063      0.04216615 md_running
   387    193.50000000    159.00203434     19.69233409   2898.18372712    300.00000000      0.99955213      0.48184567   -786.44611069     -2.33803234   -788.78414303      0.26212061      0.12194511      0.24945284      0.04368677 md_running
   388    194.00000000    159.23712172     19.60887473   2959.34123550    300.00000000      0.99955107      0.49201358   -786.44639437     -2.34441029   -788.79080467      0.27372390      0.12267978      0.25837832      0.04562065 md_running
   389    194.50000000    159.47907586     19.52191876   3026.09274164    300.00000000      0.99954998      0.50311154   -786.44713696     -2.35079053   -788.79792749      0.28773494      0.12344218      0.26986022      0.04795582 md_running
   390    195.00000000    159.70901583     19.43267514   3100.41176994    300.00000000      0.99954883      0.51546766   -786.44885243     -2.35716867   -788.80602109      0.30252044      0.12422663      0.28238470      0.05042007 md_running
   391    195.50000000    159.92766488     19.34249603   3181.08473715    300.00000000      0.99954760      0.52888017   -786.45150064     -2.36354039   -788.81504103      0.31658146      0.12502625      0.29444646      0.05276358 md_running
   392    196.00000000    160.17233164     19.25288387   3264.01547331    300.00000000      0.99954637      0.54266805   -786.45451940     -2.36990144   -788.82442085      0.33107928      0.12583280      0.30734699      0.05517988 md_running
   393    196.50000000    160.41601416     19.16538846   3344.84178629    300.00000000      0.99954521      0.55610606   -786.45739807     -2.37624795   -788.83364602      0.34726757      0.12663723      0.32242933      0.05787793 md_running
   394    197.00000000    160.65275893     19.08149200   3419.89757769    300.00000000      0.99954415      0.56858467   -786.45970335     -2.38257661   -788.84227995      0.36418309      0.12743034      0.33868990      0.06069718 md_running
   395    197.50000000    160.89504387     19.00252619   3486.69757863    300.00000000      0.99954324      0.57969069   -786.46119216     -2.38888489   -788.85007706      0.38004532      0.12820332      0.35428781      0.06334089 md_running
   396    198.00000000    161.13830885     18.92958765   3544.32595920    300.00000000      0.99954247      0.58927186   -786.46185316     -2.39517115   -788.85702430      0.39239565      0.12894837      0.36674984      0.06539928 md_running
   397    198.50000000    161.38213405     18.86346650   3593.17332747    300.00000000      0.99954184      0.59739311   -786.46189372     -2.40143460   -788.86332832      0.39871686      0.12965926      0.37359505      0.06645281 md_running
   398    199.00000000    161.62028621     18.80458467   3634.32225016    300.00000000      0.99954132      0.60423444   -786.46156142     -2.40767544   -788.86923685      0.39727260      0.13033188      0.37312718      0.06621210 md_running
   399    199.50000000    161.86255979     18.75298343   3668.35146163    300.00000000      0.99954089      0.60989206   -786.46097821     -2.41389467   -788.87487288      0.38804225      0.13096453      0.36540349      0.06467371 md_running
   400    200.00000000    162.09921042     18.70835624   3694.76663720    300.00000000      0.99954056      0.61428379   -786.46002952     -2.42009401   -788.88012353      0.37268591      0.13155776      0.35221352      0.06211432 md_running
   401    200.50000000    162.34138043     18.67010097   3712.33730414    300.00000000      0.99954031      0.61720505   -786.45843278     -2.42627565   -788.88470843      0.35386177      0.13211422      0.33632710      0.05897696 md_running
   402    201.00000000    162.60108507     18.63739393   3719.78324564    300.00000000      0.99954018      0.61844300   -786.45585703     -2.43244213   -788.88829916      0.33447601      0.13263819      0.32068726      0.05574600 md_running
   403    201.50000000    162.85274745     18.60927293   3716.35446385    300.00000000      0.99954016      0.61787294   -786.45206664     -2.43859608   -788.89066273      0.31717418      0.13313513      0.30780352      0.05286236 md_running
   404    202.00000000    163.09689227     18.58472963   3702.24971401    300.00000000      0.99954025      0.61552791   -786.44694365     -2.44474010   -788.89168375      0.30335367      0.13361098      0.29882450      0.05055895 md_running
   405    202.50000000    163.33853409     18.56276901   3678.65140645    300.00000000      0.99954046      0.61160451   -786.44057579     -2.45087660   -788.89145239      0.29348682      0.13407183      0.29385893      0.04891447 md_running
   406    203.00000000    163.57926097     18.54246141   3647.38927213    300.00000000      0.99954077      0.60640694   -786.43313827     -2.45700778   -788.89014604      0.28712692      0.13452350      0.29214192      0.04785449 md_running
   407    203.50000000    163.82798762     18.52297713   3610.42125099    300.00000000      0.99954116      0.60026071   -786.42485909     -2.46313552   -788.88799461      0.28359806      0.13497130      0.29275165      0.04726634 md_running
   408    204.00000000    164.07563695     18.50361561   3569.34652568    300.00000000      0.99954162      0.59343172   -786.41589927     -2.46926134   -788.88516061      0.28224652      0.13541984      0.29488259      0.04704109 md_running
   409    204.50000000    164.31953249     18.48382797   3525.74307283    300.00000000      0.99954212      0.58618231   -786.40644875     -2.47538637   -788.88183513      0.28237712      0.13587277      0.29775525      0.04706285 md_running
   410    205.00000000    164.55906253     18.46323662   3481.29730567    300.00000000      0.99954265      0.57879285   -786.39672856     -2.48151134   -788.87823990      0.28347159      0.13633273      0.30090628      0.04724526 md_running
   411    205.50000000    164.80354327     18.44162614   3437.43573372    300.00000000      0.99954320      0.57150052   -786.38696414     -2.48763658   -788.87460072      0.28509392      0.13680130      0.30403781      0.04751565 md_running
   412    206.00000000    165.03878071     18.41889754   3395.26096693    300.00000000      0.99954375      0.56448864   -786.37730893     -2.49376216   -788.87107109      0.28700483      0.13727929      0.30703183      0.04783414 md_running
   413    206.50000000    165.28391643     18.39504479   3355.50169469    300.00000000      0.99954429      0.55787835   -786.36788939     -2.49988795   -788.86777734      0.28910984      0.13776693      0.30988826      0.04818497 md_running
   414    207.00000000    165.52855188     18.37012750   3318.47824588    300.00000000      0.99954480      0.55172291   -786.35876903     -2.50601371   -788.86478274      0.29130705      0.13826398      0.31259031      0.04855117 md_running
   415    207.50000000    165.77154198     18.34423766   3284.02286727    300.00000000      0.99954528      0.54599444   -786.34992972     -2.51213914   -788.86206886      0.29360615      0.13876996      0.31523457      0.04893436 md_running
   416    208.00000000    166.01385112     18.31746550   3251.43731263    300.00000000      0.99954575      0.54057683   -786.34126859     -2.51826394   -788.85953253      0.29603410      0.13928439      0.31796466      0.04933902 md_running
   417    208.50000000    166.25103819     18.28985845   3219.60550366    300.00000000      0.99954620      0.53528455   -786.33260001     -2.52438798   -788.85698799      0.29874102      0.13980708      0.32102887      0.04979017 md_running
   418    209.00000000    166.48602875     18.26138902   3187.36189733    300.00000000      0.99954666      0.52992379   -786.32371760     -2.53051127   -788.85422886      0.30200467      0.14033833      0.32479295      0.05033411 md_running
   419    209.50000000    166.73961264     18.23193177   3154.18241937    300.00000000      0.99954714      0.52440745   -786.31450727     -2.53663405   -788.85114132      0.30617851      0.14087916      0.32963228      0.05102975 md_running
   420    210.00000000    166.98953494     18.20126315   3120.76746378    300.00000000      0.99954765      0.51885195   -786.30505072     -2.54275680   -788.84780752      0.31128728      0.14143128      0.33532041      0.05188121 md_running
   421    210.50000000    167.23334691     18.16914036   3089.34183759    300.00000000      0.99954815      0.51362719   -786.29568507     -2.54888004   -788.84456511      0.31673789      0.14199660      0.34116146      0.05278965 md_running
   422    211.00000000    167.47404997     18.13535489   3062.99392883    300.00000000      0.99954862      0.50924665   -786.28691811     -2.55500427   -788.84192238      0.32140096      0.14257678      0.34576066      0.05356683 md_running
   423    211.50000000    167.72656020     18.09982819   3044.03666041    300.00000000      0.99954898      0.50609486   -786.27913246     -2.56112974   -788.84026219      0.32448305      0.14317261      0.34816957      0.05408051 md_running
   424    212.00000000    167.96348275     18.06265347   3032.85169059    300.00000000      0.99954922      0.50423527   -786.27240552     -2.56725638   -788.83966190      0.32625063      0.14378362      0.34857982      0.05437511 md_running
   425    212.50000000    168.18630338     18.02407703   3027.87999639    300.00000000      0.99954934      0.50340868   -786.26649394     -2.57338382   -788.83987776      0.32795473      0.14440820      0.34829145      0.05465912 md_running
   426    213.00000000    168.42702611     17.98442260   3027.15696840    300.00000000      0.99954938      0.50328847   -786.26108972     -2.57951149   -788.84060121      0.33080528      0.14504414      0.34872684      0.05513421 md_running
   427    213.50000000    168.65977262     17.94399734   3030.07212386    300.00000000      0.99954937      0.50377314   -786.25613123     -2.58563883   -788.84177006      0.33506892      0.14568932      0.35041712      0.05584482 md_running
   428    214.00000000    168.88994798     17.90302419   3037.99110673    300.00000000      0.99954928      0.50508973   -786.25187964     -2.59176538   -788.84364502      0.34049561      0.14634221      0.35329847      0.05674927 md_running
   429    214.50000000    169.13839159     17.86162005   3054.06922853    300.00000000      0.99954910      0.50776285   -786.24888566     -2.59789088   -788.84677655      0.34651062      0.14700203      0.35690178      0.05775177 md_running
   430    215.00000000    169.38864358     17.81981198   3082.33188389    300.00000000      0.99954876      0.51246173   -786.24784146     -2.60401524   -788.85185670      0.35248356      0.14766870      0.36055590      0.05874726 md_running
   431    215.50000000    169.63500807     17.77759343   3126.47854669    300.00000000      0.99954820      0.51980146   -786.24936935     -2.61013842   -788.85950777      0.35772114      0.14834237      0.36350893      0.05962019 md_running
   432    216.00000000    169.86163369     17.73498144   3188.83876329    300.00000000      0.99954739      0.53016933   -786.25388471     -2.61626038   -788.87014509      0.36124775      0.14902301      0.36474417      0.06020796 md_running
   433    216.50000000    170.08993192     17.69207083   3269.45920317    300.00000000      0.99954633      0.54357311   -786.26140087     -2.62238103   -788.88378190      0.36218114      0.14970994      0.36335327      0.06036352 md_running
   434    217.00000000    170.33083336     17.64906979   3365.73832753    300.00000000      0.99954508      0.55958027   -786.27152697     -2.62850014   -788.90002712      0.35976560      0.15040153      0.35863029      0.05996093 md_running
   435    217.50000000    170.55525254     17.60629299   3472.10436574    300.00000000      0.99954372      0.57726445   -786.28339067     -2.63461744   -788.91800810      0.35352616      0.15109521      0.35012123      0.05892103 md_running
   436    218.00000000    170.79140523     17.56414471   3579.98786551    300.00000000      0.99954236      0.59520093   -786.29561799     -2.64073257   -788.93635056      0.34353643      0.15178755      0.33798619      0.05725607 md_running
   437    218.50000000    171.03745822     17.52306564   3678.15416818    300.00000000      0.99954113      0.61152184   -786.30641736     -2.64684524   -788.95326261      0.33024807      0.15247473      0.32287059      0.05504134 md_running
   438    219.00000000    171.28641750     17.48346237   3752.88910249    300.00000000      0.99954014      0.62394711   -786.31355200     -2.65295533   -788.96650734      0.31508291      0.15315302      0.30659640      0.05251382 md_running
   439    219.50000000    171.52209414     17.44562172   3788.91939822    300.00000000      0.99953951      0.62993742   -786.31452372     -2.65906303   -788.97358675      0.30091016      0.15381958      0.29277079      0.05015169 md_running
   440    220.00000000    171.75127974     17.40961280   3771.68040084    300.00000000      0.99953938      0.62707131   -786.30685729     -2.66516899   -788.97202629      0.29357108      0.15447326      0.28823981      0.04892851 md_running
   441    220.50000000    171.99750513     17.37517777   3693.21922860    300.00000000      0.99953986      0.61402652   -786.28900770     -2.67127452   -788.96028221      0.30602337      0.15511559      0.30607976      0.05100389 md_running
   442    221.00000000    172.22715629     17.34175215   3567.44043732    300.00000000      0.99954103      0.59311482   -786.26297014     -2.67738145   -788.94035159      0.34986439      0.15575073      0.35565284      0.05831073 md_running
   443    221.50000000    172.46336592     17.30857693   3447.83301372    300.00000000      0.99954262      0.57322915   -786.23751632     -2.68349191   -788.92100823      0.40746409      0.15638465      0.41679471      0.06791068 md_running
   444    222.00000000    172.70124418     17.27493468   3412.03933002    300.00000000      0.99954376      0.56727817   -786.22635857     -2.68960760   -788.91596617      0.43090067      0.15702321      0.44086638      0.07181678 md_running
   445    222.50000000    172.94217173     17.24046458   3492.84219742    300.00000000      0.99954345      0.58071228   -786.23553914     -2.69572907   -788.93126821      0.39968535      0.15766962      0.40715006      0.06661422 md_running
   446    223.00000000    173.17739996     17.20525113   3639.92389112    300.00000000      0.99954187      0.60516576   -786.25578927     -2.70185540   -788.95764468      0.36127827      0.15832359      0.36315934      0.06021305 md_running
   447    223.50000000    173.42067859     17.16959128   3780.02592139    300.00000000      0.99954014      0.62845881   -786.27423536     -2.70798492   -788.98222028      0.35842370      0.15898313      0.35442210      0.05973728 md_running
   448    224.00000000    173.65785769     17.13365150   3878.24514475    300.00000000      0.99953889      0.64478853   -786.28526105     -2.71411604   -788.99937709      0.37731490      0.15964739      0.37032077      0.06288582 md_running
   449    224.50000000    173.90184504     17.09728253   3938.21203891    300.00000000      0.99953814      0.65475849   -786.28971807     -2.72024778   -789.00996585      0.38950570      0.16031823      0.38250211      0.06491762 md_running
   450    225.00000000    174.14881405     17.06005221   3977.16826603    300.00000000      0.99953771      0.66123527   -786.29061704     -2.72637976   -789.01699680      0.38430573      0.16100000      0.37934862      0.06405095 md_running
   451    225.50000000    174.37903965     17.02135928   4009.12475844    300.00000000      0.99953739      0.66654828   -786.29018959     -2.73251199   -789.02270158      0.36333224      0.16169864      0.36203247      0.06055537 md_running
   452    226.00000000    174.62538768     16.98056911   4041.24338453    300.00000000      0.99953710      0.67188826   -786.28948452     -2.73864467   -789.02812919      0.33310931      0.16242046      0.33700301      0.05551822 md_running
   453    226.50000000    174.87598037     16.93710520   4075.43320556    300.00000000      0.99953680      0.67757258   -786.28869563     -2.74477807   -789.03347370      0.30102259      0.16317141      0.31149108      0.05017043 md_running
   454    227.00000000    175.12168066     16.89052542   4111.01388274    300.00000000      0.99953649      0.68348815   -786.28760857     -2.75091235   -789.03852092      0.27339946      0.16395629      0.29118853      0.04556658 md_running
   455    227.50000000    175.36975709     16.84057272   4146.42120101    300.00000000      0.99953617      0.68937489   -786.28591268     -2.75704756   -789.04296024      0.25331006      0.16477832      0.27836091      0.04221834 md_running
   456    228.00000000    175.62477662     16.78718369   4179.65261250    300.00000000      0.99953587      0.69489987   -786.28325761     -2.76318360   -789.04644121      0.24143034      0.16563900      0.27285424      0.04023839 md_running
   457    228.50000000    175.87387777     16.73045672   4208.65144489    300.00000000      0.99953560      0.69972115   -786.27928907     -2.76932028   -789.04860935      0.23684312      0.16653830      0.27314671      0.03947385 md_running
   458    229.00000000    176.11628096     16.67061583   4232.62474500    300.00000000      0.99953538      0.70370690   -786.27388124     -2.77545731   -789.04933856      0.23800663      0.16747498      0.27761971      0.03966777 md_running
   459    229.50000000    176.34797137     16.60792772   4253.25406333    300.00000000      0.99953520      0.70713669   -786.26736738     -2.78159444   -789.04896182      0.24346870      0.16844734      0.28513744      0.04057812 md_running
   460    230.00000000    176.58427121     16.54264457   4274.00222092    300.00000000      0.99953504      0.71058623   -786.26037809     -2.78773147   -789.04810956      0.25185236      0.16945376      0.29449510      0.04197539 md_running
   461    230.50000000    176.82549258     16.47502152   4298.90836922    300.00000000      0.99953486      0.71472707   -786.25363309     -2.79386820   -789.04750129      0.26164634      0.17049254      0.30421457      0.04360772 md_running
   462    231.00000000    177.07220153     16.40535335   4331.12683824    300.00000000      0.99953463      0.72008364   -786.24772687     -2.80000438   -789.04773125      0.27151560      0.17156149      0.31306126      0.04525260 md_running
   463    231.50000000    177.31954834     16.33404070   4371.67006330    300.00000000      0.99953434      0.72682427   -786.24287319     -2.80613966   -789.04901285      0.28030434      0.17265730      0.32005922      0.04671739 md_running
   464    232.00000000    177.55962704     16.26162901   4419.18997610    300.00000000      0.99953399      0.73472483   -786.23896145     -2.81227352   -789.05123497      0.28775632      0.17377499      0.32532390      0.04795939 md_running
   465    232.50000000    177.80386181     16.18874647   4469.95136748    300.00000000      0.99953360      0.74316431   -786.23544722     -2.81840541   -789.05385263      0.29463731      0.17490849      0.32997687      0.04910622 md_running
   466    233.00000000    178.04970681     16.11602684   4519.56752966    300.00000000      0.99953322      0.75141338   -786.23165703     -2.82453479   -789.05619183      0.30196960      0.17605138      0.33566030      0.05032827 md_running
   467    233.50000000    178.29385089     16.04391177   4565.66465942    300.00000000      0.99953287      0.75907739   -786.22729541     -2.83066134   -789.05795675      0.30945139      0.17719899      0.34245752      0.05157523 md_running
   468    234.00000000    178.52938622     15.97250175   4608.23832177    300.00000000      0.99953255      0.76615559   -786.22237267     -2.83678501   -789.05915768      0.31647987      0.17835014      0.34978765      0.05274664 md_running
   469    234.50000000    178.78792746     15.90152713   4649.06766428    300.00000000      0.99953226      0.77294379   -786.21714870     -2.84290608   -789.06005478      0.32235030      0.17950768      0.35684851      0.05372505 md_running
   470    235.00000000    179.04814907     15.83035680   4691.03558623    300.00000000      0.99953197      0.77992128   -786.21200117     -2.84902507   -789.06102624      0.32680888      0.18067862      0.36310555      0.05446815 md_running
   471    235.50000000    179.32025550     15.75807353   4737.24608039    300.00000000      0.99953168      0.78760414   -786.20728261     -2.85514267   -789.06242528      0.32950219      0.18187353      0.36794780      0.05491703 md_running
   472    236.00000000    179.58617083     15.68355590   4790.70217845    300.00000000      0.99953135      0.79649163   -786.20328326     -2.86125967   -789.06454293      0.33039431      0.18310580      0.37114293      0.05506572 md_running
   473    236.50000000    179.84936475     15.60554748   4854.38303406    300.00000000      0.99953097      0.80707907   -786.20024579     -2.86737689   -789.06762268      0.32912804      0.18439104      0.37261813      0.05485467 md_running
   474    237.00000000    180.09451714     15.52266091   4932.27333665    300.00000000      0.99953053      0.82002894   -786.19855900     -2.87349520   -789.07205421      0.32533273      0.18574719      0.37249860      0.05422212 md_running
   475    237.50000000    180.34628972     15.43335669   5028.99829415    300.00000000      0.99952999      0.83611022   -786.19873299     -2.87961546   -789.07834845      0.31955629      0.18719502      0.37117147      0.05325938 md_running
   476    238.00000000    180.61919454     15.33614274   5148.44403244    300.00000000      0.99952936      0.85596901   -786.20109609     -2.88573838   -789.08683447      0.31206725      0.18875604      0.36874661      0.05201121 md_running
   477    238.50000000    180.88538552     15.22978138   5292.31655482    300.00000000      0.99952861      0.87988894   -786.20567701     -2.89186443   -789.09754143      0.30316631      0.19045015      0.36502526      0.05052772 md_running
   478    239.00000000    181.13095881     15.11349058   5460.42883254    300.00000000      0.99952778      0.90783891   -786.21226862     -2.89799368   -789.11026230      0.29479014      0.19229311      0.36175917      0.04913169 md_running
   479    239.50000000    181.36639337     14.98680407   5650.28301136    300.00000000      0.99952687      0.93940365   -786.22031532     -2.90412595   -789.12444127      0.29048738      0.19429817      0.36107064      0.04841456 md_running
   480    240.00000000    181.61677275     14.84964586   5857.94119110    300.00000000      0.99952594      0.97392845   -786.22896398     -2.91026077   -789.13922475      0.29186018      0.19647483      0.36334285      0.04864336 md_running
   481    240.50000000    181.87270481     14.70248122   6081.41383702    300.00000000      0.99952500      1.01108252   -786.23797680     -2.91639737   -789.15437417      0.29812491      0.19882654      0.36744855      0.04968748 md_running
   482    241.00000000    182.12323251     14.54652505   6323.84620717    300.00000000      0.99952406      1.05138879   -786.24789975     -2.92253463   -789.17043438      0.30900213      0.20134708      0.37519043      0.05150035 md_running
   483    241.50000000    182.37343795     14.38316619   6593.30118668    300.00000000      0.99952311      1.09618779   -786.26062791     -2.92867144   -789.18929934      0.32306727      0.20402729      0.38592914      0.05384454 md_running
   484    242.00000000    182.61982729     14.21394706   6890.32476793    300.00000000      0.99952212      1.14557028   -786.27660854     -2.93480675   -789.21141529      0.33469890      0.20685483      0.39429133      0.05578315 md_running
   485    242.50000000    182.86445149     14.04093906   7200.22663138    300.00000000      0.99952115      1.19709388   -786.29348190     -2.94093946   -789.23442136      0.34007203      0.20980807      0.39704087      0.05667867 md_running
   486    243.00000000    183.11008229     13.86664785   7499.39453857    300.00000000      0.99952025      1.24683288   -786.30812200     -2.94706850   -789.25519050      0.33981173      0.21285614      0.39419277      0.05663529 md_running
   487    243.50000000    183.34732104     13.69378392   7758.52698942    300.00000000      0.99951949      1.28991567   -786.31581304     -2.95319296   -789.26900600      0.33754308      0.21596115      0.38545689      0.05625718 md_running
   488    244.00000000    183.58513458     13.52532377   7920.35368096    300.00000000      0.99951891      1.31682062   -786.30903805     -2.95931211   -789.26835016      0.35908580      0.21907642      0.39073869      0.05984763 md_running
   489    244.50000000    183.81855017     13.36296840   7959.56810501    300.00000000      0.99951868      1.32334033   -786.27800198     -2.96542576   -789.24342775      0.50147426      0.22217107      0.51761165      0.08357904 md_running
   490    245.00000000    184.06785680     13.20277906   8110.43045339    300.00000000      0.99951866      1.34842237   -786.26344166     -2.97153523   -789.23497689      0.64122800      0.22530671      0.66414256      0.10687133 md_running
   491    245.50000000    184.31612255     13.03619577   8600.02664029    300.00000000      0.99951792      1.42982156   -786.31456130     -2.97764276   -789.29220407      0.51831892      0.22863234      0.56187643      0.08638649 md_running
   492    246.00000000    184.56042280     12.86418909   9127.55792394    300.00000000      0.99951666      1.51752775   -786.36847258     -2.98374820   -789.35222078      0.34201879      0.23214284      0.40372693      0.05700313 md_running
   493    246.50000000    184.81235763     12.69584261   9383.14188228    300.00000000      0.99951594      1.56002058   -786.37087987     -2.98984978   -789.36072966      0.32451021      0.23568227      0.38312346      0.05408504 md_running
   494    247.00000000    185.05620624     12.53604637   9441.95656566    300.00000000      0.99951575      1.56979898   -786.34160821     -2.99594697   -789.33755519      0.33686422      0.23915560      0.39684037      0.05614404 md_running
   495    247.50000000    185.30032475     12.38377831   9472.82956303    300.00000000      0.99951573      1.57493186   -786.31071973     -3.00204043   -789.31276016      0.31996870      0.24257281      0.39185769      0.05332812 md_running
   496    248.00000000    185.54630128     12.23594594   9547.63168320    300.00000000      0.99951565      1.58736829   -786.28930778     -3.00813105   -789.29743883      0.29067417      0.24598724      0.37559463      0.04844569 md_running
   497    248.50000000    185.78191647     12.09116299   9633.67371369    300.00000000      0.99951549      1.60167345   -786.26994287     -3.01421928   -789.28416215      0.28328385      0.24942341      0.37319498      0.04721398 md_running
   498    249.00000000    186.00900683     11.95045328   9694.08021115    300.00000000      0.99951538      1.61171650   -786.24578776     -3.02030520   -789.26609296      0.30517634      0.25285778      0.39732677      0.05086272 md_running
   499    249.50000000    186.24243981     11.81449202   9739.79691156    300.00000000      0.99951530      1.61931726   -786.22025710     -3.02638896   -789.24664606      0.34337076      0.25627202      0.43548614      0.05722846 md_running
   500    250.00000000    186.46980359     11.68355324   9790.38929232    300.00000000      0.99951523      1.62772864   -786.19621535     -3.03247077   -789.22868611      0.37880472      0.25965505      0.47060153      0.06313412 md_running
   501    250.50000000    186.72143385     11.55796350   9852.41254059    300.00000000      0.99951514      1.63804049   -786.17558223     -3.03855081   -789.21413304      0.40196455      0.26299389      0.49376575      0.06699409 md_running
   502    251.00000000    186.99469258     11.43844839   9915.63961941    300.00000000      0.99951504      1.64855248   -786.15620099     -3.04462923   -789.20083022      0.41216510      0.26626542      0.50509304      0.06869418 md_running
   503    251.50000000    187.26052511     11.32575520   9970.61323125    300.00000000      0.99951494      1.65769228   -786.13684518     -3.05070613   -789.18755131      0.41490277      0.26944443      0.51015694      0.06915046 md_running
   504    252.00000000    187.51928903     11.22038032  10007.76240799    300.00000000      0.99951487      1.66386862   -786.11595311     -3.05678165   -789.17273476      0.41792878      0.27251019      0.51479826      0.06965480 md_running
   505    252.50000000    187.78261074     11.12245419  10028.07365468    300.00000000      0.99951483      1.66724552   -786.09380577     -3.06285594   -789.15666171      0.42258205      0.27545012      0.51943152      0.07043034 md_running
   506    253.00000000    188.05923195     11.03203034  10048.08535394    300.00000000      0.99951481      1.67057262   -786.07339587     -3.06892913   -789.14232501      0.42830798      0.27825350      0.52460340      0.07138466 md_running
   507    253.50000000    188.33536644     10.94869633  10085.72840255    300.00000000      0.99951477      1.67683107   -786.05781320     -3.07500138   -789.13281457      0.42733363      0.28092169      0.52301278      0.07122227 md_running
   508    254.00000000    188.60702553     10.87204457  10151.90542799    300.00000000      0.99951469      1.68783352   -786.04900402     -3.08107280   -789.13007682      0.41480569      0.28345692      0.51056532      0.06913428 md_running
   509    254.50000000    188.87695856     10.80177560  10235.20000091    300.00000000      0.99951458      1.70168189   -786.04478270     -3.08714349   -789.13192619      0.39511828      0.28585952      0.49166922      0.06585305 md_running
   510    255.00000000    189.14822609     10.73737960  10312.72996640    300.00000000      0.99951446      1.71457185   -786.04121942     -3.09321354   -789.13443296      0.37862035      0.28813625      0.47481523      0.06310339 md_running
   511    255.50000000    189.41365804     10.67815905  10366.58278259    300.00000000      0.99951436      1.72352530   -786.03474531     -3.09928305   -789.13402836      0.37212894      0.29029997      0.46586970      0.06202149 md_running
   512    256.00000000    189.68754395     10.62315383  10390.99355554    300.00000000      0.99951431      1.72758379   -786.02437972     -3.10535210   -789.12973182      0.37582970      0.29237202      0.46470266      0.06263828 md_running
   513    256.50000000    189.94987951     10.57139453  10389.20230337    300.00000000      0.99951429      1.72728598   -786.01056863     -3.11142077   -789.12198941      0.38716775      0.29437544      0.46995814      0.06452796 md_running
   514    257.00000000    190.22581712     10.52180419  10364.36939637    300.00000000      0.99951431      1.72315731   -785.99341023     -3.11748916   -789.11089939      0.40386192      0.29633763      0.48080425      0.06731032 md_running
   515    257.50000000    190.50121335     10.47299395  10323.01584111    300.00000000      0.99951436      1.71628196   -785.97360794     -3.12355733   -789.09716527      0.42468434      0.29829631      0.49557895      0.07078072 md_running
   516    258.00000000    190.74153900     10.42371227  10275.20424969    300.00000000      0.99951442      1.70833291   -785.95251523     -3.12962536   -789.08214059      0.44807691      0.30028699      0.51345450      0.07467949 md_running
   517    258.50000000    190.99162999     10.37280881  10229.14994234    300.00000000      0.99951449      1.70067602   -785.93107932     -3.13569331   -789.06677263      0.47214204      0.30234391      0.53365597      0.07869034 md_running
   518    259.00000000    191.27046386     10.31895722  10193.13483258    300.00000000      0.99951455      1.69468823   -785.91032111     -3.14176124   -789.05208235      0.49483741      0.30450811      0.55360759      0.08247290 md_running
   519    259.50000000    191.52759459     10.26103479  10175.43909642    300.00000000      0.99951459      1.69174617   -785.89123887     -3.14782919   -789.03906806      0.51497727      0.30681668      0.57230539      0.08582955 md_running
   520    260.00000000    191.80139376     10.19809405  10184.08693939    300.00000000      0.99951460      1.69318395   -785.87485348     -3.15389719   -789.02875066      0.53164590      0.30930358      0.58873283      0.08860765 md_running
   521    260.50000000    192.06741321     10.12941559  10225.78537477    300.00000000      0.99951457      1.70011664   -785.86206421     -3.15996525   -789.02202946      0.54414195      0.31199796      0.60228464      0.09069033 md_running
   522    261.00000000    192.34314194     10.05446782  10304.41528791    300.00000000      0.99951448      1.71318947   -785.85331482     -3.16603338   -789.01934820      0.55235335      0.31492534      0.61272918      0.09205889 md_running
   523    261.50000000    192.60880672      9.97292663  10422.24630954    300.00000000      0.99951434      1.73277980   -785.84869881     -3.17210159   -789.02080040      0.55675869      0.31810683      0.62061827      0.09279311 md_running
   524    262.00000000    192.87511240      9.88453454  10581.11049386    300.00000000      0.99951415      1.75919221   -785.84860347     -3.17816985   -789.02677332      0.55686794      0.32156346      0.62545529      0.09281132 md_running
   525    262.50000000    193.14041445      9.78905375  10780.37685982    300.00000000      0.99951391      1.79232180   -785.85259817     -3.18423816   -789.03683633      0.55139787      0.32531785      0.62578499      0.09189965 md_running
   526    263.00000000    193.38988192      9.68639182  11018.16053365    300.00000000      0.99951363      1.83185519   -785.86032917     -3.19030651   -789.05063568      0.53862166      0.32939020      0.62058491      0.08977028 md_running
   527    263.50000000    193.64047796      9.57635176  11291.02470363    300.00000000      0.99951332      1.87722099   -785.87119378     -3.19637488   -789.06756865      0.51706673      0.33380677      0.60833216      0.08617779 md_running
   528    264.00000000    193.89460899      9.45904463  11587.60988320    300.00000000      0.99951298      1.92653059   -785.88321999     -3.20244324   -789.08566324      0.49053805      0.33858595      0.59193503      0.08175634 md_running
   529    264.50000000    194.13748351      9.33552216  11890.05955612    300.00000000      0.99951264      1.97681521   -785.89349998     -3.20851156   -789.10201154      0.47250934      0.34371386      0.58294332      0.07875156 md_running
   530    265.00000000    194.38207737      9.20798308  12186.53393131    300.00000000      0.99951232      2.02610639   -785.90054605     -3.21457976   -789.11512580      0.47632875      0.34913158      0.59227995      0.07938813 md_running
   531    265.50000000    194.63209851      9.07947818  12486.25217576    300.00000000      0.99951202      2.07593689   -785.90691779     -3.22064776   -789.12756556      0.49313806      0.35473934      0.61350930      0.08218968 md_running
   532    266.00000000    194.88086391      8.95306209  12804.84616029    300.00000000      0.99951173      2.12890562   -785.91698399     -3.22671553   -789.14369952      0.49705301      0.36042415      0.62600567      0.08284217 md_running
   533    266.50000000    195.13116467      8.83109816  13139.52282837    300.00000000      0.99951142      2.18454823   -785.93070101     -3.23278303   -789.16348405      0.47704983      0.36608730      0.62156650      0.07950830 md_running
   534    267.00000000    195.38987563      8.71454037  13469.94413249    300.00000000      0.99951113      2.23948335   -785.94515039     -3.23885028   -789.18400067      0.44520209      0.37167852      0.60946845      0.07420035 md_running
   535    267.50000000    195.63930986      8.60335754  13769.70986827    300.00000000      0.99951087      2.28932175   -785.95588056     -3.24491729   -789.20079785      0.42734268      0.37718569      0.60839815      0.07122378 md_running
   536    268.00000000    195.88677439      8.49702970  14037.44440000    300.00000000      0.99951065      2.33383470   -785.96130732     -3.25098411   -789.21229144      0.43610500      0.38261844      0.62604842      0.07268417 md_running
   537    268.50000000    196.14301249      8.39471643  14308.67398054    300.00000000      0.99951045      2.37892874   -785.96974904     -3.25705077   -789.22679981      0.44134114      0.38800335      0.64008797      0.07355686 md_running
   538    269.00000000    196.38923899      8.29610181  14577.82181082    300.00000000      0.99951024      2.42367666   -785.97883496     -3.26311729   -789.24195225      0.44143338      0.39334579      0.65305305      0.07357223 md_running
   539    269.50000000    196.63599569      8.19987611  14819.99620363    300.00000000      0.99951006      2.46394005   -785.98302757     -3.26918371   -789.25221128      0.44824593      0.39870064      0.67044523      0.07470765 md_running
   540    270.00000000    196.89023956      8.10412737  15057.43877179    300.00000000      0.99950991      2.50341673   -785.98553207     -3.27525005   -789.26078213      0.44968169      0.40415893      0.67866878      0.07494695 md_running
   541    270.50000000    197.14217026      8.00760789  15350.62223827    300.00000000      0.99950974      2.55216077   -785.99695781     -3.28131635   -789.27827415      0.44623121      0.40978720      0.67484525      0.07437187 md_running
   542    271.00000000    197.39461700      7.91036376  15728.02051496    300.00000000      0.99950953      2.61490618   -786.02278879     -3.28738259   -789.31017139      0.45049431      0.41559092      0.67624553      0.07508238 md_running
   543    271.50000000    197.66932649      7.81334114  16161.94201557    300.00000000      0.99950928      2.68704901   -786.05744638     -3.29344878   -789.35089517      0.45982386      0.42152719      0.68344687      0.07663731 md_running
   544    272.00000000    197.92863275      7.71812877  16613.48734686    300.00000000      0.99950901      2.76212195   -786.09562659     -3.29951490   -789.39514150      0.46776352      0.42751249      0.69033256      0.07796059 md_running
   545    272.50000000    198.16169625      7.62672155  17027.41144009    300.00000000      0.99950877      2.83094006   -786.12887879     -3.30558094   -789.43445973      0.47035393      0.43343102      0.69057521      0.07839232 md_running
   546    273.00000000    198.40318955      7.54202479  17333.65588290    300.00000000      0.99950858      2.88185559   -786.14649646     -3.31164689   -789.45814334      0.47484307      0.43910217      0.68434747      0.07914051 md_running
   547    273.50000000    198.64084649      7.46834331  17473.43067506    300.00000000      0.99950846      2.90509424   -786.14013250     -3.31771271   -789.45784521      0.50639228      0.44424603      0.68596260      0.08439871 md_running
   548    274.00000000    198.86837669      7.41172406  17441.89709927    300.00000000      0.99950844      2.89985154   -786.11163734     -3.32377836   -789.43541570      0.57233906      0.44845778      0.71106289      0.09538984 md_running
   549    274.50000000    199.09347658      7.37826697  17295.22651155    300.00000000      0.99950849      2.87546641   -786.07452922     -3.32984381   -789.40437303      0.61768490      0.45131329      0.73886499      0.10294748 md_running
   550    275.00000000    199.32591319      7.36871771  17084.10746777    300.00000000      0.99950858      2.84036622   -786.03777754     -3.33590906   -789.37368660      0.61775164      0.45272133      0.75833262      0.10295861 md_running
   551    275.50000000    199.56042985      7.37495326  16845.04366136    300.00000000      0.99950870      2.80061999   -786.00284157     -3.34197418   -789.34481575      0.59987287      0.45316114      0.77489245      0.09997881 md_running
   552    276.00000000    199.77941848      7.38497338  16630.12057903    300.00000000      0.99950883      2.76488735   -785.97404964     -3.34803929   -789.32208893      0.56861230      0.45336775      0.77581446      0.09476872 md_running
   553    276.50000000    200.02397343      7.38822992  16472.08284511    300.00000000      0.99950893      2.73861235   -785.95182393     -3.35410448   -789.30592842      0.53407843      0.45398896      0.76544470      0.08901307 md_running
   554    277.00000000    200.26236252      7.37753834  16374.25096620    300.00000000      0.99950900      2.72234703   -785.93353296     -3.36016983   -789.29370280      0.50634253      0.45546899      0.74984959      0.08439042 md_running
   555    277.50000000    200.48745329      7.34967822  16314.90306401    300.00000000      0.99950904      2.71247998   -785.91410336     -3.36623537   -789.28033874      0.49072603      0.45802058      0.73649086      0.08178767 md_running
   556    278.00000000    200.74233757      7.30392364  16257.39025504    300.00000000      0.99950907      2.70291803   -785.88645281     -3.37230109   -789.25875390      0.48795291      0.46171987      0.73186472      0.08132548 md_running
   557    278.50000000    200.99505824      7.24002943  16181.29310792    300.00000000      0.99950910      2.69026628   -785.84660519     -3.37836697   -789.22497217      0.49478088      0.46663188      0.73522571      0.08246348 md_running
   558    279.00000000    201.24516452      7.15782498  16093.84831027    300.00000000      0.99950915      2.67572790   -785.79592244     -3.38443299   -789.18035542      0.51055032      0.47283771      0.74461881      0.08509172 md_running
   559    279.50000000    201.50464876      7.05823431  16006.44127576    300.00000000      0.99950920      2.66119580   -785.73651146     -3.39049909   -789.12701055      0.53824721      0.48036803      0.76006908      0.08970787 md_running
   560    280.00000000    201.76394375      6.94472607  15954.77192378    300.00000000      0.99950926      2.65260537   -785.67347981     -3.39656522   -789.07004504      0.56973481      0.48909206      0.78776741      0.09495580 md_running
   561    280.50000000    202.01537189      6.82015400  16053.64825985    300.00000000      0.99950926      2.66904433   -785.62961034     -3.40263135   -789.03224169      0.58411386      0.49891406      0.82229826      0.09735231 md_running
   562    281.00000000    202.26604586      6.68466712  16364.18691330    300.00000000      0.99950914      2.72067381   -785.61783169     -3.40869745   -789.02652914      0.58041955      0.50993284      0.85200486      0.09673659 md_running
   563    281.50000000    202.52178959      6.53983030  16802.31902989    300.00000000      0.99950891      2.79351669   -785.61974749     -3.41476349   -789.03451098      0.57132581      0.52215302      0.87253431      0.09522097 md_running
   564    282.00000000    202.76909251      6.39154301  17278.21886645    300.00000000      0.99950866      2.87263875   -785.62447288     -3.42082946   -789.04530234      0.56168243      0.53521560      0.88232767      0.09361374 md_running
   565    282.50000000    203.01885081      6.25112122  17711.17304308    300.00000000      0.99950842      2.94462076   -785.62417000     -3.42689530   -789.05106530      0.55501577      0.54820815      0.88023930      0.09250263 md_running
   566    283.00000000    203.25570623      6.13432742  18044.85283096    300.00000000      0.99950824      3.00009763   -785.61692536     -3.43296101   -789.04988637      0.57182476      0.55963405      0.89941627      0.09530413 md_running
   567    283.50000000    203.50322023      6.05475191  18285.26382537    300.00000000      0.99950811      3.04006784   -785.61719043     -3.43902657   -789.05621700      0.62975188      0.56799061      0.96537572      0.10495865 md_running
   568    284.00000000    203.76534826      6.02151771  18354.69966187    300.00000000      0.99950802      3.05161209   -785.61450045     -3.44509200   -789.05959245      0.72672929      0.57213263      1.05402497      0.12112155 md_running
   569    284.50000000    204.01604572      6.04122505  18190.79990009    300.00000000      0.99950804      3.02436247   -785.60007628     -3.45115730   -789.05123358      0.79264545      0.57127024      1.10769709      0.13210757 md_running
   570    285.00000000    204.27275173      6.11474064  17859.66786998    300.00000000      0.99950816      2.96930919   -785.58977284     -3.45722246   -789.04699530      0.74013846      0.56539409      1.05726536      0.12335641 md_running
   571    285.50000000    204.52970114      6.23779922  17323.94411848    300.00000000      0.99950835      2.88024093   -785.57436170     -3.46328747   -789.03764917      0.62773835      0.55521268      0.95117064      0.10462306 md_running
   572    286.00000000    204.78666343      6.40162104  16474.97645223    300.00000000      0.99950869      2.73909343   -785.52413566     -3.46935232   -788.99348798      0.65549504      0.54195228      0.93960404      0.10924917 md_running
   573    286.50000000    205.04041901      6.59279759  15480.29704682    300.00000000      0.99950924      2.57372022   -785.45747778     -3.47541699   -788.93289477      0.79743278      0.52715740      1.03030983      0.13290546 md_running
   574    287.00000000    205.29422477      6.79599597  14665.18749801    300.00000000      0.99950983      2.43820189   -785.43171312     -3.48148150   -788.91319462      0.78774177      0.51228869      1.02132335      0.13129030 md_running
   575    287.50000000    205.54300381      6.99673532  14026.34967290    300.00000000      0.99951031      2.33199012   -785.43032635     -3.48754588   -788.91787223      0.72649152      0.49845853      0.97512294      0.12108192 md_running
   576    288.00000000    205.80242351      7.18165887  13470.21567974    300.00000000      0.99951076      2.23952850   -785.43058045     -3.49361021   -788.92419065      0.67556408      0.48646883      0.93242274      0.11259401 md_running
   577    288.50000000    206.06283023      7.34268952  12998.51960012    300.00000000      0.99951119      2.16110534   -785.43183305     -3.49967455   -788.93150760      0.59759291      0.47662698      0.86873881      0.09959882 md_running
   578    289.00000000    206.31444988      7.47640337  12580.23688406    300.00000000      0.99951158      2.09156258   -785.42754758     -3.50573897   -788.93328654      0.54257000      0.46891453      0.82248577      0.09042833 md_running
   579    289.50000000    206.57290268      7.58122394  12200.53646723    300.00000000      0.99951196      2.02843442   -785.41468498     -3.51180352   -788.92648850      0.52253602      0.46323175      0.80215945      0.08708934 md_running
   580    290.00000000    206.82747285      7.65571928  11882.69031673    300.00000000      0.99951232      1.97559002   -785.39774376     -3.51786825   -788.91561201      0.51787717      0.45951686      0.79398280      0.08631286 md_running
   581    290.50000000    207.08634962      7.69894712  11654.24172143    300.00000000      0.99951261      1.93760865   -785.38130992     -3.52393321   -788.90524314      0.51816739      0.45772484      0.79096517      0.08636123 md_running
   582    291.00000000    207.35003036      7.71082498  11531.14634447    300.00000000      0.99951281      1.91714309   -785.36802615     -3.52999842   -788.89802457      0.52492151      0.45780642      0.79461888      0.08748692 md_running
   583    291.50000000    207.61050696      7.69223735  11526.92488872    300.00000000      0.99951288      1.91644124   -785.36050495     -3.53606387   -788.89656882      0.53681811      0.45970106      0.80416731      0.08946968 md_running
   584    292.00000000    207.87128544      7.64526770  11653.77490125    300.00000000      0.99951281      1.93753104   -785.36194325     -3.54212953   -788.90407278      0.54684852      0.46331837      0.81443870      0.09114142 md_running
   585    292.50000000    208.12362495      7.57364994  11905.54480721    300.00000000      0.99951260      1.97938975   -785.37273582     -3.54819537   -788.92093119      0.55859241      0.46850004      0.82720241      0.09309873 md_running
   586    293.00000000    208.37921775      7.48288979  12264.09356908    300.00000000      0.99951227      2.03900128   -785.39166759     -3.55426132   -788.94592891      0.59024321      0.47499257      0.85521151      0.09837387 md_running
   587    293.50000000    208.63265178      7.37980406  12730.14672996    300.00000000      0.99951186      2.11648626   -785.42176925     -3.56032729   -788.98209654      0.62837233      0.48244894      0.88815476      0.10472872 md_running
   588    294.00000000    208.88706075      7.27273724  13305.41543012    300.00000000      0.99951138      2.21212917   -785.46826060     -3.56639324   -789.03465384      0.63126893      0.49038489      0.89494730      0.10521149 md_running
   589    294.50000000    209.14234097      7.17151460  13928.41372466    300.00000000      0.99951086      2.31570750   -785.52560784     -3.57245909   -789.09806693      0.59283326      0.49815178      0.86944561      0.09880554 md_running
   590    295.00000000    209.39514882      7.08728405  14470.19523018    300.00000000      0.99951039      2.40578290   -785.57785244     -3.57852479   -789.15637723      0.54044266      0.50492768      0.83269240      0.09007378 md_running
   591    295.50000000    209.65433436      7.03029053  14790.34792278    300.00000000      0.99951006      2.45901079   -785.60595194     -3.58459030   -789.19054224      0.49080303      0.50988364      0.79478037      0.08180051 md_running
   592    296.00000000    209.91234519      7.00754365  14788.98940332    300.00000000      0.99950994      2.45878492   -785.59631437     -3.59065561   -789.18696998      0.47889730      0.51240431      0.77590458      0.07981622 md_running
   593    296.50000000    210.16706017      7.02072339  14496.45057250    300.00000000      0.99951006      2.41014806   -785.55442500     -3.59672070   -789.15114570      0.54112275      0.51230650      0.79981667      0.09018712 md_running
   594    297.00000000    210.41699048      7.06706804  14082.76790729    300.00000000      0.99951034      2.34137009   -785.50975624     -3.60278558   -789.11254181      0.61506913      0.50980550      0.83247970      0.10251152 md_running
   595    297.50000000    210.67097305      7.14318659  13688.38042779    300.00000000      0.99951065      2.27580009   -785.48519589     -3.60885023   -789.09404612      0.67466765      0.50522261      0.86110881      0.11244461 md_running
   596    298.00000000    210.93334854      7.24620349  13350.78462199    300.00000000      0.99951095      2.21967215   -785.48328932     -3.61491463   -789.09820395      0.74702677      0.49887780      0.91155078      0.12450446 md_running
   597    298.50000000    211.19200633      7.37250452  13074.39353348    300.00000000      0.99951120      2.17371998   -785.50288292     -3.62097874   -789.12386166      0.76915261      0.49115500      0.92760105      0.12819210 md_running
   598    299.00000000    211.44454854      7.51682748  12776.61806556    300.00000000      0.99951142      2.12421248   -785.52929530     -3.62704255   -789.15633785      0.68817702      0.48253291      0.86396752      0.11469617 md_running
   599    299.50000000    211.69361768      7.66985186  12264.34704463    300.00000000      0.99951174      2.03904343   -785.52005876     -3.63310607   -789.15316483      0.61786561      0.47369787      0.82220797      0.10297760 md_running
   600    300.00000000    211.95066962      7.81461309  11493.13498984    300.00000000      0.99951240      1.91082340   -785.45928302     -3.63916948   -789.09845250      0.65557095      0.46570047      0.85777935      0.10926183 md_running
   601    300.50000000    212.20783534      7.93299933  10626.77202709    300.00000000      0.99951337      1.76678380   -785.36814539     -3.64523306   -789.01337845      0.85860055      0.45951655      1.01552174      0.14310009 md_running
   602    301.00000000    212.46970747      8.01050530  10109.77949243    300.00000000      0.99951443      1.68082975   -785.31261579     -3.65129712   -788.96391291      1.03738081      0.45582857      1.16418962      0.17289680 md_running
   603    301.50000000    212.72767964      8.04021726  10318.36529641    300.00000000      0.99951465      1.71550877   -785.36878997     -3.65736188   -789.02615185      0.84618510      0.45489887      0.99563868      0.14103085 md_running
   604    302.00000000    212.97977419      8.02794208  10881.39305183    300.00000000      0.99951396      1.80911653   -785.46283489     -3.66342731   -789.12626220      0.58365217      0.45634987      0.79299456      0.09727536 md_running
   605    302.50000000    213.23629561      7.98418124  11374.01065350    300.00000000      0.99951326      1.89101805   -785.52580211     -3.66949324   -789.19529536      0.47885727      0.45961030      0.73457553      0.07980955 md_running
   606    303.00000000    213.48346623      7.91795494  11735.28814239    300.00000000      0.99951279      1.95108325   -785.55643591     -3.67555951   -789.23199541      0.46474186      0.46421983      0.74079711      0.07745698 md_running
   607    303.50000000    213.73070010      7.83737277  12007.02814430    300.00000000      0.99951246      1.99626215   -785.56532386     -3.68162594   -789.24694980      0.49548274      0.46976588      0.77327955      0.08258046 md_running
   608    304.00000000    213.98893547      7.75033122  12233.87854365    300.00000000      0.99951221      2.03397780   -785.56332803     -3.68769242   -789.25102044      0.53183517      0.47582337      0.80675477      0.08863919 md_running
   609    304.50000000    214.24009167      7.66430236  12456.03981128    300.00000000      0.99951200      2.07091384   -785.56085717     -3.69375882   -789.25461599      0.54512716      0.48195483      0.82609705      0.09085453 md_running
   610    305.00000000    214.47368394      7.58570479  12684.72226432    300.00000000      0.99951178      2.10893409   -785.56312194     -3.69982509   -789.26294703      0.53258065      0.48774731      0.83017005      0.08876344 md_running
   611    305.50000000    214.71994456      7.51999590  12895.71649994    300.00000000      0.99951157      2.14401353   -785.56852598     -3.70589118   -789.27441716      0.51013640      0.49281512      0.82864406      0.08502273 md_running
   612    306.00000000    214.97741046      7.47152966  13049.70998831    300.00000000      0.99951140      2.16961615   -785.57261335     -3.71195708   -789.28457042      0.49747895      0.49682323      0.83072208      0.08291316 md_running
   613    306.50000000    215.23582787      7.44313593  13122.32518654    300.00000000      0.99951130      2.18168899   -785.57259031     -3.71802277   -789.29061307      0.51004309      0.49953306      0.84284956      0.08500718 md_running
   614    307.00000000    215.49151188      7.43545962  13130.36799365    300.00000000      0.99951127      2.18302617   -785.57156093     -3.72408826   -789.29564919      0.53230831      0.50086433      0.85491301      0.08871805 md_running
   615    307.50000000    215.75272100      7.44689420  13123.43144619    300.00000000      0.99951128      2.18187291   -785.57802908     -3.73015358   -789.30818266      0.51663883      0.50090971      0.83635347      0.08610647 md_running
   616    308.00000000    216.01723357      7.47430627  13121.50838159    300.00000000      0.99951128      2.18155319   -785.59415466     -3.73621876   -789.33037341      0.46074360      0.49988419      0.78756931      0.07679060 md_running
   617    308.50000000    216.27801813      7.51399968  13089.75074980    300.00000000      0.99951128      2.17627323   -785.61122357     -3.74228381   -789.35350738      0.41032558      0.49805088      0.74268379      0.06838760 md_running
   618    309.00000000    216.54401572      7.56191757  12996.35922093    300.00000000      0.99951134      2.16074616   -785.62159015     -3.74834876   -789.36993890      0.38773581      0.49569721      0.71653987      0.06462264 md_running
   619    309.50000000    216.80253498      7.61396623  12841.47177683    300.00000000      0.99951145      2.13499492   -785.62338009     -3.75441363   -789.37779372      0.38869933      0.49310556      0.70712256      0.06478322 md_running
   620    310.00000000    217.06481144      7.66636501  12641.46406583    300.00000000      0.99951161      2.10174207   -785.61773087     -3.76047846   -789.37820934      0.40405954      0.49052674      0.70916977      0.06734326 md_running
   621    310.50000000    217.33048827      7.71595184  12412.51016220    300.00000000      0.99951182      2.06367670   -785.60580495     -3.76654327   -789.37234822      0.42780525      0.48816079      0.71906371      0.07130087 md_running
   622    311.00000000    217.59549593      7.76040246  12162.09490242    300.00000000      0.99951205      2.02204321   -785.58785546     -3.77260809   -789.36046355      0.45832286      0.48614660      0.73513781      0.07638714 md_running
   623    311.50000000    217.85557221      7.79844702  11886.60280266    300.00000000      0.99951231      1.97624050   -785.56256496     -3.77867292   -789.34123788      0.49953362      0.48455304      0.76078787      0.08325560 md_running
   624    312.00000000    218.11043290      7.82976810  11577.90172256    300.00000000      0.99951262      1.92491653   -785.52829626     -3.78473779   -789.31303405      0.56212184      0.48338968      0.80423160      0.09368697 md_running
   625    312.50000000    218.36574738      7.85488913  11247.06702948    300.00000000      0.99951298      1.86991268   -785.48665006     -3.79080270   -789.27745275      0.65593355      0.48261620      0.87412949      0.10932226 md_running
   626    313.00000000    218.62989731      7.87501505  10957.93888533    300.00000000      0.99951337      1.82184287   -785.44893215     -3.79686763   -789.24579978      0.75439933      0.48215327      0.95148135      0.12573322 md_running
   627    313.50000000    218.88870153      7.89134435  10803.61539156    300.00000000      0.99951366      1.79618539   -785.43270023     -3.80293260   -789.23563283      0.79598786      0.48192443      0.98435376      0.13266464 md_running
   628    314.00000000    219.13975743      7.90416785  10797.56962370    300.00000000      0.99951375      1.79518023   -785.44094375     -3.80899759   -789.24994135      0.77646562      0.48191017      0.96737806      0.12941094 md_running
   629    314.50000000    219.40460738      7.91287929  10846.55749600    300.00000000      0.99951369      1.80332485   -785.45605614     -3.81506263   -789.27111877      0.76280273      0.48214635      0.95722080      0.12713379 md_running
   630    315.00000000    219.66010830      7.91632037  10863.33117513    300.00000000      0.99951364      1.80611360   -785.46228474     -3.82112773   -789.28341247      0.79221145      0.48270312      0.98424125      0.13203524 md_running
   631    315.50000000    219.89350365      7.91289628  10846.56881915    300.00000000      0.99951365      1.80332673   -785.45865611     -3.82719290   -789.28584901      0.85051490      0.48367862      1.03684965      0.14175248 md_running
   632    316.00000000    220.13640530      7.90047368  10882.64195021    300.00000000      0.99951366      1.80932417   -785.45906155     -3.83325820   -789.29231975      0.89562027      0.48520689      1.07877200      0.14927005 md_running
   633    316.50000000    220.37461281      7.87696212  11068.33219426    300.00000000      0.99951354      1.84019662   -785.48066055     -3.83932366   -789.31998420      0.88049140      0.48742508      1.06787924      0.14674857 md_running
   634    317.00000000    220.61504053      7.84222605  11388.47941962    300.00000000      0.99951321      1.89342360   -785.52019930     -3.84538927   -789.36558857      0.82095632      0.49035727      1.01902944      0.13682605 md_running
   635    317.50000000    220.86931891      7.79810003  11746.51265324    300.00000000      0.99951280      1.95294942   -785.56054771     -3.85145501   -789.41200273      0.76399068      0.49390947      0.97487916      0.12733178 md_running
   636    318.00000000    221.13056042      7.74612131  12086.95493674    300.00000000      0.99951241      2.00955060   -785.59320409     -3.85752085   -789.45072494      0.71257802      0.49800638      0.93901202      0.11876300 md_running
   637    318.50000000    221.38001610      7.68626040  12404.91224612    300.00000000      0.99951208      2.06241349   -785.61815804     -3.86358677   -789.48174480      0.65071729      0.50267353      0.89674188      0.10845288 md_running
   638    319.00000000    221.63275904      7.61756907  12694.93605372    300.00000000      0.99951178      2.11063221   -785.63395245     -3.86965277   -789.50360522      0.57803269      0.50800209      0.84732687      0.09633878 md_running
   639    319.50000000    221.88969898      7.53894888  12935.16907044    300.00000000      0.99951153      2.15057282   -785.63614759     -3.87571885   -789.51186644      0.51250470      0.51410375      0.80462333      0.08541745 md_running
   640    320.00000000    222.14913408      7.44939013  13102.98416697    300.00000000      0.99951135      2.17847339   -785.61996435     -3.88178500   -789.50174935      0.48959308      0.52109801      0.79091813      0.08159885 md_running
   641    320.50000000    222.41196890      7.34821835  13188.30760798    300.00000000      0.99951124      2.19265908   -785.58317231     -3.88785122   -789.47102352      0.55688188      0.52909729      0.83512835      0.09281365 md_running
   642    321.00000000    222.67063007      7.23582115  13194.66563503    300.00000000      0.99951120      2.19371615   -785.52634512     -3.89391746   -789.42026258      0.72165737      0.53815348      0.95440437      0.12027623 md_running
   643    321.50000000    222.92453245      7.11418609  13141.72594757    300.00000000      0.99951122      2.18491452   -785.45312686     -3.89998371   -789.35311057      0.92541985      0.54820637      1.11971740      0.15423664 md_running
   644    322.00000000    223.18001571      6.98636187  13082.59325000    300.00000000      0.99951128      2.17508324   -785.37378098     -3.90604993   -789.27983091      1.08838155      0.55910390      1.26294363      0.18139692 md_running
   645    322.50000000    223.44050739      6.85624741  13082.56638082    300.00000000      0.99951132      2.17507878   -785.30219676     -3.91211608   -789.21431283      1.15914793      0.57059822      1.33161810      0.19319132 md_running
   646    323.00000000    223.70381122      6.72877912  13166.11928529    300.00000000      0.99951128      2.18897010   -785.24523583     -3.91818213   -789.16341796      1.14386849      0.58230823      1.32778057      0.19064475 md_running
   647    323.50000000    223.95645403      6.60992555  13317.48743231    300.00000000      0.99951117      2.21413624   -785.20268138     -3.92424808   -789.12692946      1.10304654      0.59369580      1.30612811      0.18384109 md_running
   648    324.00000000    224.20733044      6.50505266  13537.21394935    300.00000000      0.99951102      2.25066748   -785.17848458     -3.93031389   -789.10879847      1.08929600      0.60419916      1.31678931      0.18154933 md_running
   649    324.50000000    224.45535462      6.41528788  13804.42529829    300.00000000      0.99951081      2.29509346   -785.17277493     -3.93637960   -789.10915453      1.10431950      0.61359838      1.35350901      0.18405325 md_running
   650    325.00000000    224.71894163      6.33922893  14013.47638087    300.00000000      0.99951059      2.32984983   -785.16387246     -3.94244523   -789.10631768      1.13929849      0.62191692      1.39747381      0.18988308 md_running
   651    325.50000000    224.98273913      6.27598600  14109.01721712    300.00000000      0.99951048      2.34573424   -785.14143367     -3.94851078   -789.08994445      1.16643299      0.62915015      1.42889037      0.19440550 md_running
   652    326.00000000    225.23808182      6.22230035  14164.11605301    300.00000000      0.99951044      2.35489485   -785.11747996     -3.95457629   -789.07205625      1.16558989      0.63555300      1.43396019      0.19426498 md_running
   653    326.50000000    225.49634986      6.17211674  14297.23481347    300.00000000      0.99951039      2.37702689   -785.10912586     -3.96064178   -789.06976764      1.12319279      0.64170301      1.40109641      0.18719880 md_running
   654    327.00000000    225.75217127      6.11974956  14565.15659594    300.00000000      0.99951024      2.42157097   -785.12308000     -3.96670728   -789.08978728      1.03323410      0.64818503      1.32665956      0.17220568 md_running
   655    327.50000000    226.01312316      6.06209461  14919.17854059    300.00000000      0.99951001      2.48042988   -785.14759196     -3.97277279   -789.12036474      0.92668862      0.65535007      1.23626274      0.15444810 md_running
   656    328.00000000    226.28278513      5.99839761  15287.93185577    300.00000000      0.99950977      2.54173800   -785.16940803     -3.97883831   -789.14824634      0.84442612      0.66332017      1.16079356      0.14073769 md_running
   657    328.50000000    226.52826629      5.92931927  15661.34802598    300.00000000      0.99950953      2.60382135   -785.18735929     -3.98490384   -789.17226314      0.80081473      0.67207075      1.11200148      0.13346912 md_running
   658    329.00000000    226.78206163      5.85631833  16082.84780708    300.00000000      0.99950930      2.67389898   -785.20996688     -3.99096938   -789.20093626      0.78415592      0.68148379      1.08955851      0.13069265 md_running
   659    329.50000000    227.04145202      5.78085756  16608.21094105    300.00000000      0.99950903      2.76124470   -785.24825137     -3.99703490   -789.24528627      0.75954455      0.69142855      1.07573652      0.12659076 md_running
   660    330.00000000    227.30955950      5.70412795  17238.23972840    300.00000000      0.99950871      2.86599191   -785.30357436     -4.00310041   -789.30667477      0.70121808      0.70179246      1.05570307      0.11686968 md_running
   661    330.50000000    227.56407231      5.62645105  17890.83570978    300.00000000      0.99950838      2.97449108   -785.36141666     -4.00916592   -789.37058258      0.62548059      0.71255896      1.03863394      0.10424676 md_running
   662    331.00000000    227.81722895      5.54636071  18474.50340427    300.00000000      0.99950808      3.07153039   -785.40426915     -4.01523141   -789.41950055      0.57398838      0.72394179      1.04313238      0.09566473 md_running
   663    331.50000000    228.06713852      5.46030048  18966.46744836    300.00000000      0.99950785      3.15332326   -785.42598768     -4.02129689   -789.44728457      0.56419080      0.73646250      1.06990241      0.09403180 md_running
   664    332.00000000    228.32183175      5.36360001  19407.01931799    300.00000000      0.99950766      3.22656844   -785.42999176     -4.02736237   -789.45735413      0.58769978      0.75087083      1.11242642      0.09794996 md_running
   665    332.50000000    228.57882482      5.25161777  19873.03609014    300.00000000      0.99950749      3.30404737   -785.42480271     -4.03342785   -789.45823057      0.63220059      0.76803667      1.16816868      0.10536676 md_running
   666    333.00000000    228.83969577      5.12078162  20463.54101965    300.00000000      0.99950729      3.40222342   -785.42381300     -4.03949334   -789.46330634      0.68101593      0.78884428      1.23184279      0.11350265 md_running
   667    333.50000000    229.09557640      4.97012082  21260.46001395    300.00000000      0.99950705      3.53471743   -785.43933325     -4.04555881   -789.48489206      0.71953613      0.81397691      1.29350634      0.11992269 md_running
   668    334.00000000    229.34296945      4.80383382  22272.68676362    300.00000000      0.99950675      3.70300802   -785.47492487     -4.05162427   -789.52654914      0.76637155      0.84341552      1.36268143      0.12772859 md_running
   669    334.50000000    229.59218158      4.63288247  23425.64802455    300.00000000      0.99950641      3.89469683   -785.52566553     -4.05768970   -789.58335523      0.86873741      0.87584622      1.46751063      0.14478957 md_running
   670    335.00000000    229.84048618      4.47473789  24580.30101514    300.00000000      0.99950609      4.08666691   -785.58359499     -4.06375510   -789.64735009      1.01573616      0.90815539      1.59751504      0.16928936 md_running
   671    335.50000000    230.08804936      4.35137881  25515.56758127    300.00000000      0.99950581      4.24216227   -785.63537051     -4.06982046   -789.70519097      1.12588286      0.93529488      1.69359406      0.18764714 md_running
   672    336.00000000    230.33351277      4.28202680  25839.66008658    300.00000000      0.99950564      4.29604518   -785.63513908     -4.07588580   -789.71102487      1.14445366      0.95185939      1.72092917      0.19074228 md_running
   673    336.50000000    230.57876714      4.26545572  25416.79501757    300.00000000      0.99950565      4.22574056   -785.54043307     -4.08195111   -789.62238418      1.27798865      0.95697927      1.83533054      0.21299811 md_running
   674    337.00000000    230.82509947      4.27586946  25190.97513564    300.00000000      0.99950579      4.18819625   -785.51280426     -4.08801641   -789.60082068      1.28613502      0.95606708      1.82220910      0.21435584 md_running
   675    337.50000000    231.07216172      4.31626133  25400.40474783    300.00000000      0.99950575      4.22301555   -785.60507121     -4.09408171   -789.69915292      1.02240458      0.94852538      1.58352973      0.17040076 md_running
   676    338.00000000    231.31678899      4.40932719  24979.02997456    300.00000000      0.99950573      4.15295871   -785.63337797     -4.10014698   -789.73352494      0.92792354      0.92988085      1.45809338      0.15465392 md_running
   677    338.50000000    231.56506980      4.55280852  23452.32822256    300.00000000      0.99950596      3.89913262   -785.49578560     -4.10621221   -789.60199782      1.49943386      0.90190804      1.80731426      0.24990564 md_running
   678    339.00000000    231.81301871      4.71745370  22575.29873347    300.00000000      0.99950644      3.75331963   -785.48865532     -4.11227743   -789.60093275      1.68280173      0.87171613      1.88928839      0.28046696 md_running
   679    339.50000000    232.05216061      4.89092251  22692.17682950    300.00000000      0.99950641      3.77275152   -785.68645187     -4.11834261   -789.80479449      0.98799129      0.84203879      1.32500871      0.16466522 md_running
   680    340.00000000    232.29329862      5.07392354  21969.69409728    300.00000000      0.99950650      3.65263313   -785.70918495     -4.12440776   -789.83359271      0.94178988      0.81286457      1.32714959      0.15696498 md_running
   681    340.50000000    232.53426656      5.25407222  20678.55315544    300.00000000      0.99950686      3.43797087   -785.63553632     -4.13047288   -789.76600920      0.98835718      0.78614814      1.37176365      0.16472620 md_running
   682    341.00000000    232.78111863      5.41807581  19341.43950166    300.00000000      0.99950734      3.21566529   -785.54136308     -4.13653797   -789.67790105      1.00676180      0.76347134      1.38829862      0.16779363 md_running
   683    341.50000000    233.02772733      5.55742488  18163.05435703    300.00000000      0.99950785      3.01974956   -785.45267713     -4.14260307   -789.59528020      1.07073019      0.74541937      1.44132181      0.17845503 md_running
   684    342.00000000    233.27675398      5.66851680  17233.19611592    300.00000000      0.99950833      2.86515337   -785.38241115     -4.14866818   -789.53107933      1.24885141      0.73188080      1.58568922      0.20814190 md_running
   685    342.50000000    233.52456350      5.75257114  16603.58994789    300.00000000      0.99950873      2.76047643   -785.34112619     -4.15473331   -789.49585951      1.48710206      0.72224138      1.78357907      0.24785034 md_running
   686    343.00000000    233.77081525      5.81464947  16304.09644423    300.00000000      0.99950898      2.71068330   -785.33853422     -4.16079847   -789.49933269      1.61389644      0.71557384      1.88833974      0.26898274 md_running
   687    343.50000000    234.01928787      5.86181076  16318.34969106    300.00000000      0.99950905      2.71305301   -785.37845952     -4.16686366   -789.54532318      1.50183977      0.71085152      1.78304515      0.25030663 md_running
   688    344.00000000    234.25825352      5.90175363  16530.88601851    300.00000000      0.99950897      2.74838883   -785.44665599     -4.17292884   -789.61958483      1.20554535      0.70706833      1.52391373      0.20092423 md_running
   689    344.50000000    234.50356893      5.94221264  16769.84319348    300.00000000      0.99950884      2.78811733   -785.51890847     -4.17899402   -789.69790249      0.89192781      0.70327493      1.26952841      0.14865463 md_running
   690    345.00000000    234.75175886      5.99050690  16906.38168854    300.00000000      0.99950873      2.81081792   -785.57844480     -4.18505916   -789.76350396      0.68808165      0.69861792      1.11532755      0.11468028 md_running
   691    345.50000000    234.99908848      6.05318928  16863.25778569    300.00000000      0.99950870      2.80364823   -785.61863956     -4.19112425   -789.80976381      0.59492195      0.69238576      1.04251006      0.09915366 md_running
   692    346.00000000    235.24924428      6.13481224  16560.05971122    300.00000000      0.99950878      2.75323919   -785.62786655     -4.19718926   -789.82505582      0.57832777      0.68416261      1.02378900      0.09638796 md_running
   693    346.50000000    235.48834978      6.23515730  15946.71011036    300.00000000      0.99950903      2.65126503   -785.59588149     -4.20325418   -789.79913567      0.63491407      0.67412522      1.05822584      0.10581901 md_running
   694    347.00000000    235.73766844      6.34784926  15110.99486157    300.00000000      0.99950947      2.51232084   -785.53179045     -4.20931901   -789.74110946      0.74473368      0.66311355      1.13629603      0.12412228 md_running
   695    347.50000000    235.99269748      6.46277220  14280.32398633    300.00000000      0.99951005      2.37421533   -785.46948132     -4.21538379   -789.68486511      0.81828603      0.65226085      1.19254903      0.13638100 md_running
   696    348.00000000    236.24538985      6.57210389  13603.41728619    300.00000000      0.99951061      2.26167431   -785.43107712     -4.22144855   -789.65252567      0.80841615      0.64233340      1.18619869      0.13473603 md_running
   697    348.50000000    236.49335986      6.67321427  13000.78859961    300.00000000      0.99951110      2.16148258   -785.39918802     -4.22751331   -789.62670132      0.77354252      0.63351036      1.15891418      0.12892375 md_running
   698    349.00000000    236.74367840      6.76539895  12328.43028731    300.00000000      0.99951164      2.04969777   -785.34794380     -4.23357809   -789.58152188      0.75856130      0.62577518      1.14426887      0.12642688 md_running
   699    349.50000000    236.98879560      6.84612238  11513.03327986    300.00000000      0.99951236      1.91413165   -785.26551080     -4.23964291   -789.50515371      0.76442863      0.61928295      1.13881225      0.12740477 md_running
   700    350.00000000    237.24456417      6.91013779  10521.95841276    300.00000000      0.99951336      1.74935772   -785.14120906     -4.24570781   -789.38691687      0.87321733      0.61442399      1.19741499      0.14553622 md_running
   701    350.50000000    237.48397587      6.94907441   9599.22034247    300.00000000      0.99951475      1.59594531   -785.00423078     -4.25177288   -789.25600366      1.12306478      0.61185431      1.38181022      0.18717746 md_running
   702    351.00000000    237.72898515      6.95417605   9349.76521621    300.00000000      0.99951584      1.55447145   -784.96918554     -4.25783818   -789.22702372      1.08267083      0.61227763      1.36161638      0.18044514 md_running
   703    351.50000000    237.97849407      6.92774397   9667.43409950    300.00000000      0.99951555      1.60728638   -785.01604711     -4.26390370   -789.27995081      0.82499935      0.61548904      1.19191867      0.13749989 md_running
   704    352.00000000    238.22974129      6.87961477   9935.29366139    300.00000000      0.99951499      1.65182012   -785.03138446     -4.26996935   -789.30135381      0.76071932      0.62067629      1.17181364      0.12678655 md_running
   705    352.50000000    238.48280942      6.81547206  10071.02660633    300.00000000      0.99951476      1.67438678   -785.01257125     -4.27603508   -789.28860632      0.80390902      0.62740725      1.21872248      0.13398484 md_running
   706    353.00000000    238.74027849      6.73851867  10225.06025201    300.00000000      0.99951458      1.69999608   -784.99228357     -4.28210085   -789.27438442      0.85695412      0.63547189      1.26071779      0.14282569 md_running
   707    353.50000000    238.99354871      6.65533593  10306.82059681    300.00000000      0.99951432      1.71358937   -784.96008094     -4.28816662   -789.24824756      0.91971125      0.64432537      1.28781290      0.15328521 md_running
   708    354.00000000    239.24536496      6.57516467   9886.06194821    300.00000000      0.99951435      1.64363496   -784.84712938     -4.29423234   -789.14136172      1.21089083      0.65310374      1.45927002      0.20181514 md_running
   709    354.50000000    239.48312186      6.50239200   9092.76846958    300.00000000      0.99951544      1.51174373   -784.63087773     -4.30029799   -788.93117572      2.19865697      0.66134555      2.28743761      0.36644283 md_running
   710    355.00000000    239.72392905      6.43718078  10166.73460345    300.00000000      0.99951584      1.69029898   -784.79901060     -4.30636356   -789.10537416      1.76794095      0.66898723      1.90986557      0.29465682 md_running
   711    355.50000000    239.96929123      6.39120793  12001.95074485    300.00000000      0.99951298      1.99541799   -785.07928687     -4.31242903   -789.39171590      1.04591560      0.67474822      1.36046882      0.17431927 md_running
   712    356.00000000    240.21739442      6.37438366  12884.22685677    300.00000000      0.99951169      2.14210328   -785.20813596     -4.31849437   -789.52663033      0.91944511      0.67748060      1.29572503      0.15324085 md_running
   713    356.50000000    240.46282248      6.38419589  13236.96560641    300.00000000      0.99951124      2.20074885   -785.27144465     -4.32455961   -789.59600425      0.87617054      0.67738946      1.26530004      0.14602842 md_running
   714    357.00000000    240.71051174      6.41219909  13433.12056903    300.00000000      0.99951105      2.23336115   -785.32390100     -4.33062477   -789.65452577      0.81995979      0.67537721      1.21510617      0.13665996 md_running
   715    357.50000000    240.95846135      6.44907448  13593.08353343    300.00000000      0.99951091      2.25995624   -785.37813006     -4.33668990   -789.71481996      0.72825063      0.67245611      1.13873900      0.12137511 md_running
   716    358.00000000    241.20441012      6.48623064  13686.83310877    300.00000000      0.99951080      2.27554284   -785.42116146     -4.34275503   -789.76391649      0.64994564      0.66953923      1.07636737      0.10832427 md_running
   717    358.50000000    241.45390609      6.51474860  13681.57974767    300.00000000      0.99951077      2.27466942   -785.44106093     -4.34882020   -789.78988113      0.61003257      0.66753949      1.04626214      0.10167210 md_running
   718    359.00000000    241.69672663      6.52465139  13605.06700299    300.00000000      0.99951081      2.26194858   -785.43671277     -4.35488546   -789.79159823      0.60675070      0.66745596      1.04508334      0.10112512 md_running
   719    359.50000000    241.94212945      6.50623057  13487.97731789    300.00000000      0.99951089      2.24248151   -785.40767029     -4.36095087   -789.76862116      0.65441859      0.67027784      1.07888075      0.10906976 md_running
   720    360.00000000    242.19021531      6.45080011  13311.99081918    300.00000000      0.99951099      2.21322238   -785.34432086     -4.36701645   -789.71133730      0.78834261      0.67697740      1.17381305      0.13139043 md_running
   721    360.50000000    242.43652284      6.34885936  13107.73334325    300.00000000      0.99951116      2.17926298   -785.23967245     -4.37308221   -789.61275466      1.06262760      0.68880224      1.38525960      0.17710460 md_running
   722    361.00000000    242.68825727      6.18723109  13278.18537532    300.00000000      0.99951127      2.20760196   -785.14977987     -4.37914815   -789.52892802      1.33465740      0.70777543      1.62052981      0.22244290 md_running
   723    361.50000000    242.92230312      5.95740498  14330.69604618    300.00000000      0.99951079      2.38259008   -785.16585140     -4.38521420   -789.55106561      1.31837848      0.73609753      1.63333478      0.21972975 md_running
   724    362.00000000    243.16526058      5.67369137  16008.86830008    300.00000000      0.99950973      2.66159931   -785.23878434     -4.39128022   -789.63006456      1.20554241      0.77397447      1.58504666      0.20092374 md_running
   725    362.50000000    243.41463991      5.36694662  17823.91213715    300.00000000      0.99950869      2.96336452   -785.29931267     -4.39734609   -789.69665876      1.14217109      0.81934004      1.58812772      0.19036185 md_running
   726    363.00000000    243.66315301      5.07114835  19621.74850509    300.00000000      0.99950784      3.26226885   -785.35378713     -4.40341178   -789.75719891      1.07773075      0.86832745      1.58997027      0.17962179 md_running
   727    363.50000000    243.91009056      4.82273416  21230.88190719    300.00000000      0.99950716      3.52979984   -785.40890140     -4.40947733   -789.81837872      1.01481420      0.91431149      1.57992376      0.16913570 md_running
   728    364.00000000    244.16002626      4.65796928  22279.60395536    300.00000000      0.99950668      3.70415806   -785.43929598     -4.41554275   -789.85483874      0.97985349      0.94795512      1.56557754      0.16330891 md_running
   729    364.50000000    244.40646625      4.60019353  22454.97477355    300.00000000      0.99950649      3.73331483   -785.41230857     -4.42160810   -789.83391666      1.09388153      0.96117933      1.62474677      0.18231359 md_running
   730    365.00000000    244.64762582      4.65110155  22162.92173161    300.00000000      0.99950657      3.68475873   -785.40277559     -4.42767337   -789.83044896      1.23985358      0.95196297      1.70427407      0.20664226 md_running
   731    365.50000000    244.89089659      4.79320330  21943.26384345    300.00000000      0.99950665      3.64823889   -785.51315565     -4.43373857   -789.94689422      1.00070602      0.92500612      1.51284153      0.16678434 md_running
   732    366.00000000    245.12764387      4.98070314  21531.89937214    300.00000000      0.99950672      3.57984634   -785.61706269     -4.43980370   -790.05686639      0.82262851      0.89140200      1.38411529      0.13710475 md_running
   733    366.50000000    245.37313409      5.15657215  20920.01580521    300.00000000      0.99950690      3.47811592   -785.66863704     -4.44586880   -790.11450584      0.80451332      0.86217648      1.35745902      0.13408555 md_running
   734    367.00000000    245.62991664      5.27821842  20438.30383232    300.00000000      0.99950711      3.39802754   -785.69353585     -4.45193394   -790.14546979      0.83296458      0.84345534      1.36239480      0.13882743 md_running
   735    367.50000000    245.88487343      5.31972365  20301.96635341    300.00000000      0.99950723      3.37536037   -785.70795479     -4.45799919   -790.16595398      0.88344165      0.83801481      1.39161975      0.14724028 md_running
   736    368.00000000    246.13728578      5.26746543  20648.78818038    300.00000000      0.99950720      3.43302221   -785.72388162     -4.46406457   -790.18794618      0.95943439      0.84748009      1.45144272      0.15990573 md_running
   737    368.50000000    246.38178934      5.11748197  21587.08735253    300.00000000      0.99950698      3.58902177   -785.75497573     -4.47013007   -790.22510580      1.06785343      0.87350307      1.54579641      0.17797557 md_running
   738    369.00000000    246.62473292      4.87737533  23084.76052139    300.00000000      0.99950658      3.83802163   -785.79662500     -4.47619563   -790.27282063      1.25892989      0.91774771      1.71197769      0.20982165 md_running
   739    369.50000000    246.87779698      4.57092688  24881.10161486    300.00000000      0.99950610      4.13667735   -785.81394986     -4.48226117   -790.29621103      1.54248520      0.98060286      1.97052814      0.25708087 md_running
   740    370.00000000    247.12948027      4.24065618  26658.97360133    300.00000000      0.99950565      4.43226245   -785.77793860     -4.48832664   -790.26626524      1.79274272      1.05840420      2.23680008      0.29879045 md_running
   741    370.50000000    247.37771985      3.94006983  28441.46117433    300.00000000      0.99950529      4.72861492   -785.74774948     -4.49439204   -790.24214153      1.81878661      1.14068868      2.34972472      0.30313110 md_running
   742    371.00000000    247.62309495      3.71930327  30168.11669882    300.00000000      0.99950494      5.01568488   -785.79628486     -4.50045740   -790.29674226      1.62827636      1.21002719      2.28106081      0.27137939 md_running
   743    371.50000000    247.87061522      3.63324474  31149.82318413    300.00000000      0.99950469      5.17890125   -785.86527156     -4.50652272   -790.37179428      1.31443641      1.24035776      2.09123720      0.21907274 md_running
   744    372.00000000    248.11779823      3.71247900  30810.85361149    300.00000000      0.99950463      5.12254491   -785.90938824     -4.51258801   -790.42197625      0.98344773      1.21551898      1.85564113      0.16390796 md_running
   745    372.50000000    248.36592070      3.93103588  29162.23993310    300.00000000      0.99950480      4.84845002   -785.88992659     -4.51865327   -790.40857986      0.86159413      1.14948182      1.72175224      0.14359902 md_running
   746    373.00000000    248.59942983      4.22494649  26690.67390080    300.00000000      0.99950519      4.43753287   -785.80044859     -4.52471848   -790.32516707      0.96260343      1.07095324      1.71414841      0.16043391 md_running
   747    373.50000000    248.84767440      4.52906778  24023.06823493    300.00000000      0.99950576      3.99402261   -785.66914814     -4.53078363   -790.19993178      1.14597740      1.00037946      1.78281636      0.19099623 md_running
   748    374.00000000    249.10491821      4.79637127  21669.49052934    300.00000000      0.99950643      3.60272194   -785.53692808     -4.53684874   -790.07377682      1.30212372      0.94589277      1.85770959      0.21702062 md_running
   749    374.50000000    249.35800705      4.99993065  19963.33971069    300.00000000      0.99950709      3.31906105   -785.44343294     -4.54291383   -789.98634677      1.35720342      0.90859649      1.86992799      0.22620057 md_running
   750    375.00000000    249.60115193      5.12933759  19026.17309525    300.00000000      0.99950758      3.16324979   -785.40781630     -4.54897897   -789.95679526      1.28788471      0.88685638      1.79314784      0.21464745 md_running
   751    375.50000000    249.85270893      5.18645348  18757.63548385    300.00000000      0.99950781      3.11860331   -785.41938944     -4.55504418   -789.97443362      1.12906723      0.87825942      1.65786194      0.18817787 md_running
   752    376.00000000    250.08971275      5.18186743  18915.92149758    300.00000000      0.99950781      3.14491960   -785.44729234     -4.56110948   -790.00840182      0.96028024      0.88020719      1.53267749      0.16004671 md_running
   753    376.50000000    250.32686110      5.13129789  19274.46266500    300.00000000      0.99950769      3.20452987   -785.46629673     -4.56717485   -790.03347158      0.85567433      0.89006369      1.46974667      0.14261239 md_running
   754    377.00000000    250.58931008      5.05325662  19717.56309431    300.00000000      0.99950753      3.27819877   -785.47374062     -4.57324025   -790.04698087      0.81324210      0.90500978      1.45853529      0.13554035 md_running
   755    377.50000000    250.84009578      4.96870880  20167.88686934    300.00000000      0.99950735      3.35306861   -785.47670569     -4.57930566   -790.05601135      0.79126241      0.92163007      1.46316872      0.13187707 md_running
   756    378.00000000    251.09057842      4.90165552  20465.22693347    300.00000000      0.99950720      3.40250372   -785.47017954     -4.58537104   -790.05555058      0.80528104      0.93547502      1.48726947      0.13421351 md_running
   757    378.50000000    251.33706407      4.87659359  20398.13571515    300.00000000      0.99950714      3.39134928   -785.44036299     -4.59143637   -790.03179936      0.88701965      0.94152637      1.54707956      0.14783661 md_running
   758    379.00000000    251.59508241      4.91204898  19853.86784876    300.00000000      0.99950725      3.30086050   -785.38542583     -4.59750164   -789.98292747      1.01271615      0.93596521      1.62986602      0.16878602 md_running
   759    379.50000000    251.85451285      5.01403760  18905.58226770    300.00000000      0.99950754      3.14320062   -785.32275476     -4.60356683   -789.92632159      1.11546737      0.91813690      1.68816205      0.18591123 md_running
   760    380.00000000    252.10658791      5.17545461  17733.96292214    300.00000000      0.99950800      2.94840976   -785.27423932     -4.60963193   -789.88387125      1.13996372      0.89067335      1.67678263      0.18999395 md_running
   761    380.50000000    252.35241098      5.38093569  16493.53578022    300.00000000      0.99950859      2.74217906   -785.24954613     -4.61569690   -789.86524303      1.07929829      0.85778888      1.58766536      0.17988305 md_running
   762    381.00000000    252.59077728      5.61226993  15210.03466441    300.00000000      0.99950928      2.52878699   -785.23394408     -4.62176173   -789.85570582      1.01948248      0.82351258      1.50380589      0.16991375 md_running
   763    381.50000000    252.82893315      5.84899915  13853.04112925    300.00000000      0.99951013      2.30317622   -785.20062390     -4.62782642   -789.82845033      0.99507632      0.79121978      1.46320778      0.16584605 md_running
   764    382.00000000    253.08315599      6.06895372  12493.22428406    300.00000000      0.99951120      2.07709605   -785.14543970     -4.63389101   -789.77933071      1.00645740      0.76354403      1.45874299      0.16774290 md_running
   765    382.50000000    253.34373636      6.25162672  11292.55959783    300.00000000      0.99951245      1.87747618   -785.08313431     -4.63995560   -789.72308991      1.04278957      0.74220409      1.47711069      0.17379826 md_running
   766    383.00000000    253.60002654      6.38081502  10416.05338471    300.00000000      0.99951369      1.73175018   -785.03261401     -4.64602032   -789.67863432      1.08680929      0.72812825      1.50495634      0.18113488 md_running
   767    383.50000000    253.85488982      6.44564199   9982.41977593    300.00000000      0.99951461      1.65965521   -785.00848051     -4.65208531   -789.66056582      1.11256086      0.72174639      1.52164045      0.18542681 md_running
   768    384.00000000    254.11414111      6.44085270  10044.61240493    300.00000000      0.99951489      1.66999522   -785.01704980     -4.65815065   -789.67520045      1.10358875      0.72322472      1.51458183      0.18393146 md_running
   769    384.50000000    254.36918764      6.36648897  10596.33044723    300.00000000      0.99951443      1.76172265   -785.05682170     -4.66421633   -789.72103803      1.05839937      0.73262469      1.48416784      0.17639989 md_running
   770    385.00000000    254.62516893      6.22752191  11593.43470500    300.00000000      0.99951340      1.92749901   -785.12226286     -4.67028227   -789.79254513      0.98481611      0.74994655      1.43762241      0.16413602 md_running
   771    385.50000000    254.88473439      6.03413489  12959.97988747    300.00000000      0.99951208      2.15469782   -785.20556722     -4.67634832   -789.88191555      0.89654395      0.77498590      1.38629489      0.14942399 md_running
   772    386.00000000    255.14943015      5.80267933  14574.41773512    300.00000000      0.99951073      2.42311071   -785.29548197     -4.68241435   -789.97789632      0.81039686      0.80694284      1.34325232      0.13506614 md_running
   773    386.50000000    255.41583424      5.55608033  16257.50498325    300.00000000      0.99950955      2.70293710   -785.37733305     -4.68848027   -790.06581332      0.74157029      0.84384890      1.31809116      0.12359505 md_running
   774    387.00000000    255.66989058      5.32253028  17783.63816501    300.00000000      0.99950861      2.95666866   -785.43543988     -4.69454602   -790.12998590      0.70177128      0.88201564      1.31694692      0.11696188 md_running
   775    387.50000000    255.92907642      5.13083051  18937.46135127    300.00000000      0.99950796      3.14850077   -785.45995180     -4.70061161   -790.16056341      0.70534028      0.91615159      1.34274928      0.11755671 md_running
   776    388.00000000    256.19312959      5.00302036  19612.20049199    300.00000000      0.99950758      3.26068142   -785.45588313     -4.70667708   -790.16256021      0.77094608      0.94076829      1.40030510      0.12849101 md_running
   777    388.50000000    256.45894402      4.94750240  19876.77795971    300.00000000      0.99950741      3.30466948   -785.44996989     -4.71274245   -790.16271233      0.91328458      0.95255090      1.49254211      0.15221410 md_running
   778    389.00000000    256.72162356      4.95857259  19822.91369907    300.00000000      0.99950736      3.29571413   -785.45492002     -4.71880774   -790.17372776      1.16133225      0.95164750      1.64082394      0.19355538 md_running
   779    389.50000000    256.98562927      5.01979354  19629.74449037    300.00000000      0.99950743      3.26359824   -785.47874875     -4.72487298   -790.20362172      1.50024147      0.94124966      1.87646874      0.25004024 md_running
   780    390.00000000    257.25607403      5.10944917  19636.78792192    300.00000000      0.99950749      3.26476927   -785.56638537     -4.73093817   -790.29732354      1.75321778      0.92592073      2.06038037      0.29220296 md_running
   781    390.50000000    257.51395768      5.21173809  19905.41391980    300.00000000      0.99950742      3.30943044   -785.71234766     -4.73700334   -790.44935099      1.75000330      0.90891195      2.03295631      0.29166722 md_running
   782    391.00000000    257.74954220      5.31580300  20129.94287659    300.00000000      0.99950730      3.34676013   -785.85106877     -4.74306848   -790.59413725      1.47467464      0.89225980      1.78168848      0.24577911 md_running
   783    391.50000000    257.99350531      5.40676079  20002.44866340    300.00000000      0.99950727      3.32556322   -785.91337226     -4.74913363   -790.66250589      1.10899208      0.87837131      1.48884704      0.18483201 md_running
   784    392.00000000    258.24891827      5.46487170  19568.26576299    300.00000000      0.99950739      3.25337692   -785.89074465     -4.75519882   -790.64594347      0.93222208      0.87014111      1.38181538      0.15537035 md_running
   785    392.50000000    258.50752808      5.47547066  19060.69417192    300.00000000      0.99950758      3.16898918   -785.82033001     -4.76126411   -790.58159412      1.06265778      0.86956451      1.49740658      0.17710963 md_running
   786    393.00000000    258.76066469      5.43630726  18524.75298037    300.00000000      0.99950779      3.07988478   -785.69742703     -4.76732949   -790.46475653      1.52074921      0.87694451      1.88082843      0.25345820 md_running
   787    393.50000000    259.02433331      5.35089406  18177.05499495    300.00000000      0.99950802      3.02207727   -785.56197706     -4.77339496   -790.33537202      1.92857872      0.89207600      2.25454800      0.32142979 md_running
   788    394.00000000    259.28322639      5.22724669  18374.54099703    300.00000000      0.99950807      3.05491086   -785.48605743     -4.77946047   -790.26551790      1.96985555      0.91433761      2.31134094      0.32830926 md_running
   789    394.50000000    259.52913097      5.07913895  19134.96683958    300.00000000      0.99950785      3.18133760   -785.48215616     -4.78552599   -790.26768215      1.67149453      0.94219362      2.07491636      0.27858242 md_running
   790    395.00000000    259.78799988      4.92349584  20169.94355856    300.00000000      0.99950746      3.35341055   -785.51071592     -4.79159148   -790.30230740      1.30367358      0.97321023      1.81081802      0.21727893 md_running
   791    395.50000000    260.05766604      4.77678981  21246.19272438    300.00000000      0.99950707      3.53234538   -785.54881850     -4.79765693   -790.34647542      1.06812053      1.00436929      1.68673608      0.17802009 md_running
   792    396.00000000    260.31989057      4.65462149  22249.86609975    300.00000000      0.99950672      3.69921391   -785.59591435     -4.80372233   -790.39963669      0.99287772      1.03203359      1.67543292      0.16547962 md_running
   793    396.50000000    260.57586216      4.57365715  23046.91620947    300.00000000      0.99950644      3.83172971   -785.65143249     -4.80978770   -790.46122019      0.98006343      1.05162904      1.68906241      0.16334390 md_running
   794    397.00000000    260.83027546      4.54700775  23419.78983272    300.00000000      0.99950625      3.89372286   -785.69332282     -4.81585303   -790.50917584      0.97039136      1.05912638      1.68813886      0.16173189 md_running
   795    397.50000000    261.08109395      4.57620919  23102.37847107    300.00000000      0.99950623      3.84095075   -785.67808676     -4.82191832   -790.50000508      0.96297503      1.05369336      1.68557627      0.16049584 md_running
   796    398.00000000    261.32527940      4.64361223  22075.52129719    300.00000000      0.99950642      3.67022773   -785.57265235     -4.82798358   -790.40063593      1.07140585      1.03970499      1.76233688      0.17856764 md_running
   797    398.50000000    261.56853496      4.72040953  21028.84125633    300.00000000      0.99950681      3.49620900   -785.47063606     -4.83404883   -790.30468489      1.20043172      1.02407480      1.83253602      0.20007195 md_running
   798    399.00000000    261.80805623      4.79591906  20478.88499140    300.00000000      0.99950707      3.40477448   -785.46768521     -4.84011408   -790.30779929      1.05408932      1.00921597      1.70339042      0.17568155 md_running
   799    399.50000000    262.05797113      4.86644020  20067.02158163    300.00000000      0.99950721      3.33629897   -785.47319608     -4.84617933   -790.31937541      0.94795576      0.99583752      1.62615589      0.15799263 md_running
   800    400.00000000    262.28738507      4.91950681  19657.03854209    300.00000000      0.99950737      3.26813609   -785.45801356     -4.85224458   -790.31025815      0.92584971      0.98632841      1.61805601      0.15430828 md_running
   801    400.50000000    262.50684284      4.94323248  19386.34869018    300.00000000      0.99950751      3.22313179   -785.43992119     -4.85830987   -790.29823106      0.91147501      0.98282142      1.62059529      0.15191250 md_running
   802    401.00000000    262.75148922      4.93294145  19243.53659864    300.00000000      0.99950759      3.19938817   -785.41026813     -4.86437519   -790.27464331      0.91254327      0.98610130      1.63809975      0.15209054 md_running
   803    401.50000000    263.00142484      4.89015864  19174.03455130    300.00000000      0.99950763      3.18783291   -785.35815748     -4.87044053   -790.22859801      0.96009429      0.99596872      1.68808557      0.16001572 md_running
   804    402.00000000    263.24898811      4.81935585  19280.18226864    300.00000000      0.99950764      3.20548079   -785.30570808     -4.87650590   -790.18221399      1.02179028      1.01185929      1.74641526      0.17029838 md_running
   805    402.50000000    263.50153636      4.72909999  19718.82863933    300.00000000      0.99950754      3.27840918   -785.29015084     -4.88257128   -790.17272212      1.01881147      1.03245330      1.76311691      0.16980191 md_running
   806    403.00000000    263.75216767      4.63446754  20452.65224251    300.00000000      0.99950730      3.40041308   -785.31949082     -4.88863665   -790.20812747      0.94492811      1.05484390      1.73967751      0.15748802 md_running
   807    403.50000000    264.00496654      4.55341224  21256.64158435    300.00000000      0.99950701      3.53408258   -785.37293346     -4.89470201   -790.26763547      0.86310813      1.07495315      1.71243956      0.14385136 md_running
   808    404.00000000    264.24969341      4.49888362  21921.06220069    300.00000000      0.99950676      3.64454770   -785.42931940     -4.90076735   -790.33008674      0.82051411      1.08933024      1.69944699      0.13675235 md_running
   809    404.50000000    264.49780439      4.47379475  22401.63298989    300.00000000      0.99950658      3.72444634   -785.48422510     -4.90683266   -790.39105776      0.82400961      1.09679489      1.70229843      0.13733493 md_running
   810    405.00000000    264.74193210      4.47310037  22789.09502736    300.00000000      0.99950646      3.78886493   -785.55213672     -4.91289797   -790.46503469      0.78890748      1.09832111      1.67421006      0.13148458 md_running
   811    405.50000000    264.99535352      4.49124991  23054.35016795    300.00000000      0.99950636      3.83296567   -785.62250570     -4.91896326   -790.54146896      0.71748628      1.09523319      1.62050857      0.11958105 md_running
   812    406.00000000    265.24604800      4.52422348  23021.90795223    300.00000000      0.99950631      3.82757190   -785.65832944     -4.92502854   -790.58335798      0.69834312      1.08859154      1.59539007      0.11639052 md_running
   813    406.50000000    265.47883956      4.56622094  22620.05968905    300.00000000      0.99950638      3.76076148   -785.63822971     -4.93109382   -790.56932353      0.81216610      1.07990764      1.64745535      0.13536102 md_running
   814    407.00000000    265.71081656      4.60868445  22088.01562923    300.00000000      0.99950653      3.67230501   -785.59416926     -4.93715909   -790.53132835      0.97488029      1.07127369      1.73996719      0.16248005 md_running
   815    407.50000000    265.95525507      4.64670880  21743.91493968    300.00000000      0.99950668      3.61509558   -785.58328062     -4.94322437   -790.52650498      0.99322657      1.06381271      1.74488172      0.16553776 md_running
   816    408.00000000    266.20069757      4.68617630  21430.63324048    300.00000000      0.99950675      3.56301005   -785.58286103     -4.94928964   -790.53215067      0.98150005      1.05614750      1.72187030      0.16358334 md_running
   817    408.50000000    266.43449449      4.73808753  20607.62603217    300.00000000      0.99950690      3.42617868   -785.51040125     -4.95535490   -790.46575615      1.19125914      1.04585635      1.82388044      0.19854319 md_running
   818    409.00000000    266.67083575      4.81076029  18903.95274235    300.00000000      0.99950732      3.14292970   -785.29805372     -4.96142014   -790.25947386      1.89629058      1.03131820      2.30874037      0.31604843 md_running
   819    409.50000000    266.90139932      4.90968297  17613.31374079    300.00000000      0.99950811      2.92835089   -785.15977163     -4.96748535   -790.12725698      2.40844449      1.01177420      2.71922786      0.40140742 md_running
   820    410.00000000    267.14679416      5.02995695  17845.07790362    300.00000000      0.99950825      2.96688349   -785.35389902     -4.97355050   -790.32744952      1.58311321      0.98878714      2.04091524      0.26385220 md_running
   821    410.50000000    267.39852120      5.13611078  17805.65907846    300.00000000      0.99950812      2.96032980   -785.44789529     -4.97961565   -790.42751094      1.27211254      0.96953186      1.82865027      0.21201876 md_running
   822    411.00000000    267.65063122      5.19394786  17580.36777360    300.00000000      0.99950830      2.92287337   -785.45277985     -4.98568086   -790.43846070      1.35901742      0.95990354      1.90611945      0.22650290 md_running
   823    411.50000000    267.89783889      5.18034298  18145.28517888    300.00000000      0.99950826      3.01679529   -785.54551740     -4.99174617   -790.53726357      1.13049477      0.96359532      1.73803033      0.18841580 md_running
   824    412.00000000    268.14622920      5.10845432  19097.22473691    300.00000000      0.99950783      3.17506268   -785.64474144     -4.99781157   -790.64255300      0.88709463      0.97834270      1.57416236      0.14784911 md_running
   825    412.50000000    268.38828670      5.00291946  19758.23828195    300.00000000      0.99950750      3.28496134   -785.65019681     -5.00387701   -790.65407382      1.01974794      1.00019270      1.67034974      0.16995799 md_running
   826    413.00000000    268.63713039      4.87662082  20223.53328039    300.00000000      0.99950731      3.36232026   -785.60072525     -5.00994246   -790.61066772      1.32184437      1.02734006      1.90585685      0.22030740 md_running
   827    413.50000000    268.88607118      4.73799799  20712.14853882    300.00000000      0.99950714      3.44355636   -785.54027776     -5.01600791   -790.55628567      1.68185441      1.05867761      2.21105911      0.28030907 md_running
   828    414.00000000    269.14114942      4.59813016  21363.30387744    300.00000000      0.99950695      3.55181602   -785.50032820     -5.02207334   -790.52240154      1.95142839      1.09219983      2.45980789      0.32523806 md_running
   829    414.50000000    269.39024493      4.47103124  22300.50884024    300.00000000      0.99950670      3.70763366   -785.52058781     -5.02813874   -790.54872655      1.94111808      1.12460447      2.47544986      0.32351968 md_running
   830    415.00000000    269.62872469      4.37334440  23405.81497996    300.00000000      0.99950638      3.89139944   -785.60282166     -5.03420411   -790.63702577      1.64587781      1.15111141      2.25669517      0.27431297 md_running
   831    415.50000000    269.86715877      4.32198223  24273.02200056    300.00000000      0.99950609      4.03557937   -785.69531363     -5.04026945   -790.73558308      1.26685609      1.16619446      1.99335496      0.21114268 md_running
   832    416.00000000    270.11351041      4.32634566  24577.95495222    300.00000000      0.99950593      4.08627685   -785.75486445     -5.04633476   -790.80119921      0.98325111      1.16642022      1.82000353      0.16387519 md_running
   833    416.50000000    270.35637147      4.38251566  24275.14229801    300.00000000      0.99950594      4.03593189   -785.77129772     -5.05240004   -790.82369776      0.84057114      1.15285441      1.73610915      0.14009519 md_running
   834    417.00000000    270.60197214      4.47483622  23514.04685273    300.00000000      0.99950608      3.90939383   -785.75067735     -5.05846530   -790.80914264      0.79704654      1.13042531      1.69965644      0.13284109 md_running
   835    417.50000000    270.83378522      4.58178038  22523.32289217    300.00000000      0.99950633      3.74467824   -785.70625757     -5.06453053   -790.77078810      0.79779517      1.10536373      1.68229840      0.13296586 md_running
   836    418.00000000    271.08123142      4.68185972  21521.57708699    300.00000000      0.99950664      3.57813018   -785.65050070     -5.07059576   -790.72109646      0.82040509      1.08303108      1.67579578      0.13673418 md_running
   837    418.50000000    271.31581945      4.75773308  20677.95325372    300.00000000      0.99950694      3.43787113   -785.59382706     -5.07666100   -790.67048807      0.86056289      1.06703449      1.67923824      0.14342715 md_running
   838    419.00000000    271.54491314      4.79859180  20090.17285546    300.00000000      0.99950719      3.34014805   -785.54306689     -5.08272627   -790.62579316      0.92527459      1.05921300      1.69862912      0.15421243 md_running
   839    419.50000000    271.78927020      4.80106864  19739.89896103    300.00000000      0.99950736      3.28191228   -785.49259167     -5.08879157   -790.58138324      1.05316112      1.05992989      1.76433615      0.17552685 md_running
   840    420.00000000    272.03666113      4.76759066  19511.26385369    300.00000000      0.99950745      3.24389991   -785.42382060     -5.09485690   -790.51867750      1.28847655      1.06864488      1.92000772      0.21474609 md_running
   841    420.50000000    272.28794608      4.70264690  19348.46618532    300.00000000      0.99950753      3.21683353   -785.32886450     -5.10092226   -790.42978676      1.59252545      1.08469261      2.15651869      0.26542091 md_running
   842    421.00000000    272.54290481      4.61027997  19459.09922085    300.00000000      0.99950756      3.23522713   -785.24378896     -5.10698764   -790.35077660      1.83978699      1.10773993      2.37666398      0.30663116 md_running
   843    421.50000000    272.79815434      4.49767709  20199.10173460    300.00000000      0.99950741      3.35825833   -785.24873085     -5.11305302   -790.36178387      1.88821210      1.13682151      2.44492287      0.31470202 md_running
   844    422.00000000    273.03231766      4.39102011  21159.71761823    300.00000000      0.99950702      3.51796822   -785.30507631     -5.11911839   -790.42419471      1.79267986      1.16581589      2.39357471      0.29877998 md_running
   845    422.50000000    273.27191011      4.33194807  21445.51806319    300.00000000      0.99950678      3.56548477   -785.28299977     -5.12518373   -790.40818350      1.77295106      1.18311347      2.40896370      0.29549184 md_running
   846    423.00000000    273.52996412      4.33615029  21162.34869298    300.00000000      0.99950682      3.51840565   -785.23565294     -5.13124903   -790.36690197      1.78638599      1.18336569      2.43566949      0.29773100 md_running
   847    423.50000000    273.78337115      4.39165049  20831.95473060    300.00000000      0.99950694      3.46347508   -785.25199211     -5.13731431   -790.38930641      1.64079266      1.16979185      2.31555591      0.27346544 md_running
   848    424.00000000    274.03985179      4.47500970  20477.76061027    300.00000000      0.99950705      3.40458754   -785.29060045     -5.14337956   -790.43398001      1.48739825      1.14935674      2.18502581      0.24789971 md_running
   849    424.50000000    274.28507929      4.55748135  20173.59680790    300.00000000      0.99950718      3.35401793   -785.33574130     -5.14944481   -790.48518611      1.32302738      1.12988904      2.05030535      0.22050456 md_running
   850    425.00000000    274.54684142      4.61613064  19988.07549383    300.00000000      0.99950727      3.32317357   -785.37446789     -5.15551008   -790.52997796      1.14315025      1.11684745      1.91469227      0.19052504 md_running
   851    425.50000000    274.80695228      4.63660096  19882.18427205    300.00000000      0.99950733      3.30556833   -785.38061396     -5.16157537   -790.54218933      1.03467689      1.11322479      1.84517225      0.17244615 md_running
   852    426.00000000    275.06774990      4.60838667  19988.64304349    300.00000000      0.99950735      3.32326793   -785.36674937     -5.16764070   -790.53439007      0.99096616      1.12135649      1.83356683      0.16516103 md_running
   853    426.50000000    275.31345586      4.52678669  20540.64887748    300.00000000      0.99950725      3.41504321   -785.36895175     -5.17370607   -790.54265783      0.94077956      1.14290988      1.83134425      0.15679659 md_running
   854    427.00000000    275.56365592      4.39916319  21585.82308119    300.00000000      0.99950696      3.58881158   -785.40133539     -5.17977146   -790.58110685      0.85748334      1.17744530      1.82348036      0.14291389 md_running
   855    427.50000000    275.83112842      4.24830169  22895.88527727    300.00000000      0.99950657      3.80661964   -785.44710000     -5.18583685   -790.63293686      0.78559781      1.22068517      1.83446590      0.13093297 md_running
   856    428.00000000    276.10709936      4.11006201  24064.09445643    300.00000000      0.99950619      4.00084354   -785.48059615     -5.19190222   -790.67249837      0.75460570      1.26321788      1.86579269      0.12576762 md_running
   857    428.50000000    276.36523662      4.02475557  24564.00138546    300.00000000      0.99950594      4.08395697   -785.46608518     -5.19796756   -790.66405273      0.79534460      1.29149928      1.91020557      0.13255743 md_running
   858    429.00000000    276.62400457      4.01789810  23990.98625007    300.00000000      0.99950593      3.98868873   -785.36378592     -5.20403286   -790.56781878      1.02992269      1.29521309      2.01945099      0.17165378 md_running
   859    429.50000000    276.88410598      4.07961843  22759.96928195    300.00000000      0.99950621      3.78402255   -785.22668618     -5.21009815   -790.43678433      1.34356778      1.27710465      2.16171482      0.22392796 md_running
   860    430.00000000    277.14721429      4.17621982  21890.56591595    300.00000000      0.99950655      3.63947745   -785.20924604     -5.21616341   -790.42540946      1.28437039      1.24901596      2.07277673      0.21406173 md_running
   861    430.50000000    277.41580305      4.28195285  21491.56901849    300.00000000      0.99950672      3.57314110   -785.27906632     -5.22222867   -790.50129499      1.11145788      1.21959092      1.94218665      0.18524298 md_running
   862    431.00000000    277.68492479      4.37469223  21315.30447289    300.00000000      0.99950682      3.54383575   -785.36251987     -5.22829393   -790.59081380      1.03003863      1.19512325      1.87285319      0.17167311 md_running
   863    431.50000000    277.95044016      4.43423012  21387.05572865    300.00000000      0.99950684      3.55576495   -785.45035547     -5.23435920   -790.68471468      0.87645937      1.18044435      1.75701888      0.14607656 md_running
   864    432.00000000    278.21984766      4.44956575  21584.58138553    300.00000000      0.99950679      3.58860513   -785.50457204     -5.24042450   -790.74499654      0.79404551      1.17773903      1.69539744      0.13234092 md_running
   865    432.50000000    278.48628607      4.41654072  21873.44723471    300.00000000      0.99950672      3.63663134   -785.51507195     -5.24648983   -790.76156178      0.83901813      1.18791895      1.72140323      0.13983635 md_running
   866    433.00000000    278.73725686      4.33677554  22392.42239424    300.00000000      0.99950660      3.72291501   -785.50900566     -5.25255518   -790.76156084      0.90904123      1.21116654      1.78047125      0.15150687 md_running
   867    433.50000000    279.00117873      4.22087361  23208.20371818    300.00000000      0.99950640      3.85854502   -785.50867185     -5.25862055   -790.76729240      0.97026681      1.24586114      1.84433346      0.16171114 md_running
   868    434.00000000    279.26689715      4.09321014  24150.80745068    300.00000000      0.99950614      4.01526025   -785.51360484     -5.26468591   -790.77829075      1.02432531      1.28620013      1.90558340      0.17072088 md_running
   869    434.50000000    279.52180827      3.99200066  24834.23125189    300.00000000      0.99950591      4.12888479   -785.50359291     -5.27075125   -790.77434416      1.10157942      1.32032856      1.97902310      0.18359657 md_running
   870    435.00000000    279.77279300      3.95346160  24968.42353199    300.00000000      0.99950581      4.15119530   -785.47856851     -5.27681657   -790.75538508      1.17865052      1.33473353      2.04222397      0.19644175 md_running
   871    435.50000000    280.01127010      3.99230900  24536.81211557    300.00000000      0.99950584      4.07943654   -785.46211451     -5.28288186   -790.74499637      1.18161950      1.32326509      2.03567865      0.19693658 md_running
   872    436.00000000    280.26335568      4.09753067  23609.40905482    300.00000000      0.99950602      3.92524854   -785.44650349     -5.28894713   -790.73545062      1.14597888      1.29076487      1.99306292      0.19099648 md_running
   873    436.50000000    280.50184561      4.23705440  22485.45044724    300.00000000      0.99950632      3.73838165   -785.43111363     -5.29501238   -790.72612601      1.14837278      1.24969231      1.97654106      0.19139546 md_running
   874    437.00000000    280.74552545      4.37115366  21752.64878156    300.00000000      0.99950662      3.61654765   -785.47612598     -5.30107761   -790.77720359      1.02514351      1.21274164      1.87185866      0.17085725 md_running
   875    437.50000000    280.99489335      4.47599843  21514.93393377    300.00000000      0.99950676      3.57702570   -785.57131524     -5.30714285   -790.87845809      0.77818478      1.18568982      1.70108300      0.12969746 md_running
   876    438.00000000    281.23262046      4.54660867  21385.74627738    300.00000000      0.99950680      3.55554725   -785.63724572     -5.31320810   -790.95045382      0.65588064      1.16860979      1.62507805      0.10931344 md_running
   877    438.50000000    281.46850708      4.58175734  21196.27827555    300.00000000      0.99950685      3.52404671   -785.64905578     -5.31927337   -790.96832915      0.68963125      1.16096871      1.64046537      0.11493854 md_running
   878    439.00000000    281.71576928      4.57895130  21051.69718028    300.00000000      0.99950691      3.50000898   -785.62211611     -5.32533867   -790.94745478      0.85870607      1.16300479      1.73578605      0.14311768 md_running
   879    439.50000000    281.96754353      4.53578982  21266.99389649    300.00000000      0.99950692      3.53580374   -785.60786908     -5.33140401   -790.93927308      1.03350945      1.17540884      1.85285511      0.17225157 md_running
   880    440.00000000    282.22403346      4.45630973  22045.17912027    300.00000000      0.99950675      3.66518310   -785.65435582     -5.33746936   -790.99182519      1.00760035      1.19773372      1.85715030      0.16793339 md_running
   881    440.50000000    282.47840100      4.36099037  22904.16623448    300.00000000      0.99950645      3.80799642   -785.69486793     -5.34353473   -791.03840266      1.01502759      1.22530364      1.88408988      0.16917127 md_running
   882    441.00000000    282.73133544      4.28126761  23367.22579977    300.00000000      0.99950626      3.88498368   -785.66999284     -5.34960008   -791.01959293      1.27183737      1.24953703      2.06208911      0.21197290 md_running
   883    441.50000000    282.98066504      4.24563710  23731.34157752    300.00000000      0.99950617      3.94552077   -785.69151721     -5.35566541   -791.04718262      1.30432017      1.26145205      2.07039527      0.21738670 md_running
   884    442.00000000    283.23370321      4.28351567  23825.18735548    300.00000000      0.99950608      3.96112337   -785.76783229     -5.36173070   -791.12956299      1.17397403      1.25171317      1.94547855      0.19566234 md_running
   885    442.50000000    283.48157910      4.41283641  22966.50686062    300.00000000      0.99950616      3.81836103   -785.78548619     -5.36779594   -791.15328212      1.16432388      1.21640556      1.89441714      0.19405398 md_running
   886    443.00000000    283.72432992      4.61656812  21190.45570240    300.00000000      0.99950657      3.52307866   -785.72718967     -5.37386110   -791.10105077      1.19153303      1.16403890      1.86908169      0.19858884 md_running
   887    443.50000000    283.97432264      4.85119253  19067.06149400    300.00000000      0.99950726      3.17004780   -785.63774524     -5.37992620   -791.01767144      1.16027584      1.10899153      1.80673088      0.19337931 md_running
   888    444.00000000    284.22725991      5.07088044  17083.27425288    300.00000000      0.99950812      2.84022769   -785.54570511     -5.38599124   -790.93169635      1.09395934      1.06214263      1.73061277      0.18232656 md_running
   889    444.50000000    284.47035720      5.23990152  15537.79247070    300.00000000      0.99950904      2.58327928   -785.46586176     -5.39205629   -790.85791805      1.10283544      1.02903939      1.71784894      0.18380591 md_running
   890    445.00000000    284.72373767      5.33666140  14574.53270696    300.00000000      0.99950980      2.42312982   -785.40801781     -5.39812143   -790.80613924      1.33826252      1.01151843      1.87447392      0.22304375 md_running
   891    445.50000000    284.96381406      5.35523287  14171.24911605    300.00000000      0.99951026      2.35608078   -785.36167024     -5.40418670   -790.76585694      1.83119485      1.00914321      2.26396726      0.30519914 md_running
   892    446.00000000    285.21174368      5.30125516  14396.73450885    300.00000000      0.99951035      2.39356949   -785.34377603     -5.41025210   -790.75402813      2.28822904      1.02056239      2.66172522      0.38137151 md_running
   893    446.50000000    285.46428138      5.18887614  15439.70407626    300.00000000      0.99950993      2.56697132   -785.40489166     -5.41631759   -790.82120924      2.33762455      1.04383411      2.71019867      0.38960409 md_running
   894    447.00000000    285.71870470      5.04104169  17183.50225457    300.00000000      0.99950902      2.85689138   -785.54809018     -5.42238310   -790.97047328      1.92111677      1.07564871      2.35506824      0.32018613 md_running
   895    447.50000000    285.97569414      4.88891323  19057.25873993    300.00000000      0.99950805      3.16841802   -785.70511259     -5.42844859   -791.13356118      1.33259482      1.11036011      1.90065196      0.22209914 md_running
   896    448.00000000    286.21939431      4.76695374  20329.42484491    300.00000000      0.99950735      3.37992556   -785.79069888     -5.43451401   -791.22521289      0.91160782      1.14004019      1.65196759      0.15193464 md_running
   897    448.50000000    286.47403711      4.70128269  20411.89402358    300.00000000      0.99950706      3.39363671   -785.73417737     -5.44057937   -791.17475674      1.01897904      1.15725521      1.77686579      0.16982984 md_running
   898    449.00000000    286.72410868      4.69249840  19614.73358407    300.00000000      0.99950725      3.26110256   -785.57146769     -5.44664468   -791.01811237      1.62048058      1.16071413      2.25622573      0.27008010 md_running
   899    449.50000000    286.97371085      4.71560399  19440.10781527    300.00000000      0.99950753      3.23206966   -785.58130288     -5.45270995   -791.03401283      1.45104599      1.15631311      2.13081191      0.24184100 md_running
   900    450.00000000    287.22441486      4.76118158  19587.88474940    300.00000000      0.99950742      3.25663873   -785.67141865     -5.45877521   -791.13019386      0.99222900      1.14651799      1.79280520      0.16537150 md_running
   901    450.50000000    287.47708678      4.82626438  19076.65984380    300.00000000      0.99950750      3.17164360   -785.65628484     -5.46484044   -791.12112527      0.91602520      1.13231387      1.73132456      0.15267087 md_running
   902    451.00000000    287.72686251      4.89023009  18222.65902800    300.00000000      0.99950784      3.02965930   -785.58136291     -5.47090567   -791.05226858      0.93290711      1.11874324      1.73995617      0.15548452 md_running
   903    451.50000000    287.97862662      4.92444888  17648.24629155    300.00000000      0.99950820      2.93415870   -785.52232093     -5.47697094   -790.99929187      0.92722419      1.11220108      1.74103872      0.15453737 md_running
   904    452.00000000    288.23334019      4.90722500  17710.60610691    300.00000000      0.99950834      2.94452651   -785.51762133     -5.48303627   -791.00065760      0.86906335      1.11734076      1.71474308      0.14484389 md_running
   905    452.50000000    288.48757976      4.83247979  18360.07354199    300.00000000      0.99950815      3.05250554   -785.54717121     -5.48910168   -791.03627288      0.80762977      1.13587794      1.69916357      0.13460496 md_running
   906    453.00000000    288.73876143      4.70661585  19402.17988872    300.00000000      0.99950777      3.22576385   -785.57997355     -5.49516713   -791.07514067      0.79477719      1.16754199      1.72382551      0.13246287 md_running
   907    453.50000000    288.99063124      4.54450231  20731.99345650    300.00000000      0.99950730      3.44685574   -785.61327510     -5.50123258   -791.11450768      0.79925351      1.21052553      1.76782955      0.13320892 md_running
   908    454.00000000    289.24272851      4.36962770  22237.89247012    300.00000000      0.99950679      3.69722320   -785.65513331     -5.50729801   -791.16243132      0.78149065      1.26035923      1.80450365      0.13024844 md_running
   909    454.50000000    289.49355548      4.21374631  23657.35322500    300.00000000      0.99950633      3.93321963   -785.70019527     -5.51336341   -791.21355868      0.75388700      1.30842367      1.83367630      0.12564783 md_running
   910    455.00000000    289.75112266      4.10911142  24642.02841575    300.00000000      0.99950599      4.09692957   -785.73330014     -5.51942877   -791.25272891      0.74912364      1.34321751      1.86082332      0.12485394 md_running
   911    455.50000000    290.00823279      4.07442733  24938.69868568    300.00000000      0.99950583      4.14625332   -785.74058037     -5.52549409   -791.26607446      0.80871276      1.35614043      1.89622473      0.13478546 md_running
   912    456.00000000    290.26004588      4.10288552  24576.97937877    300.00000000      0.99950584      4.08611466   -785.71963641     -5.53155938   -791.25119580      0.91888329      1.34821236      1.94123140      0.15314721 md_running
   913    456.50000000    290.49704508      4.16231922  23897.87234098    300.00000000      0.99950599      3.97320781   -785.68480992     -5.53762467   -791.22243459      1.03232567      1.33041849      1.98585771      0.17205428 md_running
   914    457.00000000    290.75080117      4.20998172  23458.30650325    300.00000000      0.99950616      3.90012656   -785.67229675     -5.54368995   -791.21598670      1.12043050      1.31679713      2.01974075      0.18673842 md_running
   915    457.50000000    291.00800975      4.21610766  23634.45013732    300.00000000      0.99950620      3.92941181   -785.71880793     -5.54975525   -791.26856319      1.01643904      1.31632246      1.94440740      0.16940651 md_running
   916    458.00000000    291.26598831      4.17922775  24124.13095341    300.00000000      0.99950609      4.01082507   -785.75706448     -5.55582058   -791.31288505      0.95638834      1.32938972      1.91796031      0.15939806 md_running
   917    458.50000000    291.51347739      4.10916448  24702.46861999    300.00000000      0.99950596      4.10697822   -785.76058726     -5.56188591   -791.32247317      0.99808182      1.35353247      1.96842235      0.16634697 md_running
   918    459.00000000    291.74911413      4.01687928  25453.01211432    300.00000000      0.99950580      4.23176194   -785.76710044     -5.56795125   -791.33505169      1.00059170      1.38613891      2.00063660      0.16676528 md_running
   919    459.50000000    291.98183186      3.92407973  26144.71162792    300.00000000      0.99950561      4.34676238   -785.76243120     -5.57401659   -791.33644778      1.03137192      1.42046498      2.05231493      0.17189532 md_running
   920    460.00000000    292.22784240      3.85836225  26419.50836620    300.00000000      0.99950549      4.39244948   -785.71919201     -5.58008191   -791.29927392      1.17835420      1.44623098      2.17444539      0.19639237 md_running
   921    460.50000000    292.48516141      3.83378638  26177.67762755    300.00000000      0.99950548      4.35224324   -785.65414168     -5.58614722   -791.24028891      1.28044328      1.45708387      2.25936861      0.21340721 md_running
   922    461.00000000    292.74511636      3.84188086  25322.77591270    300.00000000      0.99950558      4.21010915   -785.51660846     -5.59221253   -791.10882098      1.66739629      1.45559267      2.54110347      0.27789938 md_running
   923    461.50000000    292.99869290      3.85352442  25263.43966009    300.00000000      0.99950580      4.20024404   -785.51392860     -5.59827783   -791.11220643      1.85294991      1.45276851      2.65719953      0.30882498 md_running
   924    462.00000000    293.25993961      3.88112063  26250.65748756    300.00000000      0.99950559      4.36437671   -785.75152476     -5.60434313   -791.35586789      1.05963299      1.44400156      2.07016228      0.17660550 md_running
   925    462.50000000    293.51995549      3.94772738  26328.99295255    300.00000000      0.99950546      4.37740059   -785.85573948     -5.61040842   -791.46614790      0.76536572      1.42117455      1.88506173      0.12756095 md_running
   926    463.00000000    293.77587781      4.04036386  25526.54608995    300.00000000      0.99950557      4.24398754   -785.85118689     -5.61647370   -791.46766058      0.73959062      1.39009142      1.84759290      0.12326510 md_running
   927    463.50000000    294.03662926      4.13554805  24331.70718008    300.00000000      0.99950582      4.04533624   -785.78203503     -5.62253897   -791.40457400      0.88966858      1.35956362      1.90834068      0.14827810 md_running
   928    464.00000000    294.29838348      4.21125544  23208.68684306    300.00000000      0.99950613      3.85862534   -785.69582197     -5.62860424   -791.32442622      1.09821510      1.33656251      2.02968271      0.18303585 md_running
   929    464.50000000    294.55800122      4.25463463  22530.72820206    300.00000000      0.99950639      3.74590943   -785.64568908     -5.63466953   -791.28035861      1.21255706      1.32436086      2.11034046      0.20209284 md_running
   930    465.00000000    294.81924228      4.26862043  22228.98601362    300.00000000      0.99950651      3.69574243   -785.62166396     -5.64073483   -791.26239878      1.26406296      1.32144262      2.15064320      0.21067716 md_running
   931    465.50000000    295.08290527      4.26667500  22029.57822043    300.00000000      0.99950657      3.66258933   -785.58915574     -5.64680013   -791.23595587      1.31262405      1.32346670      2.18917234      0.21877068 md_running
   932    466.00000000    295.34286722      4.26159050  21890.56701155    300.00000000      0.99950663      3.63947763   -785.56229220     -5.65286544   -791.21515764      1.29635098      1.32646898      2.18212193      0.21605850 md_running
   933    466.50000000    295.60227536      4.26297505  21826.54105566    300.00000000      0.99950666      3.62883282   -785.55910994     -5.65893074   -791.21804068      1.19274487      1.32746096      2.11476415      0.19879081 md_running
   934    467.00000000    295.84474846      4.27645032  21706.74215589    300.00000000      0.99950667      3.60891532   -785.56262039     -5.66499603   -791.22761642      1.07028161      1.32469640      2.03935033      0.17838027 md_running
   935    467.50000000    296.09888902      4.29997694  21423.45622189    300.00000000      0.99950673      3.56181682   -785.54905189     -5.67106131   -791.22011320      1.00691947      1.31885911      2.00473823      0.16781991 md_running
   936    468.00000000    296.35349377      4.32286897  21074.97961440    300.00000000      0.99950684      3.50387986   -785.52294750     -5.67712660   -791.20007410      0.98713658      1.31327812      1.99700587      0.16452276 md_running
   937    468.50000000    296.60998956      4.33219391  20835.88105124    300.00000000      0.99950695      3.46412786   -785.49798237     -5.68319189   -791.18117427      0.99687911      1.31185139      2.00516329      0.16614652 md_running
   938    469.00000000    296.86210643      4.31972577  20818.88986380    300.00000000      0.99950699      3.46130294   -785.48280450     -5.68925720   -791.17206170      1.03548196      1.31704192      2.03004806      0.17258033 md_running
   939    469.50000000    297.12025656      4.28675834  20941.77899634    300.00000000      0.99950695      3.48173422   -785.46786276     -5.69532253   -791.16318528      1.11279429      1.32858553      2.07706440      0.18546572 md_running
   940    470.00000000    297.37830294      4.24529419  21092.71979788    300.00000000      0.99950691      3.50682931   -785.43129429     -5.70138785   -791.13268214      1.35216000      1.34299062      2.24375472      0.22536000 md_running
   941    470.50000000    297.63133489      4.20221915  21785.86086070    300.00000000      0.99950682      3.62206942   -785.49777945     -5.70745319   -791.20523263      1.22797072      1.35820033      2.19642267      0.20466179 md_running
   942    471.00000000    297.89029428      4.16982742  22551.69110323    300.00000000      0.99950650      3.74939467   -785.59959313     -5.71351851   -791.31311164      0.96102718      1.37020554      2.04793229      0.16017120 md_running
   943    471.50000000    298.15192089      4.17649767  22437.13127097    300.00000000      0.99950641      3.73034821   -785.58350247     -5.71958382   -791.30308629      0.97994190      1.36946944      2.06550531      0.16332365 md_running
   944    472.00000000    298.40953019      4.22634254  21764.12778509    300.00000000      0.99950657      3.61845612   -785.53820513     -5.72564910   -791.26385423      0.98557204      1.35475327      2.06168790      0.16426201 md_running
   945    472.50000000    298.66657343      4.30960660  20928.91704492    300.00000000      0.99950682      3.47959582   -785.51408026     -5.73171437   -791.24579463      0.97459515      1.32998611      2.02650476      0.16243253 md_running
   946    473.00000000    298.92717888      4.41279816  20020.51704679    300.00000000      0.99950711      3.32856723   -785.50022070     -5.73777961   -791.23800032      0.99471205      1.30025947      2.00138042      0.16578534 md_running
   947    473.50000000    299.18590279      4.51578016  19258.99292681    300.00000000      0.99950745      3.20195790   -785.50228182     -5.74384485   -791.24612667      1.07794830      1.27195038      2.00954031      0.17965805 md_running
   948    474.00000000    299.45145248      4.59628946  19027.16201105    300.00000000      0.99950767      3.16341420   -785.57110949     -5.74991010   -791.32101959      1.03041090      1.25099039      1.92925458      0.17173515 md_running
   949    474.50000000    299.71240371      4.64472624  19143.39930608    300.00000000      0.99950764      3.18273956   -785.66098891     -5.75597537   -791.41696428      0.88762448      1.23925053      1.80175715      0.14793741 md_running
   950    475.00000000    299.95136577      4.65508406  19139.91463043    300.00000000      0.99950760      3.18216020   -785.67513678     -5.76204067   -791.43717745      0.89457680      1.23779608      1.79173910      0.14909613 md_running
   951    475.50000000    300.19100638      4.60927206  19266.19277113    300.00000000      0.99950762      3.20315493   -785.62954153     -5.76810601   -791.39764755      1.15351977      1.25141450      1.96237291      0.19225329 md_running
   952    476.00000000    300.44623613      4.48848803  20428.71565133    300.00000000      0.99950743      3.39643343   -785.67639583     -5.77417142   -791.45056724      1.15578390      1.28644091      1.98191800      0.19263065 md_running
   953    476.50000000    300.70380876      4.30819765  22396.89577516    300.00000000      0.99950679      3.72365874   -785.79036614     -5.78023684   -791.57060298      0.91811378      1.34168386      1.85514915      0.15301896 md_running
   954    477.00000000    300.96262511      4.11842087  23860.63783290    300.00000000      0.99950622      3.96701728   -785.78107158     -5.78630224   -791.56737382      1.16119526      1.40498123      2.02777879      0.19353254 md_running
   955    477.50000000    301.22031248      3.97303887  24586.99751615    300.00000000      0.99950596      4.08778025   -785.69078554     -5.79236760   -791.48315314      1.59788900      1.45791903      2.35060162      0.26631483 md_running
   956    478.00000000    301.48412614      3.92397053  24784.86046727    300.00000000      0.99950582      4.12067651   -785.67487925     -5.79843292   -791.47331217      1.52748731      1.47769566      2.31198219      0.25458122 md_running
   957    478.50000000    301.75310579      3.99406029  23842.01533214    300.00000000      0.99950588      3.96392115   -785.60313579     -5.80449820   -791.40763399      1.53531430      1.45328294      2.33664895      0.25588572 md_running
   958    479.00000000    302.01486394      4.13187461  22670.87321633    300.00000000      0.99950626      3.76920963   -785.60695839     -5.81056345   -791.41752183      1.42162547      1.40627823      2.21524624      0.23693758 md_running
   959    479.50000000    302.27211221      4.29458533  21686.43722050    300.00000000      0.99950653      3.60553946   -785.67455993     -5.81662867   -791.49118860      1.13019886      1.35441043      1.98405759      0.18836648 md_running
   960    480.00000000    302.52454351      4.45169827  20531.11718638    300.00000000      0.99950690      3.41345849   -785.68632269     -5.82269387   -791.50901656      0.96203033      1.30797209      1.85971306      0.16033839 md_running
   961    480.50000000    302.77778241      4.56659009  19582.77262588    300.00000000      0.99950729      3.25578880   -785.67872829     -5.82875907   -791.50748737      0.84481267      1.27639287      1.76407634      0.14080211 md_running
   962    481.00000000    303.03362425      4.61495058  19009.60092422    300.00000000      0.99950758      3.16049453   -785.64808465     -5.83482433   -791.48290898      0.85978367      1.26433177      1.74687938      0.14329728 md_running
   963    481.50000000    303.29223585      4.58371329  18887.79052865    300.00000000      0.99950773      3.14024260   -785.58821226     -5.84088966   -791.42910191      1.05521030      1.27427120      1.86095036      0.17586838 md_running
   964    482.00000000    303.54142428      4.46784324  19504.72892904    300.00000000      0.99950766      3.24281343   -785.54265094     -5.84695506   -791.38960599      1.27536000      1.30867586      2.03725209      0.21256000 md_running
   965    482.50000000    303.79878103      4.27821189  20995.63937654    300.00000000      0.99950723      3.49068893   -785.54742361     -5.85302049   -791.40044410      1.40891209      1.36810033      2.18647081      0.23481868 md_running
   966    483.00000000    304.06136446      4.05070695  22920.37028138    300.00000000      0.99950661      3.81069046   -785.56096446     -5.85908592   -791.42005038      1.49733361      1.44643584      2.32124114      0.24955560 md_running
   967    483.50000000    304.30957767      3.83718766  24745.58034989    300.00000000      0.99950606      4.11414589   -785.55313306     -5.86515131   -791.41828437      1.55293206      1.52850291      2.44990164      0.25882201 md_running
   968    484.00000000    304.57378525      3.68556886  26379.12219574    300.00000000      0.99950564      4.38573497   -785.59906069     -5.87121666   -791.47027734      1.37063874      1.59302886      2.41045634      0.22843979 md_running
   969    484.50000000    304.82986579      3.63624408  27392.85668026    300.00000000      0.99950532      4.55427624   -785.70207667     -5.87728198   -791.57935865      1.07486008      1.61630590      2.26209206      0.17914335 md_running
   970    485.00000000    305.08175596      3.70903861  27183.66809415    300.00000000      0.99950524      4.51949700   -785.78265041     -5.88334727   -791.66599769      0.96102913      1.58621917      2.16220543      0.16017152 md_running
   971    485.50000000    305.33154164      3.87618429  25937.73272125    300.00000000      0.99950541      4.31235052   -785.82964071     -5.88941254   -791.71905325      0.89089471      1.51938433      2.04391761      0.14848245 md_running
   972    486.00000000    305.59121262      4.07835050  24250.92431000    300.00000000      0.99950577      4.03190546   -785.84315906     -5.89547778   -791.73863684      0.89166484      1.44555486      1.95229407      0.14861081 md_running
   973    486.50000000    305.84509792      4.25510520  22809.77690925    300.00000000      0.99950620      3.79230345   -785.84919782     -5.90154301   -791.75074083      0.93347578      1.38693283      1.91245648      0.15557930 md_running
   974    487.00000000    306.10328458      4.36128326  22105.28150677    300.00000000      0.99950652      3.67517559   -785.88610181     -5.90760826   -791.79371007      0.80404850      1.35455791      1.83233358      0.13400808 md_running
   975    487.50000000    306.35644854      4.37552306  21907.69065659    300.00000000      0.99950661      3.64232457   -785.88046431     -5.91367356   -791.79413787      0.84893373      1.35153581      1.87816104      0.14148895 md_running
   976    488.00000000    306.60520221      4.29099866  22350.37994413    300.00000000      0.99950662      3.71592512   -785.82282821     -5.91973891   -791.74256712      1.17158346      1.37957189      2.10835182      0.19526391 md_running
   977    488.50000000    306.85945929      4.11216163  24198.48314579    300.00000000      0.99950630      4.02318670   -785.90346943     -5.92580430   -791.82927373      0.86805672      1.44104403      1.98445956      0.14467612 md_running
   978    489.00000000    307.10672923      3.90192171  26359.59368192    300.00000000      0.99950570      4.38248820   -785.97187851     -5.93186968   -791.90374819      0.72780126      1.52024344      1.98661905      0.12130021 md_running
   979    489.50000000    307.35564253      3.75434199  27418.27975943    300.00000000      0.99950533      4.55850302   -785.92647185     -5.93793502   -791.86440688      0.90082896      1.58161829      2.14296869      0.15013816 md_running
   980    490.00000000    307.62452255      3.73640734  27122.71303134    300.00000000      0.99950526      4.50936275   -785.84893613     -5.94400033   -791.79293646      1.04232743      1.59083331      2.23791426      0.17372124 md_running
   981    490.50000000    307.87540886      3.85738997  25759.13732397    300.00000000      0.99950544      4.28265764   -785.81431010     -5.95006560   -791.76437571      1.00729201      1.54251108      2.16076538      0.16788200 md_running
   982    491.00000000    308.12293891      4.07332142  23464.85463652    300.00000000      0.99950584      3.90121524   -785.75855838     -5.95613083   -791.71468921      1.02345952      1.46222995      2.09539915      0.17057659 md_running
   983    491.50000000    308.36272479      4.30711416  20836.20337185    300.00000000      0.99950656      3.46418145   -785.63363337     -5.96219601   -791.59582938      1.37269031      1.38426761      2.26293247      0.22878172 md_running
   984    492.00000000    308.61100581      4.48382264  19192.35149438    300.00000000      0.99950734      3.19087824   -785.61109141     -5.96826119   -791.57935260      1.23071110      1.33106618      2.12275285      0.20511852 md_running
   985    492.50000000    308.85913189      4.58531802  18331.02088407    300.00000000      0.99950777      3.04767531   -785.60724490     -5.97432641   -791.58157130      1.10337723      1.30292610      2.01882910      0.18389620 md_running
   986    493.00000000    309.11036647      4.61621498  17776.93686669    300.00000000      0.99950810      2.95555451   -785.55252602     -5.98039169   -791.53291770      1.20591127      1.29551938      2.09225049      0.20098521 md_running
   987    493.50000000    309.35538744      4.58087021  17773.32917842    300.00000000      0.99950826      2.95495471   -785.50762520     -5.98645703   -791.49408223      1.30252183      1.30683927      2.17963075      0.21708697 md_running
   988    494.00000000    309.58811780      4.49510814  18399.28029244    300.00000000      0.99950811      3.05902396   -785.50623996     -5.99252241   -791.49876237      1.32591219      1.33312164      2.22148170      0.22098536 md_running
   989    494.50000000    309.83031180      4.39076136  19284.17294531    300.00000000      0.99950773      3.20614428   -785.52452327     -5.99858780   -791.52311107      1.31728721      1.36618465      2.23922390      0.21954787 md_running
   990    495.00000000    310.07456510      4.30549016  19819.96465203    300.00000000      0.99950739      3.29522383   -785.50453474     -6.00465316   -791.50918790      1.37523538      1.39465090      2.30190981      0.22920590 md_running
   991    495.50000000    310.31289758      4.26041396  19836.29138941    300.00000000      0.99950730      3.29793828   -785.43752547     -6.01071850   -791.44824397      1.49312442      1.41083024      2.41184192      0.24885407 md_running
   992    496.00000000    310.55116573      4.24600242  20064.04086211    300.00000000      0.99950733      3.33580340   -785.45131725     -6.01678381   -791.46810107      1.42536052      1.41704726      2.36701290      0.23756009 md_running
   993    496.50000000    310.79715340      4.24837914  20853.36517160    300.00000000      0.99950712      3.46703473   -785.60155550     -6.02284912   -791.62440462      1.13331013      1.41768218      2.14709625      0.18888502 md_running
   994    497.00000000    311.04020501      4.26962237  21476.62699580    300.00000000      0.99950683      3.57065687   -785.74351857     -6.02891441   -791.77243299      0.90035717      1.41204919      1.98804879      0.15005953 md_running
   995    497.50000000    311.28698767      4.30621012  21443.96229625    300.00000000      0.99950673      3.56522611   -785.78889157     -6.03497970   -791.82387126      0.83519419      1.40146023      1.94465039      0.13919903 md_running
   996    498.00000000    311.53752001      4.33566555  21068.71364430    300.00000000      0.99950684      3.50283810   -785.76098608     -6.04104498   -791.80203107      0.93032648      1.39333802      1.99270832      0.15505441 md_running
   997    498.50000000    311.78274241      4.32750812  21081.66143734    300.00000000      0.99950694      3.50499077   -785.75240322     -6.04711029   -791.79951351      0.94665366      1.39736606      2.00494471      0.15777561 md_running
   998    499.00000000    312.03295667      4.26648489  21783.63137427    300.00000000      0.99950682      3.62169875   -785.79061308     -6.05317563   -791.84378870      0.85495103      1.41877406      1.97579748      0.14249184 md_running
   999    499.50000000    312.27744775      4.15821549  22945.71183797    300.00000000      0.99950651      3.81490370   -785.83585085     -6.05924099   -791.89509184      0.81435131      1.45717390      1.98852535      0.13572522 md_running
  1000    500.00000000    312.51756229      4.02144688  24223.40372709    300.00000000      0.99950615      4.02732995   -785.85633786     -6.06530636   -791.92164421      0.82763555      1.50824025      2.03461965      0.13793926 md_running
  1001    500.50000000    312.76455554      3.88095498  25274.26224085    300.00000000      0.99950583      4.20204338   -785.81949320     -6.07137171   -791.89086491      1.03258975      1.56440182      2.18726958      0.17209829 md_running
  1002    501.00000000    313.01452544      3.75481197  26283.40935681    300.00000000      0.99950561      4.36982196   -785.78888503     -6.07743706   -791.86632209      1.24585275      1.61857323      2.35256367      0.20764212 md_running
  1003    501.50000000    313.26027571      3.66308611  27236.11011213    300.00000000      0.99950537      4.52821590   -785.81844983     -6.08350239   -791.90195222      1.26447880      1.66075902      2.36830310      0.21074647 md_running
  1004    502.00000000    313.50907488      3.63752232  27315.23861888    300.00000000      0.99950524      4.54137163   -785.78836635     -6.08956770   -791.87793405      1.42383046      1.67409792      2.47034159      0.23730508 md_running
  1005    502.50000000    313.76148914      3.67174363  26734.43236012    300.00000000      0.99950533      4.44480806   -785.73969620     -6.09563300   -791.83532920      1.51999255      1.66014693      2.53308366      0.25333209 md_running
  1006    503.00000000    314.01096887      3.72712755  26371.38830266    300.00000000      0.99950546      4.38444915   -785.77454289     -6.10169829   -791.87624118      1.36833982      1.63710504      2.40720314      0.22805664 md_running
  1007    503.50000000    314.25763954      3.77599208  26324.58870529    300.00000000      0.99950549      4.37666835   -785.85385595     -6.10776359   -791.96161953      1.11010284      1.61752582      2.21909618      0.18501714 md_running
  1008    504.00000000    314.50320630      3.80634991  26288.71919979    300.00000000      0.99950549      4.37070476   -785.90160369     -6.11382889   -792.01543258      0.91910894      1.60621860      2.10394083      0.15318482 md_running
  1009    504.50000000    314.75761674      3.81059956  26125.32597429    300.00000000      0.99950551      4.34353937   -785.88716385     -6.11989419   -792.00705804      0.81541617      1.60601901      2.06343179      0.13590269 md_running
  1010    505.00000000    315.02629717      3.78311482  25874.62936820    300.00000000      0.99950556      4.30185910   -785.79898627     -6.12595951   -791.92494578      0.99034423      1.61929016      2.17991375      0.16505737 md_running
  1011    505.50000000    315.28713721      3.72304162  26115.66437533    300.00000000      0.99950559      4.34193305   -785.74132721     -6.13202483   -791.87335204      1.19031772      1.64704734      2.33559813      0.19838629 md_running
  1012    506.00000000    315.54768581      3.65634538  26953.68650754    300.00000000      0.99950544      4.48126077   -785.79140403     -6.13809015   -791.92949419      0.99068795      1.67875033      2.27641419      0.16511466 md_running
  1013    506.50000000    315.80583186      3.63230610  27404.57034746    300.00000000      0.99950528      4.55622373   -785.83213599     -6.14415546   -791.97629146      0.88534353      1.69153043      2.25255338      0.14755725 md_running
  1014    507.00000000    316.06738415      3.67839394  27085.59425052    300.00000000      0.99950527      4.50319146   -785.85847764     -6.15022076   -792.00869840      0.84212533      1.67198559      2.21644455      0.14035422 md_running
  1015    507.50000000    316.33322790      3.78906262  26028.23288884    300.00000000      0.99950541      4.32739688   -785.87337864     -6.15628603   -792.02966468      0.79868235      1.62475202      2.14631259      0.13311373 md_running
  1016    508.00000000    316.58925655      3.93442433  24040.48694054    300.00000000      0.99950572      3.99691860   -785.77485300     -6.16235129   -791.93720429      1.13791734      1.56626542      2.29064893      0.18965289 md_running
  1017    508.50000000    316.84784192      4.05628671  22308.81026607    300.00000000      0.99950630      3.70901384   -785.63936653     -6.16841655   -791.80778308      1.74338510      1.52070572      2.66792771      0.29056418 md_running
  1018    509.00000000    317.11153502      4.11271808  22496.65805138    300.00000000      0.99950651      3.74024500   -785.79624922     -6.17448183   -791.97073105      1.13057986      1.50131463      2.19679957      0.18842998 md_running
  1019    509.50000000    317.36222209      4.14195133  22893.67909030    300.00000000      0.99950634      3.80625285   -785.90760507     -6.18054712   -792.08815219      0.80603896      1.49218297      1.97985166      0.13433983 md_running
  1020    510.00000000    317.61922073      4.16863917  22746.83384767    300.00000000      0.99950634      3.78183868   -785.92033275     -6.18661242   -792.10694517      0.73244867      1.48408494      1.93658791      0.12207478 md_running
  1021    510.50000000    317.86328376      4.19400963  22408.80359542    300.00000000      0.99950643      3.72563851   -785.90469579     -6.19267771   -792.09737350      0.67803385      1.47655359      1.91393006      0.11300564 md_running
  1022    511.00000000    318.10888570      4.21576641  21919.56101141    300.00000000      0.99950654      3.64429811   -785.86458249     -6.19874301   -792.06332550      0.69321999      1.47037210      1.92623838      0.11553666 md_running
  1023    511.50000000    318.35842530      4.23456929  20869.82303820    300.00000000      0.99950672      3.46977098   -785.72813222     -6.20480831   -791.93294053      1.13394059      1.46527550      2.17801132      0.18899010 md_running
  1024    512.00000000    318.60671216      4.24411748  19657.59336672    300.00000000      0.99950718      3.26822834   -785.50362120     -6.21087362   -791.71449482      2.04572413      1.46340812      2.85302719      0.34095402 md_running
  1025    512.50000000    318.84162541      4.22633239  20381.29441022    300.00000000      0.99950736      3.38854928   -785.63294063     -6.21693893   -791.84987957      1.50982966      1.47100148      2.43846227      0.25163828 md_running
  1026    513.00000000    319.08689887      4.20260125  21658.12029741    300.00000000      0.99950681      3.60083155   -785.82487422     -6.22300426   -792.04787848      0.70821285      1.48075110      1.94285296      0.11803547 md_running
  1027    513.50000000    319.32820719      4.20671473  21763.00019667    300.00000000      0.99950662      3.61826865   -785.84308890     -6.22906956   -792.07215846      0.65816315      1.48074498      1.91520274      0.10969386 md_running
  1028    514.00000000    319.57832926      4.24339677  21120.75895519    300.00000000      0.99950675      3.51149103   -785.78743817     -6.23513485   -792.02257302      0.77100704      1.46937406      1.96233597      0.12850117 md_running
  1029    514.50000000    319.83473040      4.29951883  20278.23069676    300.00000000      0.99950702      3.37141414   -785.72947975     -6.24120012   -791.97067987      0.85245905      1.45160491      1.98789665      0.14207651 md_running
  1030    515.00000000    320.07669861      4.35707299  19494.42750014    300.00000000      0.99950732      3.24110074   -785.68690638     -6.24726539   -791.93417177      0.87164982      1.43382225      1.97926896      0.14527497 md_running
  1031    515.50000000    320.32733612      4.39832732  18794.54717046    300.00000000      0.99950760      3.12474017   -785.62883825     -6.25333067   -791.88216892      1.04026349      1.42175268      2.05858646      0.17337725 md_running
  1032    516.00000000    320.57343281      4.40270762  18678.33302840    300.00000000      0.99950784      3.10541866   -785.60661299     -6.25939597   -791.86600896      1.30686735      1.42171580      2.21303669      0.21781123 md_running
  1033    516.50000000    320.82362957      4.35871251  19791.13992463    300.00000000      0.99950763      3.29043149   -785.74532495     -6.26546131   -792.01078626      1.05530996      1.43745753      2.05581664      0.17588499 md_running
  1034    517.00000000    321.06966937      4.28554207  21318.07696406    300.00000000      0.99950704      3.54429669   -785.90853586     -6.27152666   -792.18006252      0.70602733      1.46341561      1.88761984      0.11767122 md_running
  1035    517.50000000    321.32228748      4.21643257  22185.90857488    300.00000000      0.99950662      3.68858047   -785.95576872     -6.27759200   -792.23336072      0.65707764      1.48884019      1.89018259      0.10951294 md_running
  1036    518.00000000    321.56526449      4.17377963  22162.81379988    300.00000000      0.99950650      3.68474079   -785.88881319     -6.28365733   -792.17247052      0.78445236      1.50550819      1.97676447      0.13074206 md_running
  1037    518.50000000    321.81535618      4.16195368  21494.06392312    300.00000000      0.99950663      3.57355590   -785.75869960     -6.28972264   -792.04842224      0.96862066      1.51124333      2.09400888      0.16143678 md_running
  1038    519.00000000    322.07027699      4.17065203  20619.37994980    300.00000000      0.99950690      3.42813286   -785.62432452     -6.29578794   -791.92011246      1.14174708      1.50954575      2.20660140      0.19029118 md_running
  1039    519.50000000    322.32638106      4.18151600  20022.72694068    300.00000000      0.99950718      3.32893464   -785.54113285     -6.30185324   -791.84298609      1.21446266      1.50707433      2.25688684      0.20241044 md_running
  1040    520.00000000    322.57084830      4.17604976  19997.36564801    300.00000000      0.99950731      3.32471813   -785.53165724     -6.30791855   -791.83957579      1.17887403      1.51049941      2.23675046      0.19647900 md_running
  1041    520.50000000    322.81866127      4.14038428  20589.14085740    300.00000000      0.99950720      3.42310538   -785.57995794     -6.31398387   -791.89394181      1.10424011      1.52497582      2.19544695      0.18404002 md_running
  1042    521.00000000    323.07695063      4.06732239  21700.17426814    300.00000000      0.99950690      3.60782335   -785.65978886     -6.32004921   -791.97983807      1.01071638      1.55386036      2.15456039      0.16845273 md_running
  1043    521.50000000    323.32473877      3.95892837  23084.00539158    300.00000000      0.99950649      3.83789608   -785.72747415     -6.32611456   -792.05358871      0.92456261      1.59793649      2.14631209      0.15409377 md_running
  1044    522.00000000    323.57923430      3.82354542  24487.04355922    300.00000000      0.99950609      4.07116213   -785.74680387     -6.33217991   -792.07898379      0.95427370      1.65610198      2.23052255      0.15904562 md_running
  1045    522.50000000    323.83236624      3.67283541  25926.04322106    300.00000000      0.99950574      4.31040705   -785.73498882     -6.33824526   -792.07323408      1.11003216      1.72570929      2.40012252      0.18500536 md_running
  1046    523.00000000    324.08221529      3.52698679  27497.59821366    300.00000000      0.99950540      4.57169034   -785.75447688     -6.34431060   -792.09878748      1.14550861      1.79879077      2.49546997      0.19091810 md_running
  1047    523.50000000    324.33013495      3.42317076  28693.48641440    300.00000000      0.99950509      4.77051608   -785.77724142     -6.35037593   -792.12761735      1.20851788      1.85511531      2.58754773      0.20141965 md_running
  1048    524.00000000    324.59224696      3.39174007  29031.45439142    300.00000000      0.99950494      4.82670590   -785.78553891     -6.35644124   -792.14198015      1.23267806      1.87409461      2.63217918      0.20544634 md_running
  1049    524.50000000    324.85368084      3.43059870  28330.52466033    300.00000000      0.99950496      4.71017086   -785.73322210     -6.36250654   -792.09572864      1.40545614      1.85463462      2.73476914      0.23424269 md_running
  1050    525.00000000    325.11653072      3.48632832  27819.66757134    300.00000000      0.99950515      4.62523688   -785.74539180     -6.36857184   -792.11396363      1.44825213      1.82672769      2.73023143      0.24137535 md_running
  1051    525.50000000    325.37210553      3.52566402  27892.63958515    300.00000000      0.99950514      4.63736905   -785.84858927     -6.37463714   -792.22322641      1.13552904      1.80806730      2.49080147      0.18925484 md_running
  1052    526.00000000    325.62947402      3.55720933  27505.05692046    300.00000000      0.99950518      4.57293040   -785.83020793     -6.38070244   -792.21091036      1.18314480      1.79373845      2.50854200      0.19719080 md_running
  1053    526.50000000    325.86615093      3.55885420  27304.84159202    300.00000000      0.99950528      4.53964304   -785.79730311     -6.38676774   -792.18407085      1.20515045      1.79461369      2.53832021      0.20085841 md_running
  1054    527.00000000    326.12180210      3.51300589  27916.17390447    300.00000000      0.99950525      4.64128181   -785.82344992     -6.39283306   -792.21628298      1.14587225      1.81976174      2.53433147      0.19097871 md_running
  1055    527.50000000    326.37901279      3.43007217  29179.90341003    300.00000000      0.99950505      4.85138671   -785.89687828     -6.39889838   -792.29577666      0.99632507      1.86552895      2.49659486      0.16605418 md_running
  1056    528.00000000    326.62928960      3.34509619  30419.61301343    300.00000000      0.99950481      5.05749810   -785.95378864     -6.40496370   -792.35875234      0.87644509      1.91473243      2.49179055      0.14607418 md_running
  1057    528.50000000    326.88256218      3.29487641  31228.20098430    300.00000000      0.99950464      5.19193217   -785.99840971     -6.41102901   -792.40943872      0.83042513      1.94575718      2.49880438      0.13840419 md_running
  1058    529.00000000    327.12135398      3.31151604  31371.24395948    300.00000000      0.99950455      5.21571418   -786.06642099     -6.41709431   -792.48351531      0.73374721      1.93781177      2.42750751      0.12229120 md_running
  1059    529.50000000    327.37295217      3.41678516  30390.04550298    300.00000000      0.99950461      5.05258228   -786.10646485     -6.42315960   -792.52962445      0.67493021      1.87988412      2.32732343      0.11248837 md_running
  1060    530.00000000    327.62841034      3.59468667  28310.68022645    300.00000000      0.99950487      4.70687157   -786.07955453     -6.42922487   -792.50877940      0.72101488      1.78853578      2.25381927      0.12016915 md_running
  1061    530.50000000    327.88476068      3.79686445  25807.62815510    300.00000000      0.99950533      4.29071962   -786.00964112     -6.43529012   -792.44493124      0.81265307      1.69489626      2.20844845      0.13544218 md_running
  1062    531.00000000    328.14994996      3.97538135  23555.76646160    300.00000000      0.99950588      3.91633004   -785.93109196     -6.44135536   -792.37244732      0.89568273      1.62031175      2.17703489      0.14928045 md_running
  1063    531.50000000    328.40860932      4.10180899  21807.36352240    300.00000000      0.99950641      3.62564440   -785.84621405     -6.44742060   -792.29363465      0.91125221      1.57184861      2.13709802      0.15187537 md_running
  1064    532.00000000    328.66971049      4.16481136  20543.60583398    300.00000000      0.99950687      3.41553482   -785.73465712     -6.45348588   -792.18814300      0.98543392      1.54952715      2.15507659      0.16423899 md_running
  1065    532.50000000    328.93383989      4.16283599  19941.87801162    300.00000000      0.99950721      3.31549288   -785.63251192     -6.45955119   -792.09206311      1.07023110      1.55171944      2.21310145      0.17837185 md_running
  1066    533.00000000    329.18808749      4.11035630  20073.80844622    300.00000000      0.99950728      3.33742734   -785.58274140     -6.46561653   -792.04835793      1.05871350      1.57300686      2.24269150      0.17645225 md_running
  1067    533.50000000    329.45049432      4.04434753  20452.28431649    300.00000000      0.99950714      3.40035191   -785.55034435     -6.47168187   -792.02202622      1.09307198      1.60017993      2.29576836      0.18217866 md_running
  1068    534.00000000    329.71977112      4.00864275  20564.01512214    300.00000000      0.99950704      3.41892803   -785.51676105     -6.47774720   -791.99450825      1.12723333      1.61594567      2.33002540      0.18787222 md_running
  1069    534.50000000    329.98299943      4.03260734  20175.09046007    300.00000000      0.99950708      3.35426627   -785.49448618     -6.48381250   -791.97829868      1.12088828      1.60784666      2.30829668      0.18681471 md_running
  1070    535.00000000    330.24078877      4.12189394  19197.39872945    300.00000000      0.99950733      3.19171738   -785.47511405     -6.48987777   -791.96499182      1.11358251      1.57448975      2.25360462      0.18559709 md_running
  1071    535.50000000    330.48254134      4.25740106  17742.36895421    300.00000000      0.99950784      2.94980733   -785.43996961     -6.49594301   -791.93591261      1.14678112      1.52580069      2.20335257      0.19113019 md_running
  1072    536.00000000    330.73054746      4.40270581  16255.28923580    300.00000000      0.99950858      2.70256872   -785.40513043     -6.50200822   -791.90713865      1.21738183      1.47682167      2.17115916      0.20289697 md_running
  1073    536.50000000    330.98606727      4.52003263  15311.89000383    300.00000000      0.99950930      2.54572123   -785.42034934     -6.50807343   -791.92842277      1.17598623      1.43982970      2.08523345      0.19599770 md_running
  1074    537.00000000    331.22451623      4.58377259  15008.47537284    300.00000000      0.99950965      2.49527618   -785.46925859     -6.51413867   -791.98339726      1.02775330      1.42113135      1.96951108      0.17129222 md_running
  1075    537.50000000    331.47929305      4.57981631  15018.88770062    300.00000000      0.99950971      2.49700731   -785.46662965     -6.52020397   -791.98683362      1.09281165      1.42368336      2.02287983      0.18213528 md_running
  1076    538.00000000    331.73467061      4.49508518  15604.53721336    300.00000000      0.99950960      2.59437611   -785.43298460     -6.52626934   -791.95925394      1.33927953      1.45186864      2.22675903      0.22321326 md_running
  1077    538.50000000    331.97449248      4.32399993  17516.70792191    300.00000000      0.99950892      2.91228942   -785.50657481     -6.53233477   -792.03890959      1.28727897      1.51071644      2.24743449      0.21454649 md_running
  1078    539.00000000    332.22269154      4.09751483  20365.50274353    300.00000000      0.99950768      3.38592379   -785.65170628     -6.53840021   -792.19010649      1.09911389      1.59569948      2.19597218      0.18318565 md_running
  1079    539.50000000    332.48803845      3.88034606  22480.84590032    300.00000000      0.99950664      3.73761611   -785.68198623     -6.54446561   -792.22645184      1.14604180      1.68656789      2.32697055      0.19100697 md_running
  1080    540.00000000    332.75228733      3.72530388  22630.87212314    300.00000000      0.99950626      3.76255914   -785.39705967     -6.55053097   -791.94759064      2.38468685      1.75838865      3.35236157      0.39744781 md_running
  1081    540.50000000    333.01244442      3.60079407  24390.59143918    300.00000000      0.99950624      4.05512621   -785.50123271     -6.55659631   -792.05782902      2.03361780      1.82087535      3.14903828      0.33893630 md_running
  1082    541.00000000    333.26485673      3.52431481  26844.85916836    300.00000000      0.99950548      4.46316737   -785.79320302     -6.56266164   -792.35586466      0.98947039      1.86211014      2.47723026      0.16491173 md_running
  1083    541.50000000    333.52299956      3.54452019  27002.83750270    300.00000000      0.99950528      4.48943251   -785.83407256     -6.56872694   -792.40279950      0.96290198      1.85320644      2.45493779      0.16048366 md_running
  1084    542.00000000    333.78689456      3.62315694  26304.74454073    300.00000000      0.99950541      4.37336910   -785.85546320     -6.57479223   -792.43025544      0.89933779      1.81465864      2.37868240      0.14988963 md_running
  1085    542.50000000    334.04809560      3.69719769  25804.53006032    300.00000000      0.99950556      4.29020454   -785.90439848     -6.58085752   -792.48525600      0.80374317      1.77995850      2.27964549      0.13395720 md_running
  1086    543.00000000    334.31048070      3.71460815  25980.31624993    300.00000000      0.99950561      4.31943037   -785.96517494     -6.58692283   -792.55209776      0.75708814      1.77324862      2.23399794      0.12618136 md_running
  1087    543.50000000    334.56687183      3.64601783  27130.62988721    300.00000000      0.99950548      4.51067899   -786.03933895     -6.59298815   -792.63232710      0.72507459      1.80827119      2.23790107      0.12084577 md_running
  1088    544.00000000    334.83364039      3.49240862  29192.02207382    300.00000000      0.99950514      4.85340153   -786.11199759     -6.59905349   -792.71105108      0.69977187      1.88954239      2.28926598      0.11662865 md_running
  1089    544.50000000    335.09151575      3.28909652  31580.76457251    300.00000000      0.99950473      5.25054861   -786.13332151     -6.60511882   -792.73844033      0.77342378      2.00818650      2.43079284      0.12890396 md_running
  1090    545.00000000    335.35358588      3.10004442  33337.50868391    300.00000000      0.99950438      5.54262104   -786.05708513     -6.61118415   -792.66826928      1.02761173      2.13260958      2.69878308      0.17126862 md_running
  1091    545.50000000    335.61715273      2.99481071  33587.68233072    300.00000000      0.99950422      5.58421436   -785.88041843     -6.61724946   -792.49766789      1.44622800      2.20957193      3.07372229      0.24103800 md_running
  1092    546.00000000    335.88007484      3.00075291  32426.31248178    300.00000000      0.99950429      5.39112755   -785.69309874     -6.62331477   -792.31641351      1.82864458      2.20721772      3.38372798      0.30477410 md_running
  1093    546.50000000    336.14009816      3.08339870  30859.00334054    300.00000000      0.99950451      5.13055018   -785.60686373     -6.62938007   -792.23624380      1.95509518      2.15002372      3.43579649      0.32584920 md_running
  1094    547.00000000    336.37990143      3.18357183  29742.22783936    300.00000000      0.99950473      4.94487753   -785.63234505     -6.63544537   -792.26779042      1.82802819      2.08427705      3.26915966      0.30467136 md_running
  1095    547.50000000    336.62710039      3.26111226  29209.27483137    300.00000000      0.99950486      4.85626993   -785.71405200     -6.64151066   -792.35556266      1.54440316      2.03657849      3.02214365      0.25740053 md_running
  1096    548.00000000    336.87693523      3.30924115  28715.79934005    300.00000000      0.99950494      4.77422578   -785.73441875     -6.64757597   -792.38199471      1.42871595      2.00879178      2.93062435      0.23811932 md_running
  1097    548.50000000    337.12954697      3.32877970  28282.55103077    300.00000000      0.99950504      4.70219487   -785.69272686     -6.65364127   -792.34636813      1.58410229      1.99882309      3.02366087      0.26401705 md_running
  1098    549.00000000    337.38539466      3.32380935  28521.82909538    300.00000000      0.99950507      4.74197671   -785.73937145     -6.65970658   -792.39907803      1.34318949      2.00363689      2.85970334      0.22386492 md_running
  1099    549.50000000    337.64347084      3.32253145  28745.28911802    300.00000000      0.99950499      4.77912869   -785.78645970     -6.66577189   -792.45223158      1.05288349      2.00623303      2.68877003      0.17548058 md_running
  1100    550.00000000    337.88918276      3.35476150  28193.94600689    300.00000000      0.99950502      4.68746359   -785.75662991     -6.67183719   -792.42846710      1.13290412      1.98876662      2.72060604      0.18881735 md_running
  1101    550.50000000    338.13443512      3.43224130  27106.10557015    300.00000000      0.99950519      4.50660163   -785.72865583     -6.67790248   -792.40655831      1.29847018      1.94563915      2.76704735      0.21641170 md_running
  1102    551.00000000    338.39101922      3.55635489  25647.94112586    300.00000000      0.99950544      4.26417041   -785.72923356     -6.68396776   -792.41320132      1.35108830      1.87944362      2.71417788      0.22518138 md_running
  1103    551.50000000    338.64219953      3.71340980  23716.90845245    300.00000000      0.99950582      3.94312115   -785.69574640     -6.69003303   -792.38577943      1.31128482      1.80158787      2.61366472      0.21854747 md_running
  1104    552.00000000    338.89725231      3.86518989  21743.50004985    300.00000000      0.99950638      3.61502660   -785.62440935     -6.69609829   -792.32050764      1.27233409      1.73241156      2.54142674      0.21205568 md_running
  1105    552.50000000    339.15235167      3.96908891  20674.63751792    300.00000000      0.99950690      3.43731986   -785.62563527     -6.70216355   -792.32779882      1.14530375      1.68859035      2.42120744      0.19088396 md_running
  1106    553.00000000    339.40263800      4.01800837  20622.03691606    300.00000000      0.99950705      3.42857460   -785.71285842     -6.70822883   -792.42108725      0.92697335      1.66954124      2.26034245      0.15449556 md_running
  1107    553.50000000    339.66182865      4.03706032  20744.01863726    300.00000000      0.99950698      3.44885502   -785.77573673     -6.71429413   -792.49003086      0.80960297      1.66316466      2.18062206      0.13493383 md_running
  1108    554.00000000    339.91874877      4.04746136  20438.53508027    300.00000000      0.99950700      3.39806599   -785.74157698     -6.72035943   -792.46193641      0.92622494      1.66038927      2.24599980      0.15437082 md_running
  1109    554.50000000    340.17234309      4.04354579  20154.81622369    300.00000000      0.99950716      3.35089552   -785.67871648     -6.72642473   -792.40514121      1.12037396      1.66349710      2.37552832      0.18672899 md_running
  1110    555.00000000    340.42476327      4.01279253  20559.79943103    300.00000000      0.99950714      3.41822714   -785.71139252     -6.73249005   -792.44388258      0.94633260      1.67775729      2.29419340      0.15772210 md_running
  1111    555.50000000    340.68104928      3.97809832  21000.30432664    300.00000000      0.99950693      3.49146451   -785.73410578     -6.73855538   -792.47266116      0.83713517      1.69391417      2.24856016      0.13952253 md_running
  1112    556.00000000    340.93666079      3.96606492  20934.18730577    300.00000000      0.99950687      3.48047204   -785.70176944     -6.74462069   -792.44639013      0.85363497      1.70058296      2.26677675      0.14227250 md_running
  1113    556.50000000    341.19776454      3.98238840  20547.34885073    300.00000000      0.99950697      3.41615713   -785.66583728     -6.75068599   -792.41652327      0.84701179      1.69513545      2.26137502      0.14116863 md_running
  1114    557.00000000    341.45309590      4.01983147  20057.89320917    300.00000000      0.99950714      3.33478131   -785.64903684     -6.75675128   -792.40578812      0.82387131      1.68085483      2.23406969      0.13731189 md_running
  1115    557.50000000    341.71253523      4.06449532  19608.37127836    300.00000000      0.99950732      3.26004478   -785.65031309     -6.76281657   -792.41312966      0.80155034      1.66387658      2.20289183      0.13359172 md_running
  1116    558.00000000    341.96685930      4.09992043  19330.95573650    300.00000000      0.99950747      3.21392228   -785.66443357     -6.76888186   -792.43331543      0.77961566      1.65097935      2.17660737      0.12993594 md_running
  1117    558.50000000    342.22449470      4.11102110  19339.50654783    300.00000000      0.99950753      3.21534392   -785.68674730     -6.77494716   -792.46169446      0.75164526      1.64799672      2.15818722      0.12527421 md_running
  1118    559.00000000    342.48258764      4.08701374  19675.17797287    300.00000000      0.99950746      3.27115191   -785.70750651     -6.78101248   -792.48851899      0.73879066      1.65916118      2.15894523      0.12313178 md_running
  1119    559.50000000    342.74067809      4.02272976  20273.21609785    300.00000000      0.99950727      3.37058042   -785.70485779     -6.78707782   -792.49193561      0.82784911      1.68718260      2.21851142      0.13797485 md_running
  1120    560.00000000    342.99689132      3.91633975  21162.19337152    300.00000000      0.99950701      3.51837983   -785.67055594     -6.79314317   -792.46369911      1.06436575      1.73456471      2.38443276      0.17739429 md_running
  1121    560.50000000    343.25508010      3.76503278  22833.08428073    300.00000000      0.99950663      3.79617849   -785.67994936     -6.79920853   -792.47915789      1.19443758      1.80588327      2.54374463      0.19907293 md_running
  1122    561.00000000    343.50565087      3.57552243  25558.35640025    300.00000000      0.99950599      4.24927625   -785.80295898     -6.80527388   -792.60823287      1.03348271      1.90329521      2.55119442      0.17224712 md_running
  1123    561.50000000    343.75793788      3.38573783  28330.32733813    300.00000000      0.99950530      4.71013805   -785.91718139     -6.81133923   -792.72852062      0.88506511      2.01177413      2.57155775      0.14751085 md_running
  1124    562.00000000    343.99997947      3.24030504  29929.77781768    300.00000000      0.99950487      4.97605918   -785.89053784     -6.81740456   -792.70794239      1.06049686      2.10393925      2.74902363      0.17674948 md_running
  1125    562.50000000    344.25813892      3.14472047  30706.57598375    300.00000000      0.99950471      5.10520794   -785.80293969     -6.82346987   -792.62640956      1.42349723      2.16981772      3.02451363      0.23724954 md_running
  1126    563.00000000    344.52403675      3.07940606  31778.19999340    300.00000000      0.99950457      5.28337379   -785.86144317     -6.82953519   -792.69097836      1.31810676      2.21780932      3.01402381      0.21968446 md_running
  1127    563.50000000    344.78132764      3.05856467  32308.88794428    300.00000000      0.99950441      5.37160481   -785.91762147     -6.83560050   -792.75322196      1.23793050      2.23490477      2.98760884      0.20632175 md_running
  1128    564.00000000    345.03865222      3.08926231  31475.55832408    300.00000000      0.99950444      5.23305725   -785.84186506     -6.84166580   -792.68353085      1.35510614      2.21466014      3.06812532      0.22585102 md_running
  1129    564.50000000    345.29942221      3.13739269  30066.56507859    300.00000000      0.99950464      4.99880113   -785.69979646     -6.84773110   -792.54752756      1.60430782      2.18261854      3.22264818      0.26738464 md_running
  1130    565.00000000    345.55631231      3.15882089  29420.61815046    300.00000000      0.99950484      4.89140741   -785.64456728     -6.85379640   -792.49836368      1.71801910      2.16973263      3.27945161      0.28633652 md_running
  1131    565.50000000    345.81530262      3.13345337  29677.74819850    300.00000000      0.99950484      4.93415729   -785.64756545     -6.85986171   -792.50742717      1.90803627      2.18923380      3.40183434      0.31800605 md_running
  1132    566.00000000    346.06727875      3.05210127  30562.90933777    300.00000000      0.99950475      5.08132224   -785.60326604     -6.86592703   -792.46919306      2.41018989      2.24957388      3.82537580      0.40169832 md_running
  1133    566.50000000    346.31762364      2.90280582  33156.64185951    300.00000000      0.99950452      5.51255051   -785.70649318     -6.87199235   -792.57848553      2.51492511      2.36736212      3.99873056      0.41915418 md_running
  1134    567.00000000    346.56014886      2.74564156  36530.23792998    300.00000000      0.99950404      6.07343719   -785.94903959     -6.87805766   -792.82709725      2.06102800      2.50508220      3.73527121      0.34350467 md_running
  1135    567.50000000    346.81814058      2.72041644  37058.88496214    300.00000000      0.99950375      6.16132889   -785.99518381     -6.88412297   -792.87930678      1.58214244      2.53054018      3.47073406      0.26369041 md_running
  1136    568.00000000    347.07727587      2.86504371  33828.80705766    300.00000000      0.99950392      5.62430322   -785.76484830     -6.89018827   -792.65503657      1.67974499      2.40491565      3.51739279      0.27995750 md_running
  1137    568.50000000    347.31582549      3.06125798  30142.72018992    300.00000000      0.99950447      5.01146251   -785.59941562     -6.89625356   -792.49566918      1.65923479      2.25275161      3.40760094      0.27653913 md_running
  1138    569.00000000    347.54728667      3.23466239  27263.26941697    300.00000000      0.99950496      4.53273134   -785.50520239     -6.90231885   -792.40752124      1.73338395      2.13386079      3.33483066      0.28889732 md_running
  1139    569.50000000    347.80501015      3.37978164  25054.86755398    300.00000000      0.99950551      4.16556730   -785.42574154     -6.90838414   -792.33412567      1.87275202      2.04403284      3.34070656      0.31212534 md_running
  1140    570.00000000    348.05829255      3.49415101  23936.29693479    300.00000000      0.99950588      3.97959620   -785.48663675     -6.91444943   -792.40108617      1.52081249      1.97886413      3.01912921      0.25346875 md_running
  1141    570.50000000    348.31591626      3.58939105  23017.22030896    300.00000000      0.99950613      3.82679254   -785.51545718     -6.92051471   -792.43597190      1.41254333      1.92804724      2.87443685      0.23542389 md_running
  1142    571.00000000    348.57020422      3.65890977  22364.07964759    300.00000000      0.99950638      3.71820280   -785.53767520     -6.92658000   -792.46425520      1.36509317      1.89307235      2.78983560      0.22751553 md_running
  1143    571.50000000    348.81983051      3.69482246  22301.15383612    300.00000000      0.99950650      3.70774090   -785.60011602     -6.93264530   -792.53276131      1.24292680      1.87631378      2.67352722      0.20715447 md_running
  1144    572.00000000    349.07545329      3.70354526  22663.78953748    300.00000000      0.99950643      3.76803191   -785.68696493     -6.93871060   -792.62567552      1.05756705      1.87353229      2.53711307      0.17626117 md_running
  1145    572.50000000    349.31084974      3.70225120  22955.93011262    300.00000000      0.99950631      3.81660256   -785.74225643     -6.94477590   -792.68703233      0.90615861      1.87582543      2.44435582      0.15102643 md_running
  1146    573.00000000    349.53646785      3.70360262  22867.16609764    300.00000000      0.99950627      3.80184485   -785.73095010     -6.95084121   -792.68179131      0.93243699      1.87677864      2.45724882      0.15540617 md_running
  1147    573.50000000    349.77890168      3.70653950  22664.66931860    300.00000000      0.99950633      3.76817818   -785.70345208     -6.95690651   -792.66035859      1.05247388      1.87692796      2.51865593      0.17541231 md_running
  1148    574.00000000    350.02505577      3.71180519  22616.42864074    300.00000000      0.99950636      3.76015779   -785.71176722     -6.96297181   -792.67473903      1.13307384      1.87589934      2.55676823      0.18884564 md_running
  1149    574.50000000    350.25483252      3.73072852  22661.61999117    300.00000000      0.99950636      3.76767121   -785.75883975     -6.96903712   -792.72787686      1.13928686      1.86801002      2.54408428      0.18988114 md_running
  1150    575.00000000    350.48170142      3.77164283  22464.36279200    300.00000000      0.99950635      3.73487566   -785.81626280     -6.97510241   -792.79136521      0.96899831      1.84935423      2.41743467      0.16149972 md_running
  1151    575.50000000    350.72469488      3.83329334  21509.87733444    300.00000000      0.99950651      3.57618500   -785.76286068     -6.98116770   -792.74402839      1.10745701      1.82119353      2.45822276      0.18457617 md_running
  1152    576.00000000    350.97172904      3.88840267  20471.05307445    300.00000000      0.99950691      3.40347236   -785.67998529     -6.98723299   -792.66721828      1.24717767      1.79694209      2.52678495      0.20786295 md_running
  1153    576.50000000    351.21784246      3.91060515  20173.96723807    300.00000000      0.99950715      3.35407952   -785.67928234     -6.99329830   -792.67258064      1.09572814      1.78829093      2.44304775      0.18262136 md_running
  1154    577.00000000    351.46343628      3.89772294  20322.44483227    300.00000000      0.99950715      3.37876508   -785.68677636     -6.99936361   -792.68613997      0.96708161      1.79575744      2.39260263      0.16118027 md_running
  1155    577.50000000    351.70912889      3.85195878  20616.27789201    300.00000000      0.99950708      3.42761712   -785.65314229     -7.00542894   -792.65857123      0.97848131      1.81866696      2.43604728      0.16308022 md_running
  1156    578.00000000    351.93964283      3.76906462  21284.60963593    300.00000000      0.99950694      3.53873249   -785.61134390     -7.01149427   -792.62283817      1.02824387      1.86027464      2.52318810      0.17137398 md_running
  1157    578.50000000    352.18156602      3.64481980  22660.37849846    300.00000000      0.99950662      3.76746480   -785.61101587     -7.01755961   -792.62857548      1.00413155      1.92535182      2.58944931      0.16735526 md_running
  1158    579.00000000    352.42707207      3.48619903  24676.43519874    300.00000000      0.99950611      4.10264996   -785.64647658     -7.02362495   -792.67010152      0.96213765      2.01469438      2.66245412      0.16035627 md_running
  1159    579.50000000    352.65742948      3.31384597  26888.45062445    300.00000000      0.99950557      4.47041479   -785.67049075     -7.02969028   -792.70018103      1.05174792      2.12130884      2.81949959      0.17529132 md_running
  1160    580.00000000    352.88763828      3.15089566  28886.39405563    300.00000000      0.99950512      4.80258849   -785.66420887     -7.03575560   -792.69996447      1.22127163      2.23293841      3.03580708      0.20354527 md_running
  1161    580.50000000    353.13102578      3.01254816  30253.39585033    300.00000000      0.99950479      5.02986320   -785.58859261     -7.04182092   -792.63041354      1.52579256      2.33749663      3.34752731      0.25429876 md_running
  1162    581.00000000    353.37586595      2.89939551  31550.31054453    300.00000000      0.99950461      5.24548539   -785.52103552     -7.04788624   -792.56892176      1.93263253      2.43081236      3.71987849      0.32210542 md_running
  1163    581.50000000    353.62604464      2.83313997  33540.04808408    300.00000000      0.99950435      5.57629479   -785.73639257     -7.05395155   -792.79034411      1.62048456      2.48979994      3.51123279      0.27008076 md_running
  1164    582.00000000    353.87994782      2.88723156  33960.24835380    300.00000000      0.99950412      5.64615637   -785.94854128     -7.06001685   -793.00855813      1.16049999      2.44525488      3.15003073      0.19341666 md_running
  1165    582.50000000    354.10687539      3.04233343  32080.56600308    300.00000000      0.99950427      5.33364450   -785.97171509     -7.06608214   -793.03779723      1.07805695      2.32258646      2.99092238      0.17967616 md_running
  1166    583.00000000    354.35623069      3.18796884  30145.45388386    300.00000000      0.99950462      5.01191701   -785.96619658     -7.07214744   -793.03834402      1.02769034      2.21838675      2.86556572      0.17128172 md_running
  1167    583.50000000    354.60599757      3.24770189  29574.35627997    300.00000000      0.99950484      4.91696757   -786.00769865     -7.07821274   -793.08591139      0.90151663      2.17945286      2.75234787      0.15025277 md_running
  1168    584.00000000    354.85457909      3.20684069  30371.54105419    300.00000000      0.99950481      5.04950577   -786.05924441     -7.08427805   -793.14352245      0.82653171      2.20911455      2.73706274      0.13775529 md_running
  1169    584.50000000    355.11554148      3.09342117  32090.47032897    300.00000000      0.99950459      5.33529118   -786.11002581     -7.09034337   -793.20036918      0.75017862      2.29207187      2.78088563      0.12502977 md_running
  1170    585.00000000    355.37690803      2.97900089  33584.47825336    300.00000000      0.99950431      5.58368165   -786.12369878     -7.09640869   -793.22010747      0.76430219      2.38214394      2.86396015      0.12738370 md_running
  1171    585.50000000    355.62712281      2.95899220  33075.53976967    300.00000000      0.99950420      5.49906666   -786.01080532     -7.10247399   -793.11327931      1.12609251      2.40030177      3.04433304      0.18768208 md_running
  1172    586.00000000    355.89179683      3.07309730  29830.72853080    300.00000000      0.99950446      4.95959146   -785.71840492     -7.10853929   -792.82694421      1.80348717      2.31315148      3.39443253      0.30058119 md_running
  1173    586.50000000    356.15377322      3.24916186  25995.15689551    300.00000000      0.99950515      4.32189774   -785.43369956     -7.11460457   -792.54830414      2.32849675      2.18967393      3.68048271      0.38808279 md_running
  1174    587.00000000    356.41578652      3.38409696  24564.49024105    300.00000000      0.99950578      4.08403824   -785.50080644     -7.12066986   -792.62147630      2.14605363      2.10415675      3.41473525      0.35767560 md_running
  1175    587.50000000    356.67162913      3.46662156  24780.21046841    300.00000000      0.99950580      4.11990341   -785.74516208     -7.12673515   -792.87189723      1.60032741      2.05581595      2.92182570      0.26672124 md_running
  1176    588.00000000    356.92600418      3.54874317  23928.34926043    300.00000000      0.99950579      3.97827484   -785.77878124     -7.13280043   -792.91158167      1.43369743      2.00995140      2.79008947      0.23894957 md_running
  1177    588.50000000    357.18386039      3.65108631  21525.03659359    300.00000000      0.99950627      3.57870535   -785.55246939     -7.13886571   -792.69133510      1.95097327      1.95527199      3.14356519      0.32516221 md_running
  1178    589.00000000    357.44631934      3.74379885  19705.40251098    300.00000000      0.99950707      3.27617698   -785.42757209     -7.14493099   -792.57250308      1.92139187      1.90847119      3.12668846      0.32023198 md_running
  1179    589.50000000    357.69075282      3.79534875  19235.96516093    300.00000000      0.99950745      3.19812935   -785.45215448     -7.15099628   -792.60315076      1.62772390      1.88414771      2.93269633      0.27128732 md_running
  1180    590.00000000    357.94825969      3.79418355  19666.49665519    300.00000000      0.99950747      3.26970858   -785.52646372     -7.15706159   -792.68352531      1.44612525      1.88632491      2.82011652      0.24102087 md_running
  1181    590.50000000    358.19962004      3.75139702  20666.30203194    300.00000000      0.99950717      3.43593402   -785.62163074     -7.16312691   -792.78475765      1.23058987      1.90945616      2.70097374      0.20509831 md_running
  1182    591.00000000    358.46137823      3.68995886  21702.47751052    300.00000000      0.99950680      3.60820629   -785.67953638     -7.16919224   -792.84872862      1.10733346      1.94289248      2.65621383      0.18455558 md_running
  1183    591.50000000    358.72278799      3.62658988  22654.13398883    300.00000000      0.99950650      3.76642660   -785.71682192     -7.17525757   -792.89207949      1.04203449      1.97851391      2.65107866      0.17367242 md_running
  1184    592.00000000    358.97798795      3.57266809  23568.59883337    300.00000000      0.99950624      3.91846352   -785.76730907     -7.18132289   -792.94863195      0.99119508      2.01007302      2.64712689      0.16519918 md_running
  1185    592.50000000    359.23717431      3.53898887  24346.26484389    300.00000000      0.99950600      4.04775657   -785.83587029     -7.18738820   -793.02325849      0.95268807      2.03091597      2.63380445      0.15878134 md_running
  1186    593.00000000    359.48139944      3.53374837  24765.92439385    300.00000000      0.99950584      4.11752824   -785.90216495     -7.19345351   -793.09561846      0.92530501      2.03564418      2.60756955      0.15421750 md_running
  1187    593.50000000    359.73762789      3.55584588  24626.42475276    300.00000000      0.99950580      4.09433534   -785.92875030     -7.19951881   -793.12826911      0.91559028      2.02469958      2.58152781      0.15259838 md_running
  1188    594.00000000    359.99341708      3.58886501  23957.05657475    300.00000000      0.99950590      3.98304765   -785.88298862     -7.20558411   -793.08857272      0.98743305      2.00776151      2.60313765      0.16457218 md_running
  1189    594.50000000    360.25121230      3.60219801  23266.28190896    300.00000000      0.99950611      3.86820097   -785.78986017     -7.21164941   -793.00150958      1.14119733      2.00201386      2.68868824      0.19019956 md_running
  1190    595.00000000    360.51538822      3.56630032  23329.22267598    300.00000000      0.99950622      3.87866537   -785.72942864     -7.21771472   -792.94714336      1.22280645      2.02386646      2.77023576      0.20380108 md_running
  1191    595.50000000    360.78117083      3.47132364  24492.45363357    300.00000000      0.99950605      4.07206159   -785.73611804     -7.22378005   -792.95989810      1.24143272      2.08098741      2.84994322      0.20690545 md_running
  1192    596.00000000    361.01809695      3.33179514  26578.15438775    300.00000000      0.99950565      4.41882562   -785.79786132     -7.22984539   -793.02770670      1.25979729      2.16995512      2.94012242      0.20996621 md_running
  1193    596.50000000    361.27264399      3.18609911  28962.79802588    300.00000000      0.99950515      4.81529124   -785.89219227     -7.23591071   -793.12810299      1.13519297      2.27108789      2.95141531      0.18919883 md_running
  1194    597.00000000    361.52643776      3.08410976  30612.12708514    300.00000000      0.99950476      5.08950507   -785.94200312     -7.24197603   -793.18397915      1.03923514      2.34815779      2.96783161      0.17320586 md_running
  1195    597.50000000    361.77961236      3.04554299  31108.98091772    300.00000000      0.99950460      5.17211090   -785.93468263     -7.24804134   -793.18272397      1.00867702      2.37988485      2.98956608      0.16811284 md_running
  1196    598.00000000    362.03215818      3.04791038  30858.93832760    300.00000000      0.99950460      5.13053937   -785.89571657     -7.25410665   -793.14982322      1.03860061      2.38002632      3.02353364      0.17310010 md_running
  1197    598.50000000    362.29194144      3.05326890  30599.26588861    300.00000000      0.99950466      5.08736680   -785.86388040     -7.26017196   -793.12405235      1.11492485      2.37783585      3.07898233      0.18582081 md_running
  1198    599.00000000    362.54882403      3.04174240  30859.89385591    300.00000000      0.99950466      5.13069823   -785.88735473     -7.26623726   -793.15359200      1.12654752      2.38884053      3.09974192      0.18775792 md_running
  1199    599.50000000    362.80987397      3.02586078  31563.47299494    300.00000000      0.99950458      5.24767375   -785.97743603     -7.27230257   -793.24973860      1.07463253      2.40338315      3.06806925      0.17910542 md_running
  1200    600.00000000    363.07406550      3.03882929  32080.30009497    300.00000000      0.99950446      5.33360029   -786.11484472     -7.27836788   -793.39321260      0.94531786      2.39512242      2.94935008      0.15755298 md_running
  1201    600.50000000    363.32494605      3.11121403  31242.72109200    300.00000000      0.99950445      5.19434625   -786.16161926     -7.28443318   -793.44605243      0.90550062      2.34134760      2.85370629      0.15091677 md_running
  1202    601.00000000    363.55678540      3.21905790  28757.80157686    300.00000000      0.99950472      4.78120898   -785.96950951     -7.29049847   -793.26000798      1.40108392      2.26479271      3.08960816      0.23351399 md_running
  1203    601.50000000    363.80510213      3.26847715  27273.45675605    300.00000000      0.99950518      4.53442507   -785.80880532     -7.29656377   -793.10536909      1.70110414      2.23240484      3.29922649      0.28351736 md_running
  1204    602.00000000    364.05728897      3.21534160  28536.54380499    300.00000000      0.99950517      4.74442315   -785.93988682     -7.30262909   -793.24251591      1.38365167      2.27118310      3.10702875      0.23060861 md_running
  1205    602.50000000    364.31028930      3.13844462  30268.55146080    300.00000000      0.99950481      5.03238294   -786.07826510     -7.30869440   -793.38695950      1.20014455      2.32876333      3.01004723      0.20002409 md_running
  1206    603.00000000    364.56287434      3.13303154  30347.27124316    300.00000000      0.99950464      5.04547072   -786.08371656     -7.31475971   -793.39847627      1.13199913      2.33472276      2.97833065      0.18866652 md_running
  1207    603.50000000    364.81741533      3.22727871  28566.00639147    300.00000000      0.99950480      4.74932154   -785.99137401     -7.32082500   -793.31219901      1.06110536      2.26842057      2.90787815      0.17685089 md_running
  1208    604.00000000    365.07093092      3.37616647  25999.98193276    300.00000000      0.99950525      4.32269994   -785.88173245     -7.32689029   -793.20862274      0.96560685      2.17018057      2.79204420      0.16093448 md_running
  1209    604.50000000    365.32276995      3.51697607  23820.68798101    300.00000000      0.99950581      3.96037531   -785.81429442     -7.33295557   -793.14724998      0.86303218      2.08501741      2.67032499      0.14383870 md_running
  1210    605.00000000    365.57375221      3.61400034  22557.80239697    300.00000000      0.99950626      3.75041072   -785.80852564     -7.33902085   -793.14754649      0.76796564      2.03071973      2.56736604      0.12799427 md_running
  1211    605.50000000    365.80319927      3.66756313  22011.11101568    300.00000000      0.99950649      3.65951901   -785.83636113     -7.34508614   -793.18144726      0.70448649      2.00271595      2.49744114      0.11741442 md_running
  1212    606.00000000    366.02785239      3.70059692  21511.06463041    300.00000000      0.99950660      3.57638240   -785.83087754     -7.35115143   -793.18202898      0.72412903      1.98647752      2.48228320      0.12068817 md_running
  1213    606.50000000    366.25526405      3.73286851  20375.49768600    300.00000000      0.99950682      3.38758553   -785.71230839     -7.35721672   -793.06952512      0.91256499      1.97092878      2.57392716      0.15209417 md_running
  1214    607.00000000    366.49844134      3.75292543  18708.39842487    300.00000000      0.99950735      3.11041727   -785.45788586     -7.36328202   -792.82116788      1.37325913      1.96201163      2.87570958      0.22887652 md_running
  1215    607.50000000    366.74921427      3.70945898  18538.96744313    300.00000000      0.99950793      3.08224804   -785.31808580     -7.36934734   -792.68743314      1.76314339      1.98663702      3.18594865      0.29385723 md_running
  1216    608.00000000    367.01007867      3.57514047  21241.95850115    300.00000000      0.99950733      3.53164141   -785.55201392     -7.37541269   -792.92742661      1.33105020      2.06297170      2.95014230      0.22184170 md_running
  1217    608.50000000    367.26682021      3.42413612  23884.31547988    300.00000000      0.99950623      3.97095388   -785.69732312     -7.38147803   -793.07880115      1.23486271      2.15572000      2.95149530      0.20581045 md_running
  1218    609.00000000    367.51882473      3.33195618  24711.21162132    300.00000000      0.99950582      4.10843182   -785.61321336     -7.38754336   -793.00075672      1.58111098      2.21717919      3.24972612      0.26351850 md_running
  1219    609.50000000    367.77407335      3.30080175  25130.81516137    300.00000000      0.99950575      4.17819418   -785.61687373     -7.39360867   -793.01048240      1.58508553      2.23994343      3.27885952      0.26418092 md_running
  1220    610.00000000    368.03605027      3.32415802  25430.48596436    300.00000000      0.99950563      4.22801679   -785.73262451     -7.39967397   -793.13229848      1.27566978      2.22602971      3.03963127      0.21261163 md_running
  1221    610.50000000    368.30059882      3.38632718  25022.47771437    300.00000000      0.99950566      4.16018223   -785.79129611     -7.40573927   -793.19703538      1.06357544      2.18695344      2.86221188      0.17726257 md_running
  1222    611.00000000    368.54910307      3.42916679  24653.20126824    300.00000000      0.99950581      4.09878714   -785.81477013     -7.41180457   -793.22657469      0.91093900      2.16140120      2.74412898      0.15182317 md_running
  1223    611.50000000    368.79639301      3.39413084  25273.44414193    300.00000000      0.99950581      4.20190736   -785.84489541     -7.41786988   -793.26276530      0.78628550      2.18549927      2.69059649      0.13104758 md_running
  1224    612.00000000    369.04667352      3.25612715  27160.91911923    300.00000000      0.99950552      4.51571481   -785.85904614     -7.42393521   -793.28298135      0.89723946      2.27998948      2.81252797      0.14953991 md_running
  1225    612.50000000    369.29243093      3.03105064  30249.98571311    300.00000000      0.99950502      5.02929624   -785.85424767     -7.43000054   -793.28424821      1.26517410      2.45129551      3.16192680      0.21086235 md_running
  1226    613.00000000    369.54161069      2.78683280  33891.54861212    300.00000000      0.99950443      5.63473450   -785.87649296     -7.43606586   -793.31255882      1.53020859      2.66828567      3.53272597      0.25503477 md_running
  1227    613.50000000    369.79419953      2.63987445  36225.50569565    300.00000000      0.99950398      6.02277308   -785.89290551     -7.44213118   -793.33503669      1.58614293      2.81912320      3.74229935      0.26435716 md_running
  1228    614.00000000    370.05105232      2.64651102  36247.86816076    300.00000000      0.99950384      6.02649102   -785.90651025     -7.44819648   -793.35470673      1.49233760      2.81434558      3.70806806      0.24872293 md_running
  1229    614.50000000    370.30130660      2.73157601  35293.34920734    300.00000000      0.99950394      5.86779479   -785.95948893     -7.45426179   -793.41375072      1.44893219      2.72892349      3.58533308      0.24148870 md_running
  1230    615.00000000    370.55068096      2.79163214  34964.51730975    300.00000000      0.99950403      5.81312392   -786.08589057     -7.46032709   -793.54621766      1.12602617      2.67238909      3.31932820      0.18767103 md_running
  1231    615.50000000    370.81006425      2.80658643  34750.08654225    300.00000000      0.99950404      5.77747313   -786.09918844     -7.46639240   -793.56558084      1.09844788      2.66031093      3.29570806      0.18307465 md_running
  1232    616.00000000    371.06606389      2.81603373  33944.04847195    300.00000000      0.99950410      5.64346301   -785.99405659     -7.47245770   -793.46651429      1.25993793      2.65353990      3.42033379      0.20998965 md_running
  1233    616.50000000    371.31738827      2.87628101  32345.53932066    300.00000000      0.99950425      5.37769839   -785.89323618     -7.47852301   -793.37175918      1.22174376      2.60006695      3.38662515      0.20362396 md_running
  1234    617.00000000    371.54870721      3.01527175  29820.92397158    300.00000000      0.99950455      4.95796138   -785.81605263     -7.48458830   -793.30064093      1.13315358      2.48222688      3.23896759      0.18885893 md_running
  1235    617.50000000    371.79833570      3.20112072  26916.72066963    300.00000000      0.99950504      4.47511491   -785.77172150     -7.49065359   -793.26237509      1.03744704      2.34000985      3.04009648      0.17290784 md_running
  1236    618.00000000    372.05726862      3.37879334  24359.95288393    300.00000000      0.99950561      4.05003231   -785.74717258     -7.49671887   -793.24389145      0.97036834      2.21875644      2.86716448      0.16172806 md_running
  1237    618.50000000    372.30939350      3.50498172  22593.29496362    300.00000000      0.99950616      3.75631164   -785.72788737     -7.50278415   -793.23067152      0.99111859      2.14060601      2.78542307      0.16518643 md_running
  1238    619.00000000    372.56466555      3.55976238  21857.77032032    300.00000000      0.99950653      3.63402493   -785.72465072     -7.50884944   -793.23350016      1.09799285      2.10936841      2.79897088      0.18299881 md_running
  1239    619.50000000    372.82465207      3.54939940  22131.75055148    300.00000000      0.99950658      3.67957628   -785.75961399     -7.51491475   -793.27452875      1.16751527      2.11723584      2.82895130      0.19458588 md_running
  1240    620.00000000    373.08167774      3.50747477  22788.71835825    300.00000000      0.99950638      3.78880230   -785.79692572     -7.52098007   -793.31790578      1.18067417      2.14427226      2.84596008      0.19677903 md_running
  1241    620.50000000    373.33915526      3.47754456  22967.41984079    300.00000000      0.99950622      3.81851282   -785.76715684     -7.52704538   -793.29420222      1.23985835      2.16447151      2.90467116      0.20664306 md_running
  1242    621.00000000    373.59470627      3.47869659  22599.96959718    300.00000000      0.99950627      3.75742135   -785.70680711     -7.53311069   -793.23991780      1.26405714      2.16549826      2.93512824      0.21067619 md_running
  1243    621.50000000    373.85551203      3.50459571  22079.43806096    300.00000000      0.99950641      3.67087892   -785.67908220     -7.53917599   -793.21825819      1.22681357      2.15122581      2.89630104      0.20446893 md_running
  1244    622.00000000    374.12067892      3.54449243  21598.17161473    300.00000000      0.99950657      3.59086462   -785.68290753     -7.54524129   -793.22814882      1.26380671      2.12872287      2.87470823      0.21063445 md_running
  1245    622.50000000    374.37705339      3.59061413  21281.66044250    300.00000000      0.99950670      3.53824216   -785.73416617     -7.55130659   -793.28547276      1.17799192      2.10306850      2.77619577      0.19633199 md_running
  1246    623.00000000    374.63283057      3.63730239  20928.87234020    300.00000000      0.99950680      3.47958839   -785.77461236     -7.55737188   -793.33198424      0.99167826      2.07774114      2.64392401      0.16527971 md_running
  1247    623.50000000    374.89216537      3.66400915  20559.03517179    300.00000000      0.99950695      3.41810007   -785.76319483     -7.56343719   -793.32663201      0.87420044      2.06425198      2.58323258      0.14570007 md_running
  1248    624.00000000    375.14970563      3.63871484  20738.46932298    300.00000000      0.99950703      3.44793240   -785.73824503     -7.56950250   -793.30774753      0.82671242      2.08026838      2.58963954      0.13778540 md_running
  1249    624.50000000    375.40915551      3.53906312  22017.77548504    300.00000000      0.99950681      3.66062703   -785.74366761     -7.57556783   -793.31923543      0.81633507      2.14055764      2.65361840      0.13605585 md_running
  1250    625.00000000    375.66120944      3.36794909  24519.66151533    300.00000000      0.99950623      4.07658512   -785.79887331     -7.58163317   -793.38050647      0.77292075      2.25111292      2.75463381      0.12882012 md_running
  1251    625.50000000    375.91669265      3.16344399  27593.28066329    300.00000000      0.99950549      4.58759829   -785.85894433     -7.58769850   -793.44664283      0.76041198      2.39855641      2.91930822      0.12673533 md_running
  1252    626.00000000    376.17572270      2.98650817  30160.21494200    300.00000000      0.99950490      5.01437115   -785.86630030     -7.59376382   -793.46006413      0.91947509      2.54268988      3.17050590      0.15324585 md_running
  1253    626.50000000    376.43972653      2.88116144  31745.72304579    300.00000000      0.99950456      5.27797425   -785.86628851     -7.59982914   -793.46611765      1.10860610      2.63776588      3.37548452      0.18476768 md_running
  1254    627.00000000    376.69689144      2.85306637  32278.86798487    300.00000000      0.99950438      5.36661376   -785.89691629     -7.60589445   -793.50281074      1.12346840      2.66586670      3.41718470      0.18724473 md_running
  1255    627.50000000    376.95043938      2.87315711  31486.03796395    300.00000000      0.99950439      5.23479958   -785.81507011     -7.61195975   -793.42702986      1.31700300      2.64933648      3.55646240      0.21950050 md_running
  1256    628.00000000    377.20979017      2.86743089  31084.83611113    300.00000000      0.99950457      5.16809664   -785.68411778     -7.61802506   -793.30214284      1.82241556      2.65674241      3.90004939      0.30373593 md_running
  1257    628.50000000    377.46659197      2.78536342  33377.09852595    300.00000000      0.99950442      5.54920316   -785.91292799     -7.62409037   -793.53701836      1.33239462      2.73719776      3.60468885      0.22206577 md_running
  1258    629.00000000    377.72718894      2.72253011  35390.45651949    300.00000000      0.99950404      5.88393964   -786.09716230     -7.63015568   -793.72731798      0.99406451      2.80259740      3.43580638      0.16567742 md_running
  1259    629.50000000    377.98493489      2.75518611  34956.89324106    300.00000000      0.99950396      5.81185636   -786.10204743     -7.63622099   -793.73826842      0.91795335      2.77158087      3.36046194      0.15299222 md_running
  1260    630.00000000    378.22089942      2.84852544  33189.35061650    300.00000000      0.99950414      5.51798860   -786.04250026     -7.64228629   -793.68478654      0.91007338      2.68289212      3.26708421      0.15167890 md_running
  1261    630.50000000    378.47699424      2.92308651  31824.14993602    300.00000000      0.99950439      5.29101333   -786.00598703     -7.64835159   -793.65433862      0.89465176      2.61653283      3.17871661      0.14910863 md_running
  1262    631.00000000    378.74082569      2.93355546  31684.60714678    300.00000000      0.99950451      5.26781325   -786.02306578     -7.65441689   -793.67748268      0.85321210      2.60926279      3.11921735      0.14220202 md_running
  1263    631.50000000    379.00041888      2.89938895  32117.27202741    300.00000000      0.99950444      5.33974717   -786.03077794     -7.66048220   -793.69126014      0.91259475      2.64210237      3.14780298      0.15209913 md_running
  1264    632.00000000    379.25454988      2.88559262  31794.06859278    300.00000000      0.99950440      5.28601207   -785.94995237     -7.66654751   -793.61649988      1.18884141      2.65683648      3.29924906      0.19814023 md_running
  1265    632.50000000    379.51423619      2.94128857  30432.40674738    300.00000000      0.99950453      5.05962516   -785.87040293     -7.67261281   -793.54301574      1.36885860      2.60858902      3.35361743      0.22814310 md_running
  1266    633.00000000    379.77890855      3.07212758  27997.98750531    300.00000000      0.99950480      4.65488396   -785.81067821     -7.67867810   -793.48935631      1.43718592      2.49946601      3.29692382      0.23953099 md_running
  1267    633.50000000    380.04395322      3.23448267  25257.98344788    300.00000000      0.99950537      4.19933690   -785.69562772     -7.68474339   -793.38037111      1.99237794      2.37588037      3.55138224      0.33206299 md_running
  1268    634.00000000    380.30101426      3.36472760  24330.65276307    300.00000000      0.99950580      4.04516094   -785.89100996     -7.69080867   -793.58181864      1.27881807      2.28571529      2.96651160      0.21313634 md_running
  1269    634.50000000    380.56343828      3.48573813  23356.38753851    300.00000000      0.99950594      3.88318174   -785.99860885     -7.69687395   -793.69548280      0.84454291      2.20810471      2.66457885      0.14075715 md_running
  1270    635.00000000    380.81880733      3.60097041  21561.46631591    300.00000000      0.99950637      3.58476207   -785.93909402     -7.70293923   -793.64203326      0.88049537      2.13912901      2.64093555      0.14674923 md_running
  1271    635.50000000    381.07773588      3.68522750  19849.86424522    300.00000000      0.99950698      3.30019487   -785.82704486     -7.70900451   -793.53604937      1.01149309      2.09186698      2.68856449      0.16858218 md_running
  1272    636.00000000    381.33373574      3.71718483  18902.77883562    300.00000000      0.99950750      3.14273453   -785.73673990     -7.71506981   -793.45180971      1.12692504      2.07551451      2.75359396      0.18782084 md_running
  1273    636.50000000    381.58733074      3.69385013  18909.67188226    300.00000000      0.99950768      3.14388055   -785.69601778     -7.72113513   -793.41715291      1.19326565      2.09026789      2.81524455      0.19887761 md_running
  1274    637.00000000    381.83041879      3.63223797  19617.14942648    300.00000000      0.99950750      3.26150421   -785.69301735     -7.72720045   -793.42021781      1.21647775      2.12739407      2.87175434      0.20274629 md_running
  1275    637.50000000    382.08602108      3.56057889  20624.89919393    300.00000000      0.99950715      3.42905048   -785.71398058     -7.73326578   -793.44724636      1.19985610      2.17191275      2.91474898      0.19997602 md_running
  1276    638.00000000    382.34560046      3.50526436  21666.50013773    300.00000000      0.99950679      3.60222477   -785.77291621     -7.73933110   -793.51224731      1.12654850      2.20791676      2.90992208      0.18775808 md_running
  1277    638.50000000    382.60756543      3.48353054  22531.92916696    300.00000000      0.99950648      3.74610910   -785.87689455     -7.74539641   -793.62229096      1.00437783      2.22343313      2.83905404      0.16739630 md_running
  1278    639.00000000    382.86988638      3.49827589  22900.38394958    300.00000000      0.99950628      3.80736758   -785.97732550     -7.75146171   -793.72878721      0.87889683      2.21579509      2.74192917      0.14648281 md_running
  1279    639.50000000    383.12739972      3.52690523  22707.19951130    300.00000000      0.99950627      3.77524916   -786.00288239     -7.75752701   -793.76040940      0.91394700      2.19952831      2.73833306      0.15232450 md_running
  1280    640.00000000    383.36987546      3.51600950  22864.23068370    300.00000000      0.99950635      3.80135682   -785.99212616     -7.76359232   -793.75571848      1.07410815      2.20806946      2.83830664      0.17901803 md_running
  1281    640.50000000    383.62428382      3.41446044  24567.53547310    300.00000000      0.99950612      4.08454453   -786.06163972     -7.76965765   -793.83129737      1.01212588      2.27551571      2.86370628      0.16868765 md_running
  1282    641.00000000    383.88124500      3.23226928  27405.43644572    300.00000000      0.99950551      4.55636772   -786.13040705     -7.77572299   -793.90613004      0.98375163      2.40565460      2.96318565      0.16395860 md_running
  1283    641.50000000    384.14381191      3.03267800  30256.82446446    300.00000000      0.99950493      5.03043324   -786.12295680     -7.78178832   -793.90474512      1.12627323      2.56597919      3.19529962      0.18771221 md_running
  1284    642.00000000    384.40723661      2.88886324  32340.60480285    300.00000000      0.99950450      5.37687798   -786.11796880     -7.78785364   -793.90582244      0.96828258      2.69581950      3.26451367      0.16138043 md_running
  1285    642.50000000    384.66667267      2.84476563  32803.90360843    300.00000000      0.99950430      5.45390503   -786.07270931     -7.79391895   -793.86662826      0.91845376      2.73974033      3.29868772      0.15307563 md_running
  1286    643.00000000    384.92428724      2.86005354  32320.37012646    300.00000000      0.99950434      5.37351381   -786.01912483     -7.79998426   -793.81910909      0.89430619      2.72721624      3.29158382      0.14905103 md_running
  1287    643.50000000    385.17920924      2.85542819  32419.65077382    300.00000000      0.99950441      5.39001999   -786.02052699     -7.80604956   -793.82657655      0.86743826      2.73375803      3.29213186      0.14457304 md_running
  1288    644.00000000    385.42966112      2.79202056  33778.12584876    300.00000000      0.99950431      5.61587708   -786.08849825     -7.81211487   -793.90061313      0.88471332      2.79801487      3.34689849      0.14745222 md_running
  1289    644.50000000    385.69255342      2.70389356  35536.01754107    300.00000000      0.99950406      5.90814029   -786.16792261     -7.81818018   -793.98610279      0.84424184      2.89145269      3.40672398      0.14070697 md_running
  1290    645.00000000    385.95742466      2.67280996  35720.42899437    300.00000000      0.99950389      5.93880014   -786.12951319     -7.82424549   -793.95375868      0.91760025      2.92734827      3.50835343      0.15293338 md_running
  1291    645.50000000    386.21663747      2.73235999  33835.13876354    300.00000000      0.99950401      5.62535592   -785.95915901     -7.83031080   -793.78946981      1.33270593      2.86576840      3.70860340      0.22211766 md_running
  1292    646.00000000    386.46649288      2.82595971  32001.68127422    300.00000000      0.99950430      5.32052930   -785.91634939     -7.83637610   -793.75272549      1.31721592      2.77299646      3.61134195      0.21953599 md_running
  1293    646.50000000    386.72645119      2.91513955  30861.00898667    300.00000000      0.99950449      5.13088363   -785.98042593     -7.84244140   -793.82286733      1.02382959      2.69024569      3.36148067      0.17063826 md_running
  1294    647.00000000    386.98052074      2.99801104  29605.83157940    300.00000000      0.99950468      4.92220059   -785.99028597     -7.84850670   -793.83879267      0.98895265      2.61790462      3.25627889      0.16482544 md_running
  1295    647.50000000    387.23532568      3.07325901  28209.46853250    300.00000000      0.99950491      4.69004433   -785.94896932     -7.85457200   -793.80354132      1.03846404      2.55577948      3.21968732      0.17307734 md_running
  1296    648.00000000    387.48063165      3.13515403  27040.58628466    300.00000000      0.99950517      4.49570854   -785.90989721     -7.86063730   -793.77053450      1.02536342      2.50725724      3.17437106      0.17089390 md_running
  1297    648.50000000    387.73259638      3.18129051  26283.74479401    300.00000000      0.99950535      4.36987773   -785.90776195     -7.86670260   -793.77446455      0.92795886      2.47280246      3.09039109      0.15465981 md_running
  1298    649.00000000    387.99447451      3.22293471  25631.81162832    300.00000000      0.99950549      4.26148875   -785.90447887     -7.87276790   -793.77724677      0.93070881      2.44273280      3.05536606      0.15511813 md_running
  1299    649.50000000    388.25551267      3.26864770  25013.28425712    300.00000000      0.99950564      4.15865375   -785.91480165     -7.87883320   -793.79363485      0.94644985      2.41042608      3.02251244      0.15774164 md_running
  1300    650.00000000    388.51360198      3.32189408  24385.63510739    300.00000000      0.99950577      4.05430218   -785.94660663     -7.88489850   -793.83150513      0.87560746      2.37361543      2.94062336      0.14593458 md_running
  1301    650.50000000    388.77661779      3.38297237  23391.98250049    300.00000000      0.99950596      3.88909968   -785.92673103     -7.89096379   -793.81769482      0.96234164      2.33255361      2.92986183      0.16039027 md_running
  1302    651.00000000    389.03062216      3.43466931  22220.59370387    300.00000000      0.99950628      3.69434715   -785.84334828     -7.89702909   -793.74037737      1.21622385      2.29921110      3.02180854      0.20270398 md_running
  1303    651.50000000    389.29146412      3.44797448  21696.59189354    300.00000000      0.99950656      3.60722776   -785.78735256     -7.90309439   -793.69044695      1.25728416      2.29209791      3.05059347      0.20954736 md_running
  1304    652.00000000    389.55785389      3.40820808  22179.93837534    300.00000000      0.99950656      3.68758788   -785.78527526     -7.90915971   -793.69443497      1.24362160      2.32062133      3.07628425      0.20727027 md_running
  1305    652.50000000    389.81925728      3.33116384  23317.38029573    300.00000000      0.99950628      3.87669648   -785.80830560     -7.91522503   -793.72353062      1.30808483      2.37611417      3.15648566      0.21801414 md_running
  1306    653.00000000    390.05139793      3.25714073  24569.05331202    300.00000000      0.99950594      4.08479689   -785.84265887     -7.92129035   -793.76394921      1.41342343      2.43197684      3.26780879      0.23557057 md_running
  1307    653.50000000    390.28758499      3.22256369  25653.42874934    300.00000000      0.99950565      4.26508277   -785.95683983     -7.92735566   -793.88419549      1.19990585      2.45995327      3.16258261      0.19998431 md_running
  1308    654.00000000    390.52688115      3.25043138  25726.72297434    300.00000000      0.99950548      4.27726851   -786.04044392     -7.93342096   -793.97386488      0.94643564      2.44072878      3.00358357      0.15773927 md_running
  1309    654.50000000    390.75569083      3.31496164  24746.35644489    300.00000000      0.99950564      4.11427492   -786.01576500     -7.93948626   -793.95525126      0.90497878      2.39504635      2.95246044      0.15082980 md_running
  1310    655.00000000    390.99075834      3.34297162  24131.69402643    300.00000000      0.99950590      4.01208249   -785.97089625     -7.94555156   -793.91644781      0.91138534      2.37679317      2.94928259      0.15189756 md_running
  1311    655.50000000    391.23634921      3.27533507  25051.37060525    300.00000000      0.99950589      4.16498590   -785.96433254     -7.95161688   -793.91594941      0.94851578      2.42772639      3.01181192      0.15808596 md_running
  1312    656.00000000    391.48034459      3.10127769  27833.60841328    300.00000000      0.99950547      4.62755465   -786.00493760     -7.95768221   -793.96261981      1.06391418      2.56593680      3.18647832      0.17731903 md_running
  1313    656.50000000    391.72132157      2.86966929  31834.91878385    300.00000000      0.99950477      5.29280374   -786.09413514     -7.96374753   -794.05788268      1.15613439      2.77514478      3.40986598      0.19268906 md_running
  1314    657.00000000    391.97183498      2.69686677  34785.93130987    300.00000000      0.99950417      5.78343260   -786.13890748     -7.96981285   -794.10872033      1.24141470      2.95521198      3.61883277      0.20690245 md_running
  1315    657.50000000    392.21916537      2.68830301  34457.55461561    300.00000000      0.99950397      5.72883741   -786.05254139     -7.97587816   -794.02841955      1.33931225      2.96688218      3.71815021      0.22321871 md_running
  1316    658.00000000    392.47343419      2.80007078  32070.78785875    300.00000000      0.99950422      5.33201881   -785.93347792     -7.98194346   -793.91542137      1.43208096      2.85062210      3.68699110      0.23868016 md_running
  1317    658.50000000    392.73020783      2.89738827  30777.80126740    300.00000000      0.99950455      5.11704970   -785.99302477     -7.98800876   -793.98103353      1.19956225      2.75696877      3.45372787      0.19992704 md_running
  1318    659.00000000    392.98968055      2.91815287  31176.48775858    300.00000000      0.99950460      5.18333444   -786.13075610     -7.99407406   -794.12483016      0.94843449      2.73942959      3.28148361      0.15807242 md_running
  1319    659.50000000    393.25269984      2.87329166  32330.43845444    300.00000000      0.99950446      5.37518775   -786.21615630     -8.00013937   -794.21629567      0.82174481      2.78431170      3.25596316      0.13695747 md_running
  1320    660.00000000    393.51092800      2.81180493  33170.61725800    300.00000000      0.99950429      5.51487403   -786.20190566     -8.00620468   -794.20811034      0.80763537      2.84735431      3.32984437      0.13460590 md_running
  1321    660.50000000    393.76773240      2.78796746  32915.06530616    300.00000000      0.99950424      5.47238653   -786.09210331     -8.01226999   -794.10437330      0.99791130      2.87387507      3.48042840      0.16631855 md_running
  1322    661.00000000    394.03645528      2.82160467  31893.06915631    300.00000000      0.99950434      5.30247169   -786.01819996     -8.01833529   -794.03653525      1.03522179      2.84176433      3.49550425      0.17253696 md_running
  1323    661.50000000    394.30198613      2.90947250  30309.12179993    300.00000000      0.99950452      5.03912808   -786.00982081     -8.02440059   -794.03422140      0.90184638      2.75802601      3.34966577      0.15030773 md_running
  1324    662.00000000    394.56493567      3.03752661  27845.78328752    300.00000000      0.99950484      4.62957882   -785.93712525     -8.03046589   -793.96759114      1.04685950      2.64375173      3.30674569      0.17447658 md_running
  1325    662.50000000    394.83198032      3.16391669  25400.74601455    300.00000000      0.99950537      4.22307229   -785.83589806     -8.03653118   -793.87242924      1.35979467      2.54005791      3.35955497      0.22663245 md_running
  1326    663.00000000    395.08840231      3.24999387  24194.21780545    300.00000000      0.99950578      4.02247756   -785.86749999     -8.04259647   -793.91009647      1.11042323      2.47464990      3.15531163      0.18507054 md_running
  1327    663.50000000    395.33222113      3.29428944  23786.86473918    300.00000000      0.99950596      3.95475193   -785.91032361     -8.04866177   -793.95898538      0.96895725      2.44321651      3.05781931      0.16149287 md_running
  1328    664.00000000    395.58306473      3.30000520  23752.33537698    300.00000000      0.99950600      3.94901116   -785.93003831     -8.05472708   -793.98476539      0.87380694      2.44082272      3.00506494      0.14563449 md_running
  1329    664.50000000    395.83396845      3.27810153  23725.16833337    300.00000000      0.99950599      3.94449442   -785.87075471     -8.06079239   -793.93154710      1.04142999      2.45898208      3.10204537      0.17357166 md_running
  1330    665.00000000    396.07142576      3.23292436  24236.65347566    300.00000000      0.99950599      4.02953282   -785.84087662     -8.06685770   -793.90773432      1.21952534      2.49522021      3.24958135      0.20325422 md_running
  1331    665.50000000    396.31597028      3.18890246  25257.57499109    300.00000000      0.99950572      4.19926899   -785.93501080     -8.07292302   -794.00793381      1.02503782      2.53156801      3.16781807      0.17083964 md_running
  1332    666.00000000    396.56401400      3.20106081  25180.95164183    300.00000000      0.99950558      4.18652976   -785.94833738     -8.07898832   -794.02732570      1.07593335      2.52384733      3.16317651      0.17932223 md_running
  1333    666.50000000    396.82843489      3.26441142  24184.25584616    300.00000000      0.99950576      4.02082131   -785.92766329     -8.08505362   -794.01271691      1.11950221      2.47672646      3.12727745      0.18658370 md_running
  1334    667.00000000    397.08468473      3.32962342  23402.84695616    300.00000000      0.99950603      3.89090598   -785.95543899     -8.09111892   -794.04655791      1.01118865      2.43004043      3.02031540      0.16853144 md_running
  1335    667.50000000    397.32147240      3.35085453  23417.87146848    300.00000000      0.99950615      3.89340392   -786.01029866     -8.09718422   -794.10748288      0.88474687      2.41645370      2.94910519      0.14745781 md_running
  1336    668.00000000    397.57135899      3.30242077  24476.95360837    300.00000000      0.99950602      4.06948459   -786.07283310     -8.10324953   -794.17608264      0.82613640      2.45373036      2.95838214      0.13768940 md_running
  1337    668.50000000    397.83319965      3.18748273  26612.31913495    300.00000000      0.99950562      4.42450578   -786.15347275     -8.10931486   -794.26278761      0.81607759      2.54411270      3.02447075      0.13601293 md_running
  1338    669.00000000    398.08796614      3.04425899  29254.68058973    300.00000000      0.99950509      4.86381900   -786.24713960     -8.11538018   -794.36251978      0.77135214      2.66579832      3.09743461      0.12855869 md_running
  1339    669.50000000    398.34258052      2.93619928  31042.94352716    300.00000000      0.99950465      5.16113167   -786.27678700     -8.12144550   -794.39823249      0.79637630      2.76597226      3.20020355      0.13272938 md_running
  1340    670.00000000    398.59169279      2.90244159  31061.25083833    300.00000000      0.99950450      5.16417540   -786.18113526     -8.12751081   -794.30864607      1.06500615      2.80023242      3.38042357      0.17750103 md_running
  1341    670.50000000    398.83883222      2.91364731  30395.61061782    300.00000000      0.99950460      5.05350752   -786.08460860     -8.13357611   -794.21818471      1.34721899      2.79154457      3.52911235      0.22453650 md_running
  1342    671.00000000    399.08899918      2.92406697  30509.05159842    300.00000000      0.99950465      5.07236797   -786.14884331     -8.13964142   -794.28848473      1.11726154      2.78367142      3.40172108      0.18621026 md_running
  1343    671.50000000    399.33466391      2.93613219  30851.37169866    300.00000000      0.99950459      5.12928136   -786.25251311     -8.14570673   -794.39821983      0.88998587      2.77429844      3.25692434      0.14833098 md_running
  1344    672.00000000    399.56751601      2.97103460  30474.62850797    300.00000000      0.99950458      5.06664486   -786.28778912     -8.15177203   -794.43956115      0.77157019      2.74374869      3.15929176      0.12859503 md_running
  1345    672.50000000    399.81006212      3.02184995  29437.51156304    300.00000000      0.99950472      4.89421607   -786.24472836     -8.15783733   -794.40256569      0.77605263      2.69961704      3.12453530      0.12934210 md_running
  1346    673.00000000    400.05934562      3.05448257  28543.47232106    300.00000000      0.99950491      4.74557507   -786.18193051     -8.16390264   -794.34583315      0.77194111      2.67276135      3.11132746      0.12865685 md_running
  1347    673.50000000    400.30935617      3.04574008  28340.91367425    300.00000000      0.99950502      4.71189811   -786.12798378     -8.16996794   -794.29795172      0.78310381      2.68242464      3.14323934      0.13051730 md_running
  1348    674.00000000    400.55926475      3.00012306  28834.72083574    300.00000000      0.99950498      4.79399741   -786.10186885     -8.17603325   -794.27790211      0.79281553      2.72523272      3.20591226      0.13213592 md_running
  1349    674.50000000    400.80602997      2.95322083  29347.82924129    300.00000000      0.99950486      4.87930569   -786.07477962     -8.18209856   -794.25687819      0.89149567      2.77056790      3.30942223      0.14858261 md_running
  1350    675.00000000    401.05417432      2.94761907  29062.09361089    300.00000000      0.99950481      4.83179991   -786.02145241     -8.18816387   -794.20961628      1.02682788      2.77789087      3.39905808      0.17113798 md_running
  1351    675.50000000    401.30195255      2.99639725  27682.67958383    300.00000000      0.99950495      4.60246156   -785.92305121     -8.19422917   -794.11728038      1.15889242      2.73469396      3.44710936      0.19314874 md_running
  1352    676.00000000    401.55211103      3.06092863  26018.02903466    300.00000000      0.99950529      4.32570041   -785.80106527     -8.20029447   -794.00135974      1.35307231      2.67902189      3.52025426      0.22551205 md_running
  1353    676.50000000    401.80112455      3.07548654  25862.28465443    300.00000000      0.99950554      4.29980669   -785.81732899     -8.20635977   -794.02368877      1.31830788      2.66831281      3.47937253      0.21971798 md_running
  1354    677.00000000    402.05297575      3.03346540  27256.96184028    300.00000000      0.99950535      4.53168266   -785.96480880     -8.21242509   -794.17723389      1.02336828      2.70727512      3.33747601      0.17056138 md_running
  1355    677.50000000    402.31156641      2.99334060  28459.17539113    300.00000000      0.99950505      4.73156005   -786.06687530     -8.21849040   -794.28536570      0.87007256      2.74559156      3.30143111      0.14501209 md_running
  1356    678.00000000    402.57192627      2.99739761  28622.77034449    300.00000000      0.99950492      4.75875899   -786.10911772     -8.22455570   -794.33367342      0.83988228      2.74389890      3.27699731      0.13998038 md_running
  1357    678.50000000    402.82564575      3.04705805  27810.90005506    300.00000000      0.99950500      4.62377921   -786.10115446     -8.23062101   -794.33177547      0.84822615      2.70116984      3.23460139      0.14137102 md_running
  1358    679.00000000    403.07662168      3.10297298  26919.06488199    300.00000000      0.99950521      4.47550465   -786.09542881     -8.23668631   -794.33211512      0.84067072      2.65445001      3.18322586      0.14011179 md_running
  1359    679.50000000    403.32809590      3.12851728  26555.93894641    300.00000000      0.99950533      4.41513213   -786.11500821     -8.24275161   -794.35775983      0.75084064      2.63471519      3.11648956      0.12514011 md_running
  1360    680.00000000    403.57996541      3.11878314  26569.94526738    300.00000000      0.99950536      4.41746079   -786.08665836     -8.24881692   -794.33547528      0.93509801      2.64488325      3.20638593      0.15584967 md_running
  1361    680.50000000    403.83610921      3.07742116  27250.14533563    300.00000000      0.99950530      4.53054936   -786.10562341     -8.25488223   -794.36050564      0.92123555      2.68240262      3.24183439      0.15353926 md_running
  1362    681.00000000    404.09383929      3.03649734  28068.99876602    300.00000000      0.99950511      4.66669014   -786.14679200     -8.26094754   -794.40773954      0.89321633      2.72055166      3.24940269      0.14886939 md_running
  1363    681.50000000    404.34696351      3.03139055  28100.62646254    300.00000000      0.99950501      4.67194849   -786.14887597     -8.26701285   -794.41588882      0.92170636      2.72713563      3.25991271      0.15361773 md_running
  1364    682.00000000    404.59841902      3.05863252  27383.06307272    300.00000000      0.99950509      4.55264797   -786.08307499     -8.27307815   -794.35615314      1.16104243      2.70482918      3.37420859      0.19350707 md_running
  1365    682.50000000    404.85085220      3.06701592  27313.70315462    300.00000000      0.99950522      4.54111635   -786.10814429     -8.27914345   -794.38728775      1.06273791      2.69941338      3.31518271      0.17712298 md_running
  1366    683.00000000    405.09435614      3.05341992  27657.67764953    300.00000000      0.99950514      4.59830479   -786.14059846     -8.28520876   -794.42580722      0.96140297      2.71341949      3.26995325      0.16023383 md_running
  1367    683.50000000    405.34283705      3.04550390  27518.38305239    300.00000000      0.99950513      4.57514598   -786.09625138     -8.29127407   -794.38752545      1.00171868      2.72246390      3.31049237      0.16695311 md_running
  1368    684.00000000    405.59290705      3.05156067  26933.34301320    300.00000000      0.99950519      4.47787850   -786.02219680     -8.29733938   -794.31953617      1.05592895      2.71904793      3.34378016      0.17598816 md_running
  1369    684.50000000    405.85024787      3.06513351  25927.38849799    300.00000000      0.99950535      4.31063071   -785.89023331     -8.30340468   -794.19363799      1.29033296      2.70898641      3.46231835      0.21505549 md_running
  1370    685.00000000    406.10341623      3.05587172  25281.51657655    300.00000000      0.99950557      4.20324947   -785.74259071     -8.30946999   -794.05206070      1.65278519      2.71918165      3.69073834      0.27546420 md_running
  1371    685.50000000    406.35218825      2.98568713  26625.02392604    300.00000000      0.99950555      4.42661805   -785.78268224     -8.31553530   -794.09821754      1.56490104      2.78513295      3.73275847      0.26081684 md_running
  1372    686.00000000    406.59970967      2.86748213  29516.03213741    300.00000000      0.99950503      4.90727073   -785.97041605     -8.32160062   -794.29201667      1.22109224      2.90205848      3.63859518      0.20351537 md_running
  1373    686.50000000    406.84737937      2.77519080  31611.22934325    300.00000000      0.99950456      5.25561362   -786.05649405     -8.32766593   -794.38415998      1.29001654      3.00075443      3.74421832      0.21500276 md_running
  1374    687.00000000    407.09448102      2.74814967  32491.37855662    300.00000000      0.99950436      5.40194530   -786.12537683     -8.33373124   -794.45910807      1.23334903      3.03248819      3.72923704      0.20555817 md_running
  1375    687.50000000    407.35059362      2.77776323  32127.06824802    300.00000000      0.99950430      5.34137586   -786.17307796     -8.33979655   -794.51287451      1.05061194      3.00234255      3.58378928      0.17510199 md_running
  1376    688.00000000    407.60909503      2.81946627  30732.86538101    300.00000000      0.99950446      5.10957876   -786.00945752     -8.34586185   -794.35531937      1.77031169      2.96008579      3.94709565      0.29505195 md_running
  1377    688.50000000    407.86383400      2.78585509  31807.94396996    300.00000000      0.99950457      5.28831896   -786.13873777     -8.35192716   -794.49066493      1.29631435      2.99797623      3.70444757      0.21605239 md_running
  1378    689.00000000    408.10880798      2.73941407  33631.23962595    300.00000000      0.99950424      5.59145610   -786.33759975     -8.35799247   -794.69559222      0.64224363      3.05101471      3.44369921      0.10704060 md_running
  1379    689.50000000    408.35983761      2.77559286  32991.58892226    300.00000000      0.99950415      5.48510917   -786.33280636     -8.36405777   -794.69686413      0.65169997      3.01343114      3.40913482      0.10861666 md_running
  1380    690.00000000    408.61746496      2.87014259  30729.00137379    300.00000000      0.99950440      5.10893633   -786.20421486     -8.37012307   -794.57433793      0.98829843      2.91627438      3.47670626      0.16471640 md_running
  1381    690.50000000    408.86978853      2.93134605  29340.93669151    300.00000000      0.99950475      4.87815975   -786.15011533     -8.37618838   -794.52630371      0.97046278      2.85745473      3.42804117      0.16174380 md_running
  1382    691.00000000    409.12543974      2.92934537  29345.24446957    300.00000000      0.99950483      4.87887595   -786.16389550     -8.38225368   -794.54614918      0.78925076      2.86147684      3.35695426      0.13154179 md_running
  1383    691.50000000    409.37662028      2.90758112  29529.95141100    300.00000000      0.99950479      4.90958492   -786.14633505     -8.38831899   -794.53465404      0.86612157      2.88498201      3.40721595      0.14435359 md_running
  1384    692.00000000    409.63219691      2.92421499  28917.27588733    300.00000000      0.99950479      4.80772283   -786.10702186     -8.39438430   -794.50140616      0.93528519      2.87064548      3.42216659      0.15588087 md_running
  1385    692.50000000    409.89015142      3.01036302  26840.43709725    300.00000000      0.99950502      4.46243217   -785.99653343     -8.40044959   -794.39698303      1.05780904      2.79051059      3.42551455      0.17630151 md_running
  1386    693.00000000    410.13207313      3.12478279  24094.69069444    300.00000000      0.99950556      4.00593040   -785.83255767     -8.40651489   -794.23907255      1.28931822      2.69027188      3.46855995      0.21488637 md_running
  1387    693.50000000    410.37846814      3.18983793  22590.88523534    300.00000000      0.99950617      3.75591100   -785.74032511     -8.41258018   -794.15290530      1.55099378      2.63730661      3.55298010      0.25849896 md_running
  1388    694.00000000    410.63091338      3.16660073  23509.81911978    300.00000000      0.99950625      3.90869094   -785.85705200     -8.41864549   -794.27569750      1.35344779      2.65857512      3.43112313      0.22557463 md_running
  1389    694.50000000    410.88503276      3.10118920  25389.53071836    300.00000000      0.99950578      4.22120766   -786.02181684     -8.42471081   -794.44652765      1.02457208      2.71660665      3.28904462      0.17076201 md_running
  1390    695.00000000    411.13558722      3.06967902  26280.80700905    300.00000000      0.99950543      4.36938930   -786.08914065     -8.43077612   -794.51991677      0.88644173      2.74646841      3.25530419      0.14774029 md_running
  1391    695.50000000    411.38864338      3.09603388  25929.29584068    300.00000000      0.99950539      4.31094783   -786.09776330     -8.43684142   -794.53460472      0.88096221      2.72504827      3.23655749      0.14682704 md_running
  1392    696.00000000    411.63558295      3.14530975  25211.57315085    300.00000000      0.99950555      4.19162083   -786.10099362     -8.44290672   -794.54390035      0.96032774      2.68428479      3.22218553      0.16005462 md_running
  1393    696.50000000    411.88290901      3.16648639  25083.71571198    300.00000000      0.99950568      4.17036353   -786.14262034     -8.44897203   -794.59159236      0.88202499      2.66824847      3.15305349      0.14700417 md_running
  1394    697.00000000    412.13130091      3.14114543  25565.94936528    300.00000000      0.99950563      4.25053864   -786.15852107     -8.45503734   -794.61355841      0.88047972      2.69170528      3.17175279      0.14674662 md_running
  1395    697.50000000    412.37744970      3.06937442  26654.92381284    300.00000000      0.99950547      4.43158914   -786.14629530     -8.46110265   -794.60739796      0.94560893      2.75662133      3.28756082      0.15760149 md_running
  1396    698.00000000    412.63941672      2.96217698  28485.24638124    300.00000000      0.99950516      4.73589455   -786.16917492     -8.46716797   -794.63634289      0.91444319      2.85842753      3.39212005      0.15240720 md_running
  1397    698.50000000    412.89174859      2.85849741  30174.43053160    300.00000000      0.99950479      5.01673460   -786.17816338     -8.47323329   -794.65139667      0.88817634      2.96422640      3.49364477      0.14802939 md_running
  1398    699.00000000    413.15528784      2.79661328  30735.95778912    300.00000000      0.99950459      5.11009289   -786.07720168     -8.47929860   -794.55650027      1.09582574      3.03198831      3.67869934      0.18263762 md_running
  1399    699.50000000    413.41787970      2.76203951  31067.52990208    300.00000000      0.99950456      5.16521934   -786.03233476     -8.48536391   -794.51769867      1.09656938      3.07213711      3.72636807      0.18276156 md_running
  1400    700.00000000    413.67181088      2.74701510  31428.94234268    300.00000000      0.99950448      5.22530698   -786.06300679     -8.49142921   -794.55443601      0.95150915      3.09114769      3.68975362      0.15858486 md_running
  1401    700.50000000    413.91118699      2.75788237  31127.86109339    300.00000000      0.99950448      5.17524988   -786.04221007     -8.49749452   -794.53970458      0.99659017      3.08116646      3.71557409      0.16609836 md_running
  1402    701.00000000    414.16325898      2.77242490  30537.12000412    300.00000000      0.99950456      5.07703456   -785.99127400     -8.50355982   -794.49483383      1.04509415      3.06719219      3.73570370      0.17418236 md_running
  1403    701.50000000    414.42462063      2.75971039  30044.34551890    300.00000000      0.99950464      4.99510695   -785.87155978     -8.50962513   -794.38118491      1.30264512      3.08352113      3.91294256      0.21710752 md_running
  1404    702.00000000    414.67902116      2.68452370  30928.90128109    300.00000000      0.99950466      5.14217125   -785.77165879     -8.51569044   -794.28734923      1.69024049      3.17214207      4.25642801      0.28170675 md_running
  1405    702.50000000    414.93759075      2.55810642  33827.43346390    300.00000000      0.99950432      5.62407485   -785.89833926     -8.52175575   -794.42009502      1.49614442      3.33127496      4.27099149      0.24935740 md_running
  1406    703.00000000    415.17719794      2.50530066  35595.22261412    300.00000000      0.99950394      5.91798360   -786.06108832     -8.52782106   -794.58890938      1.41444628      3.40391127      4.20166761      0.23574105 md_running
  1407    703.50000000    415.42705962      2.61324197  33869.42533706    300.00000000      0.99950393      5.63105633   -786.10222480     -8.53388637   -794.63611116      1.41844117      3.26563195      4.04626980      0.23640686 md_running
  1408    704.00000000    415.68248721      2.80063399  30072.29292346    300.00000000      0.99950438      4.99975343   -786.02095241     -8.53995166   -794.56090407      1.44748413      3.04929237      3.87326167      0.24124735 md_running
  1409    704.50000000    415.91568967      2.92504244  27306.96528350    300.00000000      0.99950498      4.53999612   -785.90970526     -8.54601696   -794.45572221      1.49222004      2.92167289      3.81436157      0.24870334 md_running
  1410    705.00000000    416.15355266      2.89632034  28076.34645706    300.00000000      0.99950524      4.66791175   -785.95221866     -8.55208227   -794.50430093      1.45702933      2.95274055      3.82120057      0.24283822 md_running
  1411    705.50000000    416.39942410      2.74488663  32016.63638473    300.00000000      0.99950471      5.32301571   -786.22534334     -8.55814759   -794.78349093      0.92163984      3.11785108      3.63681135      0.15360664 md_running
  1412    706.00000000    416.65120518      2.65301691  34443.97661467    300.00000000      0.99950412      5.72657997   -786.38189779     -8.56421290   -794.94611068      0.60717788      3.22810344      3.57593207      0.10119631 md_running
  1413    706.50000000    416.90001544      2.74437958  32611.73036253    300.00000000      0.99950408      5.42195472   -786.33908964     -8.57027820   -794.90936784      0.63911737      3.12284730      3.49183119      0.10651956 md_running
  1414    707.00000000    417.15488390      2.94058309  28421.36297802    300.00000000      0.99950460      4.72527344   -786.18495711     -8.57634349   -794.76130060      0.98302566      2.91654528      3.44714136      0.16383761 md_running
  1415    707.50000000    417.40444577      3.09172183  25335.30566779    300.00000000      0.99950534      4.21219232   -786.09497287     -8.58240878   -794.67738165      1.03047145      2.77593187      3.34765014      0.17174524 md_running
  1416    708.00000000    417.63983659      3.13249309  24389.42356785    300.00000000      0.99950577      4.05493204   -786.05859325     -8.58847408   -794.64706733      0.98196586      2.74173773      3.30446828      0.16366098 md_running
  1417    708.50000000    417.88367284      3.07476702  25263.93563565    300.00000000      0.99950577      4.20032650   -786.05674180     -8.59453939   -794.65128119      1.00231599      2.79518406      3.37342257      0.16705267 md_running
  1418    709.00000000    418.12236074      2.99024602  26766.80860407    300.00000000      0.99950540      4.45019086   -786.10781534     -8.60060471   -794.70842005      0.84617962      2.87621987      3.37594992      0.14102994 md_running
  1419    709.50000000    418.36919627      2.98638046  26514.14790494    300.00000000      0.99950520      4.40818405   -786.06831253     -8.60667002   -794.67498254      0.84115557      2.88197383      3.39344205      0.14019260 md_running
  1420    710.00000000    418.61621470      3.08316884  23749.22589697    300.00000000      0.99950552      3.94849418   -785.85992468     -8.61273531   -794.47266000      1.29718003      2.79346872      3.55545131      0.21619667 md_running
  1421    710.50000000    418.86390383      3.17531575  21479.00534840    300.00000000      0.99950638      3.57105229   -785.67863960     -8.61880061   -794.29744021      1.85118438      2.71431308      3.82691493      0.30853073 md_running
  1422    711.00000000    419.11264504      3.16653814  22524.25133870    300.00000000      0.99950651      3.74483260   -785.88495503     -8.62486592   -794.50982094      1.03556500      2.72375256      3.35056625      0.17259417 md_running
  1423    711.50000000    419.34620934      3.10567788  24198.64454510    300.00000000      0.99950603      4.02321354   -785.99862504     -8.63093123   -794.62955627      0.87664569      2.77908140      3.29320787      0.14610761 md_running
  1424    712.00000000    419.59485995      3.03639066  25540.89071188    300.00000000      0.99950569      4.24637244   -786.03093829     -8.63699655   -794.66793484      0.85709675      2.84449461      3.35149262      0.14284946 md_running
  1425    712.50000000    419.84283527      2.97352229  26795.55944593    300.00000000      0.99950540      4.45497091   -786.06540848     -8.64306186   -794.70847034      0.78864977      2.90667474      3.39363203      0.13144163 md_running
  1426    713.00000000    420.09084012      2.91923380  28046.42173673    300.00000000      0.99950515      4.66293653   -786.12503028     -8.64912717   -794.77415746      0.69955877      2.96280737      3.40432365      0.11659313 md_running
  1427    713.50000000    420.34062329      2.87529139  29044.52333917    300.00000000      0.99950492      4.82887871   -786.17157919     -8.65519248   -794.82677167      0.64955428      3.01019671      3.42005684      0.10825905 md_running
  1428    714.00000000    420.59389911      2.83661005  29618.00067044    300.00000000      0.99950479      4.92422380   -786.14656331     -8.66125779   -794.80782110      0.85545838      3.05338338      3.54219838      0.14257640 md_running
  1429    714.50000000    420.84266305      2.77743299  30601.21673444    300.00000000      0.99950470      5.08769114   -786.12428265     -8.66732310   -794.79160575      1.08280294      3.12062373      3.72246588      0.18046716 md_running
  1430    715.00000000    421.08431228      2.68321470  32545.56653265    300.00000000      0.99950445      5.41095447   -786.18238480     -8.67338841   -794.85577321      0.95114038      3.23246163      3.78380538      0.15852340 md_running
  1431    715.50000000    421.32959674      2.57807821  34531.38832912    300.00000000      0.99950415      5.74111285   -786.17010831     -8.67945372   -794.84956203      1.08172504      3.36663713      4.00215307      0.18028751 md_running
  1432    716.00000000    421.57773098      2.47836803  36666.61738702    300.00000000      0.99950391      6.09611134   -786.21657127     -8.68551904   -794.90209030      1.02631562      3.50453161      4.10726728      0.17105260 md_running
  1433    716.50000000    421.81412395      2.44610476  37637.40438123    300.00000000      0.99950367      6.25751226   -786.29265820     -8.69158434   -794.98424255      0.83253671      3.55323474      4.04636766      0.13875612 md_running
  1434    717.00000000    422.06029150      2.52512629  35971.70703404    300.00000000      0.99950373      5.98057707   -786.26524916     -8.69764965   -794.96289881      0.88956081      3.44444147      3.95841805      0.14826014 md_running
  1435    717.50000000    422.30274854      2.64933836  33135.74904290    300.00000000      0.99950404      5.50907692   -786.18722089     -8.70371495   -794.89093584      0.94185776      3.28524102      3.84041532      0.15697629 md_running
  1436    718.00000000    422.55504423      2.73156119  30999.26670253    300.00000000      0.99950441      5.15387005   -786.08830519     -8.70978025   -794.79808544      1.08067532      3.18857232      3.82922100      0.18011255 md_running
  1437    718.50000000    422.80911233      2.73758719  30344.36252106    300.00000000      0.99950461      5.04498712   -786.01549800     -8.71584556   -794.73134356      1.19125395      3.18376917      3.90362767      0.19854232 md_running
  1438    719.00000000    423.05751787      2.70678446  30393.68675581    300.00000000      0.99950461      5.05318766   -785.94762862     -8.72191087   -794.66953949      1.33611187      3.22224068      4.04862481      0.22268531 md_running
  1439    719.50000000    423.30680338      2.71430809  29855.33658429    300.00000000      0.99950460      4.96368274   -785.89756592     -8.72797617   -794.62554209      1.51472301      3.21554371      4.14844531      0.25245384 md_running
  1440    720.00000000    423.54747184      2.80980392  27838.06871864    300.00000000      0.99950479      4.62829622   -785.87070275     -8.73404147   -794.60474423      1.56236246      3.10841678      4.06668440      0.26039374 md_running
  1441    720.50000000    423.79414294      2.96059522  24471.25307095    300.00000000      0.99950533      4.06853683   -785.72212120     -8.74010676   -794.46222797      1.84668603      2.95214523      4.09487484      0.30778100 md_running
  1442    721.00000000    424.03821962      3.04592613  22897.75437197    300.00000000      0.99950609      3.80693039   -785.70037023     -8.74617206   -794.44654229      1.71868658      2.87143287      3.93691250      0.28644776 md_running
  1443    721.50000000    424.29535498      3.01632020  24079.89890573    300.00000000      0.99950606      4.00347115   -785.83575036     -8.75223737   -794.58798773      1.28151280      2.90162752      3.68451673      0.21358547 md_running
  1444    722.00000000    424.54209837      2.92271852  26149.37087324    300.00000000      0.99950563      4.34753702   -785.91503952     -8.75830269   -794.67334221      1.08950696      2.99662896      3.67312408      0.18158449 md_running
  1445    722.50000000    424.79521620      2.82945137  28160.56812839    300.00000000      0.99950516      4.68191426   -785.99334652     -8.76436800   -794.75771452      0.91134546      3.09755039      3.68833657      0.15189091 md_running
  1446    723.00000000    425.03611632      2.80693211  28666.71131170    300.00000000      0.99950487      4.76606451   -786.02733448     -8.77043331   -794.79776780      0.83424016      3.12456203      3.67706412      0.13904003 md_running
  1447    723.50000000    425.28938437      2.86915863  26911.99454881    300.00000000      0.99950498      4.47432916   -785.90907937     -8.77649861   -794.68557798      1.11026344      3.05891028      3.75417813      0.18504391 md_running
  1448    724.00000000    425.54004548      2.92836677  24907.62859281    300.00000000      0.99950547      4.14108767   -785.71765281     -8.78256392   -794.50021673      1.49184184      2.99913394      3.95586462      0.24864031 md_running
  1449    724.50000000    425.77351856      2.87758163  25972.19717289    300.00000000      0.99950568      4.31808051   -785.74147373     -8.78862923   -794.53010296      1.45921942      3.05417207      3.99831835      0.24320324 md_running
  1450    725.00000000    426.01844439      2.71588078  30218.15897191    300.00000000      0.99950504      5.02400480   -785.99492211     -8.79469454   -794.78961666      1.02212811      3.23824770      3.90634653      0.17035468 md_running
  1451    725.50000000    426.26654483      2.55673239  34166.10660632    300.00000000      0.99950428      5.68038191   -786.17013131     -8.80075986   -794.97089117      0.82202671      3.44219051      3.98058190      0.13700445 md_running
  1452    726.00000000    426.52204467      2.49649827  35448.98207929    300.00000000      0.99950393      5.89366997   -786.16181645     -8.80682517   -794.96864162      0.98078616      3.52767128      4.13838438      0.16346436 md_running
  1453    726.50000000    426.77472659      2.49712619  35603.53263984    300.00000000      0.99950391      5.91936521   -786.17746565     -8.81289047   -794.99035612      0.96892808      3.52921314      4.12443850      0.16148801 md_running
  1454    727.00000000    427.02381573      2.49897786  35831.15061019    300.00000000      0.99950387      5.95720847   -786.24875188     -8.81895578   -795.06770766      0.71346567      3.52902521      3.98574869      0.11891094 md_running
  1455    727.50000000    427.27302965      2.50446106  35242.14420044    300.00000000      0.99950388      5.85928156   -786.16013951     -8.82502109   -794.98516059      1.00920479      3.52372066      4.12112002      0.16820080 md_running
  1456    728.00000000    427.52381511      2.50653995  34750.88506611    300.00000000      0.99950398      5.77760589   -786.08655708     -8.83108639   -794.91764348      1.23457608      3.52321793      4.25599832      0.20576268 md_running
  1457    728.50000000    427.77344458      2.53016100  34437.78697052    300.00000000      0.99950398      5.72555089   -786.14856165     -8.83715170   -794.98571334      1.01069439      3.49272310      4.09900576      0.16844907 md_running
  1458    729.00000000    428.01743287      2.61256407  32801.19449164    300.00000000      0.99950409      5.45345461   -786.14374618     -8.84321700   -794.98696318      1.00820417      3.38488047      3.98048486      0.16803403 md_running
  1459    729.50000000    428.27060542      2.70556541  31080.52143735    300.00000000      0.99950440      5.16737929   -786.14011680     -8.84928230   -794.98939910      1.07572578      3.27077010      3.87870588      0.17928763 md_running
  1460    730.00000000    428.52489901      2.75763843  30404.21247429    300.00000000      0.99950455      5.05493764   -786.23001065     -8.85534761   -795.08535825      0.78610284      3.21120698      3.65556775      0.13101714 md_running
  1461    730.50000000    428.77041942      2.79163604  29295.75931266    300.00000000      0.99950466      4.87064865   -786.14744813     -8.86141291   -795.00886104      1.02179064      3.17427236      3.74914229      0.17029844 md_running
  1462    731.00000000    429.02156923      2.80427736  28515.84851128    300.00000000      0.99950488      4.74098240   -786.03975295     -8.86747822   -794.90723116      1.36985142      3.16212603      3.93541405      0.22830857 md_running
  1463    731.50000000    429.27862958      2.81107741  28594.36651628    300.00000000      0.99950487      4.75403663   -786.13223798     -8.87354352   -795.00578150      0.86762961      3.15663442      3.67495836      0.14460494 md_running
  1464    732.00000000    429.53404580      2.90017619  26593.63799963    300.00000000      0.99950498      4.42139989   -786.05909114     -8.87960882   -794.93869996      0.91648547      3.06174815      3.62553092      0.15274758 md_running
  1465    732.50000000    429.78644096      3.05081276  23107.92849386    300.00000000      0.99950568      3.84187348   -785.88387063     -8.88567411   -794.76954474      1.19197336      2.91255976      3.65555085      0.19866223 md_running
  1466    733.00000000    430.03676939      3.16639366  20937.42175338    300.00000000      0.99950652      3.48100979   -785.86049251     -8.89173940   -794.75223191      1.07387974      2.80815995      3.49267963      0.17897996 md_running
  1467    733.50000000    430.28115778      3.21155943  20235.97619923    300.00000000      0.99950693      3.36438900   -785.87613115     -8.89780471   -794.77393585      1.06166678      2.77055599      3.43333480      0.17694446 md_running
  1468    734.00000000    430.53575201      3.18665632  20486.43726094    300.00000000      0.99950701      3.40603010   -785.84950259     -8.90387002   -794.75337261      1.16602821      2.79411069      3.51471687      0.19433803 md_running
  1469    734.50000000    430.79209365      3.09497206  21831.23256276    300.00000000      0.99950675      3.62961282   -785.81879906     -8.90993534   -794.72873439      1.20988817      2.87884205      3.64990921      0.20164803 md_running
  1470    735.00000000    431.04392991      2.94771146  24464.33999493    300.00000000      0.99950616      4.06738748   -785.83315717     -8.91600066   -794.74915782      1.25024609      3.02471970      3.84646605      0.20837435 md_running
  1471    735.50000000    431.29445463      2.77533654  28240.38230232    300.00000000      0.99950535      4.69518399   -785.95400421     -8.92206598   -794.87607018      1.21540940      3.21476910      4.00105164      0.20256823 md_running
  1472    736.00000000    431.54176931      2.64469490  31398.75435778    300.00000000      0.99950461      5.22028800   -786.10283712     -8.92813129   -795.03096841      1.04600560      3.37586442      4.03958771      0.17433427 md_running
  1473    736.50000000    431.77160744      2.60076524  32417.73381902    300.00000000      0.99950431      5.38970128   -786.08582055     -8.93419660   -795.02001715      1.38229752      3.43521844      4.25729173      0.23038292 md_running
  1474    737.00000000    431.99515791      2.57477561  33117.45212623    300.00000000      0.99950424      5.50603492   -786.14255384     -8.94026191   -795.08281575      1.06727595      3.47224900      4.12711839      0.17787932 md_running
  1475    737.50000000    432.23788236      2.52201601  33848.21682239    300.00000000      0.99950414      5.62753025   -786.03943452     -8.94632722   -794.98576174      1.43442046      3.54729204      4.41500512      0.23907008 md_running
  1476    738.00000000    432.48392245      2.37888697  37134.67845508    300.00000000      0.99950398      6.17393015   -786.09413238     -8.95239253   -795.04652491      1.32782407      3.76326942      4.56330697      0.22130401 md_running
  1477    738.50000000    432.73437147      2.20256487  41956.36566872    300.00000000      0.99950344      6.97557328   -786.30897545     -8.95845784   -795.26743329      0.86589383      4.06728446      4.59874082      0.14431564 md_running
  1478    739.00000000    432.98004300      2.16953972  42782.52215451    300.00000000      0.99950313      7.11292825   -786.33115870     -8.96452315   -795.29568184      0.87207978      4.13199311      4.66083167      0.14534663 md_running
  1479    739.50000000    433.22887483      2.28736482  39390.60657183    300.00000000      0.99950329      6.54899581   -786.16327703     -8.97058845   -795.13386548      1.13645191      3.92180050      4.62606615      0.18940865 md_running
  1480    740.00000000    433.47677697      2.39290850  36375.24680978    300.00000000      0.99950367      6.04766871   -786.04154350     -8.97665375   -795.01819725      1.27555854      3.75135690      4.56006480      0.21259309 md_running
  1481    740.50000000    433.72645638      2.41675622  35933.92458484    300.00000000      0.99950385      5.97429545   -786.10226252     -8.98271906   -795.08498158      1.09969374      3.71684950      4.43290419      0.18328229 md_running
  1482    741.00000000    433.97266384      2.45551003  35303.09822264    300.00000000      0.99950382      5.86941564   -786.15978567     -8.98878437   -795.14857003      1.06052684      3.66065881      4.31452311      0.17675447 md_running
  1483    741.50000000    434.22093221      2.60789211  32286.08752515    300.00000000      0.99950405      5.36781406   -786.17854750     -8.99484967   -795.17339716      0.91417637      3.44908816      4.00528996      0.15236273 md_running
  1484    742.00000000    434.46870446      2.84575736  27570.69610282    300.00000000      0.99950465      4.58384343   -786.14381297     -9.00091496   -795.14472793      0.73288863      3.16292432      3.63726865      0.12214811 md_running
  1485    742.50000000    434.71670934      3.06127238  23082.83415286    300.00000000      0.99950564      3.83770135   -786.02489718     -9.00698024   -795.03187742      0.75229998      2.94223431      3.45008041      0.12538333 md_running
  1486    743.00000000    434.96151493      3.15968750  20900.61652573    300.00000000      0.99950660      3.47489064   -785.94336452     -9.01304554   -794.95641006      0.79194236      2.85251183      3.39975365      0.13199039 md_running
  1487    743.50000000    435.21591894      3.12385319  21423.81942690    300.00000000      0.99950682      3.56187720   -785.95011705     -9.01911085   -794.96922790      0.79043796      2.88717514      3.43890799      0.13173966 md_running
  1488    744.00000000    435.46173904      3.01724113  23168.47660095    300.00000000      0.99950634      3.85194008   -785.96207619     -9.02517617   -794.98725236      0.84551567      2.99120161      3.57410932      0.14091928 md_running
  1489    744.50000000    435.70999060      2.93839770  24029.27457764    300.00000000      0.99950587      3.99505446   -785.88424824     -9.03124148   -794.91548972      1.13883930      3.07352601      3.81707193      0.18980655 md_running
  1490    745.00000000    435.94912813      2.93724736  23603.68988600    300.00000000      0.99950585      3.92429768   -785.79119572     -9.03730679   -794.82850251      1.50085542      3.07679469      4.02474887      0.25014257 md_running
  1491    745.50000000    436.19944346      2.98403796  23117.75222304    300.00000000      0.99950600      3.84350675   -785.86530975     -9.04337209   -794.90868184      1.21893459      3.03058223      3.80984275      0.20315577 md_running
  1492    746.00000000    436.44992383      3.03295773  22653.00693301    300.00000000      0.99950613      3.76623922   -785.92121544     -9.04943739   -794.97065284      1.09290852      2.98370058      3.69334788      0.18215142 md_running
  1493    746.50000000    436.68365301      3.01415628  23371.29995728    300.00000000      0.99950621      3.88566104   -785.96711607     -9.05550270   -795.02261877      1.27636293      3.00432432      3.76768519      0.21272716 md_running
  1494    747.00000000    436.92096211      2.89079999  26549.85341263    300.00000000      0.99950571      4.41412037   -786.15304286     -9.06156802   -795.21461088      0.94248140      3.13462304      3.68017222      0.15708023 md_running
  1495    747.50000000    437.16673732      2.72535457  30254.45602282    300.00000000      0.99950490      5.03003947   -786.27634237     -9.06763334   -795.34397571      0.66739728      3.32713901      3.71675536      0.11123288 md_running
  1496    748.00000000    437.40611554      2.60096142  32311.31775751    300.00000000      0.99950441      5.37200878   -786.19576230     -9.07369865   -795.26946096      0.99094568      3.48859414      4.01301698      0.16515761 md_running
  1497    748.50000000    437.64349173      2.51702452  33706.63946142    300.00000000      0.99950422      5.60399191   -786.12129765     -9.07976396   -795.20106161      1.18150345      3.60734033      4.26592266      0.19691724 md_running
  1498    749.00000000    437.89179024      2.43574141  35726.33030447    300.00000000      0.99950399      5.93978128   -786.18997502     -9.08582927   -795.27580429      1.05176947      3.73021098      4.32593973      0.17529491 md_running
  1499    749.50000000    438.14467701      2.36150100  37566.59814760    300.00000000      0.99950375      6.24574017   -786.22843868     -9.09189458   -795.32033326      1.08611275      3.85004904      4.45686363      0.18101879 md_running
  1500    750.00000000    438.38081686      2.29441528  39233.74418854    300.00000000      0.99950358      6.52291621   -786.25162300     -9.09795989   -795.34958289      1.05953295      3.96526296      4.57299544      0.17658883 md_running
  1501    750.50000000    438.61728410      2.24754268  40422.51007479    300.00000000      0.99950341      6.72055782   -786.31357205     -9.10402520   -795.41759724      0.85445318      4.05065733      4.55849873      0.14240886 md_running
  1502    751.00000000    438.86308813      2.27046223  39657.86639443    300.00000000      0.99950338      6.59342984   -786.25357752     -9.11009050   -795.36366802      0.96490589      4.01243871      4.61229197      0.16081765 md_running
  1503    751.50000000    439.11087843      2.34666232  37896.96111018    300.00000000      0.99950353      6.30066559   -786.26474198     -9.11615581   -795.38089779      0.89777190      3.88473271      4.43614702      0.14962865 md_running
  1504    752.00000000    439.35314523      2.46521825  35234.72502519    300.00000000      0.99950374      5.85804806   -786.26152720     -9.12222111   -795.38374831      0.82023116      3.70037062      4.19805293      0.13670519 md_running
  1505    752.50000000    439.59969000      2.59360882  31787.80817532    300.00000000      0.99950414      5.28497123   -786.11918135     -9.12828641   -795.24746776      1.01339378      3.51953096      4.12656573      0.16889896 md_running
  1506    753.00000000    439.83252397      2.66706932  29655.86374818    300.00000000      0.99950460      4.93051883   -786.01142633     -9.13435172   -795.14577804      1.11180173      3.42486481      4.11855441      0.18530029 md_running
  1507    753.50000000    440.07683394      2.69086190  29171.25623300    300.00000000      0.99950476      4.84994905   -786.05208750     -9.14041702   -795.19250452      0.86675893      3.39683622      3.98957621      0.14445982 md_running
  1508    754.00000000    440.33025465      2.75487958  27842.99004144    300.00000000      0.99950483      4.62911442   -786.05860135     -9.14648232   -795.20508368      0.85192298      3.32010247      3.89652607      0.14198716 md_running
  1509    754.50000000    440.58488465      2.89929920  24517.53538476    300.00000000      0.99950528      4.07623163   -785.95170521     -9.15254762   -795.10425283      1.04593984      3.15681386      3.83100272      0.17432331 md_running
  1510    755.00000000    440.83569018      3.05705254  20576.05086915    300.00000000      0.99950624      3.42092906   -785.75575974     -9.15861291   -794.91437264      1.31566923      2.99589660      3.84671647      0.21927820 md_running
  1511    755.50000000    441.08219142      3.12586587  18337.37466262    300.00000000      0.99950738      3.04873167   -785.56983812     -9.16467820   -794.73451632      1.57260360      2.93188481      3.96827605      0.26210060 md_running
  1512    756.00000000    441.32948256      3.04782126  19504.78997814    300.00000000      0.99950764      3.24282358   -785.53916828     -9.17074352   -794.70991180      1.59942888      3.00895070      4.08066596      0.26657148 md_running
  1513    756.50000000    441.57994773      2.85127374  23934.41193235    300.00000000      0.99950656      3.97928280   -785.71106913     -9.17680885   -794.88787798      1.35636592      3.21849458      4.12075866      0.22606099 md_running
  1514    757.00000000    441.81159528      2.68416597  28080.60759589    300.00000000      0.99950523      4.66862020   -785.92283804     -9.18287417   -795.10571221      0.99070907      3.42112761      4.08101109      0.16511818 md_running
  1515    757.50000000    442.05652036      2.70288518  27943.15178810    300.00000000      0.99950481      4.64576710   -785.92826294     -9.18893947   -795.11720242      1.03248988      3.39967813      4.06748604      0.17208165 md_running
  1516    758.00000000    442.29568548      2.81676656  25796.72155662    300.00000000      0.99950523      4.28890632   -785.88905511     -9.19500477   -795.08405988      1.13402962      3.26438304      3.97977359      0.18900494 md_running
  1517    758.50000000    442.54430761      2.83032319  26174.40082638    300.00000000      0.99950555      4.35169844   -785.98971458     -9.20107008   -795.19078466      0.99660672      3.25089033      3.87555741      0.16610112 md_running
  1518    759.00000000    442.79266995      2.65888089  30533.71916477    300.00000000      0.99950508      5.07646914   -786.15671520     -9.20713539   -795.36385059      0.87728392      3.46278601      3.99876888      0.14621399 md_running
  1519    759.50000000    443.04200457      2.34322562  37941.65198026    300.00000000      0.99950411      6.30809580   -786.29965928     -9.21320071   -795.51286000      0.80125853      3.93184536      4.42085521      0.13354309 md_running
  1520    760.00000000    443.28701552      2.07414001  44074.61172317    300.00000000      0.99950326      7.32774822   -786.33440613     -9.21926602   -795.55367215      0.94070821      4.44486198      5.01259406      0.15678470 md_running
  1521    760.50000000    443.51953486      2.07554929  44030.86209974    300.00000000      0.99950295      7.32047451   -786.31071348     -9.22533133   -795.53604481      0.91897543      4.44476621      5.02792848      0.15316257 md_running
  1522    761.00000000    443.76287601      2.25050208  39800.76217373    300.00000000      0.99950323      6.61718738   -786.24646788     -9.23139663   -795.47786451      1.11817161      4.10192764      4.75661638      0.18636193 md_running
  1523    761.50000000    444.02726497      2.34257568  37885.75305815    300.00000000      0.99950361      6.29880216   -786.28927465     -9.23746194   -795.52673659      1.08456354      3.94329287      4.55188829      0.18076059 md_running
  1524    762.00000000    444.29317366      2.30888428  38894.11776060    300.00000000      0.99950359      6.46645067   -786.38746056     -9.24352725   -795.63098781      0.71089354      4.00346062      4.42402967      0.11848226 md_running
  1525    762.50000000    444.54456236      2.28773234  38761.37741617    300.00000000      0.99950348      6.44438155   -786.30721754     -9.24959255   -795.55681009      0.82694448      4.04312709      4.53812888      0.13782408 md_running
  1526    763.00000000    444.79692502      2.39273534  35710.37052683    300.00000000      0.99950363      5.93712784   -786.20202374     -9.25565786   -795.45768159      0.92070078      3.86823305      4.42364632      0.15345013 md_running
  1527    763.50000000    445.03274195      2.61867832  30213.78095405    300.00000000      0.99950416      5.02327692   -786.07464211     -9.26172316   -795.33636527      1.02710477      3.53679305      4.16755332      0.17118413 md_running
  1528    764.00000000    445.27713949      2.84836755  24854.86878918    300.00000000      0.99950514      4.13231594   -785.91834016     -9.26778845   -795.18612861      1.26805133      3.25371937      4.02684298      0.21134189 md_running
  1529    764.50000000    445.52942044      2.97818223  22171.78846057    300.00000000      0.99950611      3.68623289   -785.89972543     -9.27385374   -795.17357918      1.19372946      3.11393103      3.82784263      0.19895491 md_running
  1530    765.00000000    445.77087214      3.00697880  21453.21949889    300.00000000      0.99950647      3.56676520   -785.89029575     -9.27991905   -795.17021480      1.09783430      3.08612730      3.76296109      0.18297238 md_running
  1531    765.50000000    446.02593319      2.97278548  21601.90132591    300.00000000      0.99950657      3.59148471   -785.79522350     -9.28598436   -795.08120786      1.31424114      3.12366456      3.95146386      0.21904019 md_running
  1532    766.00000000    446.27827876      2.90349069  23101.47372304    300.00000000      0.99950632      3.84080033   -785.85993373     -9.29204967   -795.15198340      1.15277515      3.20030299      3.95347342      0.19212919 md_running
  1533    766.50000000    446.52881359      2.87167478  24341.85526454    300.00000000      0.99950581      4.04702344   -785.99279325     -9.29811498   -795.29090823      0.91804028      3.23787194      3.84368895      0.15300671 md_running
  1534    767.00000000    446.77138071      2.92859896  23404.27755452    300.00000000      0.99950576      3.89114383   -786.00388424     -9.30418028   -795.30806452      0.90628118      3.17700739      3.76061303      0.15104686 md_running
  1535    767.50000000    447.00832538      3.00744215  21617.94252627    300.00000000      0.99950628      3.59415168   -785.90800752     -9.31024558   -795.21825310      1.22668434      3.09573566      3.83360905      0.20444739 md_running
  1536    768.00000000    447.25918775      2.98647054  22250.94250728    300.00000000      0.99950660      3.69939287   -785.95279835     -9.31631089   -795.26910924      1.09866513      3.11950546      3.78164915      0.18311086 md_running
  1537    768.50000000    447.50860942      2.83168572  25893.04059401    300.00000000      0.99950594      4.30492011   -786.08711559     -9.32237621   -795.40949180      0.90020775      3.29216492      3.83312484      0.15003462 md_running
  1538    769.00000000    447.76103261      2.60887145  30829.27359941    300.00000000      0.99950494      5.12560737   -786.19268764     -9.32844153   -795.52112917      0.85137594      3.57566167      4.08670430      0.14189599 md_running
  1539    769.50000000    447.99974264      2.43601195  34739.60792323    300.00000000      0.99950418      5.77573098   -786.24037589     -9.33450684   -795.57488273      0.98024307      3.83188059      4.40594154      0.16337384 md_running
  1540    770.00000000    448.24555696      2.37505889  36600.16091264    300.00000000      0.99950382      6.08506244   -786.32298470     -9.34057215   -795.66355685      0.87425652      3.93277500      4.43597391      0.14570942 md_running
  1541    770.50000000    448.48654824      2.36275818  37066.51126897    300.00000000      0.99950372      6.16259682   -786.32563105     -9.34663746   -795.67226850      0.91646754      3.95581638      4.47702527      0.15274459 md_running
  1542    771.00000000    448.73812658      2.26471168  39379.71037272    300.00000000      0.99950367      6.54718423   -786.29269299     -9.35270277   -795.64539576      1.17648282      4.12975431      4.78290816      0.19608047 md_running
  1543    771.50000000    448.97225408      2.07271115  44155.82245771    300.00000000      0.99950324      7.34125014   -786.42358568     -9.35876808   -795.78235376      0.77588502      4.51523025      4.96009475      0.12931417 md_running
  1544    772.00000000    449.22298528      2.05792908  43995.24675282    300.00000000      0.99950294      7.31455318   -786.33519116     -9.36483338   -795.70002455      1.04739391      4.55061038      5.13354792      0.17456565 md_running
  1545    772.50000000    449.48799018      2.28764673  38260.54590288    300.00000000      0.99950327      6.36111440   -786.25998185     -9.37089869   -795.63088053      0.83810516      4.09630499      4.61557734      0.13968419 md_running
  1546    773.00000000    449.76195410      2.52864799  32485.15796590    300.00000000      0.99950397      5.40091108   -786.18571741     -9.37696399   -795.56268140      0.79381418      3.70829159      4.21789915      0.13230236 md_running
  1547    773.50000000    450.02361115      2.62036039  30054.20738301    300.00000000      0.99950456      4.99674657   -786.12245537     -9.38302929   -795.50548465      0.83195290      3.58081639      4.12599037      0.13865882 md_running
  1548    774.00000000    450.27620608      2.57267172  30500.88477349    300.00000000      0.99950465      5.07101017   -786.06823675     -9.38909460   -795.45733135      0.91120191      3.64955025      4.25475356      0.15186699 md_running
  1549    774.50000000    450.53470787      2.52262047  30650.96562516    300.00000000      0.99950447      5.09596228   -785.96501528     -9.39515990   -795.36017519      1.04280728      3.72436525      4.42958767      0.17380121 md_running
  1550    775.00000000    450.79338921      2.61006592  27632.59266427    300.00000000      0.99950464      4.59413422   -785.74692760     -9.40122521   -795.14815281      1.43408641      3.60191107      4.55705681      0.23901440 md_running
  1551    775.50000000    451.03904173      2.78501921  23811.09608088    300.00000000      0.99950547      3.95878058   -785.67146978     -9.40729050   -795.07876028      1.49709976      3.37781897      4.35518782      0.24951663 md_running
  1552    776.00000000    451.29549458      2.92341861  22101.38575996    300.00000000      0.99950618      3.67452790   -785.86042672     -9.41335579   -795.27378251      1.08489250      3.21998227      3.90085605      0.18081542 md_running
  1553    776.50000000    451.55226608      2.98731219  21709.50743166    300.00000000      0.99950645      3.60937506   -785.99668189     -9.41942109   -795.41610299      0.89348223      3.15314264      3.72315101      0.14891370 md_running
  1554    777.00000000    451.81279260      2.96510231  22418.78511934    300.00000000      0.99950645      3.72729802   -786.04314652     -9.42548640   -795.46863292      0.91069417      3.17880658      3.75381902      0.15178236 md_running
  1555    777.50000000    452.07138767      2.86859779  24425.26375943    300.00000000      0.99950606      4.06089075   -786.08322767     -9.43155172   -795.51477939      0.94911215      3.28786141      3.87058107      0.15818536 md_running
  1556    778.00000000    452.33477561      2.75012105  26892.29766825    300.00000000      0.99950546      4.47105440   -786.12374539     -9.43761704   -795.56136243      0.97048492      3.43170976      4.01479991      0.16174749 md_running
  1557    778.50000000    452.57845966      2.66948529  28618.10845719    300.00000000      0.99950500      4.75798391   -786.13960009     -9.44368235   -795.58328244      0.99342329      3.53764170      4.13300517      0.16557055 md_running
  1558    779.00000000    452.81875300      2.62885114  29650.90417480    300.00000000      0.99950478      4.92969426   -786.16150594     -9.44974766   -795.61125360      1.00119192      3.59463024      4.18179032      0.16686532 md_running
  1559    779.50000000    453.05284426      2.57478689  31016.39409740    300.00000000      0.99950461      5.15671762   -786.19294571     -9.45581297   -795.64875868      0.98690869      3.67246436      4.24159012      0.16448478 md_running
  1560    780.00000000    453.30142097      2.45709861  33735.47127484    300.00000000      0.99950433      5.60878542   -786.20898923     -9.46187828   -795.67086751      1.05467703      3.85083379      4.47140169      0.17577950 md_running
  1561    780.50000000    453.55546707      2.28626957  37867.21715264    300.00000000      0.99950386      6.29572043   -786.27800732     -9.46794359   -795.74595091      0.99017975      4.14121929      4.73292421      0.16502996 md_running
  1562    781.00000000    453.81003544      2.18419697  40496.87788792    300.00000000      0.99950342      6.73292205   -786.34754339     -9.47400890   -795.82155229      0.85978616      4.33752499      4.86340899      0.14329769 md_running
  1563    781.50000000    454.06810364      2.25050309  38880.88414078    300.00000000      0.99950336      6.46425047   -786.33072720     -9.48007420   -795.81080141      0.81616654      4.21242446      4.73115366      0.13602776 md_running
  1564    782.00000000    454.33190319      2.38693765  35270.11100380    300.00000000      0.99950372      5.86393126   -786.21227078     -9.48613951   -795.69841029      1.11366302      3.97418825      4.63957610      0.18561050 md_running
  1565    782.50000000    454.59204580      2.44011993  33928.31265770    300.00000000      0.99950405      5.64084681   -786.22095034     -9.49220481   -795.71315515      0.90113541      3.89005670      4.45506909      0.15018923 md_running
  1566    783.00000000    454.83219587      2.41819512  34254.44633910    300.00000000      0.99950405      5.69506908   -786.22037361     -9.49827012   -795.71864373      0.88172475      3.92783449      4.47933596      0.14695413 md_running
  1567    783.50000000    455.08419922      2.41248186  33951.24628806    300.00000000      0.99950400      5.64465970   -786.17065342     -9.50433543   -795.67498885      0.98576292      3.93965056      4.55452092      0.16429382 md_running
  1568    784.00000000    455.33887143      2.48593265  32136.09108928    300.00000000      0.99950414      5.34287598   -786.13373752     -9.51040073   -795.64413826      1.08026588      3.82568724      4.48422405      0.18004431 md_running
  1569    784.50000000    455.57959547      2.61030787  29647.29366705    300.00000000      0.99950448      4.92909398   -786.17517336     -9.51646603   -795.69163939      0.82499573      3.64572558      4.16460387      0.13749929 md_running
  1570    785.00000000    455.82901885      2.72420591  27140.62695677    300.00000000      0.99950491      4.51234108   -786.15021260     -9.52253133   -795.67274393      0.84746201      3.49552560      4.00280022      0.14124367 md_running
  1571    785.50000000    456.08580013      2.76610732  25791.73530417    300.00000000      0.99950534      4.28807731   -786.05246389     -9.52859664   -795.58106053      1.12901604      3.44476758      4.10879890      0.18816934 md_running
  1572    786.00000000    456.34030127      2.71511177  26582.81338320    300.00000000      0.99950538      4.41960022   -786.04486337     -9.53466195   -795.57952532      1.06048864      3.51170151      4.16990887      0.17674811 md_running
  1573    786.50000000    456.59141190      2.64560047  28082.61280857    300.00000000      0.99950507      4.66895358   -786.06614578     -9.54072726   -795.60687304      1.21767006      3.60626160      4.30188446      0.20294501 md_running
  1574    787.00000000    456.85754100      2.64427837  28559.85023421    300.00000000      0.99950484      4.74829803   -786.16096147     -9.54679256   -795.70775403      0.85816341      3.61035843      4.12529165      0.14302723 md_running
  1575    787.50000000    457.10577782      2.71898315  27354.38429908    300.00000000      0.99950495      4.54787990   -786.18963743     -9.55285787   -795.74249530      0.80648139      3.51339361      3.99681781      0.13441357 md_running
  1576    788.00000000    457.35686599      2.76358087  26663.59569594    300.00000000      0.99950524      4.43303091   -786.21391619     -9.55892317   -795.77283936      0.83034468      3.45889041      3.94083320      0.13839078 md_running
  1577    788.50000000    457.59582768      2.69376785  28294.88703323    300.00000000      0.99950517      4.70424583   -786.25255027     -9.56498848   -795.81753875      0.93346837      3.55078432      4.06345468      0.15557806 md_running
  1578    789.00000000    457.84651659      2.52372028  32103.38514332    300.00000000      0.99950464      5.33743836   -786.31456027     -9.57105380   -795.88561407      0.97836178      3.79243848      4.30719618      0.16306030 md_running
  1579    789.50000000    458.10365535      2.40025003  34447.63586646    300.00000000      0.99950403      5.72718834   -786.31517669     -9.57711911   -795.89229580      0.78116827      3.99005064      4.45566582      0.13019471 md_running
  1580    790.00000000    458.35718143      2.46231013  32000.58363227    300.00000000      0.99950405      5.32034681   -786.06321949     -9.58318441   -795.64640390      1.42975785      3.89194861      4.72435753      0.23829297 md_running
  1581    790.50000000    458.61847969      2.57655761  29150.76793568    300.00000000      0.99950458      4.84654271   -786.01174946     -9.58924971   -795.60099917      1.17436281      3.72172925      4.45870165      0.19572713 md_running
  1582    791.00000000    458.87541314      2.61169338  28518.35804063    300.00000000      0.99950487      4.74139962   -786.02231805     -9.59531502   -795.61763306      1.12388726      3.67398227      4.37345392      0.18731454 md_running
  1583    791.50000000    459.12926106      2.53100991  30411.26448538    300.00000000      0.99950479      5.05611010   -786.06188252     -9.60138033   -795.66326285      1.05124825      3.79349776      4.45884714      0.17520804 md_running
  1584    792.00000000    459.38309935      2.40392491  33394.93174519    300.00000000      0.99950432      5.55216807   -786.12170374     -9.60744564   -795.72914938      0.98198981      3.99656648      4.62415662      0.16366497 md_running
  1585    792.50000000    459.64634160      2.36933135  34201.18614984    300.00000000      0.99950399      5.68621416   -786.14064914     -9.61351095   -795.75416009      0.97946414      4.05747850      4.68014104      0.16324402 md_running
  1586    793.00000000    459.90715163      2.46246467  32006.05742174    300.00000000      0.99950412      5.32125687   -786.09863509     -9.61957625   -795.71821134      1.01403652      3.90648298      4.55603078      0.16900609 md_running
  1587    793.50000000    460.17131735      2.54968243  29877.88569833    300.00000000      0.99950454      4.96743171   -786.04324291     -9.62564155   -795.66888446      1.09898260      3.77523159      4.47464295      0.18316377 md_running
  1588    794.00000000    460.43549334      2.50714058  30853.80917588    300.00000000      0.99950467      5.12968661   -786.05378650     -9.63170686   -795.68549337      1.12746503      3.84170997      4.56188377      0.18791084 md_running
  1589    794.50000000    460.69343140      2.34464991  34892.60502433    300.00000000      0.99950425      5.80116794   -786.13497562     -9.63777217   -795.77274780      1.03234243      4.11053787      4.79477023      0.17205707 md_running
  1590    795.00000000    460.94108880      2.22011599  38445.78747536    300.00000000      0.99950367      6.39191226   -786.30294081     -9.64383748   -795.94677829      0.80729853      4.34384401      4.87302013      0.13454976 md_running
  1591    795.50000000    461.18005180      2.31787929  36846.62942800    300.00000000      0.99950352      6.12603975   -786.40370558     -9.64990279   -796.05360837      0.64345335      4.16324650      4.56700373      0.10724222 md_running
  1592    796.00000000    461.43598591      2.52966443  31969.35821697    300.00000000      0.99950403      5.31515534   -786.34602990     -9.65596809   -796.00199799      0.70459712      3.81709450      4.24613664      0.11743285 md_running
  1593    796.50000000    461.69202721      2.62137724  29614.39640523    300.00000000      0.99950465      4.92362456   -786.28172328     -9.66203339   -795.94375666      0.79008240      3.68586154      4.15856367      0.13168040 md_running
  1594    797.00000000    461.94562973      2.52088597  31632.83318442    300.00000000      0.99950466      5.25920543   -786.27847426     -9.66809870   -795.94657296      0.82156153      3.83519879      4.32642466      0.13692692 md_running
  1595    797.50000000    462.19822240      2.34442450  35220.26227454    300.00000000      0.99950411      5.85564352   -786.27647210     -9.67416401   -795.95063612      0.86092806      4.12645579      4.65335958      0.14348801 md_running
  1596    798.00000000    462.45517743      2.33395269  34820.36185307    300.00000000      0.99950378      5.78915695   -786.18642793     -9.68022932   -795.86665725      1.02430176      4.14756881      4.79196740      0.17071696 md_running
  1597    798.50000000    462.71257272      2.53882915  29919.33391118    300.00000000      0.99950421      4.97432280   -786.09574704     -9.68629462   -795.78204166      1.13209075      3.81526057      4.52325235      0.18868179 md_running
  1598    799.00000000    462.97020599      2.75453800  25211.73027742    300.00000000      0.99950512      4.19164695   -786.07168954     -9.69235992   -795.76404946      1.07543442      3.51868811      4.17924501      0.17923907 md_running
  1599    799.50000000    463.22373726      2.83494414  23416.28651029    300.00000000      0.99950590      3.89314041   -786.04845897     -9.69842522   -795.74688419      1.05563206      3.42102877      4.07070360      0.17593868 md_running
  1600    800.00000000    463.48275448      2.75645353  24752.35114013    300.00000000      0.99950592      4.11527158   -786.02166621     -9.70449053   -795.72615673      1.24067826      3.52064369      4.26063709      0.20677971 md_running
  1601    800.50000000    463.73946424      2.60099521  27959.25979648    300.00000000      0.99950531      4.64844518   -786.03413577     -9.71055584   -795.74469161      1.31226031      3.73340018      4.52049628      0.21871005 md_running
  1602    801.00000000    463.99201469      2.51019459  30179.32807441    300.00000000      0.99950467      5.01754886   -786.10793494     -9.71662115   -795.82455610      0.93187293      3.87086375      4.47954649      0.15531215 md_running
  1603    801.50000000    464.24557762      2.55439431  29371.79086023    300.00000000      0.99950458      4.88328949   -786.10226490     -9.72268646   -795.82495136      0.85937027      3.80625910      4.38123488      0.14322838 md_running
  1604    802.00000000    464.50016257      2.62511445  28014.02407182    300.00000000      0.99950489      4.65755017   -786.10876770     -9.72875176   -795.83751947      0.87175194      3.70602961      4.27269711      0.14529199 md_running
  1605    802.50000000    464.76316456      2.60605849  28821.27693365    300.00000000      0.99950499      4.79176226   -786.18538883     -9.73481707   -795.92020590      0.82002336      3.73545615      4.24328989      0.13667056 md_running
  1606    803.00000000    465.02119120      2.49707448  31409.85067648    300.00000000      0.99950463      5.22213285   -786.24118868     -9.74088238   -795.98207106      0.86169527      3.90091787      4.38577433      0.14361588 md_running
  1607    803.50000000    465.26087038      2.38070173  33877.71496024    300.00000000      0.99950420      5.63243455   -786.21842919     -9.74694769   -795.96537688      0.99917252      4.09414906      4.67852537      0.16652875 md_running
  1608    804.00000000    465.48992188      2.31836336  35247.52011966    300.00000000      0.99950393      5.86017535   -786.18429762     -9.75301300   -795.93731062      1.44815192      4.20685266      5.00979223      0.24135865 md_running
  1609    804.50000000    465.73863353      2.28349063  36815.26350028    300.00000000      0.99950380      6.12082492   -786.32331569     -9.75907831   -796.08239400      0.99597701      4.27375451      4.82544631      0.16599617 md_running
  1610    805.00000000    465.99981101      2.25283492  38128.73443317    300.00000000      0.99950362      6.33919971   -786.42178534     -9.76514362   -796.18692895      0.61727077      4.33460240      4.70385305      0.10287846 md_running
  1611    805.50000000    466.26048961      2.24194287  38026.79810406    300.00000000      0.99950356      6.32225200   -786.36527092     -9.77120892   -796.13647984      0.71330194      4.35836663      4.77940176      0.11888366 md_running
  1612    806.00000000    466.50102097      2.27670797  36589.28324052    300.00000000      0.99950364      6.08325394   -786.27223264     -9.77727423   -796.04950687      0.91923122      4.29447886      4.82973328      0.15320520 md_running
  1613    806.50000000    466.74824826      2.37061021  34198.68892975    300.00000000      0.99950386      5.68579897   -786.26191064     -9.78333953   -796.04525018      0.91456083      4.12692883      4.65578283      0.15242681 md_running
  1614    807.00000000    467.01613614      2.49454091  31204.88022051    300.00000000      0.99950421      5.18805491   -786.24470624     -9.78940483   -796.03411107      0.95360342      3.92433128      4.46171577      0.15893390 md_running
  1615    807.50000000    467.28214296      2.57222938  28888.98452071    300.00000000      0.99950466      4.80301917   -786.13054308     -9.79547014   -795.92601322      1.23832165      3.80816358      4.50908670      0.20638694 md_running
  1616    808.00000000    467.53624515      2.54052094  29271.12241031    300.00000000      0.99950486      4.86655258   -786.09752856     -9.80153545   -795.89906400      1.17162096      3.85808100      4.55793502      0.19527016 md_running
  1617    808.50000000    467.79809012      2.45699125  31088.81821531    300.00000000      0.99950455      5.16875869   -786.12764160     -9.80760075   -795.93524235      0.97552852      3.99171175      4.60732571      0.16258809 md_running
  1618    809.00000000    468.05679009      2.46204638  30936.27816753    300.00000000      0.99950435      5.14339772   -786.13839583     -9.81366606   -795.95206189      0.86512635      3.98597940      4.56150303      0.14418772 md_running
  1619    809.50000000    468.30768134      2.60039754  27848.07363073    300.00000000      0.99950464      4.62995961   -786.11858268     -9.81973136   -795.93831404      0.80421459      3.77624241      4.32279666      0.13403577 md_running
  1620    810.00000000    468.56940801      2.75511031  24258.61663313    300.00000000      0.99950541      4.03318437   -786.04300631     -9.82579666   -795.86880297      0.87423617      3.56638964      4.15701869      0.14570603 md_running
  1621    810.50000000    468.83502068      2.78657956  23494.82889619    300.00000000      0.99950604      3.90619869   -786.02023394     -9.83186196   -795.85209590      0.89837776      3.52829050      4.14165771      0.14972963 md_running
  1622    811.00000000    469.09990377      2.66146202  26408.50790605    300.00000000      0.99950573      4.39062057   -786.09188353     -9.83792728   -795.92981081      0.85893665      3.69643729      4.28411316      0.14315611 md_running
  1623    811.50000000    469.36104255      2.48063046  30452.45020246    300.00000000      0.99950485      5.06295754   -786.14569304     -9.84399259   -795.98968563      0.93710425      3.96834307      4.58587083      0.15618404 md_running
  1624    812.00000000    469.61695713      2.40833768  31803.48046066    300.00000000      0.99950432      5.28757687   -786.09788257     -9.85005790   -795.94794047      1.10519690      4.08998210      4.80902717      0.18419948 md_running
  1625    812.50000000    469.87546824      2.46230978  30456.33322462    300.00000000      0.99950439      5.06360313   -786.04094222     -9.85612321   -795.89706543      1.26675545      4.00279582      4.79635507      0.21112591 md_running
  1626    813.00000000    470.13261474      2.48778454  30285.42672994    300.00000000      0.99950462      5.03518859   -786.09133317     -9.86218851   -795.95352169      1.24941013      3.96424548      4.71391267      0.20823502 md_running
  1627    813.50000000    470.39827557      2.38413266  33265.22730601    300.00000000      0.99950440      5.53060369   -786.20970122     -9.86825382   -796.07795504      0.97545659      4.13913792      4.72139330      0.16257610 md_running
  1628    814.00000000    470.65622060      2.22123655  37159.66039885    300.00000000      0.99950387      6.17808359   -786.22402338     -9.87431913   -796.09834251      1.12799749      4.44541540      5.07952334      0.18799958 md_running
  1629    814.50000000    470.89549266      2.16177749  38503.29050342    300.00000000      0.99950352      6.40147258   -786.21551814     -9.88038444   -796.09590258      1.25449720      4.57049096      5.26516209      0.20908287 md_running
  1630    815.00000000    471.15106052      2.25472942  36425.41249322    300.00000000      0.99950359      6.05600915   -786.22376872     -9.88644975   -796.11021847      1.18613152      4.38476107      5.04026615      0.19768859 md_running
  1631    815.50000000    471.40901769      2.34694127  34326.88010243    300.00000000      0.99950393      5.70711176   -786.23363521     -9.89251505   -796.12615026      1.05723280      4.21506718      4.82342742      0.17620547 md_running
  1632    816.00000000    471.67041920      2.32105521  35052.13967018    300.00000000      0.99950403      5.82769182   -786.26852207     -9.89858036   -796.16710243      0.94659926      4.26468978      4.83565670      0.15776654 md_running
  1633    816.50000000    471.92957622      2.22618853  37295.22005134    300.00000000      0.99950377      6.20062144   -786.30435621     -9.90464567   -796.20900188      0.91269439      4.44914956      4.99344137      0.15211573 md_running
  1634    817.00000000    472.18292409      2.21883382  37060.18315994    300.00000000      0.99950357      6.16154472   -786.25445301     -9.91071097   -796.16516398      1.03369804      4.46663059      5.08994802      0.17228301 md_running
  1635    817.50000000    472.41895182      2.32757203  34081.42735606    300.00000000      0.99950381      5.66630332   -786.15831724     -9.91677628   -796.07509352      1.35236881      4.26056690      5.06117354      0.22539480 md_running
  1636    818.00000000    472.66707266      2.42383492  32178.49910695    300.00000000      0.99950418      5.34992665   -786.25407048     -9.92284158   -796.17691206      1.02591216      4.09386035      4.68264377      0.17098536 md_running
  1637    818.50000000    472.93203768      2.47954653  31220.98996954    300.00000000      0.99950434      5.19073328   -786.33289059     -9.92890689   -796.26179748      0.70436371      4.00432372      4.42282584      0.11739395 md_running
  1638    819.00000000    473.17389093      2.53121245  29662.93251930    300.00000000      0.99950452      4.93169407   -786.27705757     -9.93497219   -796.21202976      0.63561686      3.92498554      4.33973339      0.10593614 md_running
  1639    819.50000000    473.42226810      2.59643639  27503.70087756    300.00000000      0.99950484      4.57270495   -786.15699858     -9.94103750   -796.09803608      0.71833718      3.82872373      4.31832808      0.11972286 md_running
  1640    820.00000000    473.65674125      2.65487229  25775.12291540    300.00000000      0.99950525      4.28531537   -786.08102009     -9.94710280   -796.02812288      0.83322407      3.74673500      4.30209573      0.13887068 md_running
  1641    820.50000000    473.91201477      2.67994052  25249.14957624    300.00000000      0.99950550      4.19786820   -786.09599442     -9.95316810   -796.04916253      0.82851419      3.71395118      4.25851428      0.13808570 md_running
  1642    821.00000000    474.17763128      2.66610952  25594.00481806    300.00000000      0.99950548      4.25520308   -786.11630642     -9.95923341   -796.07553983      0.89794086      3.73549304      4.28703377      0.14965681 md_running
  1643    821.50000000    474.44454579      2.61537177  26436.77148277    300.00000000      0.99950534      4.39531961   -786.06428339     -9.96529872   -796.02958211      1.15012896      3.81028004      4.49131749      0.19168816 md_running
  1644    822.00000000    474.71148962      2.52846242  28519.51045653    300.00000000      0.99950507      4.74159122   -786.09241632     -9.97136403   -796.06378035      1.16409146      3.94364736      4.63971562      0.19401524 md_running
  1645    822.50000000    474.96856586      2.46080752  30705.54369802    300.00000000      0.99950459      5.10503631   -786.24291577     -9.97742934   -796.22034511      0.84565477      4.05453468      4.54402948      0.14094246 md_running
  1646    823.00000000    475.22244086      2.49801481  30186.98436979    300.00000000      0.99950444      5.01882178   -786.28171952     -9.98349465   -796.26521416      0.76102534      3.99657147      4.42944087      0.12683756 md_running
  1647    823.50000000    475.47440033      2.58125579  28156.77595847    300.00000000      0.99950476      4.68128378   -786.22697407     -9.98955995   -796.21653402      0.75976112      3.87003880      4.32054229      0.12662685 md_running
  1648    824.00000000    475.70896769      2.57099563  28121.88478874    300.00000000      0.99950506      4.67548285   -786.15822983     -9.99562526   -796.15385508      0.87493098      3.88784223      4.40895422      0.14582183 md_running
  1649    824.50000000    475.96694184      2.39003376  32568.66564814    300.00000000      0.99950471      5.41479488   -786.19294465    -10.00169057   -796.19463521      0.88239841      4.18474869      4.72674709      0.14706640 md_running
  1650    825.00000000    476.20716211      2.12429413  39725.57323847    300.00000000      0.99950379      6.60468663   -786.35524506    -10.00775588   -796.36300094      0.66851026      4.71109709      5.14356307      0.11141838 md_running
  1651    825.50000000    476.45502372      2.05480980  41787.89443573    300.00000000      0.99950316      6.94756363   -786.42618827    -10.01382119   -796.44000946      0.65012722      4.87335676      5.27700763      0.10835454 md_running
  1652    826.00000000    476.71723523      2.22607348  37356.52876104    300.00000000      0.99950338      6.21081449   -786.34374259    -10.01988649   -796.36362909      0.85056695      4.50114815      5.01650980      0.14176116 md_running
  1653    826.50000000    476.98080266      2.34808750  33990.94007578    300.00000000      0.99950393      5.65125910   -786.28060783    -10.02595180   -796.30655963      1.02512109      4.26983741      4.85137000      0.17085351 md_running
  1654    827.00000000    477.22522996      2.29735869  35253.52279265    300.00000000      0.99950405      5.86117334   -786.32311208    -10.03201710   -796.35512919      0.85742133      4.36676136      4.87236463      0.14290355 md_running
  1655    827.50000000    477.47782133      2.19961816  37568.66179885    300.00000000      0.99950370      6.24608327   -786.36646792    -10.03808241   -796.40455034      0.70136235      4.56355683      5.00382675      0.11689372 md_running
  1656    828.00000000    477.73726385      2.25002043  35992.23793361    300.00000000      0.99950361      5.98399049   -786.29910829    -10.04414772   -796.34325600      0.74167237      4.46402515      4.94241177      0.12361206 md_running
  1657    828.50000000    478.00072787      2.40870798  31857.66439836    300.00000000      0.99950405      5.29658537   -786.22919274    -10.05021302   -796.27940576      0.77816552      4.17244979      4.66680942      0.12969425 md_running
  1658    829.00000000    478.25190189      2.52074124  29130.86718287    300.00000000      0.99950461      4.84323405   -786.22633293    -10.05627832   -796.28261126      0.78068780      3.98941321      4.46301141      0.13011463 md_running
  1659    829.50000000    478.50258250      2.54618875  28338.55672204    300.00000000      0.99950486      4.71150625   -786.22644751    -10.06234363   -796.28879114      0.86850732      3.95192374      4.44704455      0.14475122 md_running
  1660    830.00000000    478.75234127      2.54125432  27874.34033631    300.00000000      0.99950491      4.63432665   -786.13308815    -10.06840893   -796.20149708      1.15299297      3.96198404      4.62631632      0.19216549 md_running
  1661    830.50000000    478.99592480      2.54502744  27465.52449634    300.00000000      0.99950499      4.56635783   -786.09578738    -10.07447424   -796.17026162      1.19799321      3.95849341      4.66396049      0.19966553 md_running
  1662    831.00000000    479.24641791      2.56319049  26892.14311912    300.00000000      0.99950504      4.47102870   -786.07517075    -10.08053955   -796.15571030      1.24845948      3.93280940      4.68108907      0.20807658 md_running
  1663    831.50000000    479.49676370      2.57393884  26505.50027443    300.00000000      0.99950519      4.40674631   -786.02965868    -10.08660485   -796.11626353      1.55672379      3.91874307      4.82278001      0.25945397 md_running
  1664    832.00000000    479.74683998      2.57046221  27129.81382401    300.00000000      0.99950516      4.51054331   -786.15846453    -10.09267016   -796.25113469      1.15228231      3.92640291      4.57847795      0.19204705 md_running
  1665    832.50000000    480.00156390      2.59686257  27026.78676713    300.00000000      0.99950507      4.49341426   -786.23446500    -10.09873547   -796.33320047      0.83065885      3.88882174      4.38289822      0.13844314 md_running
  1666    833.00000000    480.25644910      2.62345559  26521.62212520    300.00000000      0.99950522      4.40942669   -786.22732677    -10.10480077   -796.33212755      0.78446954      3.85171410      4.33139337      0.13074492 md_running
  1667    833.50000000    480.51255147      2.56687549  27934.67691198    300.00000000      0.99950521      4.64435808   -786.23503302    -10.11086608   -796.34589910      0.84129261      3.93897804      4.44071076      0.14021543 md_running
  1668    834.00000000    480.76803445      2.39130788  32360.81258111    300.00000000      0.99950468      5.38023768   -786.29754749    -10.11693139   -796.41447889      0.81901760      4.23071055      4.71682059      0.13650293 md_running
  1669    834.50000000    481.01858444      2.17504952  37488.90967640    300.00000000      0.99950389      6.23282385   -786.28619054    -10.12299671   -796.40918724      0.98154617      4.65414540      5.23795173      0.16359103 md_running
  1670    835.00000000    481.26993003      2.06997067  39418.48790850    300.00000000      0.99950343      6.55363130   -786.12456540    -10.12906201   -796.25362741      1.43842971      4.89333602      5.81489048      0.23973829 md_running
  1671    835.50000000    481.52034439      2.10048808  38924.54491793    300.00000000      0.99950341      6.47150942   -786.16790898    -10.13512732   -796.30303630      1.30006515      4.82512967      5.65319848      0.21667752 md_running
  1672    836.00000000    481.77166175      2.17395504  38091.01630095    300.00000000      0.99950351      6.33292878   -786.35816412    -10.14119262   -796.49935675      0.82255609      4.66485852      5.15952760      0.13709268 md_running
  1673    836.50000000    482.02321951      2.20489964  37709.74583277    300.00000000      0.99950361      6.26953959   -786.41931242    -10.14725793   -796.56657035      0.66543928      4.60214053      4.99774131      0.11090655 md_running
  1674    837.00000000    482.27257839      2.14468966  39004.29174198    300.00000000      0.99950359      6.48476795   -786.37200198    -10.15332324   -796.52532522      0.76438958      4.73416899      5.19037873      0.12739826 md_running
  1675    837.50000000    482.51083085      2.05369888  41005.94906929    300.00000000      0.99950337      6.81755911   -786.35713050    -10.15938855   -796.51651904      0.79370402      4.94687349      5.43037275      0.13228400 md_running
  1676    838.00000000    482.75942322      2.11945651  39164.15797574    300.00000000      0.99950326      6.51134696   -786.37736546    -10.16545385   -796.54281931      0.69123707      4.79625500      5.23406022      0.11520618 md_running
  1677    838.50000000    483.00216040      2.37256541  32572.72340099    300.00000000      0.99950377      5.41546951   -786.31723268    -10.17151915   -796.48875184      0.74281326      4.28713965      4.75063085      0.12380221 md_running
  1678    839.00000000    483.25328799      2.60143604  26500.32690269    300.00000000      0.99950479      4.40588620   -786.20325571    -10.17758445   -796.38084016      0.84757204      3.91229476      4.44471179      0.14126201 md_running
  1679    839.50000000    483.50548265      2.65979995  24543.08475285    300.00000000      0.99950562      4.08047941   -786.10147986    -10.18364975   -796.28512961      1.07642557      3.82872776      4.48301161      0.17940426 md_running
  1680    840.00000000    483.76112583      2.55440550  26947.85836648    300.00000000      0.99950551      4.48029180   -786.14569090    -10.18971507   -796.33540596      1.11434098      3.98907503      4.64281833      0.18572350 md_running
  1681    840.50000000    484.01719535      2.46402214  29328.59165441    300.00000000      0.99950477      4.87610729   -786.26738663    -10.19578038   -796.46316700      0.85128014      4.13786074      4.64082398      0.14188002 md_running
  1682    841.00000000    484.27455097      2.57243678  26747.93795549    300.00000000      0.99950476      4.44705347   -786.21382608    -10.20184568   -796.41567176      0.86999816      3.96582956      4.48648962      0.14499969 md_running
  1683    841.50000000    484.52711280      2.76188780  22073.98823009    300.00000000      0.99950576      3.66997284   -786.09350940    -10.20791097   -796.30142037      0.91049869      3.69599053      4.26154217      0.15174978 md_running
  1684    842.00000000    484.77466699      2.82663582  20446.91705951    300.00000000      0.99950685      3.39945956   -786.04298414    -10.21397628   -796.25696042      0.93454000      3.61347451      4.20030315      0.15575667 md_running
  1685    842.50000000    485.02692313      2.69381875  23679.49580466    300.00000000      0.99950659      3.93690101   -786.11544758    -10.22004159   -796.33548917      0.88351928      3.79388619      4.34741378      0.14725321 md_running
  1686    843.00000000    485.28342855      2.44791433  29818.63957810    300.00000000      0.99950523      4.95758158   -786.24898432    -10.22610691   -796.47509123      0.78099410      4.17747748      4.66551302      0.13016568 md_running
  1687    843.50000000    485.53693369      2.29810664  33476.22043745    300.00000000      0.99950420      5.56568295   -786.27727340    -10.23217222   -796.50944562      0.91114479      4.45243581      4.99972169      0.15185746 md_running
  1688    844.00000000    485.77101186      2.31309947  33258.91278225    300.00000000      0.99950405      5.52955385   -786.22284742    -10.23823753   -796.46108494      1.15485095      4.42619858      5.11027598      0.19247516 md_running
  1689    844.50000000    486.01600833      2.29201847  34410.72729637    300.00000000      0.99950412      5.72105201   -786.31232738    -10.24430283   -796.55663022      1.00458951      4.46955512      5.03738475      0.16743158 md_running
  1690    845.00000000    486.26772753      2.14028331  39030.88707045    300.00000000      0.99950376      6.48918963   -786.44650513    -10.25036814   -796.69687328      0.80515522      4.78925763      5.21232921      0.13419254 md_running
  1691    845.50000000    486.51889432      1.99277498  43073.63356100    300.00000000      0.99950323      7.16132779   -786.48853357    -10.25643345   -796.74496702      0.56038554      5.14680963      5.50268261      0.09339759 md_running
  1692    846.00000000    486.76279149      2.00208638  42730.21735560    300.00000000      0.99950306      7.10423217   -786.43085342    -10.26249876   -796.69335218      0.64085363      5.12590209      5.54086100      0.10680894 md_running
  1693    846.50000000    487.01591994      2.07723542  40793.54557933    300.00000000      0.99950324      6.78224537   -786.44777132    -10.26856407   -796.71633539      0.64346513      4.94338003      5.32867074      0.10724419 md_running
  1694    847.00000000    487.26437933      2.11858228  39689.34578934    300.00000000      0.99950337      6.59866353   -786.50231074    -10.27462937   -796.77694011      0.66455081      4.84976651      5.19510590      0.11075847 md_running
  1695    847.50000000    487.51203797      2.18151295  37253.09606446    300.00000000      0.99950347      6.19361800   -786.41180514    -10.28069468   -796.69249982      0.80674336      4.71264436      5.16643335      0.13445723 md_running
  1696    848.00000000    487.76856755      2.30258925  32981.93403878    300.00000000      0.99950386      5.48350398   -786.18983309    -10.28675998   -796.47659307      1.14870210      4.46747505      5.17698867      0.19145035 md_running
  1697    848.50000000    488.01513171      2.41114980  30099.80277968    300.00000000      0.99950439      5.00432716   -786.19650962    -10.29282528   -796.48933490      1.05294365      4.26884525      4.90568131      0.17549061 md_running
  1698    849.00000000    488.26504339      2.50164190  28282.89702757    300.00000000      0.99950470      4.70225239   -786.27954953    -10.29889059   -796.57844012      0.87083356      4.11685249      4.61935594      0.14513893 md_running
  1699    849.50000000    488.50740914      2.58670203  26229.53900955    300.00000000      0.99950507      4.36086560   -786.26639853    -10.30495589   -796.57135442      0.80183281      3.98382028      4.45773840      0.13363880 md_running
  1700    850.00000000    488.76015624      2.63906424  24667.14205047    300.00000000      0.99950549      4.10110491   -786.20638463    -10.31102119   -796.51740582      0.76294802      3.90707478      4.38690897      0.12715800 md_running
  1701    850.50000000    489.00888062      2.64054461  24217.62346233    300.00000000      0.99950572      4.02636893   -786.14537036    -10.31708650   -796.46245686      0.76851649      3.90718134      4.41710092      0.12808608 md_running
  1702    851.00000000    489.25456426      2.61157044  24570.79698387    300.00000000      0.99950569      4.08508679   -786.10504435    -10.32315181   -796.42819616      0.94550195      3.95285219      4.54553429      0.15758366 md_running
  1703    851.50000000    489.49470668      2.59203989  25171.31149137    300.00000000      0.99950556      4.18492701   -786.13883034    -10.32921712   -796.46804746      1.01699059      3.98497619      4.58774369      0.16949843 md_running
  1704    852.00000000    489.74488457      2.59570609  25460.13700501    300.00000000      0.99950543      4.23294651   -786.20414417    -10.33528242   -796.53942659      0.86573214      3.98168445      4.49665392      0.14428869 md_running
  1705    852.50000000    489.99601385      2.57164493  25940.49912748    300.00000000      0.99950543      4.31281046   -786.16320390    -10.34134773   -796.50455163      1.03751840      4.02129692      4.63558134      0.17291973 md_running
  1706    853.00000000    490.24705468      2.43288170  29365.07610789    300.00000000      0.99950514      4.88217311   -786.14999883    -10.34741304   -796.49741188      1.33364149      4.25315095      5.01778823      0.22227358 md_running
  1707    853.50000000    490.49853138      2.19686490  36144.80850386    300.00000000      0.99950421      6.00935654   -786.35129097    -10.35347836   -796.70476932      0.86554228      4.71284257      5.22862870      0.14425705 md_running
  1708    854.00000000    490.74963842      2.08383568  39571.37359751    300.00000000      0.99950344      6.57904974   -786.44052759    -10.35954366   -796.80007125      0.64974637      4.97138223      5.37666750      0.10829106 md_running
  1709    854.50000000    490.99939490      2.16054353  37589.89562245    300.00000000      0.99950346      6.24961356   -786.37071744    -10.36560897   -796.73632641      0.71757996      4.79768579      5.24615240      0.11959666 md_running
  1710    855.00000000    491.24851723      2.18576972  36857.13272839    300.00000000      0.99950375      6.12778601   -786.32902853    -10.37167428   -796.70070280      0.73261069      4.74509012      5.21384148      0.12210178 md_running
  1711    855.50000000    491.50430253      2.03689566  41117.60333576    300.00000000      0.99950356      6.83612250   -786.38940138    -10.37773958   -796.76714097      0.67595112      5.09488031      5.53118098      0.11265852 md_running
  1712    856.00000000    491.75983891      1.89342863  44951.06441477    300.00000000      0.99950303      7.47346533   -786.44911327    -10.38380489   -796.83291816      0.66148075      5.48412798      5.90653257      0.11024679 md_running
  1713    856.50000000    491.99424463      2.00815473  41518.97132323    300.00000000      0.99950297      6.90285306   -786.36997940    -10.38987020   -796.75984960      0.82391274      5.17383948      5.68982682      0.13731879 md_running
  1714    857.00000000    492.24123641      2.20854356  35587.00214140    300.00000000      0.99950356      5.91661688   -786.25544097    -10.39593550   -796.65137647      1.08061541      4.70714534      5.35006307      0.18010257 md_running
  1715    857.50000000    492.49701676      2.28319794  33768.96973267    300.00000000      0.99950401      5.61435480   -786.36267479    -10.40200081   -796.76467560      0.74357823      4.55589096      4.99049419      0.12392971 md_running
  1716    858.00000000    492.74887691      2.32614957  32657.74173095    300.00000000      0.99950407      5.42960447   -786.40106835    -10.40806611   -796.80913446      0.66443237      4.47437529      4.85952402      0.11073873 md_running
  1717    858.50000000    493.00097935      2.44535715  29351.46599362    300.00000000      0.99950438      4.87991032   -786.33605497    -10.41413141   -796.75018639      0.68160356      4.25873640      4.68285309      0.11360059 md_running
  1718    859.00000000    493.23583498      2.58729244  25606.06178135    300.00000000      0.99950507      4.25720764   -786.26259713    -10.42019672   -796.68279385      0.68142959      4.02745228      4.48261185      0.11357160 md_running
  1719    859.50000000    493.48088468      2.64753067  24043.02685538    300.00000000      0.99950571      3.99734088   -786.23726353    -10.42626202   -796.66352555      0.71390588      3.93810817      4.41814994      0.11898431 md_running
  1720    860.00000000    493.73440642      2.60606197  24985.47813162    300.00000000      0.99950572      4.15403076   -786.27207084    -10.43232733   -796.70439817      0.70798963      4.00310030      4.46510209      0.11799827 md_running
  1721    860.50000000    493.98661226      2.54731428  25922.99613095    300.00000000      0.99950536      4.30990045   -786.22037460    -10.43839264   -796.65876723      0.86503783      4.09780326      4.63904294      0.14417297 md_running
  1722    861.00000000    494.23939725      2.53907759  25578.44041174    300.00000000      0.99950530      4.25261537   -786.11203751    -10.44445794   -796.55649545      1.02907450      4.11348519      4.74897497      0.17151242 md_running
  1723    861.50000000    494.48985427      2.55572774  25294.73691942    300.00000000      0.99950543      4.20544745   -786.12598434    -10.45052325   -796.57650759      1.03550130      4.08905973      4.67300850      0.17258355 md_running
  1724    862.00000000    494.73270143      2.54771644  26015.11235746    300.00000000      0.99950542      4.32521549   -786.20954676    -10.45658856   -796.66613531      0.81626979      4.10429847      4.59229609      0.13604497 md_running
  1725    862.50000000    494.98702168      2.47077994  28266.74488851    300.00000000      0.99950515      4.69956697   -786.26681610    -10.46265387   -796.72946996      0.72308554      4.23455517      4.69094374      0.12051426 md_running
  1726    863.00000000    495.22410601      2.31374675  32376.54489113    300.00000000      0.99950459      5.38285330   -786.29474106    -10.46871918   -796.76346023      0.81085069      4.52457437      5.01317869      0.13514178 md_running
  1727    863.50000000    495.46932841      2.13771830  37041.17478152    300.00000000      0.99950391      6.15838443   -786.32014121    -10.47478449   -796.79492570      0.86243506      4.89998356      5.41672886      0.14373918 md_running
  1728    864.00000000    495.72312103      2.05975818  39137.96931421    300.00000000      0.99950346      6.50699289   -786.30860846    -10.48084980   -796.78945825      1.04988685      5.08838850      5.67785398      0.17498114 md_running
  1729    864.50000000    495.97255838      2.08071965  38808.80477729    300.00000000      0.99950343      6.45226672   -786.31383730    -10.48691510   -796.80075240      1.11788154      5.04004235      5.67663754      0.18631359 md_running
  1730    865.00000000    496.22391170      2.06007924  39783.36143166    300.00000000      0.99950347      6.61429437   -786.34099047    -10.49298041   -796.83397088      1.06049952      5.09348390      5.71223738      0.17674992 md_running
  1731    865.50000000    496.47361833      1.92774944  43821.81792588    300.00000000      0.99950323      7.28571928   -786.42587872    -10.49904572   -796.92492444      0.93988317      5.44627092      5.96012871      0.15664720 md_running
  1732    866.00000000    496.72629594      1.87103109  45319.87543337    300.00000000      0.99950287      7.53478304   -786.48056375    -10.50511102   -796.98567478      0.79419271      5.61461062      6.04212035      0.13236545 md_running
  1733    866.50000000    496.98191758      2.06814354  39649.97067938    300.00000000      0.99950305      6.59211711   -786.42631296    -10.51117633   -796.93748929      0.76480313      5.08242110      5.50696713      0.12746719 md_running
  1734    867.00000000    497.23469269      2.31396356  32290.46491533    300.00000000      0.99950385      5.36854184   -786.29762802    -10.51724163   -796.81486965      0.87510670      4.54511983      5.04726970      0.14585112 md_running
  1735    867.50000000    497.48830543      2.39904572  29395.32758675    300.00000000      0.99950460      4.88720266   -786.19790969    -10.52330693   -796.72121663      0.94532511      4.38645539      4.96452910      0.15755418 md_running
  1736    868.00000000    497.73979865      2.32977363  30835.10718768    300.00000000      0.99950463      5.12657725   -786.19898729    -10.52937224   -796.72835953      0.92815405      4.51948300      5.11226701      0.15469234 md_running
  1737    868.50000000    497.98900586      2.29240684  31656.83373695    300.00000000      0.99950426      5.26319571   -786.24286670    -10.53543755   -796.77830425      0.87575336      4.59579749      5.15856901      0.14595889 md_running
  1738    869.00000000    498.24219844      2.43878311  27766.13298523    300.00000000      0.99950447      4.61633634   -786.17732999    -10.54150285   -796.71883285      1.00440786      4.32244380      4.95127633      0.16740131 md_running
  1739    869.50000000    498.49171409      2.63768631  22454.53284618    300.00000000      0.99950558      3.73324136   -786.04670989    -10.54756815   -796.59427804      1.16449332      3.99879556      4.72628431      0.19408222 md_running
  1740    870.00000000    498.74057850      2.70430144  20778.74167204    300.00000000      0.99950667      3.45462799   -786.03218783    -10.55363345   -796.58582129      1.08918119      3.90253596      4.58863413      0.18153020 md_running
  1741    870.50000000    498.99408193      2.60951598  23220.50545427    300.00000000      0.99950646      3.86059028   -786.09675253    -10.55969877   -796.65645130      1.03652402      4.04661208      4.68350258      0.17275400 md_running
  1742    871.00000000    499.24644651      2.44654730  27346.20968590    300.00000000      0.99950546      4.54652081   -786.15603693    -10.56576408   -796.72180101      1.07170192      4.31864292      4.95787052      0.17861699 md_running
  1743    871.50000000    499.50334247      2.33884109  30295.19623340    300.00000000      0.99950469      5.03681284   -786.19600399    -10.57182939   -796.76783338      1.06881648      4.52011447      5.15569586      0.17813608 md_running
  1744    872.00000000    499.75388117      2.30036792  31744.81560308    300.00000000      0.99950439      5.27782338   -786.23757663    -10.57789470   -796.81547132      0.98884503      4.59834909      5.19653540      0.16480750 md_running
  1745    872.50000000    500.00437426      2.23384508  33912.83714265    300.00000000      0.99950420      5.63827388   -786.29548245    -10.58396000   -796.87944245      0.89707863      4.73800093      5.28795109      0.14951311 md_running
  1746    873.00000000    500.25528112      2.10011387  37565.96946102    300.00000000      0.99950381      6.24563564   -786.28827484    -10.59002531   -796.87830015      0.98990799      5.04259579      5.66044077      0.16498467 md_running
  1747    873.50000000    500.50543297      1.95509577  41844.40613312    300.00000000      0.99950337      6.95695914   -786.30879602    -10.59609062   -796.90488664      1.05414914      5.41972973      6.07020759      0.17569152 md_running
  1748    874.00000000    500.75750889      1.88838903  44534.13268216    300.00000000      0.99950302      7.40414717   -786.42923366    -10.60215593   -797.03138959      0.80563648      5.61439184      6.08559290      0.13427275 md_running
  1749    874.50000000    501.00694337      1.90359470  44445.50812579    300.00000000      0.99950295      7.38941265   -786.47533978    -10.60822124   -797.08356101      0.66513524      5.57273104      5.96092813      0.11085587 md_running
  1750    875.00000000    501.25652819      1.94519072  42764.21744377    300.00000000      0.99950303      7.10988495   -786.43425974    -10.61428654   -797.04854629      0.74459795      5.45668169      5.88434360      0.12409966 md_running
  1751    875.50000000    501.50707356      2.03879213  38957.80927857    300.00000000      0.99950322      6.47703988   -786.29026293    -10.62035185   -796.91061478      1.10601825      5.20913914      5.84222219      0.18433638 md_running
  1752    876.00000000    501.76136412      2.16463307  35081.65255258    300.00000000      0.99950368      5.83259857   -786.19724348    -10.62641715   -796.82366063      1.55141875      4.90910786      5.75301183      0.25856979 md_running
  1753    876.50000000    502.01229681      2.26498503  32957.88733506    300.00000000      0.99950395      5.47950602   -786.37801355    -10.63248246   -797.01049601      0.76047130      4.69428379      5.10327665      0.12674522 md_running
  1754    877.00000000    502.26853403      2.36908683  29514.49813711    300.00000000      0.99950434      4.90701569   -786.22764048    -10.63854776   -796.86618824      1.05117104      4.49056898      5.08985876      0.17519517 md_running
  1755    877.50000000    502.52284054      2.42208694  27532.77922464    300.00000000      0.99950489      4.57753945   -786.13045398    -10.64461307   -796.77506705      1.20803037      4.39481052      5.11356172      0.20133840 md_running
  1756    878.00000000    502.77475910      2.46347473  26825.97401193    300.00000000      0.99950498      4.46002757   -786.24997762    -10.65067837   -796.90065599      0.81556706      4.32343727      4.81486734      0.13592784 md_running
  1757    878.50000000    503.02898052      2.58470470  24051.75961190    300.00000000      0.99950532      3.99879277   -786.25629593    -10.65674367   -796.91303961      0.74126400      4.12300245      4.57715220      0.12354400 md_running
  1758    879.00000000    503.27954877      2.70575646  21041.80238190    300.00000000      0.99950623      3.49836389   -786.19885419    -10.66280897   -796.86166316      0.80734057      3.94078673      4.43389012      0.13455676 md_running
  1759    879.50000000    503.52568878      2.69103706  21205.20348130    300.00000000      0.99950680      3.52553060   -786.16445332    -10.66887428   -796.83332760      0.85858628      3.96459589      4.49483722      0.14309771 md_running
  1760    880.00000000    503.76940453      2.49633469  25651.67239475    300.00000000      0.99950608      4.26479076   -786.12725031    -10.67493960   -796.80218990      1.11627643      4.27624539      4.95443773      0.18604607 md_running
  1761    880.50000000    504.00317914      2.22254280  32683.74861316    300.00000000      0.99950469      5.43392832   -786.19948605    -10.68100491   -796.88049096      1.14781751      4.80575895      5.50624576      0.19130292 md_running
  1762    881.00000000    504.25126539      2.16165314  34770.05420942    300.00000000      0.99950378      5.78079291   -786.29099768    -10.68707022   -796.97806790      0.93639659      4.94393391      5.52000559      0.15606610 md_running
  1763    881.50000000    504.49202636      2.32145203  30805.74156333    300.00000000      0.99950411      5.12169499   -786.23461495    -10.69313552   -796.92775047      1.01143447      4.60622724      5.21745178      0.16857241 md_running
  1764    882.00000000    504.73415029      2.33216161  30764.00573147    300.00000000      0.99950469      5.11475608   -786.21855316    -10.69920083   -796.91775399      1.11599542      4.58767560      5.24191467      0.18599924 md_running
  1765    882.50000000    504.98374388      2.02864398  40145.47793397    300.00000000      0.99950404      6.67449906   -786.37336634    -10.70526614   -797.07863248      0.80756202      5.27705514      5.77087897      0.13459367 md_running
  1766    883.00000000    505.23240421      1.68062787  50061.84194883    300.00000000      0.99950283      8.32317198   -786.46949088    -10.71133145   -797.18082233      0.73522796      6.37341058      6.83127706      0.12253799 md_running
  1767    883.50000000    505.46777354      1.83036880  46542.14243027    300.00000000      0.99950250      7.73799446   -786.43269157    -10.71739676   -797.15008832      0.75573302      5.85532095      6.32553772      0.12595550 md_running
  1768    884.00000000    505.71626916      2.09866771  38369.75555037    300.00000000      0.99950327      6.37927136   -786.39481459    -10.72346206   -797.11827665      0.76931338      5.10965221      5.57570596      0.12821890 md_running
  1769    884.50000000    505.95111309      2.07497791  38654.61327985    300.00000000      0.99950365      6.42663118   -786.39574806    -10.72952737   -797.12527543      0.84520996      5.17091164      5.67346303      0.14086833 md_running
  1770    885.00000000    506.19774972      1.92121895  41707.72367107    300.00000000      0.99950327      6.93423461   -786.29447609    -10.73559267   -797.03006876      1.14805378      5.58790693      6.31204187      0.19134230 md_running
  1771    885.50000000    506.44722067      2.03923841  37481.66063883    300.00000000      0.99950319      6.23161865   -786.10914471    -10.74165798   -796.85080269      1.49210060      5.26748513      6.21763869      0.24868343 md_running
  1772    886.00000000    506.69521999      2.33845600  29013.18130251    300.00000000      0.99950414      4.82366785   -786.03100964    -10.74772328   -796.77873292      1.47042292      4.59607680      5.50311019      0.24507049 md_running
  1773    886.50000000    506.94559771      2.49453297  25117.85357230    300.00000000      0.99950530      4.17603921   -786.07711610    -10.75378858   -796.83090468      1.26059540      4.31094269      5.07038680      0.21009923 md_running
  1774    887.00000000    507.18597019      2.45953442  26212.25787482    300.00000000      0.99950549      4.35799247   -786.16378475    -10.75985389   -796.92363864      1.04054100      4.37475235      4.99814726      0.17342350 md_running
  1775    887.50000000    507.42514987      2.38191753  27982.73682874    300.00000000      0.99950498      4.65234842   -786.18406038    -10.76591920   -796.94997958      0.97277320      4.51985392      5.11228363      0.16212887 md_running
  1776    888.00000000    507.65701201      2.41541391  26965.66754194    300.00000000      0.99950487      4.48325271   -786.12224525    -10.77198450   -796.89422975      1.17505894      4.45968476      5.16370207      0.19584316 md_running
  1777    888.50000000    507.90217536      2.49553574  25347.71848909    300.00000000      0.99950528      4.21425605   -786.18542904    -10.77804981   -796.96347885      1.06184271      4.31893230      4.93043930      0.17697379 md_running
  1778    889.00000000    508.15476117      2.49754321  25485.05923561    300.00000000      0.99950548      4.23709002   -786.20113052    -10.78411511   -796.98524563      1.07251847      4.31788934      4.91322727      0.17875308 md_running
  1779    889.50000000    508.40534676      2.36785637  28690.59566382    300.00000000      0.99950519      4.77003547   -786.18101536    -10.79018043   -796.97119578      1.13382109      4.55694046      5.20015852      0.18897018 md_running
  1780    890.00000000    508.66138989      2.19491860  33451.46472692    300.00000000      0.99950434      5.56156712   -786.26424809    -10.79624574   -797.06049382      0.94829364      4.91874540      5.46165516      0.15804894 md_running
  1781    890.50000000    508.91470789      2.16755223  34779.44721794    300.00000000      0.99950385      5.78235457   -786.33887181    -10.80231104   -797.14118285      0.77221513      4.98364513      5.42972646      0.12870252 md_running
  1782    891.00000000    509.16556173      2.22266181  33956.57067746    300.00000000      0.99950397      5.64554492   -786.38715163    -10.80837635   -797.19552798      0.73203277      4.86280745      5.26907820      0.12200546 md_running
  1783    891.50000000    509.41901513      2.13474670  36889.63583006    300.00000000      0.99950396      6.13318990   -786.44516038    -10.81444166   -797.25960204      0.71096745      5.06591330      5.43945435      0.11849458 md_running
  1784    892.00000000    509.66883838      1.88345226  44130.74781143    300.00000000      0.99950335      7.33708129   -786.44857193    -10.82050697   -797.26907890      0.85564101      5.74503917      6.20220070      0.14260683 md_running
  1785    892.50000000    509.91896190      1.79389865  46336.26016935    300.00000000      0.99950274      7.70376493   -786.48837266    -10.82657227   -797.31494493      0.67433980      6.03521961      6.44304419      0.11238997 md_running
  1786    893.00000000    510.15359127      2.04742418  38988.83492489    300.00000000      0.99950303      6.48219813   -786.38656659    -10.83263758   -797.21920417      0.81716069      5.29086142      5.77485297      0.13619345 md_running
  1787    893.50000000    510.39723316      2.21599455  33641.35062679    300.00000000      0.99950390      5.59313713   -786.31049520    -10.83870288   -797.14919808      0.89973931      4.89112346      5.40922033      0.14995655 md_running
  1788    894.00000000    510.64454701      2.13332240  35720.25658643    300.00000000      0.99950403      5.93877147   -786.33551850    -10.84476819   -797.18028669      0.78988722      5.08351117      5.57001000      0.13164787 md_running
  1789    894.50000000    510.88551039      2.02232978  38073.12914148    300.00000000      0.99950354      6.32995490   -786.31927456    -10.85083350   -797.17010806      0.82613277      5.36551141      5.89801675      0.13768880 md_running
  1790    895.00000000    511.13669569      2.18532050  33016.24965179    300.00000000      0.99950361      5.48920921   -786.18886055    -10.85689880   -797.04575935      1.09627510      4.96810370      5.64967246      0.18271252 md_running
  1791    895.50000000    511.38779191      2.45640222  25078.32369821    300.00000000      0.99950478      4.16946706   -786.02141899    -10.86296410   -796.88438309      1.30015125      4.42230678      5.24130607      0.21669187 md_running
  1792    896.00000000    511.63729854      2.54857403  22461.70820097    300.00000000      0.99950608      3.73443431   -785.98846950    -10.86902940   -796.85749890      1.24231373      4.26474938      5.05516609      0.20705229 md_running
  1793    896.50000000    511.87626571      2.42538805  25773.80366240    300.00000000      0.99950586      4.28509604   -786.05718185    -10.87509472   -796.93227656      1.13741383      4.48385766      5.22249975      0.18956897 md_running
  1794    897.00000000    512.11471564      2.25305707  30557.97273957    300.00000000      0.99950476      5.08050149   -786.16498030    -10.88116003   -797.04614033      1.01674560      4.82950931      5.49621576      0.16945760 md_running
  1795    897.50000000    512.33960282      2.25355614  31184.42544663    300.00000000      0.99950422      5.18465414   -786.24692817    -10.88722533   -797.13415351      0.88593211      4.83113120      5.40110146      0.14765535 md_running
  1796    898.00000000    512.56231870      2.35936159  28953.18420461    300.00000000      0.99950455      4.81369287   -786.28976392    -10.89329064   -797.18305455      0.79311762      4.61705013      5.10619905      0.13218627 md_running
  1797    898.50000000    512.80688286      2.34139725  29705.86149465    300.00000000      0.99950482      4.93883134   -786.31875841    -10.89935595   -797.21811436      0.77408967      4.65506484      5.12183242      0.12901495 md_running
  1798    899.00000000    513.05585641      2.15015403  35084.87054259    300.00000000      0.99950430      5.83313358   -786.36608000    -10.90542126   -797.27150126      0.81211356      5.07192560      5.55962489      0.13535226 md_running
  1799    899.50000000    513.30604553      1.99052542  39709.50860232    300.00000000      0.99950349      6.60201576   -786.45081311    -10.91148657   -797.36229968      0.75254071      5.48171176      5.92522246      0.12542345 md_running
  1800    900.00000000    513.55806851      2.05011570  38625.27991740    300.00000000      0.99950332      6.42175428   -786.46735608    -10.91755187   -797.38490795      0.76761455      5.32533450      5.75704120      0.12793576 md_running
  1801    900.50000000    513.81106786      2.09000641  37545.69710004    300.00000000      0.99950361      6.24226521   -786.44503465    -10.92361718   -797.36865182      0.81228276      5.22659506      5.68027575      0.13538046 md_running
  1802    901.00000000    514.07491153      1.94568475  41186.25511530    300.00000000      0.99950346      6.84753639   -786.38111683    -10.92968249   -797.31079931      0.95513397      5.61739641      6.17498210      0.15918900 md_running
  1803    901.50000000    514.32504906      1.87297671  42117.52272709    300.00000000      0.99950302      7.00236690   -786.28307821    -10.93574779   -797.21882600      1.09828245      5.83869931      6.51018922      0.18304707 md_running
  1804    902.00000000    514.57279801      2.11051280  35223.57534692    300.00000000      0.99950337      5.85619434   -786.20386822    -10.94181310   -797.14568132      1.07374426      5.18443344      5.82160005      0.17895738 md_running
  1805    902.50000000    514.82498005      2.30962030  29455.53156427    300.00000000      0.99950437      4.89721204   -786.16747208    -10.94787840   -797.11535047      1.01416452      4.74012048      5.34276745      0.16902742 md_running
  1806    903.00000000    515.06620838      2.23832312  31096.95891596    300.00000000      0.99950471      5.17011215   -786.13616426    -10.95394371   -797.09010797      1.11411246      4.89381700      5.58475733      0.18568541 md_running
  1807    903.50000000    515.31994402      2.02534751  36685.99769666    300.00000000      0.99950395      6.09933347   -786.17491682    -10.96000902   -797.13492584      1.21840122      5.41142150      6.16676473      0.20306687 md_running
  1808    904.00000000    515.57171840      2.10278941  35188.87264161    300.00000000      0.99950345      5.85042474   -786.31216247    -10.96607432   -797.27823679      0.79372131      5.21501311      5.72296207      0.13228689 md_running
  1809    904.50000000    515.82971285      2.43557629  26489.71750667    300.00000000      0.99950442      4.40412230   -786.27491118    -10.97213962   -797.24705080      0.71117315      4.50494602      4.97092558      0.11852886 md_running
  1810    905.00000000    516.07787809      2.56720103  22852.67256781    300.00000000      0.99950597      3.79943519   -786.21077962    -10.97820492   -797.18898455      0.82713205      4.27633245      4.79645567      0.13785534 md_running
  1811    905.50000000    516.34245540      2.35937521  28496.66423713    300.00000000      0.99950570      4.73779286   -786.28235207    -10.98427024   -797.26662231      0.83172733      4.65558436      5.16409033      0.13862122 md_running
  1812    906.00000000    516.60185131      2.03755534  37279.40272676    300.00000000      0.99950405      6.19799169   -786.40956467    -10.99033555   -797.39990022      0.75588310      5.39388324      5.84897036      0.12598052 md_running
  1813    906.50000000    516.86213457      2.10310488  36130.48757830    300.00000000      0.99950336      6.00697558   -786.46495414    -10.99640086   -797.46135499      0.64163810      5.22865073      5.59821830      0.10693968 md_running
  1814    907.00000000    517.13125527      2.40399053  28119.24455622    300.00000000      0.99950429      4.67504389   -786.41887199    -11.00246616   -797.42133815      0.70293222      4.57675108      4.95568073      0.11715537 md_running
  1815    907.50000000    517.39518882      2.46027540  26475.72132749    300.00000000      0.99950538      4.40179533   -786.36601556    -11.00853146   -797.37454702      0.94722863      4.47451190      4.95687368      0.15787144 md_running
  1816    908.00000000    517.65956586      2.16860263  34490.61150209    300.00000000      0.99950472      5.73433338   -786.42855841    -11.01459677   -797.44315519      0.81046797      5.07912176      5.51567466      0.13507799 md_running
  1817    908.50000000    517.91642789      1.87038736  41756.45927511    300.00000000      0.99950333      6.94233729   -786.35592446    -11.02066208   -797.37658655      0.94884937      5.89218165      6.48285753      0.15814156 md_running
  1818    909.00000000    518.15927638      2.02773117  37424.11279021    300.00000000      0.99950315      6.22205087   -786.22717548    -11.02672739   -797.25390287      1.03340691      5.43796316      6.10814617      0.17223449 md_running
  1819    909.50000000    518.40801733      2.26342101  30838.50714448    300.00000000      0.99950411      5.12714252   -786.23885565    -11.03279269   -797.27164834      0.93864950      4.87438823      5.43921404      0.15644158 md_running
  1820    910.00000000    518.65741214      2.23141610  31953.65617986    300.00000000      0.99950456      5.31254475   -786.29822507    -11.03885800   -797.33708307      0.85049346      4.94701909      5.45779481      0.14174891 md_running
  1821    910.50000000    518.90808473      2.00943979  38170.15152948    300.00000000      0.99950388      6.34608563   -786.35116224    -11.04492331   -797.39608555      0.80730983      5.49651868      6.00370771      0.13455164 md_running
  1822    911.00000000    519.15752486      1.96128588  39581.70108986    300.00000000      0.99950324      6.58076676   -786.37996090    -11.05098862   -797.43094952      0.77635189      5.63456289      6.12870065      0.12939198 md_running
  1823    911.50000000    519.40747295      2.15017370  34685.91871538    300.00000000      0.99950358      5.76680473   -786.40048248    -11.05705392   -797.45753641      0.71236753      5.14240033      5.57950643      0.11872792 md_running
  1824    912.00000000    519.65648875      2.23206963  32367.23682964    300.00000000      0.99950418      5.38130577   -786.41183809    -11.06311923   -797.47495732      0.72566313      4.95644003      5.37734748      0.12094386 md_running
  1825    912.50000000    519.92099453      2.11611673  35243.03231701    300.00000000      0.99950408      5.85942921   -786.38545889    -11.06918453   -797.45464342      0.84977604      5.23089507      5.72346743      0.14162934 md_running
  1826    913.00000000    520.19152328      2.03306541  37122.29050442    300.00000000      0.99950357      6.17187056   -786.38752786    -11.07524984   -797.46277770      0.83727030      5.44756200      5.93151831      0.13954505 md_running
  1827    913.50000000    520.45534241      2.19155199  32921.92894455    300.00000000      0.99950373      5.47352766   -786.37259574    -11.08131515   -797.45391088      0.82976402      5.05637796      5.50166112      0.13829400 md_running
  1828    914.00000000    520.69629000      2.34513217  28629.90797999    300.00000000      0.99950455      4.75994567   -786.33679373    -11.08738045   -797.42417418      0.87049215      4.72782756      5.18160017      0.14508203 md_running
  1829    914.50000000    520.92111775      2.28360701  30103.21701258    300.00000000      0.99950483      5.00489480   -786.32707066    -11.09344576   -797.42051642      0.94745590      4.85786116      5.34863455      0.15790932 md_running
  1830    915.00000000    521.16939606      2.11971491  34066.10421375    300.00000000      0.99950416      5.66375573   -786.33361861    -11.09951107   -797.43312968      1.00026686      5.23632260      5.77269514      0.16671114 md_running
  1831    915.50000000    521.40767652      2.17633490  32223.85643294    300.00000000      0.99950384      5.35746766   -786.25491787    -11.10557637   -797.36049424      1.20920983      5.10288026      5.77677942      0.20153497 md_running
  1832    916.00000000    521.63637625      2.38701369  26767.48733822    300.00000000      0.99950463      4.45030370   -786.26081733    -11.11164167   -797.37245901      1.03607857      4.65503898      5.22503245      0.17267976 md_running
  1833    916.50000000    521.88757485      2.43838948  25807.76323730    300.00000000      0.99950546      4.29074208   -786.30854619    -11.11770698   -797.42625317      0.83699141      4.55944679      5.04672345      0.13949857 md_running
  1834    917.00000000    522.13596736      2.23272405  31683.54146594    300.00000000      0.99950493      5.26763608   -786.38945755    -11.12377229   -797.51322984      0.63189521      4.98215278      5.39447620      0.10531587 md_running
  1835    917.50000000    522.37963358      2.00136461  37661.34226721    300.00000000      0.99950375      6.26149212   -786.39540153    -11.12983760   -797.52523913      0.59652387      5.56112442      5.99132495      0.09942064 md_running
  1836    918.00000000    522.62672612      2.09994361  34848.50002373    300.00000000      0.99950348      5.79383514   -786.30777674    -11.13590291   -797.44367965      0.72620757      5.30295332      5.79487998      0.12103459 md_running
  1837    918.50000000    522.87577448      2.28966979  29311.41133075    300.00000000      0.99950434      4.87325092   -786.21115653    -11.14196821   -797.35312474      0.96669558      4.86619002      5.45123841      0.16111593 md_running
  1838    919.00000000    523.12018512      2.19256295  32470.14370645    300.00000000      0.99950472      5.39841484   -786.23887850    -11.14803352   -797.38691202      1.19787763      5.08447595      5.75941975      0.19964627 md_running
  1839    919.50000000    523.36481714      1.82648249  44085.90427692    300.00000000      0.99950356      7.32962570   -786.45838006    -11.15409883   -797.61247889      0.77145230      6.10687422      6.56974441      0.12857538 md_running
  1840    920.00000000    523.61269017      1.78512562  45076.29359344    300.00000000      0.99950262      7.49428565   -786.42991274    -11.16016414   -797.59007688      0.81848952      6.25175282      6.76295163      0.13641492 md_running
  1841    920.50000000    523.85863320      2.09295542  35283.37739598    300.00000000      0.99950334      5.86613690   -786.24150170    -11.16622944   -797.40773114      1.08376353      5.33514921      6.00126116      0.18062725 md_running
  1842    921.00000000    524.09981350      2.14086068  33811.58794356    300.00000000      0.99950417      5.62144041   -786.26944694    -11.17229475   -797.44174168      1.01360304      5.21859964      5.81505845      0.16893384 md_running
  1843    921.50000000    524.34908940      1.92867201  40386.54433903    300.00000000      0.99950365      6.71457823   -786.43671220    -11.17836006   -797.61507225      0.71159613      5.79588442      6.22510429      0.11859935 md_running
  1844    922.00000000    524.59584993      1.93373546  40333.70001162    300.00000000      0.99950303      6.70579245   -786.50956452    -11.18442536   -797.69398988      0.63139984      5.78384460      6.14430083      0.10523331 md_running
  1845    922.50000000    524.84534702      2.25573404  31319.72145021    300.00000000      0.99950372      5.20714816   -786.48448022    -11.19049066   -797.67497089      0.65395360      4.96090875      5.30611454      0.10899227 md_running
  1846    923.00000000    525.08723531      2.45026970  25550.70756699    300.00000000      0.99950505      4.24800457   -786.42170149    -11.19655596   -797.61825746      0.71104420      4.56951987      4.95054312      0.11850737 md_running
  1847    923.50000000    525.32194066      2.37393447  26804.78490860    300.00000000      0.99950545      4.45650472   -786.33053654    -11.20262127   -797.53315781      0.84852129      4.71901035      5.20361536      0.14142021 md_running
  1848    924.00000000    525.56909868      2.18873929  30804.63594748    300.00000000      0.99950466      5.12151117   -786.22361301    -11.20868659   -797.43229960      1.10706416      5.12106979      5.78160984      0.18451069 md_running
  1849    924.50000000    525.81782135      2.21522982  29997.77516970    300.00000000      0.99950419      4.98736427   -786.21817364    -11.21475189   -797.43292553      0.93222987      5.06256815      5.64424379      0.15537165 md_running
  1850    925.00000000    526.05835824      2.42344074  24751.94719733    300.00000000      0.99950496      4.11520442   -786.21108969    -11.22081719   -797.43190689      0.85665327      4.63011829      5.14612722      0.14277554 md_running
  1851    925.50000000    526.30438185      2.47828053  23450.33430558    300.00000000      0.99950600      3.89880112   -786.21283208    -11.22688250   -797.43971457      0.86560314      4.53010968      5.03840962      0.14426719 md_running
  1852    926.00000000    526.55084608      2.25336986  29828.41128727    300.00000000      0.99950541      4.95920620   -786.25824734    -11.23294781   -797.49119515      0.91043329      4.98495523      5.52050624      0.15173888 md_running
  1853    926.50000000    526.78723848      1.94666210  38544.69592951    300.00000000      0.99950385      6.40835656   -786.35353871    -11.23901312   -797.59255183      0.91297080      5.77347920      6.30505133      0.15216180 md_running
  1854    927.00000000    527.04011765      1.99019385  37961.19500754    300.00000000      0.99950322      6.31134498   -786.35925588    -11.24507843   -797.60433431      0.95900266      5.65024280      6.19612863      0.15983378 md_running
  1855    927.50000000    527.28222588      2.13768951  34154.46819707    300.00000000      0.99950385      5.67844693   -786.35649500    -11.25114373   -797.60763873      0.93680645      5.26322637      5.77817723      0.15613441 md_running
  1856    928.00000000    527.52920950      1.96193382  40486.14031432    300.00000000      0.99950383      6.73113684   -786.49551798    -11.25720904   -797.75272702      0.69541740      5.73781283      6.11093369      0.11590290 md_running
  1857    928.50000000    527.77770874      1.63146955  50252.81853617    300.00000000      0.99950280      8.35492333   -786.59503063    -11.26327435   -797.85830498      0.57160505      6.90376006      7.21670522      0.09526751 md_running
  1858    929.00000000    528.02502528      1.82847930  45016.86332085    300.00000000      0.99950245      7.48440491   -786.51447411    -11.26933966   -797.78381376      0.57713116      6.16323065      6.51738696      0.09618853 md_running
  1859    929.50000000    528.27684737      2.17517966  33425.27782906    300.00000000      0.99950360      5.55721334   -786.36852807    -11.27540496   -797.64393303      0.80955699      5.18366606      5.65140704      0.13492617 md_running
  1860    930.00000000    528.51905361      2.15000739  33592.33420374    300.00000000      0.99950431      5.58498777   -786.34614352    -11.28147026   -797.62761379      0.82978046      5.24717746      5.74263634      0.13829674 md_running
  1861    930.50000000    528.76644270      1.93914909  38584.45574106    300.00000000      0.99950363      6.41496694   -786.31199539    -11.28753557   -797.59953096      1.13384427      5.82087042      6.48398020      0.18897404 md_running
  1862    931.00000000    529.00601643      2.09245289  34041.44385492    300.00000000      0.99950336      5.65965575   -786.24934835    -11.29360088   -797.54294923      1.03187149      5.39730236      6.04903052      0.17197858 md_running
  1863    931.50000000    529.24650936      2.46547837  23474.98968159    300.00000000      0.99950482      3.90290027   -786.16062946    -11.29966618   -797.46029563      0.92185362      4.58315369      5.16929604      0.15364227 md_running
  1864    932.00000000    529.49481452      2.59249977  20001.33704731    300.00000000      0.99950682      3.32537841   -786.14083740    -11.30573148   -797.44656887      0.90024404      4.36093834      4.92020465      0.15004067 md_running
  1865    932.50000000    529.73046692      2.40290145  25176.85100540    300.00000000      0.99950639      4.18584800   -786.22560968    -11.31179679   -797.53740647      0.78183576      4.70755755      5.21530235      0.13030596 md_running
  1866    933.00000000    529.96998861      2.15030226  31693.91356743    300.00000000      0.99950461      5.26936052   -786.26255902    -11.31786210   -797.58042113      0.80527782      5.26338198      5.79690621      0.13421297 md_running
  1867    933.50000000    530.21672291      2.20672261  30251.39383796    300.00000000      0.99950406      5.02953035   -786.20663205    -11.32392741   -797.53055946      0.94005257      5.13155908      5.73329379      0.15667543 md_running
  1868    934.00000000    530.46174097      2.37628205  25990.13552276    300.00000000      0.99950495      4.32106290   -786.18929115    -11.32999271   -797.51928387      1.08219311      4.76794949      5.41625913      0.18036552 md_running
  1869    934.50000000    530.71071300      2.27911931  29647.38001001    300.00000000      0.99950522      4.92910834   -786.34355536    -11.33605802   -797.67961338      0.86044001      4.97387655      5.48086539      0.14340667 md_running
  1870    935.00000000    530.96319895      1.91888919  40721.47270129    300.00000000      0.99950391      6.77026269   -786.43339403    -11.34212333   -797.77551737      0.83311987      5.91077556      6.41082786      0.13885331 md_running
  1871    935.50000000    531.21677389      1.73874720  45544.63582165    300.00000000      0.99950280      7.57215121   -786.34470525    -11.34818864   -797.69289389      1.09829182      6.52664669      7.22212913      0.18304864 md_running
  1872    936.00000000    531.47034296      1.89435346  41838.19222420    300.00000000      0.99950294      6.95592603   -786.40480727    -11.35425395   -797.75906122      0.91285538      5.99373571      6.51086917      0.15214256 md_running
  1873    936.50000000    531.71741728      1.91765304  41752.00234144    300.00000000      0.99950327      6.94159629   -786.54182551    -11.36031925   -797.90214476      0.52641885      5.92407440      6.22847805      0.08773648 md_running
  1874    937.00000000    531.96534376      1.78743795  45273.98852671    300.00000000      0.99950298      7.52715398   -786.57127458    -11.36638456   -797.93765914      0.54007350      6.35903730      6.66330024      0.09001225 md_running
  1875    937.50000000    532.21283046      1.89948216  41482.99154298    300.00000000      0.99950283      6.89687114   -786.51554801    -11.37244987   -797.88799787      0.67413716      5.98713172      6.35129813      0.11235619 md_running
  1876    938.00000000    532.46518144      2.18289475  32369.71532772    300.00000000      0.99950367      5.38171784   -786.39899538    -11.37851517   -797.77751055      0.89552245      5.21258078      5.68298096      0.14925374 md_running
  1877    938.50000000    532.70598551      2.26118516  29268.55483885    300.00000000      0.99950461      4.86612570   -786.28501346    -11.38458047   -797.66959393      0.99027937      5.03478474      5.60077701      0.16504656 md_running
  1878    939.00000000    532.95282909      2.12906615  32332.94726108    300.00000000      0.99950443      5.37560486   -786.25345909    -11.39064578   -797.64410488      0.88387416      5.35006665      5.91378552      0.14731236 md_running
  1879    939.50000000    533.20191707      2.12694702  32013.84129245    300.00000000      0.99950391      5.32255100   -786.26814946    -11.39671109   -797.66486055      0.77671685      5.35824872      5.86247439      0.12945281 md_running
  1880    940.00000000    533.44820280      2.39625553  24655.84259986    300.00000000      0.99950466      4.09922628   -786.21090760    -11.40277639   -797.61368399      0.77727695      4.75858118      5.25539800      0.12954616 md_running
  1881    940.50000000    533.70112281      2.57916670  19401.00063423    300.00000000      0.99950658      3.22556779   -786.10838625    -11.40884169   -797.51722794      0.92193209      4.42346043      5.00472343      0.15365535 md_running
  1882    941.00000000    533.95170055      2.44504863  23120.74047468    300.00000000      0.99950702      3.84400357   -786.12702547    -11.41490700   -797.54193247      1.03043725      4.66858080      5.30347356      0.17173954 md_running
  1883    941.50000000    534.20252109      2.07893682  33886.07294907    300.00000000      0.99950484      5.63382413   -786.30043006    -11.42097232   -797.72140238      0.76382685      5.49366014      6.01778418      0.12730447 md_running
  1884    942.00000000    534.45282392      1.97193078  37094.77136232    300.00000000      0.99950340      6.16729528   -786.35034140    -11.42703763   -797.77737902      0.85958912      5.79484723      6.34784364      0.14326485 md_running
  1885    942.50000000    534.69797823      2.20711271  30995.36685117    300.00000000      0.99950390      5.15322167   -786.34092648    -11.43310293   -797.77402940      0.95821264      5.18011742      5.73096823      0.15970211 md_running
  1886    943.00000000    534.94825310      2.24165235  30548.03718673    300.00000000      0.99950469      5.07884963   -786.40713335    -11.43916823   -797.84630158      0.69223640      5.10300729      5.52009199      0.11537273 md_running
  1887    943.50000000    535.19577494      1.90783008  41418.29867884    300.00000000      0.99950396      6.88611545   -786.47842988    -11.44523355   -797.92366342      0.62112764      5.99908435      6.39082453      0.10352127 md_running
  1888    944.00000000    535.44097618      1.61449541  49292.48575002    300.00000000      0.99950263      8.19526051   -786.51249418    -11.45129885   -797.96379303      0.64706676      7.09280359      7.50995339      0.10784446 md_running
  1889    944.50000000    535.68973144      1.87995596  42059.68104585    300.00000000      0.99950267      6.99275027   -786.45741755    -11.45736416   -797.91478171      0.72388477      6.09448542      6.51580400      0.12064746 md_running
  1890    945.00000000    535.93169308      2.07802502  35284.25612019    300.00000000      0.99950366      5.86628299   -786.39602614    -11.46342946   -797.85945560      0.84800513      5.51650216      5.98127234      0.14133419 md_running
  1891    945.50000000    536.17843097      1.91131802  40222.81340017    300.00000000      0.99950370      6.68735669   -786.42372518    -11.46949477   -797.89321995      0.84723405      6.00083015      6.49146492      0.14120568 md_running
  1892    946.00000000    536.41774256      1.78861978  42801.03204396    300.00000000      0.99950291      7.11600566   -786.42972856    -11.47556008   -797.90528864      0.88522651      6.41587451      6.95187638      0.14753775 md_running
  1893    946.50000000    536.65514303      2.09706312  33531.60058103    300.00000000      0.99950333      5.57489033   -786.31462276    -11.48162538   -797.79624814      0.91126405      5.47509767      6.04816740      0.15187734 md_running
  1894    947.00000000    536.89971879      2.34206595  25925.19830068    300.00000000      0.99950481      4.31026658   -786.26038687    -11.48769069   -797.74807756      0.89682036      4.90493906      5.45784236      0.14947006 md_running
  1895    947.50000000    537.14516583      2.29654448  27061.11096197    300.00000000      0.99950537      4.49912092   -786.29590414    -11.49375599   -797.78966013      0.85028399      5.00480445      5.52592210      0.14171400 md_running
  1896    948.00000000    537.38094474      2.14302836  31022.27638797    300.00000000      0.99950456      5.15769559   -786.31779369    -11.49982130   -797.81761499      0.92429798      5.36615454      5.92001037      0.15404966 md_running
  1897    948.50000000    537.61667354      2.18904776  29668.57554146    300.00000000      0.99950418      4.93263226   -786.28307851    -11.50588661   -797.78896511      1.03948946      5.25611494      5.86317885      0.17324824 md_running
  1898    949.00000000    537.86322282      2.34155187  25495.80656761    300.00000000      0.99950495      4.23887685   -786.24422646    -11.51195191   -797.75617837      1.02797729      4.91637711      5.51954327      0.17132955 md_running
  1899    949.50000000    538.11157230      2.31218332  26447.40551640    300.00000000      0.99950546      4.39708760   -786.26358839    -11.51801722   -797.78160560      0.94279269      4.98144640      5.54173969      0.15713212 md_running
  1900    950.00000000    538.36085841      2.08609971  32741.34371488    300.00000000      0.99950461      5.44350396   -786.25297578    -11.52408253   -797.77705831      1.09458533      5.52422422      6.16530432      0.18243089 md_running
  1901    950.50000000    538.60295622      1.94730085  36638.82763609    300.00000000      0.99950364      6.09149108   -786.23540478    -11.53014784   -797.76555262      1.09156471      5.92109221      6.61673135      0.18192745 md_running
  1902    951.00000000    538.84725477      2.03630583  35076.20733105    300.00000000      0.99950361      5.83169326   -786.32836901    -11.53621314   -797.86458215      0.87042471      5.66526551      6.19009826      0.14507078 md_running
  1903    951.50000000    539.09610564      2.04002124  35797.66640595    300.00000000      0.99950389      5.95164146   -786.42395603    -11.54227845   -797.96623448      0.62924729      5.65792073      6.04702265      0.10487455 md_running
  1904    952.00000000    539.34406810      1.81941967  42901.28099465    300.00000000      0.99950344      7.13267283   -786.45137557    -11.54834376   -797.99971932      0.69091732      6.34726774      6.78125169      0.11515289 md_running
  1905    952.50000000    539.57762590      1.72915753  45044.36167621    300.00000000      0.99950272      7.48897672   -786.44945499    -11.55440907   -798.00386405      0.77767050      6.68210322      7.16725240      0.12961175 md_running
  1906    953.00000000    539.82160327      1.95847342  38158.02227979    300.00000000      0.99950310      6.34406905   -786.40223966    -11.56047437   -797.96271403      0.90664490      5.90279870      6.42110319      0.15110748 md_running
  1907    953.50000000    540.07031866      2.03845915  35665.37870348    300.00000000      0.99950377      5.92964760   -786.44582818    -11.56653968   -798.01236786      0.69530952      5.67415819      6.08621140      0.11588492 md_running
  1908    954.00000000    540.30622343      1.89292375  39737.81488203    300.00000000      0.99950355      6.60672190   -786.45836643    -11.57260498   -798.03097141      0.66106139      6.11361391      6.52696919      0.11017690 md_running
  1909    954.50000000    540.55542708      1.90767275  38568.97041812    300.00000000      0.99950311      6.41239238   -786.41569228    -11.57867029   -797.99436257      0.71560188      6.06952650      6.52971109      0.11926698 md_running
  1910    955.00000000    540.79924700      2.18698058  29838.17286363    300.00000000      0.99950387      4.96082914   -786.28656707    -11.58473559   -797.87130267      0.97418775      5.29713696      5.88529611      0.16236463 md_running
  1911    955.50000000    541.04693692      2.31620409  25812.61696985    300.00000000      0.99950513      4.29154905   -786.27837238    -11.59080090   -797.86917327      0.83986296      5.00422265      5.53246385      0.13997716 md_running
  1912    956.00000000    541.29712992      2.19766803  28764.84985897    300.00000000      0.99950507      4.78238081   -786.25075786    -11.59686621   -797.84762406      0.92467207      5.27689629      5.85903306      0.15411201 md_running
  1913    956.50000000    541.53046965      2.05597393  31867.23919299    300.00000000      0.99950425      5.29817726   -786.13274335    -11.60293152   -797.73567487      1.26339388      5.64352075      6.45444879      0.21056565 md_running
  1914    957.00000000    541.76782185      2.13907078  29688.97828680    300.00000000      0.99950413      4.93602438   -786.13142150    -11.60899682   -797.74041832      1.27397343      5.42712142      6.22864456      0.21232890 md_running
  1915    957.50000000    542.01474863      2.27714934  26361.56688107    300.00000000      0.99950487      4.38281626   -786.20920956    -11.61506212   -797.82427168      1.11292420      5.10070288      5.74954860      0.18548737 md_running
  1916    958.00000000    542.26329595      2.21512412  28652.50448410    300.00000000      0.99950514      4.76370252   -786.27112486    -11.62112743   -797.89225229      1.05171775      5.24626471      5.83948899      0.17528629 md_running
  1917    958.50000000    542.51689072      1.96894222  36392.62667917    300.00000000      0.99950416      6.05055825   -786.35776586    -11.62719274   -797.98495860      0.90569046      5.90529912      6.44440103      0.15094841 md_running
  1918    959.00000000    542.76382331      1.86399202  39984.25698724    300.00000000      0.99950323      6.64769482   -786.44462453    -11.63325805   -798.07788258      0.70599540      6.24104498      6.68125015      0.11766590 md_running
  1919    959.50000000    543.00882169      1.98727646  36985.71800106    300.00000000      0.99950337      6.14916431   -786.47330928    -11.63932336   -798.11263263      0.66264282      5.85692209      6.25079201      0.11044047 md_running
  1920    960.00000000    543.25113317      1.96561718  37964.08382083    300.00000000      0.99950369      6.31182526   -786.49957277    -11.64538866   -798.14496143      0.62053122      5.92454562      6.29346230      0.10342187 md_running
  1921    960.50000000    543.49925606      1.75227936  44435.16235430    300.00000000      0.99950318      7.38769258   -786.49553116    -11.65145397   -798.14698513      0.79195140      6.64931305      7.09639229      0.13199190 md_running
  1922    961.00000000    543.74898355      1.77226093  43604.23011552    300.00000000      0.99950270      7.24954361   -786.47998924    -11.65751928   -798.13750852      0.76994896      6.57776689      7.02124913      0.12832483 md_running
  1923    961.50000000    543.99927408      2.02341341  35650.68793224    300.00000000      0.99950334      5.92720514   -786.45469335    -11.66358458   -798.11827793      0.68411168      5.76431122      6.15715299      0.11401861 md_running
  1924    962.00000000    544.25403811      2.07856873  33588.52877143    300.00000000      0.99950404      5.58435508   -786.44184933    -11.66964989   -798.11149922      0.65105291      5.61427186      5.99840055      0.10850882 md_running
  1925    962.50000000    544.52217237      1.95212107  36786.62088697    300.00000000      0.99950377      6.11606286   -786.42899907    -11.67571520   -798.10471427      0.69246806      5.98104053      6.40318195      0.11541134 md_running
  1926    963.00000000    544.77789318      1.99920515  34890.23625168    300.00000000      0.99950345      5.80077411   -786.38731312    -11.68178050   -798.06909362      0.72687581      5.84321249      6.30592339      0.12114597 md_running
  1927    963.50000000    545.05061430      2.24135143  27422.79441721    300.00000000      0.99950427      4.55925362   -786.28992605    -11.68784580   -797.97777185      0.92686991      5.21464225      5.76534298      0.15447832 md_running
  1928    964.00000000    545.30475397      2.32810827  24640.12542394    300.00000000      0.99950545      4.09661318   -786.26233894    -11.69391111   -797.95625005      0.85104881      5.02292412      5.55626921      0.14184147 md_running
  1929    964.50000000    545.54992817      2.18850854  28467.27771763    300.00000000      0.99950521      4.73290712   -786.26688204    -11.69997642   -797.96685846      0.86737537      5.34609586      5.89167947      0.14456256 md_running
  1930    965.00000000    545.78471227      2.05821223  31858.45177654    300.00000000      0.99950424      5.29671628   -786.26117536    -11.70604173   -797.96721709      0.88832497      5.68748043      6.25158302      0.14805416 md_running
  1931    965.50000000    546.02666454      2.15709651  29042.49381561    300.00000000      0.99950419      4.82854129   -786.20596859    -11.71210703   -797.91807562      0.89400257      5.42957026      6.01192139      0.14900043 md_running
  1932    966.00000000    546.29180082      2.25084807  26355.92328988    300.00000000      0.99950502      4.38187797   -786.16319283    -11.71817234   -797.88136517      0.98970033      5.20611434      5.82702608      0.16495005 md_running
  1933    966.50000000    546.54119030      2.10426376  31373.02863791    300.00000000      0.99950490      5.21601089   -786.26356496    -11.72423765   -797.98780261      0.87357317      5.57165783      6.13540660      0.14559553 md_running
  1934    967.00000000    546.79036858      1.83921115  39971.33053736    300.00000000      0.99950365      6.64554570   -786.36566919    -11.73030296   -798.09597215      0.84594283      6.37789901      6.93564953      0.14099047 md_running
  1935    967.50000000    547.03691844      1.80453057  41831.93840102    300.00000000      0.99950298      6.95488628   -786.41204362    -11.73636826   -798.14841188      0.89571531      6.50383456      7.05078995      0.14928588 md_running
  1936    968.00000000    547.28438235      1.88656995  39917.24559261    300.00000000      0.99950321      6.63655365   -786.46730420    -11.74243357   -798.20973777      0.74242790      6.22422379      6.66042760      0.12373798 md_running
  1937    968.50000000    547.53501100      1.80124783  42818.97165139    300.00000000      0.99950323      7.11898826   -786.51272787    -11.74849888   -798.26122675      0.64729041      6.52242223      6.89789235      0.10788174 md_running
  1938    969.00000000    547.78376244      1.71567598  45037.61687947    300.00000000      0.99950281      7.48785535   -786.46771546    -11.75456418   -798.22227965      0.87954669      6.85127281      7.35820380      0.14659112 md_running
  1939    969.50000000    548.03340149      1.84296349  40834.51156832    300.00000000      0.99950291      6.78905628   -786.45381301    -11.76062949   -798.21444250      0.80352601      6.38136869      6.85536811      0.13392100 md_running
  1940    970.00000000    548.28188127      1.97820033  35699.99195066    300.00000000      0.99950349      5.93540232   -786.34942739    -11.76669480   -798.11612219      1.00860048      5.94818162      6.54630829      0.16810008 md_running
  1941    970.50000000    548.52158113      1.99112788  34254.13957559    300.00000000      0.99950380      5.69501808   -786.26745230    -11.77276010   -798.04021240      1.13096324      5.91260875      6.60440093      0.18849387 md_running
  1942    971.00000000    548.76748278      2.03957761  32235.22876656    300.00000000      0.99950386      5.35935840   -786.22992365    -11.77882541   -798.00874906      1.17408866      5.77512980      6.49031237      0.19568144 md_running
  1943    971.50000000    549.01535842      2.18754531  27969.67240402    300.00000000      0.99950438      4.65017636   -786.25575146    -11.78489071   -798.04064217      1.01629007      5.38726705      5.98867638      0.16938168 md_running
  1944    972.00000000    549.24906785      2.27663656  25573.43886257    300.00000000      0.99950514      4.25178382   -786.29663485    -11.79095602   -798.08759086      0.90048985      5.17911216      5.68666074      0.15008164 md_running
  1945    972.50000000    549.49678790      2.22666155  27146.22930213    300.00000000      0.99950520      4.51327251   -786.34515102    -11.79702132   -798.14217235      0.81966103      5.29807568      5.75403906      0.13661017 md_running
  1946    973.00000000    549.74888887      2.14132642  29584.86655207    300.00000000      0.99950464      4.91871499   -786.36469584    -11.80308663   -798.16778248      0.84949312      5.51204458      5.98228785      0.14158219 md_running
  1947    973.50000000    549.99008351      2.14994468  29461.70790558    300.00000000      0.99950441      4.89823890   -786.35816142    -11.80915194   -798.16731336      0.86505610      5.49277016      5.97080598      0.14417602 md_running
  1948    974.00000000    550.23776671      2.16292446  29290.07283968    300.00000000      0.99950462      4.86970323   -786.33200335    -11.81521725   -798.14722059      0.86589479      5.46261207      5.97407086      0.14431580 md_running
  1949    974.50000000    550.47448291      2.01261211  34401.09030731    300.00000000      0.99950435      5.71944978   -786.36853447    -11.82128255   -798.18981702      0.88491859      5.87360204      6.39914793      0.14748643 md_running
  1950    975.00000000    550.72107515      1.78657634  42027.12418740    300.00000000      0.99950337      6.98733744   -786.49029294    -11.82734786   -798.31764080      0.68229984      6.62011893      7.03763591      0.11371664 md_running
  1951    975.50000000    550.97099342      1.81443801  41945.18204928    300.00000000      0.99950289      6.97371392   -786.56230092    -11.83341317   -798.39571409      0.51536773      6.52180626      6.82943796      0.08589462 md_running
  1952    976.00000000    551.22142155      1.94358684  37819.72664087    300.00000000      0.99950334      6.28782476   -786.51562493    -11.83947847   -798.35510340      0.52878898      6.09156136      6.41560062      0.08813150 md_running
  1953    976.50000000    551.46781419      1.83212081  41270.27738986    300.00000000      0.99950348      6.86150575   -786.45094820    -11.84554378   -798.29649198      0.67234029      6.46548183      6.89473563      0.11205672 md_running
  1954    977.00000000    551.72098575      1.65489508  46029.48040068    300.00000000      0.99950281      7.65276040   -786.47167637    -11.85160909   -798.32328546      0.67391309      7.16154712      7.61453461      0.11231885 md_running
  1955    977.50000000    551.97468416      1.87317599  39256.64745960    300.00000000      0.99950282      6.52672406   -786.40795399    -11.85767440   -798.26562838      0.79546050      6.33025113      6.82622210      0.13257675 md_running
  1956    978.00000000    552.22846007      2.14528044  29762.39395623    300.00000000      0.99950401      4.94823031   -786.31679137    -11.86373970   -798.18053106      0.77972215      5.53015796      6.03000255      0.12995369 md_running
  1957    978.50000000    552.46952780      2.13866198  29379.20016638    300.00000000      0.99950478      4.88452135   -786.26614928    -11.86980500   -798.13595428      0.83103215      5.55010803      6.09155956      0.13850536 md_running
  1958    979.00000000    552.72411460      1.99192819  33203.66706080    300.00000000      0.99950417      5.52036882   -786.27819793    -11.87587031   -798.15406824      0.76569622      5.96199722      6.50067801      0.12761604 md_running
  1959    979.50000000    552.97599981      2.05084090  31016.34349194    300.00000000      0.99950387      5.15670920   -786.14159145    -11.88193562   -798.02352707      1.28607640      5.79368964      6.59104623      0.21434607 md_running
  1960    980.00000000    553.22908159      2.20650763  26758.23339000    300.00000000      0.99950469      4.44876516   -786.22558687    -11.88800092   -798.11358779      1.03518793      5.38769990      6.01005304      0.17253132 md_running
  1961    980.50000000    553.48227655      2.22362352  27000.71819191    300.00000000      0.99950512      4.48908015   -786.36538919    -11.89406623   -798.25945542      0.77655310      5.34895687      5.80918039      0.12942552 md_running
  1962    981.00000000    553.71815160      2.10134710  30879.83215875    300.00000000      0.99950466      5.13401313   -786.41233876    -11.90013154   -798.31247030      0.86231409      5.66309657      6.13743445      0.14371901 md_running
  1963    981.50000000    553.96514805      1.98851707  34621.87596668    300.00000000      0.99950396      5.75615712   -786.44805191    -11.90619685   -798.35424875      0.95394185      5.98747532      6.47266280      0.15899031 md_running
  1964    982.00000000    554.21684109      1.97635076  35551.75568704    300.00000000      0.99950367      5.91075688   -786.50167333    -11.91226215   -798.41393548      0.63946487      6.02740283      6.38324194      0.10657748 md_running
  1965    982.50000000    554.47247058      1.95646915  36078.93474231    300.00000000      0.99950371      5.99840452   -786.43264406    -11.91832746   -798.35097152      0.85982965      6.09175334      6.54595426      0.14330494 md_running
  1966    983.00000000    554.72761875      1.85156241  39222.69982731    300.00000000      0.99950350      6.52108000   -786.37482907    -11.92439277   -798.29922184      1.16751845      6.44017871      7.05298499      0.19458641 md_running
  1967    983.50000000    554.98420458      1.78754942  41268.02191271    300.00000000      0.99950311      6.86113076   -786.39293476    -11.93045807   -798.32339283      1.23604799      6.67419762      7.31075958      0.20600800 md_running
  1968    984.00000000    555.23581309      1.83391564  39760.90095854    300.00000000      0.99950315      6.61056014   -786.34531403    -11.93652338   -798.28183741      1.27250010      6.50876361      7.19287291      0.21208335 md_running
  1969    984.50000000    555.48673085      1.85323576  38881.02872643    300.00000000      0.99950332      6.46427451   -786.34330721    -11.94258869   -798.28589590      1.06140313      6.44418208      7.05881658      0.17690052 md_running
  1970    985.00000000    555.73912330      1.86401277  38358.39739950    300.00000000      0.99950332      6.37738298   -786.37239696    -11.94865399   -798.32105096      0.89400678      6.41017820      6.96119034      0.14900113 md_running
  1971    985.50000000    555.98469626      1.95129132  35920.09031172    300.00000000      0.99950347      5.97199539   -786.45189653    -11.95471930   -798.40661583      0.72772134      6.12656817      6.55646029      0.12128689 md_running
  1972    986.00000000    556.23358622      2.02675450  33725.48913070    300.00000000      0.99950383      5.60712581   -786.50048010    -11.96078461   -798.46126471      0.57563737      5.90144719      6.24510501      0.09593956 md_running
  1973    986.50000000    556.48423132      2.00408202  33913.42960042    300.00000000      0.99950394      5.63837238   -786.44479979    -11.96684991   -798.41164971      0.66678410      5.97123760      6.38375710      0.11113068 md_running
  1974    987.00000000    556.74106715      1.97976828  33880.72887010    300.00000000      0.99950380      5.63293563   -786.36140986    -11.97291522   -798.33432508      0.81731730      6.04763463      6.55437098      0.13621955 md_running
  1975    987.50000000    557.00566906      2.08397925  30425.76319767    300.00000000      0.99950399      5.05852062   -786.32131405    -11.97898052   -798.30029457      0.80791770      5.74812852      6.25573521      0.13465295 md_running
  1976    988.00000000    557.26810421      2.19059442  27175.52102107    300.00000000      0.99950473      4.51814249   -786.29650076    -11.98504583   -798.28154659      0.86028281      5.47113868      5.98704977      0.14338047 md_running
  1977    988.50000000    557.52196334      2.12665680  29531.99581968    300.00000000      0.99950488      4.90992482   -786.37467244    -11.99111114   -798.36578358      0.68890199      5.63847970      6.06581225      0.11481700 md_running
  1978    989.00000000    557.78643951      1.97057792  34617.62999300    300.00000000      0.99950408      5.75545120   -786.47086378    -11.99717645   -798.46804023      0.60397654      6.08815127      6.44679554      0.10066276 md_running
  1979    989.50000000    558.04401309      1.97670433  34380.69893253    300.00000000      0.99950361      5.71605956   -786.45073191    -12.00324175   -798.45397366      0.60822457      6.07235062      6.44748353      0.10137076 md_running
  1980    990.00000000    558.30365513      2.08499250  30519.47537848    300.00000000      0.99950410      5.07410100   -786.28482675    -12.00930706   -798.29413381      0.94311107      5.75988024      6.31760761      0.15718518 md_running
  1981    990.50000000    558.54363814      2.01218331  32870.51931658    300.00000000      0.99950439      5.46498041   -786.28374496    -12.01537237   -798.29911733      0.87984040      5.97131104      6.53667579      0.14664007 md_running
  1982    991.00000000    558.79881560      1.81393352  39715.76296317    300.00000000      0.99950357      6.60305559   -786.41408046    -12.02143767   -798.43551813      0.72907377      6.62727578      7.10734734      0.12151229 md_running
  1983    991.50000000    559.05626575      1.81781980  40192.84834413    300.00000000      0.99950304      6.68237476   -786.47278853    -12.02750298   -798.50029151      0.69844544      6.61644403      7.04390883      0.11640757 md_running
  1984    992.00000000    559.31821946      1.93440250  36488.69281675    300.00000000      0.99950344      6.06652999   -786.43808809    -12.03356829   -798.47165638      0.74704314      6.22081926      6.67396943      0.12450719 md_running
  1985    992.50000000    559.57729134      1.87261391  38390.96005037    300.00000000      0.99950361      6.38279677   -786.43676630    -12.03963359   -798.47639990      0.74878791      6.42931977      6.88938788      0.12479798 md_running
  1986    993.00000000    559.83331748      1.75565740  41739.37741570    300.00000000      0.99950314      6.93949729   -786.42118611    -12.04569890   -798.46688501      0.91204469      6.86107603      7.39140337      0.15200745 md_running
  1987    993.50000000    560.08062079      1.85101424  38923.80948162    300.00000000      0.99950306      6.47138715   -786.45524322    -12.05176421   -798.50700742      0.81297707      6.51089762      6.97137179      0.13549618 md_running
  1988    994.00000000    560.33108631      2.00356512  33910.18660688    300.00000000      0.99950364      5.63783321   -786.46360543    -12.05782951   -798.52143494      0.76722706      6.01818699      6.41791510      0.12787118 md_running
  1989    994.50000000    560.58295470      2.00518236  33258.24053164    300.00000000      0.99950402      5.52944209   -786.41401073    -12.06389482   -798.47790555      0.96913281      6.01635795      6.48954293      0.16152214 md_running
  1990    995.00000000    560.83984855      1.94377404  34413.04981662    300.00000000      0.99950382      5.72143814   -786.32661421    -12.06996013   -798.39657434      1.23571920      6.20954899      6.83713334      0.20595320 md_running
  1991    995.50000000    561.09939435      1.99513866  32411.57397083    300.00000000      0.99950380      5.38867716   -786.26809931    -12.07602543   -798.34412474      1.34712620      6.05272490      6.75107179      0.22452103 md_running
  1992    996.00000000    561.35551950      2.10115717  28970.59714673    300.00000000      0.99950432      4.81658791   -786.23731596    -12.08209074   -798.31940670      1.32826939      5.75020801      6.46256853      0.22137823 md_running
  1993    996.50000000    561.61392754      2.10843301  28957.85066690    300.00000000      0.99950469      4.81446870   -786.29590985    -12.08815604   -798.38406589      1.11920241      5.73324172      6.34309335      0.18653373 md_running
  1994    997.00000000    561.86667071      2.03539594  31424.79112352    300.00000000      0.99950436      5.22461681   -786.35600945    -12.09422135   -798.45023080      0.92496788      5.94195023      6.48044171      0.15416131 md_running
  1995    997.50000000    562.12504894      1.98755663  33097.50204661    300.00000000      0.99950402      5.50271806   -786.34019220    -12.10028666   -798.44047885      0.95127422      6.08802108      6.65761374      0.15854570 md_running
  1996    998.00000000    562.38890265      1.95716046  34580.75634411    300.00000000      0.99950387      5.74932066   -786.40296519    -12.10635196   -798.50931716      0.70447617      6.18567167      6.63800728      0.11741269 md_running
  1997    998.50000000    562.65031191      1.90190193  36703.06692360    300.00000000      0.99950367      6.10217136   -786.43419805    -12.11241727   -798.54661532      0.63125339      6.36858142      6.78470783      0.10520890 md_running
  1998    999.00000000    562.91645713      1.84302215  38870.47406196    300.00000000      0.99950341      6.46251972   -786.47030651    -12.11848258   -798.58878909      0.63878737      6.57533205      6.97507202      0.10646456 md_running
  1999    999.50000000    563.17488550      1.84284816  39172.87379191    300.00000000      0.99950326      6.51279603   -786.51502120    -12.12454789   -798.63956908      0.56625592      6.57924411      6.91936416      0.09437599 md_running
  2000   1000.00000000    563.43992562      1.84913088  38556.29639166    300.00000000      0.99950335      6.41028523   -786.39843121    -12.13061319   -798.52904440      0.82309571      6.56017015      7.06162097      0.13718262 max_step
