  step         time_fs     wall_time_s        rti_dist          temp_K     temp_bath_K   thermo_lambda          kin_Ha     pot_real_Ha     pot_rtip_Ha    pot_total_Ha          f_real          f_rtip         f_total      rms_f_real state_decision
     1      0.50000000     10.65543276     31.33756270      0.08581756    300.00000000      1.13973681      0.00001427     -7.60469619     -0.00012083     -7.60481702      0.06038685      0.00000428      0.06038687      0.01006447 md_running
     2      1.00000000     21.77865161     31.33753745      0.82237168    300.00000000      1.13973681      0.00013673     -7.60478808     -0.00024611     -7.60503419      0.05850103      0.00000871      0.05850108      0.00975017 md_running
     3      1.50000000     40.33770848     31.33748540      2.31566339    300.00000000      1.10672215      0.00038500     -7.60496753     -0.00037578     -7.60534331      0.05461221      0.00001330      0.05461228      0.00910203 md_running
     4      2.00000000     40.55373988     31.33740900      4.10075767    300.00000000      1.04766274      0.00068178     -7.60520578     -0.00050976     -7.60571555      0.04890959      0.00001804      0.04890971      0.00815160 md_running
     5      2.50000000     40.78989234     31.33731667      5.91727220    300.00000000      1.02965709      0.00098379     -7.60545387     -0.00064793     -7.60610181      0.04206604      0.00002293      0.04206622      0.00701101 md_running
     6      3.00000000     45.96476090     31.33721670      7.54302589    300.00000000      1.02176114      0.00125409     -7.60567247     -0.00079013     -7.60646260      0.03484132      0.00002796      0.03484160      0.00580689 md_running
     7      3.50000000     46.17081600     31.33711767      8.83218466    300.00000000      1.01774930      0.00146842     -7.60583631     -0.00093617     -7.60677248      0.02826301      0.00003313      0.02826343      0.00471050 md_running
     8      4.00000000     46.35776339     31.33702804      9.73515823    300.00000000      1.01559555      0.00161855     -7.60593632     -0.00108584     -7.60702215      0.02376366      0.00003843      0.02376424      0.00396061 md_running
     9      4.50000000     46.56239163     31.33695562     10.29276409    300.00000000      1.01444421      0.00171125     -7.60597944     -0.00123888     -7.60721832      0.02274465      0.00004384      0.02274534      0.00379078 md_running
    10      5.00000000     46.77263012     31.33690704     10.60644588    300.00000000      1.01385110      0.00176340     -7.60598226     -0.00139502     -7.60737728      0.02518834      0.00004937      0.02518901      0.00419806 md_running
    11      5.50000000     47.02364489     31.33688721     10.79499978    300.00000000      1.01354130      0.00179475     -7.60596479     -0.00155396     -7.60751875      0.02960824      0.00005499      0.02960883      0.00493471 md_running
    12      6.00000000     47.21631201     31.33689896     10.95193639    300.00000000      1.01333417      0.00182084     -7.60594281     -0.00171537     -7.60765817      0.03461756      0.00006070      0.03461806      0.00576959 md_running
    13      6.50000000     47.41958272     31.33694280     11.11716255    300.00000000      1.01313343      0.00184832     -7.60592271     -0.00187889     -7.60780160      0.03946129      0.00006648      0.03946168      0.00657688 md_running
    14      7.00000000     47.63647285     31.33701690     11.27176687    300.00000000      1.01292744      0.00187402     -7.60590148     -0.00204416     -7.60794564      0.04380127      0.00007233      0.04380157      0.00730021 md_running
    15      7.50000000     51.54752912     31.33711719     11.35627510    300.00000000      1.01276879      0.00188807     -7.60586880     -0.00221078     -7.60807958      0.04750378      0.00007821      0.04750397      0.00791730 md_running
    16      8.00000000     51.73402819     31.33723777     11.30433019    300.00000000      1.01273558      0.00187943     -7.60581341     -0.00237833     -7.60819174      0.05051763      0.00008413      0.05051771      0.00841960 md_running
    17      8.50000000     51.93807133     31.33737135     11.07861897    300.00000000      1.01289511      0.00184191     -7.60572891     -0.00254640     -7.60827531      0.05280868      0.00009007      0.05280865      0.00880145 md_running
    18      9.00000000     52.14142242     31.33750985     10.69592772    300.00000000      1.01327886      0.00177828     -7.60561801     -0.00271454     -7.60833255      0.05433614      0.00009601      0.05433600      0.00905602 md_running
    19      9.50000000     52.34797230     31.33764504     10.23250943    300.00000000      1.01386117      0.00170123     -7.60549341     -0.00288230     -7.60837571      0.05505451      0.00010193      0.05505426      0.00917575 md_running
    20     10.00000000     52.55373024     31.33776903      9.80789835    300.00000000      1.01453547      0.00163064     -7.60537484     -0.00304923     -7.60842407      0.05493609      0.00010782      0.05493574      0.00915601 md_running
    21     10.50000000     52.81614876     31.33787483      9.55225464    300.00000000      1.01510412      0.00158814     -7.60528425     -0.00321487     -7.60849912      0.05400541      0.00011367      0.05400497      0.00900090 md_running
    22     11.00000000     53.01798035     31.33795670      9.56710994    300.00000000      1.01532715      0.00159061     -7.60523866     -0.00337876     -7.60861742      0.05238199      0.00011945      0.05238147      0.00873033 md_running
    23     11.50000000     53.22000209     31.33801054      9.89132923    300.00000000      1.01505068      0.00164451     -7.60524447     -0.00354045     -7.60878493      0.05032382      0.00012516      0.05032325      0.00838730 md_running
    24     12.00000000     53.45648600     31.33803408     10.48333958    300.00000000      1.01432376      0.00174294     -7.60529523     -0.00369949     -7.60899472      0.04825764      0.00013077      0.04825706      0.00804294 md_running
    25     12.50000000     60.12854012     31.33802702     11.22687608    300.00000000      1.01337024      0.00186656     -7.60537150     -0.00385543     -7.60922693      0.04676413      0.00013628      0.04676359      0.00779402 md_running
    26     13.00000000     60.34299860     31.33799100     11.96076620    300.00000000      1.01244603      0.00198857     -7.60544650     -0.00400785     -7.60945434      0.04645353      0.00014167      0.04645309      0.00774226 md_running
    27     13.50000000     60.55199957     31.33792944     12.52552217    300.00000000      1.01173010      0.00208247     -7.60549338     -0.00415633     -7.60964971      0.04772219      0.00014691      0.04772191      0.00795370 md_running
    28     14.00000000     60.76784096     31.33784709     12.81425550    300.00000000      1.01130498      0.00213047     -7.60549400     -0.00430049     -7.60979449      0.05050889      0.00015201      0.05050878      0.00841815 md_running
    29     14.50000000     60.98046906     31.33774960     12.81192305    300.00000000      1.01117779      0.00213008     -7.60544575     -0.00443994     -7.60988570      0.05429485      0.00015694      0.05429491      0.00904914 md_running
    30     15.00000000     61.21236224     31.33764283     12.60918408    300.00000000      1.01129463      0.00209638     -7.60536335     -0.00457435     -7.60993770      0.05831747      0.00016168      0.05831769      0.00971958 md_running
    31     15.50000000     66.14753157     31.33753229     12.38478951    300.00000000      1.01153331      0.00205907     -7.60527696     -0.00470338     -7.60998034      0.06178126      0.00016624      0.06178160      0.01029688 md_running
    32     16.00000000     66.37186273     31.33742239     12.35825343    300.00000000      1.01169685      0.00205466     -7.60522314     -0.00482673     -7.61004987      0.06400005      0.00017060      0.06400048      0.01066668 md_running
    33     16.50000000     66.58801578     31.33731599     12.72414008    300.00000000      1.01156128      0.00211549     -7.60523469     -0.00494413     -7.61017882      0.06445757      0.00017474      0.06445808      0.01074293 md_running
    34     17.00000000     66.80340061     31.33721389     13.58684488    300.00000000      1.01100205      0.00225892     -7.60532942     -0.00505534     -7.61038476      0.06284746      0.00017866      0.06284801      0.01047458 md_running
    35     17.50000000     67.01270065     31.33711458     14.91717912    300.00000000      1.01009643      0.00248010     -7.60550293     -0.00516015     -7.61066309      0.05909105      0.00018235      0.05909161      0.00984851 md_running
    36     18.00000000     67.22225566     31.33701419     16.54685476    300.00000000      1.00906693      0.00275104     -7.60572746     -0.00525839     -7.61098585      0.05335859      0.00018581      0.05335913      0.00889310 md_running
    37     18.50000000     67.43623645     31.33690665     18.20449944    300.00000000      1.00813015      0.00302664     -7.60595749     -0.00534990     -7.61130739      0.04610130      0.00018902      0.04610178      0.00768355 md_running
    38     19.00000000     67.65061730     31.33678415     19.58239068    300.00000000      1.00741253      0.00325573     -7.60614144     -0.00543459     -7.61157603      0.03812615      0.00019199      0.03812647      0.00635436 md_running
    39     19.50000000     67.86055824     31.33663764     20.41334819    300.00000000      1.00696043      0.00339388     -7.60623421     -0.00551237     -7.61174658      0.03083317      0.00019472      0.03083322      0.00513886 md_running
    40     20.00000000     68.06803759     31.33645761     20.53522837    300.00000000      1.00678063      0.00341414     -7.60620853     -0.00558323     -7.61179175      0.02651177      0.00019720      0.02651139      0.00441863 md_running
    41     20.50000000     68.31983726     31.33623476     19.92621274    300.00000000      1.00687051      0.00331289     -7.60606063     -0.00564716     -7.61170779      0.02740498      0.00019944      0.02740419      0.00456750 md_running
    42     21.00000000     68.53395712     31.33596067     18.70358470    300.00000000      1.00723048      0.00310962     -7.60581023     -0.00570422     -7.61151445      0.03295383      0.00020143      0.03295285      0.00549231 md_running
    43     21.50000000     68.75308306     31.33562842     17.08874235    300.00000000      1.00786210      0.00284114     -7.60549441     -0.00575450     -7.61124891      0.04070722      0.00020319      0.04070621      0.00678454 md_running
    44     22.00000000     68.96958323     31.33523302     15.35109516    300.00000000      1.00875281      0.00255224     -7.60515842     -0.00579813     -7.61095655      0.04885688      0.00020472      0.04885590      0.00814281 md_running
    45     22.50000000     69.17888216     31.33477170     13.74731920    300.00000000      1.00984681      0.00228560     -7.60484519     -0.00583531     -7.61068050      0.05645005      0.00020602      0.05644914      0.00940834 md_running
    46     23.00000000     69.39850120     31.33424415     12.47106311    300.00000000      1.01101309      0.00207341     -7.60458688     -0.00586624     -7.61045312      0.06299832      0.00020711      0.06299749      0.01049972 md_running
    47     23.50000000     69.61897259     31.33365251     11.62406772    300.00000000      1.01204563      0.00193259     -7.60440013     -0.00589121     -7.61029134      0.06825519      0.00020799      0.06825445      0.01137586 md_running
    48     24.00000000     69.84030869     31.33300155     11.21384841    300.00000000      1.01273546      0.00186439     -7.60428586     -0.00591051     -7.61019637      0.07211011      0.00020868      0.07210948      0.01201835 md_running
    49     24.50000000     70.05549135     31.33229849     11.17658586    300.00000000      1.01298297      0.00185819     -7.60423321     -0.00592450     -7.61015772      0.07453388      0.00020918      0.07453336      0.01242231 md_running
    50     25.00000000     70.27599615     31.33155290     11.41750435    300.00000000      1.01283968      0.00189825     -7.60422610     -0.00593358     -7.61015968      0.07553843      0.00020952      0.07553803      0.01258974 md_running
    51     25.50000000     70.54718225     31.33077610     11.85548585    300.00000000      1.01243566      0.00197107     -7.60425103     -0.00593817     -7.61018920      0.07515063      0.00020969      0.07515036      0.01252510 md_running
    52     26.00000000     70.76424463     31.32998052     12.45631377    300.00000000      1.01187988      0.00207096     -7.60430211     -0.00593874     -7.61024086      0.07339093      0.00020973      0.07339079      0.01223182 md_running
    53     26.50000000     70.98043644     31.32917890     13.24182582    300.00000000      1.01121791      0.00220156     -7.60438324     -0.00593580     -7.61031904      0.07026900      0.00020964      0.07026898      0.01171150 md_running
    54     27.00000000     71.19430245     31.32838339     14.27008773    300.00000000      1.01045257      0.00237251     -7.60450456     -0.00592987     -7.61043443      0.06580007      0.00020944      0.06580016      0.01096668 md_running
    55     27.50000000     71.40976894     31.32760478     15.59273857    300.00000000      1.00959127      0.00259241     -7.60467529     -0.00592151     -7.61059680      0.06004268      0.00020916      0.06004287      0.01000711 md_running
    56     28.00000000     71.62532188     31.32685187     17.20533181    300.00000000      1.00867967      0.00286052     -7.60489507     -0.00591131     -7.61080638      0.05316971      0.00020881      0.05316998      0.00886162 md_running
    57     28.50000000     71.83825307     31.32613088     19.01113562    300.00000000      1.00779739      0.00316075     -7.60514841     -0.00589987     -7.61104828      0.04558107      0.00020841      0.04558139      0.00759685 md_running
    58     29.00000000     72.05467459     31.32544514     20.81549823    300.00000000      1.00702675      0.00346074     -7.60540284     -0.00588782     -7.61129066      0.03810945      0.00020799      0.03810975      0.00635157 md_running
    59     29.50000000     72.26477850     31.32479508     22.35738890    300.00000000      1.00642644      0.00371709     -7.60561443     -0.00587581     -7.61149023      0.03233897      0.00020756      0.03233917      0.00538983 md_running
    60     30.00000000     72.47917099     31.32417847     23.37077187    300.00000000      1.00602672      0.00388557     -7.60573842     -0.00586447     -7.61160289      0.03055335      0.00020716      0.03055332      0.00509223 md_running
    61     30.50000000     72.74721990     31.32359090     23.65769749    300.00000000      1.00583928      0.00393328     -7.60574100     -0.00585449     -7.61159549      0.03394492      0.00020680      0.03394463      0.00565749 md_running
    62     31.00000000     72.96595762     31.32302645     23.15017628    300.00000000      1.00586883      0.00384890     -7.60561052     -0.00584652     -7.61145705      0.04103755      0.00020651      0.04103709      0.00683959 md_running
    63     31.50000000     73.17850316     31.32247843     21.93979251    300.00000000      1.00611869      0.00364766     -7.60536221     -0.00584126     -7.61120348      0.04955395      0.00020632      0.04955337      0.00825899 md_running
    64     32.00000000     73.39129897     31.32194003     20.26604319    300.00000000      1.00658684      0.00336939     -7.60503611     -0.00583938     -7.61087549      0.05786325      0.00020625      0.05786260      0.00964388 md_running
    65     32.50000000     73.60012743     31.32140504     18.46674956    300.00000000      1.00724723      0.00307024     -7.60468892     -0.00584156     -7.61053048      0.06494991      0.00020633      0.06494921      0.01082498 md_running
    66     33.00000000     73.81190955     31.32086838     16.90301240    300.00000000      1.00801544      0.00281026     -7.60438097     -0.00584847     -7.61022944      0.07019655      0.00020657      0.07019582      0.01169942 md_running
    67     33.50000000     74.02721732     31.32032654     15.87798064    300.00000000      1.00871800      0.00263984     -7.60416319     -0.00586079     -7.61002398      0.07326880      0.00020701      0.07326805      0.01221147 md_running
    68     34.00000000     74.24139874     31.31977799     15.56916907    300.00000000      1.00912461      0.00258850     -7.60406507     -0.00587917     -7.60994424      0.07408190      0.00020767      0.07408114      0.01234698 md_running
    69     34.50000000     74.46193820     31.31922340     15.99090567    300.00000000      1.00908299      0.00265861     -7.60408901     -0.00590426     -7.60999327      0.07278994      0.00020857      0.07278918      0.01213166 md_running
    70     35.00000000     74.67756046     31.31866576     16.99708635    300.00000000      1.00864300      0.00282590     -7.60421076     -0.00593669     -7.61014745      0.06978458      0.00020973      0.06978384      0.01163076 md_running
    71     35.50000000     74.94951343     31.31811015     18.32460006    300.00000000      1.00800862      0.00304661     -7.60438637     -0.00597705     -7.61036342      0.06568678      0.00021117      0.06568608      0.01094780 md_running
    72     36.00000000     75.16304004     31.31756330     19.66626711    300.00000000      1.00738578      0.00326967     -7.60456438     -0.00602595     -7.61059033      0.06131440      0.00021292      0.06131376      0.01021907 md_running
    73     36.50000000     75.37223289     31.31703294     20.75324518    300.00000000      1.00689654      0.00345039     -7.60469953     -0.00608392     -7.61078345      0.05758997      0.00021500      0.05758945      0.00959833 md_running
    74     37.00000000     75.58519450     31.31652712     21.42407688    300.00000000      1.00658299      0.00356192     -7.60476459     -0.00615151     -7.61091610      0.05534128      0.00021741      0.05534092      0.00922355 md_running
    75     37.50000000     75.80115520     31.31605349     21.66156311    300.00000000      1.00643740      0.00360140     -7.60475665     -0.00622918     -7.61098583      0.05500028      0.00022018      0.05500010      0.00916671 md_running
    76     38.00000000     76.01052524     31.31561844     21.58620540    300.00000000      1.00642196      0.00358888     -7.60469605     -0.00631741     -7.61101346      0.05641307      0.00022332      0.05641306      0.00940218 md_running
    77     38.50000000     76.21825723     31.31522645     21.40953254    300.00000000      1.00647682      0.00355950     -7.60461842     -0.00641659     -7.61103500      0.05898513      0.00022685      0.05898526      0.00983086 md_running
    78     39.00000000     76.43718663     31.31487947     21.36373930    300.00000000      1.00652679      0.00355189     -7.60456285     -0.00652708     -7.61108993      0.06199029      0.00023077      0.06199051      0.01033172 md_running
    79     39.50000000     76.65799569     31.31457650     21.62922904    300.00000000      1.00649936      0.00359603     -7.60455983     -0.00664921     -7.61120903      0.06481425      0.00023510      0.06481451      0.01080237 md_running
    80     40.00000000     76.86733004     31.31431338     22.28280119    300.00000000      1.00635359      0.00370469     -7.60462222     -0.00678323     -7.61140545      0.06704850      0.00023984      0.06704877      0.01117475 md_running
    81     40.50000000     77.11638661     31.31408287     23.28208974    300.00000000      1.00609894      0.00387083     -7.60474301     -0.00692936     -7.61167237      0.06848076      0.00024501      0.06848101      0.01141346 md_running
    82     41.00000000     77.32500052     31.31387493     24.48904534    300.00000000      1.00578494      0.00407149     -7.60489882     -0.00708775     -7.61198656      0.06904474      0.00025061      0.06904493      0.01150746 md_running
    83     41.50000000     77.53963355     31.31367731     25.72190082    300.00000000      1.00547088      0.00427647     -7.60505894     -0.00725849     -7.61231743      0.06876246      0.00025664      0.06876257      0.01146041 md_running
    84     42.00000000     77.74960667     31.31347623     26.81613682    300.00000000      1.00520069      0.00445839     -7.60519577     -0.00744162     -7.61263739      0.06768831      0.00026310      0.06768834      0.01128138 md_running
    85     42.50000000     77.96235798     31.31325725     27.67325880    300.00000000      1.00499451      0.00460090     -7.60529260     -0.00763712     -7.61292972      0.06587608      0.00027000      0.06587604      0.01097935 md_running
    86     43.00000000     78.16307916     31.31300610     28.28231781    300.00000000      1.00485178      0.00470216     -7.60534762     -0.00784492     -7.61319254      0.06336942      0.00027734      0.06336932      0.01056157 md_running
    87     43.50000000     78.37116484     31.31270949     28.70905149    300.00000000      1.00475777      0.00477310     -7.60537213     -0.00806486     -7.61343698      0.06022256      0.00028511      0.06022244      0.01003709 md_running
    88     44.00000000     78.58789295     31.31235586     29.05810007    300.00000000      1.00469077      0.00483114     -7.60538392     -0.00829674     -7.61368066      0.05655276      0.00029330      0.05655268      0.00942546 md_running
    89     44.50000000     78.80274342     31.31193597     29.42235520    300.00000000      1.00462970      0.00489170     -7.60539900     -0.00854031     -7.61393931      0.05262047      0.00030191      0.05262054      0.00877008 md_running
    90     45.00000000     79.01189743     31.31144332     29.83660225    300.00000000      1.00456200      0.00496057     -7.60542331     -0.00879526     -7.61421856      0.04892587      0.00031093      0.04892622      0.00815431 md_running
    91     45.50000000     79.26607631     31.31087450     30.25099818    300.00000000      1.00448906      0.00502946     -7.60544863     -0.00906120     -7.61450983      0.04627910      0.00032034      0.04627991      0.00771318 md_running
    92     46.00000000     79.48406586     31.31022926     30.53409750    300.00000000      1.00442659      0.00507653     -7.60545276     -0.00933771     -7.61479047      0.04569804      0.00033014      0.04569943      0.00761634 md_running
    93     46.50000000     79.70116529     31.30951046     30.50692324    300.00000000      1.00440001      0.00507201     -7.60540554     -0.00962432     -7.61502986      0.04797771      0.00034030      0.04797972      0.00799629 md_running
    94     47.00000000     79.91220768     31.30872384     30.00003509    300.00000000      1.00443829      0.00498774     -7.60527814     -0.00992048     -7.61519862      0.05317032      0.00035080      0.05317284      0.00886172 md_running
    95     47.50000000     80.12523656     31.30787751     28.91935905    300.00000000      1.00456913      0.00480807     -7.60505427     -0.01022563     -7.61527990      0.06053696      0.00036163      0.06053987      0.01008949 md_running
    96     48.00000000     80.34334297     31.30698133     27.30058335    300.00000000      1.00481486      0.00453894     -7.60473951     -0.01053913     -7.61527864      0.06895335      0.00037276      0.06895655      0.01149223 md_running
    97     48.50000000     80.55297058     31.30604615     25.33129601    300.00000000      1.00518576      0.00421153     -7.60436510     -0.01086031     -7.61522541      0.07730508      0.00038416      0.07730851      0.01288418 md_running
    98     49.00000000     80.77139015     31.30508296     23.33124748    300.00000000      1.00566558      0.00387900     -7.60398449     -0.01118844     -7.61517293      0.08461492      0.00039581      0.08461855      0.01410249 md_running
    99     49.50000000     80.99140531     31.30410197     21.69156837    300.00000000      1.00618641      0.00360639     -7.60366343     -0.01152277     -7.61518620      0.09008126      0.00040767      0.09008509      0.01501354 md_running
   100     50.00000000     81.20709117     31.30311188     20.78509995    300.00000000      1.00661011      0.00345569     -7.60346438     -0.01186248     -7.61532686      0.09310042      0.00041972      0.09310444      0.01551674 md_running
   101     50.50000000     81.46342962     31.30211935     20.87074537    300.00000000      1.00676349      0.00346992     -7.60343107     -0.01220673     -7.61563780      0.09329024      0.00043192      0.09329447      0.01554837 md_running
   102     51.00000000     81.66921163     31.30112871     22.01887038    300.00000000      1.00655118      0.00366081     -7.60357548     -0.01255462     -7.61613011      0.09051829      0.00044424      0.09052275      0.01508638 md_running
   103     51.50000000     81.87921424     31.30014181     24.08170844    300.00000000      1.00604314      0.00400377     -7.60387362     -0.01290525     -7.61677887      0.08491505      0.00045665      0.08491977      0.01415251 md_running
   104     52.00000000     82.08901017     31.29915811     26.72010110    300.00000000      1.00541643      0.00444243     -7.60426875     -0.01325764     -7.61752639      0.07688334      0.00046911      0.07688837      0.01281389 md_running
   105     52.50000000     82.29692445     31.29817483     29.47970744    300.00000000      1.00482986      0.00490123     -7.60468480     -0.01361081     -7.61829561      0.06710454      0.00048158      0.06710993      0.01118409 md_running
   106     53.00000000     82.51078919     31.29718732     31.89414394    300.00000000      1.00436788      0.00530265     -7.60504352     -0.01396374     -7.61900725      0.05657352      0.00049405      0.05657931      0.00942892 md_running
   107     53.50000000     82.72646309     31.29618978     33.58569401    300.00000000      1.00405562      0.00558388     -7.60528111     -0.01431539     -7.61959650      0.04672255      0.00050646      0.04672870      0.00778709 md_running
   108     54.00000000     82.94095159     31.29517596     34.33756178    300.00000000      1.00388952      0.00570889     -7.60536136     -0.01466471     -7.62002608      0.03958328      0.00051879      0.03958945      0.00659721 md_running
   109     54.50000000     83.15042528     31.29413989     34.12253948    300.00000000      1.00385680      0.00567314     -7.60527964     -0.01501065     -7.62029028      0.03733756      0.00053100      0.03734295      0.00622293 md_running
   110     55.00000000     83.36874883     31.29307658     33.08422538    300.00000000      1.00394280      0.00550051     -7.60506021     -0.01535212     -7.62041233      0.04044231      0.00054305      0.04044629      0.00674039 md_running
   111     55.50000000     83.63292875     31.29198250     31.48061836    300.00000000      1.00413154      0.00523390     -7.60474651     -0.01568808     -7.62043459      0.04703940      0.00055492      0.04704209      0.00783990 md_running
   112     56.00000000     83.83859414     31.29085603     29.61130648    300.00000000      1.00440288      0.00492311     -7.60438895     -0.01601748     -7.62040643      0.05494163      0.00056656      0.05494344      0.00915694 md_running
   113     56.50000000     84.05282010     31.28969761     27.74812978    300.00000000      1.00472962      0.00461334     -7.60403309     -0.01633927     -7.62037237      0.06275734      0.00057795      0.06275866      0.01045956 md_running
   114     57.00000000     84.26322064     31.28850990     26.08541407    300.00000000      1.00507785      0.00433690     -7.60371115     -0.01665247     -7.62036362      0.06975316      0.00058905      0.06975426      0.01162553 md_running
   115     57.50000000     84.48141998     31.28729767     24.72003070    300.00000000      1.00541282      0.00410990     -7.60343925     -0.01695608     -7.62039533      0.07557296      0.00059982      0.07557404      0.01259549 md_running
   116     58.00000000     84.69143005     31.28606763     23.66254380    300.00000000      1.00570824      0.00393408     -7.60321866     -0.01724916     -7.62046782      0.08006329      0.00061023      0.08006451      0.01334388 md_running
   117     58.50000000     84.90624902     31.28482808     22.87218292    300.00000000      1.00595232      0.00380268     -7.60304225     -0.01753081     -7.62057305      0.08318278      0.00062024      0.08318426      0.01386380 md_running
   118     59.00000000     85.11474591     31.28358835     22.30224156    300.00000000      1.00614472      0.00370792     -7.60290186     -0.01780016     -7.62070202      0.08494505      0.00062983      0.08494688      0.01415751 md_running
   119     59.50000000     85.33035202     31.28235824     21.93972100    300.00000000      1.00628548      0.00364765     -7.60279504     -0.01805640     -7.62085144      0.08538857      0.00063896      0.08539085      0.01423143 md_running
   120     60.00000000     85.53943830     31.28114721     21.82493826    300.00000000      1.00636345      0.00362857     -7.60272860     -0.01829876     -7.62102736      0.08456797      0.00064759      0.08457074      0.01409466 md_running
   121     60.50000000     85.80640585     31.27996364     22.04342678    300.00000000      1.00635311      0.00366489     -7.60271700     -0.01852651     -7.62124351      0.08256900      0.00065570      0.08257232      0.01376150 md_running
   122     61.00000000     86.02479573     31.27881408     22.69200399    300.00000000      1.00622510      0.00377272     -7.60277695     -0.01873899     -7.62151594      0.07953746      0.00066326      0.07954136      0.01325624 md_running
   123     61.50000000     86.23785914     31.27770262     23.83052514    300.00000000      1.00596753      0.00396201     -7.60291882     -0.01893557     -7.62185439      0.07572986      0.00067024      0.07573435      0.01262164 md_running
   124     62.00000000     86.44647645     31.27663038     25.43713805    300.00000000      1.00560276      0.00422912     -7.60313949     -0.01911570     -7.62225520      0.07156776      0.00067663      0.07157281      0.01192796 md_running
   125     62.50000000     86.65664540     31.27559522     27.38526568    300.00000000      1.00518381      0.00455301     -7.60341807     -0.01927886     -7.62269693      0.06767673      0.00068240      0.06768225      0.01127945 md_running
   126     63.00000000     86.87549418     31.27459165     29.45438658    300.00000000      1.00477260      0.00489702     -7.60371764     -0.01942459     -7.62314223      0.06486159      0.00068754      0.06486740      0.01081026 md_running
   127     63.50000000     87.08619153     31.27361105     31.37549784    300.00000000      1.00441843      0.00521642     -7.60399297     -0.01955249     -7.62354547      0.06392715      0.00069203      0.06393296      0.01065452 md_running
   128     64.00000000     87.29374651     31.27264215     32.90097038    300.00000000      1.00414925      0.00547004     -7.60420207     -0.01966224     -7.62386432      0.06531474      0.00069586      0.06532025      0.01088579 md_running
   129     64.50000000     87.50459223     31.27167174     33.87662983    300.00000000      1.00397324      0.00563225     -7.60431896     -0.01975356     -7.62407252      0.06879207      0.00069903      0.06879706      0.01146534 md_running
   130     65.00000000     87.71894596     31.27068545     34.29099922    300.00000000      1.00388380      0.00570115     -7.60434121     -0.01982625     -7.62416746      0.07352814      0.00070154      0.07353255      0.01225469 md_running
   131     65.50000000     87.98606461     31.26966878     34.28557246    300.00000000      1.00386264      0.00570024     -7.60429262     -0.01988020     -7.62417282      0.07841648      0.00070339      0.07842039      0.01306941 md_running
   132     66.00000000     88.19461156     31.26860785     34.12090645    300.00000000      1.00388061      0.00567287     -7.60421706     -0.01991536     -7.62413243      0.08238018      0.00070458      0.08238370      0.01373003 md_running
   133     66.50000000     88.39172410     31.26749031     34.10598487    300.00000000      1.00389954      0.00567039     -7.60416663     -0.01993179     -7.62409842      0.08454754      0.00070511      0.08455082      0.01409126 md_running
   134     67.00000000     88.59421071     31.26630603     34.50989883    300.00000000      1.00387995      0.00573754     -7.60418687     -0.01992960     -7.62411647      0.08433411      0.00070500      0.08433732      0.01405568 md_running
   135     67.50000000     88.81361606     31.26504766     35.48110821    300.00000000      1.00379537      0.00589901     -7.60430299     -0.01990902     -7.62421200      0.08147517      0.00070425      0.08147849      0.01357919 md_running
   136     68.00000000     89.02791992     31.26371112     36.99715792    300.00000000      1.00364521      0.00615107     -7.60451138     -0.01987036     -7.62438174      0.07604799      0.00070287      0.07605163      0.01267466 md_running
   137     68.50000000     89.24703704     31.26229576     38.85901859    300.00000000      1.00345485      0.00646062     -7.60477908     -0.01981402     -7.62459310      0.06848686      0.00070088      0.06849110      0.01141448 md_running
   138     69.00000000     89.45840047     31.26080435     40.73183041    300.00000000      1.00326241      0.00677198     -7.60504950     -0.01974050     -7.62479000      0.05963698      0.00069830      0.05964217      0.00993950 md_running
   139     69.50000000     89.66711110     31.25924286     42.22119428    300.00000000      1.00310362      0.00701960     -7.60525643     -0.01965037     -7.62490681      0.05087006      0.00069514      0.05087661      0.00847834 md_running
   140     70.00000000     89.88132357     31.25761986     42.96562046    300.00000000      1.00300447      0.00714337     -7.60533892     -0.01954431     -7.62488323      0.04426430      0.00069143      0.04427242      0.00737738 md_running
   141     70.50000000     90.15354503     31.25594590     42.72193788    300.00000000      1.00298151      0.00710286     -7.60525571     -0.01942304     -7.62467875      0.04223647      0.00068718      0.04224561      0.00703941 md_running
   142     71.00000000     90.36385356     31.25423268     41.42367908    300.00000000      1.00304537      0.00688701     -7.60499540     -0.01928741     -7.62428281      0.04578621      0.00068242      0.04579516      0.00763103 md_running
   143     71.50000000     90.57794164     31.25249212     39.19767576    300.00000000      1.00320313      0.00651692     -7.60457947     -0.01913829     -7.62371777      0.05341120      0.00067718      0.05341924      0.00890187 md_running
   144     72.00000000     90.79286364     31.25073528     36.33593923    300.00000000      1.00345822      0.00604113     -7.60405654     -0.01897665     -7.62303319      0.06284965      0.00067149      0.06285666      0.01047494 md_running
   145     72.50000000     91.00170008     31.24897153     33.23343718    300.00000000      1.00380606      0.00552532     -7.60349311     -0.01880350     -7.62229661      0.07243466      0.00066537      0.07244075      0.01207244 md_running
   146     73.00000000     91.21706819     31.24720778     30.30678239    300.00000000      1.00422522      0.00503874     -7.60295913     -0.01861991     -7.62157904      0.08114201      0.00065888      0.08114732      0.01352367 md_running
   147     73.50000000     91.41968550     31.24544801     27.91290586    300.00000000      1.00466771      0.00464074     -7.60251418     -0.01842701     -7.62094119      0.08836394      0.00065204      0.08836857      0.01472732 md_running
   148     74.00000000     91.63280446     31.24369315     26.28730117    300.00000000      1.00505860      0.00437047     -7.60219780     -0.01822596     -7.62042376      0.09375211      0.00064489      0.09375612      0.01562535 md_running
   149     74.50000000     91.84615544     31.24194131     25.51610470    300.00000000      1.00531765      0.00424225     -7.60202397     -0.01801795     -7.62004192      0.09713152      0.00063749      0.09713495      0.01618859 md_running
   150     75.00000000     92.05967459     31.24018835     25.54645697    300.00000000      1.00539783      0.00424730     -7.60198373     -0.01780425     -7.61978798      0.09845293      0.00062987      0.09845581      0.01640882 md_running
   151     75.50000000     92.31854770     31.23842854     26.22859010    300.00000000      1.00530889      0.00436071     -7.60205172     -0.01758612     -7.61963784      0.09775442      0.00062210      0.09775676      0.01629240 md_running
   152     76.00000000     92.53057487     31.23665540     27.37366988    300.00000000      1.00510299      0.00455109     -7.60219630     -0.01736487     -7.61956117      0.09512771      0.00061420      0.09512953      0.01585462 md_running
   153     76.50000000     92.74613688     31.23486243     28.80714935    300.00000000      1.00484005      0.00478941     -7.60238832     -0.01714185     -7.61953017      0.09069607      0.00060625      0.09069738      0.01511601 md_running
   154     77.00000000     92.96187575     31.23304384     30.40077566    300.00000000      1.00456377      0.00505437     -7.60260673     -0.01691841     -7.61952513      0.08460495      0.00059829      0.08460576      0.01410083 md_running
   155     77.50000000     93.17854984     31.23119526     32.07602527    300.00000000      1.00429728      0.00533289     -7.60283865     -0.01669594     -7.61953459      0.07703568      0.00059037      0.07703602      0.01283928 md_running
   156     78.00000000     93.39347855     31.22931423     33.78227611    300.00000000      1.00404993      0.00561657     -7.60307625     -0.01647586     -7.61955211      0.06824466      0.00058255      0.06824455      0.01137411 md_running
   157     78.50000000     93.60161937     31.22740069     35.46194313    300.00000000      1.00382594      0.00589582     -7.60331014     -0.01625958     -7.61956972      0.05865313      0.00057488      0.05865260      0.00977552 md_running
   158     79.00000000     93.80890362     31.22545716     37.01945084    300.00000000      1.00363033      0.00615477     -7.60352494     -0.01604853     -7.61957347      0.04902545      0.00056740      0.04902455      0.00817091 md_running
   159     79.50000000     94.01724396     31.22348883     38.30773582    300.00000000      1.00347107      0.00636896     -7.60369583     -0.01584415     -7.61953998      0.04080458      0.00056018      0.04080343      0.00680076 md_running
   160     80.00000000     94.22947308     31.22150337     39.13933701    300.00000000      1.00335880      0.00650722     -7.60379145     -0.01564786     -7.61943930      0.03642153      0.00055325      0.03642040      0.00607026 md_running
   161     80.50000000     94.48591621     31.21951061     39.32154689    300.00000000      1.00330565      0.00653751     -7.60377916     -0.01546108     -7.61924023      0.03818775      0.00054667      0.03818703      0.00636462 md_running
   162     81.00000000     94.69422858     31.21752199     38.70764801    300.00000000      1.00332442      0.00643545     -7.60363392     -0.01528521     -7.61891913      0.04563505      0.00054048      0.04563486      0.00760584 md_running
   163     81.50000000     94.90531745     31.21554991     37.25091918    300.00000000      1.00342821      0.00619326     -7.60334740     -0.01512162     -7.61846902      0.05615734      0.00053474      0.05615758      0.00935956 md_running
   164     82.00000000     95.12127202     31.21360685     35.04286661    300.00000000      1.00362953      0.00582615     -7.60293468     -0.01497165     -7.61790633      0.06747528      0.00052947      0.06747581      0.01124588 md_running
   165     82.50000000     95.34084333     31.21170444     32.32085482    300.00000000      1.00393746      0.00537359     -7.60243523     -0.01483660     -7.61727183      0.07812121      0.00052474      0.07812193      0.01302020 md_running
   166     83.00000000     95.55754431     31.20985261     29.44056618    300.00000000      1.00434994      0.00489472     -7.60190869     -0.01471771     -7.61662640      0.08712904      0.00052056      0.08712986      0.01452151 md_running
   167     83.50000000     95.77230680     31.20805868     26.81586778    300.00000000      1.00483856      0.00445835     -7.60142428     -0.01461618     -7.61604047      0.09385026      0.00051700      0.09385109      0.01564171 md_running
   168     84.00000000     95.98794358     31.20632679     24.83713111    300.00000000      1.00532994      0.00412937     -7.60104764     -0.01453313     -7.61558078      0.09789409      0.00051408      0.09789488      0.01631568 md_running
   169     84.50000000     96.19787981     31.20465755     23.78640807    300.00000000      1.00570480      0.00395468     -7.60082619     -0.01446963     -7.61529582      0.09911643      0.00051184      0.09911710      0.01651941 md_running
   170     85.00000000     96.40665716     31.20304806     23.77089900    300.00000000      1.00584553      0.00395210     -7.60077793     -0.01442664     -7.61520456      0.09762673      0.00051031      0.09762719      0.01627112 md_running
   171     85.50000000     96.66254096     31.20149215     24.69460841    300.00000000      1.00571686      0.00410567     -7.60088696     -0.01440507     -7.61529203      0.09379046      0.00050953      0.09379063      0.01563174 md_running
   172     86.00000000     96.87019985     31.19998083     26.27988634    300.00000000      1.00539450      0.00436924     -7.60110691     -0.01440574     -7.61551266      0.08822500      0.00050953      0.08822476      0.01470417 md_running
   173     86.50000000     97.08399819     31.19850278     28.13606775    300.00000000      1.00500528      0.00467784     -7.60137225     -0.01442938     -7.61580162      0.08177795      0.00051034      0.08177718      0.01362966 md_running
   174     87.00000000     97.30015404     31.19704491     29.85680772    300.00000000      1.00465337      0.00496393     -7.60161470     -0.01447661     -7.61609131      0.07547470      0.00051197      0.07547327      0.01257912 md_running
   175     87.50000000     97.50879702     31.19559313     31.11932017    300.00000000      1.00439447      0.00517383     -7.60178002     -0.01454798     -7.61632801      0.07039377      0.00051446      0.07039159      0.01173230 md_running
   176     88.00000000     97.72280224     31.19413321     31.75561471    300.00000000      1.00424518      0.00527962     -7.60183994     -0.01464394     -7.61648388      0.06737669      0.00051782      0.06737378      0.01122945 md_running
   177     88.50000000     97.93254990     31.19265154     31.77652054    300.00000000      1.00419904      0.00528309     -7.60179634     -0.01476484     -7.61656118      0.06677828      0.00052206      0.06677479      0.01112971 md_running
   178     89.00000000     98.14724273     31.19113599     31.34992369    300.00000000      1.00423560      0.00521217     -7.60167759     -0.01491092     -7.61658852      0.06833278      0.00052721      0.06832893      0.01138880 md_running
   179     89.50000000     98.35676786     31.18957653     30.74367285    300.00000000      1.00432271      0.00511138     -7.60152871     -0.01508234     -7.61661106      0.07131096      0.00053327      0.07130698      0.01188516 md_running
   180     90.00000000     98.57058133     31.18796575     30.24988924    300.00000000      1.00441806      0.00502928     -7.60139889     -0.01527915     -7.61667805      0.07485360      0.00054023      0.07484968      0.01247560 md_running
   181     90.50000000     98.84304306     31.18629930     30.11160278    300.00000000      1.00447580      0.00500629     -7.60132898     -0.01550131     -7.61683029      0.07822402      0.00054811      0.07822030      0.01303734 md_running
   182     91.00000000     99.05850190     31.18457608     30.46961279    300.00000000      1.00446024      0.00506581     -7.60134243     -0.01574866     -7.61709109      0.08089978      0.00055690      0.08089634      0.01348330 md_running
   183     91.50000000     99.26852360     31.18279822     31.34001393    300.00000000      1.00436016      0.00521052     -7.60144221     -0.01602097     -7.61746318      0.08256747      0.00056658      0.08256441      0.01376124 md_running
   184     92.00000000     99.47779346     31.18097088     32.62440951    300.00000000      1.00419213      0.00542406     -7.60161156     -0.01631788     -7.61792943      0.08308900      0.00057715      0.08308640      0.01384817 md_running
   185     92.50000000     99.69644555     31.17910165     34.14708632    300.00000000      1.00398965      0.00567722     -7.60182094     -0.01663894     -7.61845988      0.08245522      0.00058859      0.08245316      0.01374254 md_running
   186     93.00000000     99.90735804     31.17719981     35.70731666    300.00000000      1.00378696      0.00593662     -7.60203655     -0.01698361     -7.61902016      0.08076183      0.00060087      0.08076040      0.01346031 md_running
   187     93.50000000    100.11487073     31.17527535     37.13207630    300.00000000      1.00360831      0.00617350     -7.60222938     -0.01735124     -7.61958063      0.07818761      0.00061397      0.07818690      0.01303127 md_running
   188     94.00000000    100.32927013     31.17333793     38.31499260    300.00000000      1.00346516      0.00637017     -7.60238131     -0.01774110     -7.62012241      0.07498850      0.00062787      0.07498861      0.01249808 md_running
   189     94.50000000    100.54564117     31.17139581     39.23075225    300.00000000      1.00335820      0.00652242     -7.60248845     -0.01815232     -7.62064077      0.07149706      0.00064251      0.07149808      0.01191618 md_running
   190     95.00000000    100.75549592     31.16945490     39.92042212    300.00000000      1.00328113      0.00663708     -7.60255806     -0.01858398     -7.62114204      0.06814129      0.00065788      0.06814327      0.01135688 md_running
   191     95.50000000    101.01773445     31.16751815     40.45274127    300.00000000      1.00322478      0.00672558     -7.60260170     -0.01903503     -7.62163672      0.06546058      0.00067393      0.06546351      0.01091010 md_running
   192     96.00000000    101.22642396     31.16558510     40.87539176    300.00000000      1.00318135      0.00679585     -7.60262791     -0.01950432     -7.62213223      0.06409245      0.00069061      0.06409624      0.01068207 md_running
   193     96.50000000    101.44522791     31.16365181     41.17550791    300.00000000      1.00314795      0.00684575     -7.60263454     -0.01999064     -7.62262519      0.06468265      0.00070789      0.06468707      0.01078044 md_running
   194     97.00000000    101.65543348     31.16171114     41.26845133    300.00000000      1.00312846      0.00686120     -7.60260735     -0.02049266     -7.62310001      0.06768468      0.00072571      0.06768940      0.01128078 md_running
   195     97.50000000    101.86813801     31.15975330     41.02467870    300.00000000      1.00313258      0.00682067     -7.60252421     -0.02100896     -7.62353317      0.07314656      0.00074403      0.07315129      0.01219109 md_running
   196     98.00000000    102.07863445     31.15776661     40.33080926    300.00000000      1.00317264      0.00670531     -7.60236528     -0.02153805     -7.62390333      0.08062161      0.00076280      0.08062613      0.01343694 md_running
   197     98.50000000    102.29332884     31.15573844     39.16433400    300.00000000      1.00325878      0.00651138     -7.60212621     -0.02207836     -7.62420457      0.08922740      0.00078196      0.08923162      0.01487123 md_running
   198     99.00000000    102.50456137     31.15365619     37.64774161    300.00000000      1.00339322      0.00625923     -7.60182713     -0.02262826     -7.62445539      0.09790037      0.00080147      0.09790430      0.01631673 md_running
   199     99.50000000    102.71302895     31.15150828     36.05867821    300.00000000      1.00356382      0.00599504     -7.60151438     -0.02318604     -7.62470042      0.10556214      0.00082126      0.10556585      0.01759369 md_running
   200    100.00000000    102.92078811     31.14928504     34.78920832    300.00000000      1.00373712      0.00578398     -7.60125393     -0.02374996     -7.62500389      0.11123571      0.00084129      0.11123928      0.01853929 md_running
   201    100.50000000    103.18579741     31.14697949     34.26093322    300.00000000      1.00385724      0.00569615     -7.60111689     -0.02431824     -7.62543512      0.11413116      0.00086149      0.11413470      0.01902186 md_running
   202    101.00000000    103.39296297     31.14458801     34.81916187    300.00000000      1.00386209      0.00578896     -7.60116147     -0.02488905     -7.62605052      0.11371955      0.00088181      0.11372320      0.01895326 md_running
   203    101.50000000    103.60562778     31.14211076     36.63685827    300.00000000      1.00371805      0.00609116     -7.60141730     -0.02546057     -7.62687787      0.10976950      0.00090218      0.10977343      0.01829492 md_running
   204    102.00000000    103.82005486     31.13955189     39.65592650    300.00000000      1.00344606      0.00659311     -7.60187509     -0.02603094     -7.62790603      0.10236570      0.00092254      0.10237013      0.01706095 md_running
   205    102.50000000    104.03596015     31.13691923     43.58204629    300.00000000      1.00310922      0.00724586     -7.60248604     -0.02659831     -7.62908435      0.09189573      0.00094282      0.09190096      0.01531596 md_running
   206    103.00000000    104.24566777     31.13422365     47.93390192    300.00000000      1.00277492      0.00796939     -7.60316956     -0.02716085     -7.63033040      0.07902785      0.00096296      0.07903436      0.01317131 md_running
   207    103.50000000    104.45368558     31.13147816     52.13353535    300.00000000      1.00248863      0.00866761     -7.60382859     -0.02771672     -7.63154531      0.06473745      0.00098289      0.06474602      0.01078957 md_running
   208    104.00000000    104.66668808     31.12869682     55.61631575    300.00000000      1.00227109      0.00924665     -7.60436824     -0.02826411     -7.63263235      0.05047609      0.00100254      0.05048796      0.00841268 md_running
   209    104.50000000    104.87920768     31.12589369     57.93758778    300.00000000      1.00212698      0.00963258     -7.60471365     -0.02880125     -7.63351490      0.03875236      0.00102184      0.03876901      0.00645873 md_running
   210    105.00000000    105.09549447     31.12308167     58.85498275    300.00000000      1.00205352      0.00978510     -7.60482370     -0.02932640     -7.63415010      0.03369501      0.00104072      0.03371552      0.00561584 md_running
   211    105.50000000    105.35374739     31.12027154     58.36618193    300.00000000      1.00204520      0.00970383     -7.60469808     -0.02983782     -7.63453590      0.03780666      0.00105912      0.03782604      0.00630111 md_running
   212    106.00000000    105.56008610     31.11747108     56.69632792    300.00000000      1.00209543      0.00942621     -7.60437441     -0.03033386     -7.63470827      0.04779646      0.00107697      0.04781249      0.00796608 md_running
   213    106.50000000    105.77529877     31.11468452     54.24083250    300.00000000      1.00219564      0.00901796     -7.60391911     -0.03081287     -7.63473198      0.05951116      0.00109420      0.05952444      0.00991853 md_running
   214    107.00000000    105.98998722     31.11191223     51.47275243    300.00000000      1.00233324      0.00855775     -7.60341172     -0.03127327     -7.63468499      0.07076739      0.00111075      0.07077869      0.01179456 md_running
   215    107.50000000    106.19859816     31.10915071     48.83612514    300.00000000      1.00249014      0.00811939     -7.60292693     -0.03171352     -7.63464045      0.08055795      0.00112657      0.08056783      0.01342633 md_running
   216    108.00000000    106.41191601     31.10639291     46.65431889    300.00000000      1.00264405      0.00775664     -7.60251886     -0.03213214     -7.63465100      0.08843084      0.00114160      0.08843963      0.01473847 md_running
   217    108.50000000    106.62983422     31.10362882     45.07979402    300.00000000      1.00277378      0.00749487     -7.60221299     -0.03252769     -7.63474068      0.09425186      0.00115579      0.09425979      0.01570864 md_running
   218    109.00000000    106.83930799     31.10084625     44.09894101    300.00000000      1.00286653      0.00733179     -7.60200643     -0.03289882     -7.63490525      0.09807295      0.00116910      0.09808016      0.01634549 md_running
   219    109.50000000    107.05254133     31.09803168     43.58517745    300.00000000      1.00292163      0.00724638     -7.60187744     -0.03324424     -7.63512168      0.10005538      0.00118149      0.10006200      0.01667590 md_running
   220    110.00000000    107.27296459     31.09517120     43.37641627    300.00000000      1.00294776      0.00721167     -7.60179843     -0.03356275     -7.63536118      0.10040293      0.00119291      0.10040910      0.01673382 md_running
   221    110.50000000    107.54046508     31.09225145     43.34642961    300.00000000      1.00295589      0.00720668     -7.60174806     -0.03385325     -7.63560131      0.09931417      0.00120335      0.09932004      0.01655236 md_running
   222    111.00000000    107.75414553     31.08926047     43.44533012    300.00000000      1.00295305      0.00722313     -7.60171815     -0.03411473     -7.63583288      0.09696607      0.00121276      0.09697183      0.01616101 md_running
   223    111.50000000    107.96967034     31.08618852     43.69883434    300.00000000      1.00293992      0.00726527     -7.60171343     -0.03434632     -7.63605975      0.09353264      0.00122112      0.09353853      0.01558877 md_running
   224    112.00000000    108.18029308     31.08302866     44.17297827    300.00000000      1.00291248      0.00734410     -7.60174531     -0.03454725     -7.63629256      0.08923352      0.00122842      0.08923984      0.01487225 md_running
   225    112.50000000    108.38754450     31.07977727     44.92251655    300.00000000      1.00286607      0.00746872     -7.60182368     -0.03471688     -7.63654057      0.08440455      0.00123463      0.08441166      0.01406743 md_running
   226    113.00000000    108.60014362     31.07643418     45.94333301    300.00000000      1.00279984      0.00763844     -7.60194808     -0.03485473     -7.63680281      0.07955102      0.00123973      0.07955933      0.01325850 md_running
   227    113.50000000    108.80249369     31.07300265     47.14577224    300.00000000      1.00271922      0.00783835     -7.60210368     -0.03496045     -7.63706413      0.07537788      0.00124372      0.07538775      0.01256298 md_running
   228    114.00000000    109.01487266     31.06948900     48.35835434    300.00000000      1.00263525      0.00803995     -7.60226154     -0.03503383     -7.63729536      0.07273154      0.00124658      0.07274320      0.01212192 md_running
   229    114.50000000    109.23375621     31.06590202     49.36209543    300.00000000      1.00256145      0.00820683     -7.60238503     -0.03507480     -7.63745983      0.07238229      0.00124830      0.07239568      0.01206371 md_running
   230    115.00000000    109.44704380     31.06225216     49.94824213    300.00000000      1.00251031      0.00830429     -7.60243854     -0.03508345     -7.63752200      0.07467355      0.00124887      0.07468830      0.01244559 md_running
   231    115.50000000    109.70493728     31.05855061     49.98669734    300.00000000      1.00249059      0.00831068     -7.60239968     -0.03506001     -7.63745968      0.07921000      0.00124831      0.07922562      0.01320167 md_running
   232    116.00000000    109.91710987     31.05480830     49.48125171    300.00000000      1.00250533      0.00822664     -7.60226888     -0.03500482     -7.63727370      0.08502377      0.00124661      0.08503988      0.01417063 md_running
   233    116.50000000    110.13742896     31.05103501     48.59313315    300.00000000      1.00255052      0.00807899     -7.60207282     -0.03491839     -7.63699121      0.09091887      0.00124378      0.09093526      0.01515314 md_running
   234    117.00000000    110.34924255     31.04723848     47.62366275    300.00000000      1.00261347      0.00791781     -7.60186204     -0.03480133     -7.63666336      0.09574995      0.00123983      0.09576657      0.01595832 md_running
   235    117.50000000    110.55699988     31.04342388     46.95186097    300.00000000      1.00267227      0.00780611     -7.60170056     -0.03465438     -7.63635494      0.09858763      0.00123478      0.09860455      0.01643127 md_running
   236    118.00000000    110.77145776     31.03959344     46.93752535    300.00000000      1.00269950      0.00780373     -7.60164906     -0.03447838     -7.63612745      0.09881372      0.00122866      0.09883105      0.01646895 md_running
   237    118.50000000    110.98262643     31.03574650     47.81401076    300.00000000      1.00267212      0.00794945     -7.60174753     -0.03427431     -7.63602184      0.09618308      0.00122150      0.09620101      0.01603051 md_running
   238    119.00000000    111.19497674     31.03187971     49.60350241    300.00000000      1.00258397      0.00824697     -7.60200008     -0.03404322     -7.63604330      0.09087345      0.00121334      0.09089220      0.01514557 md_running
   239    119.50000000    111.39351259     31.02798751     52.08577488    300.00000000      1.00245054      0.00865967     -7.60236996     -0.03378627     -7.63615622      0.08353984      0.00120422      0.08355962      0.01392331 md_running
   240    120.00000000    111.60698451     31.02406289     54.83688945    300.00000000      1.00230116      0.00911706     -7.60278586     -0.03350472     -7.63629058      0.07537137      0.00119419      0.07539227      0.01256190 md_running
   241    120.50000000    111.87131798     31.02009821     57.33042563    300.00000000      1.00216556      0.00953163     -7.60315925     -0.03319993     -7.63635919      0.06811208      0.00118330      0.06813377      0.01135201 md_running
   242    121.00000000    112.08427754     31.01608610     59.07161333    300.00000000      1.00206527      0.00982112     -7.60340641     -0.03287336     -7.63627977      0.06384969      0.00117161      0.06387112      0.01064161 md_running
   243    121.50000000    112.29926394     31.01202036     59.72376872    300.00000000      1.00201203      0.00992954     -7.60347036     -0.03252656     -7.63599692      0.06417274      0.00115920      0.06419228      0.01069546 md_running
   244    122.00000000    112.50995072     31.00789684     59.19049691    300.00000000      1.00200984      0.00984088     -7.60333498     -0.03216117     -7.63549615      0.06905660      0.00114612      0.06907311      0.01150943 md_running
   245    122.50000000    112.71862060     31.00371402     57.63187944    300.00000000      1.00205687      0.00958175     -7.60302696     -0.03177894     -7.63480590      0.07698728      0.00113245      0.07700071      0.01283121 md_running
   246    123.00000000    112.93329491     30.99947341     55.41831436    300.00000000      1.00214580      0.00921373     -7.60260885     -0.03138171     -7.63399056      0.08612761      0.00111825      0.08613852      0.01435460 md_running
   247    123.50000000    113.15252044     30.99517969     53.04216463    300.00000000      1.00226243      0.00881867     -7.60216317     -0.03097140     -7.63313457      0.09501236      0.00110360      0.09502140      0.01583539 md_running
   248    124.00000000    113.36570157     30.99084056     51.01202390    300.00000000      1.00238434      0.00848115     -7.60177547     -0.03055002     -7.63232549      0.10264343      0.00108858      0.10265118      0.01710724 md_running
   249    124.50000000    113.55552779     30.98646631     49.75398009    300.00000000      1.00248256      0.00827199     -7.60151744     -0.03011965     -7.63163708      0.10838745      0.00107326      0.10839433      0.01806457 md_running
   250    125.00000000    113.75960825     30.98206918     49.53795770    300.00000000      1.00252902      0.00823607     -7.60143420     -0.02968244     -7.63111664      0.11187718      0.00105771      0.11188354      0.01864620 md_running
   251    125.50000000    114.01680438     30.97766261     50.44150616    300.00000000      1.00250796      0.00838629     -7.60153888     -0.02924060     -7.63077949      0.11293797      0.00104201      0.11294408      0.01882300 md_running
   252    126.00000000    114.23442422     30.97326032     52.35412313    300.00000000      1.00242330      0.00870428     -7.60181284     -0.02879639     -7.63060923      0.11154244      0.00102624      0.11154853      0.01859041 md_running
   253    126.50000000    114.44548235     30.96887532     55.01788849    300.00000000      1.00229544      0.00914715     -7.60221281     -0.02835208     -7.63056489      0.10777914      0.00101048      0.10778540      0.01796319 md_running
   254    127.00000000    114.66053554     30.96451887     58.09348148    300.00000000      1.00215035      0.00965849     -7.60268196     -0.02790999     -7.63059196      0.10184098      0.00099479      0.10184760      0.01697350 md_running
   255    127.50000000    114.87480731     30.96019969     61.23550007    300.00000000      1.00200972      0.01018088     -7.60316206     -0.02747244     -7.63063450      0.09401508      0.00097926      0.09402226      0.01566918 md_running
   256    128.00000000    115.08398567     30.95592330     64.15894002    300.00000000      1.00188676      0.01066692     -7.60360558     -0.02704173     -7.63064730      0.08467870      0.00096397      0.08468663      0.01411312 md_running
   257    128.50000000    115.29537676     30.95169162     66.67866665    300.00000000      1.00178678      0.01108585     -7.60398156     -0.02662016     -7.63060172      0.07432006      0.00094899      0.07432897      0.01238668 md_running
   258    129.00000000    115.51395128     30.94750306     68.70992992    300.00000000      1.00170980      0.01142356     -7.60427625     -0.02621001     -7.63048626      0.06361653      0.00093440      0.06362668      0.01060276 md_running
   259    129.50000000    115.72949917     30.94335271     70.23135568    300.00000000      1.00165337      0.01167651     -7.60448661     -0.02581351     -7.63030011      0.05361191      0.00092028      0.05362345      0.00893532 md_running
   260    130.00000000    115.95197639     30.93923280     71.22667941    300.00000000      1.00161494      0.01184199     -7.60461045     -0.02543284     -7.63004328      0.04605704      0.00090671      0.04606968      0.00767617 md_running
   261    130.50000000    116.21795656     30.93513339     71.63374691    300.00000000      1.00159367      0.01190967     -7.60463755     -0.02507012     -7.62970767      0.04345451      0.00089376      0.04346684      0.00724242 md_running
   262    131.00000000    116.43639553     30.93104312     71.32901873    300.00000000      1.00159130      0.01185901     -7.60454686     -0.02472741     -7.62927427      0.04745486      0.00088152      0.04746502      0.00790914 md_running
   263    131.50000000    116.65279388     30.92694998     70.16251488    300.00000000      1.00161211      0.01166507     -7.60431237     -0.02440671     -7.62871908      0.05694773      0.00087004      0.05695513      0.00949129 md_running
   264    132.00000000    116.87437498     30.92284208     68.03405414    300.00000000      1.00166193      0.01131119     -7.60391673     -0.02410991     -7.62802665      0.06935647      0.00085942      0.06936163      0.01155941 md_running
   265    132.50000000    117.09225613     30.91870824     64.97524412    300.00000000      1.00174660      0.01080264     -7.60336416     -0.02383885     -7.62720300      0.08248696      0.00084972      0.08249050      0.01374783 md_running
   266    133.00000000    117.30555038     30.91453860     61.20042084    300.00000000      1.00186994      0.01017505     -7.60269039     -0.02359524     -7.62628563      0.09475259      0.00084100      0.09475499      0.01579210 md_running
   267    133.50000000    117.52648478     30.91032505     57.10277102    300.00000000      1.00203087      0.00949378     -7.60196120     -0.02338073     -7.62534193      0.10498779      0.00083332      0.10498937      0.01749797 md_running
   268    134.00000000    117.74226427     30.90606154     53.19096033    300.00000000      1.00221928      0.00884341     -7.60126219     -0.02319686     -7.62445905      0.11236332      0.00082676      0.11236429      0.01872722 md_running
   269    134.50000000    117.95252098     30.90174425     49.98489300    300.00000000      1.00241209      0.00831038     -7.60068086     -0.02304505     -7.62372592      0.11638365      0.00082135      0.11638416      0.01939728 md_running
   270    135.00000000    118.16125094     30.89737162     47.90186007    300.00000000      1.00257372      0.00796406     -7.60028748     -0.02292662     -7.62321410      0.11690501      0.00081716      0.11690515      0.01948417 md_running
   271    135.50000000    118.41798040     30.89294422     47.16498293    300.00000000      1.00266660      0.00784155     -7.60011981     -0.02284278     -7.62296258      0.11412955      0.00081422      0.11412938      0.01902159 md_running
   272    136.00000000    118.62977190     30.88846440     47.75597224    300.00000000      1.00266978      0.00793980     -7.60017473     -0.02279459     -7.62296932      0.10858649      0.00081257      0.10858608      0.01809775 md_running
   273    136.50000000    118.84429031     30.88393586     49.42084524    300.00000000      1.00259176      0.00821660     -7.60040995     -0.02278300     -7.62319295      0.10109002      0.00081224      0.10108942      0.01684834 md_running
   274    137.00000000    119.05762280     30.87936289     51.72465557    300.00000000      1.00246482      0.00859963     -7.60075260     -0.02280883     -7.62356143      0.09269900      0.00081327      0.09269827      0.01544983 md_running
   275    137.50000000    119.27358931     30.87474966     54.14184707    300.00000000      1.00232729      0.00900150     -7.60111433     -0.02287275     -7.62398708      0.08466158      0.00081567      0.08466080      0.01411026 md_running
   276    138.00000000    119.48407762     30.87009944     56.16492887    300.00000000      1.00220947      0.00933786     -7.60140987     -0.02297529     -7.62438516      0.07831199      0.00081946      0.07831125      0.01305200 md_running
   277    138.50000000    119.69850672     30.86541406     57.41026951    300.00000000      1.00212925      0.00954491     -7.60157440     -0.02311682     -7.62469123      0.07475434      0.00082465      0.07475377      0.01245906 md_running
   278    139.00000000    119.90779060     30.86069352     57.69708850    300.00000000      1.00209387      0.00959259     -7.60157758     -0.02329758     -7.62487516      0.07445467      0.00083124      0.07445434      0.01240911 md_running
   279    139.50000000    120.11582192     30.85593588     57.08445580    300.00000000      1.00210272      0.00949074     -7.60142898     -0.02351762     -7.62494660      0.07702570      0.00083923      0.07702564      0.01283762 md_running
   280    140.00000000    120.32394258     30.85113738     55.85523631    300.00000000      1.00214829      0.00928637     -7.60117615     -0.02377686     -7.62495302      0.08141087      0.00084861      0.08141105      0.01356848 md_running
   281    140.50000000    120.57416627     30.84629275     54.44178705    300.00000000      1.00221594      0.00905137     -7.60089205     -0.02407504     -7.62496710      0.08635887      0.00085938      0.08635922      0.01439314 md_running
   282    141.00000000    120.78408381     30.84139570     53.30737114    300.00000000      1.00228434      0.00886277     -7.60065495     -0.02441174     -7.62506669      0.09080072      0.00087151      0.09080118      0.01513345 md_running
   283    141.50000000    120.99371418     30.83643951     52.81573342    300.00000000      1.00232983      0.00878103     -7.60052619     -0.02478638     -7.62531256      0.09401817      0.00088498      0.09401867      0.01566969 md_running
   284    142.00000000    121.20311821     30.83141784     53.13172574    300.00000000      1.00233502      0.00883356     -7.60053389     -0.02519819     -7.62573208      0.09564816      0.00089977      0.09564865      0.01594136 md_running
   285    142.50000000    121.42163079     30.82632545     54.18703428    300.00000000      1.00229698      0.00900902     -7.60066617     -0.02564626     -7.62631243      0.09565219      0.00091585      0.09565262      0.01594203 md_running
   286    143.00000000    121.63801961     30.82115886     55.72070919    300.00000000      1.00222794      0.00926400     -7.60087895     -0.02612951     -7.62700846      0.09422614      0.00093318      0.09422648      0.01570436 md_running
   287    143.50000000    121.85215731     30.81591681     57.37483701    300.00000000      1.00214779      0.00953901     -7.60111157     -0.02664669     -7.62775826      0.09171195      0.00095171      0.09171220      0.01528532 md_running
   288    144.00000000    122.06235674     30.81060055     58.80648155    300.00000000      1.00207502      0.00977704     -7.60130625     -0.02719643     -7.62850268      0.08850685      0.00097142      0.08850703      0.01475114 md_running
   289    144.50000000    122.28354095     30.80521391     59.77617735    300.00000000      1.00202163      0.00993826     -7.60142276     -0.02777717     -7.62919993      0.08501012      0.00099223      0.08501029      0.01416835 md_running
   290    145.00000000    122.49993039     30.79976330     60.18879122    300.00000000      1.00199247      0.01000686     -7.60144542     -0.02838724     -7.62983266      0.08160797      0.00101411      0.08160825      0.01360133 md_running
   291    145.50000000    122.76234212     30.79425740     60.08413142    300.00000000      1.00198680      0.00998946     -7.60138136     -0.02902485     -7.63040621      0.07869959      0.00103699      0.07870015      0.01311660 md_running
   292    146.00000000    122.97515175     30.78870672     59.59050060    300.00000000      1.00200034      0.00990739     -7.60125213     -0.02968807     -7.63094021      0.07670340      0.00106082      0.07670445      0.01278390 md_running
   293    146.50000000    123.18986052     30.78312299     58.86279367    300.00000000      1.00202718      0.00978640     -7.60108434     -0.03037488     -7.63145922      0.07606991      0.00108551      0.07607167      0.01267832 md_running
   294    147.00000000    123.40292438     30.77751849     58.02607074    300.00000000      1.00206163      0.00964729     -7.60089897     -0.03108313     -7.63198209      0.07719176      0.00111099      0.07719444      0.01286529 md_running
   295    147.50000000    123.61659427     30.77190526     57.13857276    300.00000000      1.00209998      0.00949973     -7.60070574     -0.03181061     -7.63251635      0.08028739      0.00113720      0.08029110      0.01338123 md_running
   296    148.00000000    123.82751504     30.76629430     56.18304248    300.00000000      1.00214162      0.00934087     -7.60050175     -0.03255501     -7.63305676      0.08531481      0.00116404      0.08531957      0.01421914 md_running
   297    148.50000000    124.03641626     30.76069500     55.08849917    300.00000000      1.00218927      0.00915889     -7.60027441     -0.03331395     -7.63358836      0.09195627      0.00119143      0.09196202      0.01532605 md_running
   298    149.00000000    124.25081701     30.75511455     53.78026751    300.00000000      1.00224779      0.00894139     -7.60001083     -0.03408501     -7.63409584      0.09962580      0.00121928      0.09963245      0.01660430 md_running
   299    149.50000000    124.45966711     30.74955776     52.24480899    300.00000000      1.00232149      0.00868611     -7.59970801     -0.03486567     -7.63457369      0.10751303      0.00124749      0.10752047      0.01791884 md_running
   300    150.00000000    124.66255461     30.74402695     50.58527248    300.00000000      1.00241060      0.00841020     -7.59938267     -0.03565340     -7.63503607      0.11473281      0.00127597      0.11474099      0.01912214 md_running
   301    150.50000000    124.93084866     30.73852220     49.04877074    300.00000000      1.00250724      0.00815474     -7.59907594     -0.03644562     -7.63552156      0.12039333      0.00130462      0.12040220      0.02006556 md_running
   302    151.00000000    125.14125914     30.73304182     48.00799254    300.00000000      1.00259195      0.00798170     -7.59885028     -0.03723969     -7.63608998      0.12366985      0.00133333      0.12367940      0.02061164 md_running
   303    151.50000000    125.33730734     30.72758299     47.88765497    300.00000000      1.00263454      0.00796170     -7.59877761     -0.03803299     -7.63681060      0.12388490      0.00136202      0.12389518      0.02064748 md_running
   304    152.00000000    125.55214082     30.72214272     49.04653383    300.00000000      1.00260440      0.00815437     -7.59891900     -0.03882284     -7.63774184      0.12059524      0.00139056      0.12060632      0.02009921 md_running
   305    152.50000000    125.76293262     30.71671870     51.64729003    300.00000000      1.00248855      0.00858677     -7.59930282     -0.03960655     -7.63890937      0.11366116      0.00141888      0.11367319      0.01894353 md_running
   306    153.00000000    125.97758740     30.71131008     55.56052023    300.00000000      1.00230363      0.00923737     -7.59990801     -0.04038144     -7.64028945      0.10329572      0.00144686      0.10330894      0.01721595 md_running
   307    153.50000000    126.18253087     30.70591798     60.34541468    300.00000000      1.00208799      0.01003290     -7.60066114     -0.04114481     -7.64180594      0.09010321      0.00147442      0.09011800      0.01501720 md_running
   308    154.00000000    126.39350282     30.70054550     65.32417346    300.00000000      1.00188157      0.01086065     -7.60144812     -0.04189397     -7.64334209      0.07513148      0.00150145      0.07514839      0.01252191 md_running
   309    154.50000000    126.59908951     30.69519749     69.73145315    300.00000000      1.00171180      0.01159340     -7.60214023     -0.04262629     -7.64476651      0.06005763      0.00152788      0.06007740      0.01000960 md_running
   310    155.00000000    126.81063824     30.68988007     72.89252875    300.00000000      1.00159177      0.01211895     -7.60262337     -0.04333912     -7.64596249      0.04767415      0.00155361      0.04769703      0.00794569 md_running
   311    155.50000000    127.07729599     30.68460007     74.37402358    300.00000000      1.00152479      0.01236526     -7.60282469     -0.04402991     -7.64685460      0.04209370      0.00157855      0.04211719      0.00701562 md_running
   312    156.00000000    127.28937843     30.67936431     74.06297671    300.00000000      1.00150925      0.01231355     -7.60272515     -0.04469616     -7.64742131      0.04574992      0.00160264      0.04576938      0.00762499 md_running
   313    156.50000000    127.49853114     30.67417901     72.16513294    300.00000000      1.00154129      0.01199802     -7.60235939     -0.04533545     -7.64769484      0.05582898      0.00162579      0.05584335      0.00930483 md_running
   314    157.00000000    127.71175948     30.66904913     69.13732823    300.00000000      1.00161522      0.01149462     -7.60180431     -0.04594547     -7.64774978      0.06817382      0.00164791      0.06818455      0.01136230 md_running
   315    157.50000000    127.92651736     30.66397776     65.57586365    300.00000000      1.00172220      0.01090250     -7.60116008     -0.04652404     -7.64768412      0.08031879      0.00166895      0.08032731      0.01338646 md_running
   316    158.00000000    128.14749606     30.65896561     62.08988686    300.00000000      1.00184862      0.01032293     -7.60052918     -0.04706907     -7.64759825      0.09105151      0.00168883      0.09105880      0.01517525 md_running
   317    158.50000000    128.35870288     30.65401064     59.18712523    300.00000000      1.00197560      0.00984032     -7.59999648     -0.04757864     -7.64757512      0.09978865      0.00170749      0.09979538      0.01663144 md_running
   318    159.00000000    128.56673396     30.64910785     57.19302481    300.00000000      1.00208172      0.00950879     -7.59961688     -0.04805097     -7.64766785      0.10626257      0.00172485      0.10626924      0.01771043 md_running
   319    159.50000000    128.78273898     30.64424926     56.21523575    300.00000000      1.00214950      0.00934622     -7.59940780     -0.04848444     -7.64789223      0.11040868      0.00174085      0.11041570      0.01840145 md_running
   320    160.00000000    128.98909272     30.63942409     56.15796491    300.00000000      1.00217232      0.00933670     -7.59935322     -0.04887759     -7.64823080      0.11230460      0.00175544      0.11231232      0.01871743 md_running
   321    160.50000000    129.24536320     30.63461919     56.78212427    300.00000000      1.00215635      0.00944047     -7.59941235     -0.04922913     -7.64864148      0.11212956      0.00176856      0.11213831      0.01868826 md_running
   322    161.00000000    129.44946044     30.62981957     57.79588403    300.00000000      1.00211585      0.00960902     -7.59953565     -0.04953795     -7.64907360      0.11013174      0.00178017      0.11014183      0.01835529 md_running
   323    161.50000000    129.65222850     30.62500919     58.95113029    300.00000000      1.00206557      0.00980109     -7.59968146     -0.04980311     -7.64948457      0.10659056      0.00179020      0.10660232      0.01776509 md_running
   324    162.00000000    129.85276170     30.62017177     60.11554173    300.00000000      1.00201510      0.00999468     -7.59982730     -0.05002383     -7.64985113      0.10178146      0.00179864      0.10179520      0.01696358 md_running
   325    162.50000000    130.06321203     30.61529174     61.29417905    300.00000000      1.00196709      0.01019064     -7.59997445     -0.05019950     -7.65017395      0.09596930      0.00180544      0.09598538      0.01599488 md_running
   326    163.00000000    130.28006085     30.61035518     62.58981435    300.00000000      1.00191877      0.01040605     -7.60014084     -0.05032970     -7.65047054      0.08942505      0.00181058      0.08944381      0.01490417 md_running
   327    163.50000000    130.49099660     30.60535052     64.11347513    300.00000000      1.00186554      0.01065937     -7.60034607     -0.05041415     -7.65076022      0.08253753      0.00181404      0.08255932      0.01375626 md_running
   328    164.00000000    130.69864670     30.60026908     65.88155113    300.00000000      1.00180524      0.01095332     -7.60059359     -0.05045273     -7.65104632      0.07598701      0.00181582      0.07601203      0.01266450 md_running
   329    164.50000000    130.91405272     30.59510531     67.74855996    300.00000000      1.00174105      0.01126373     -7.60085935     -0.05044550     -7.65130485      0.07087191      0.00181590      0.07089991      0.01181199 md_running
   330    165.00000000    131.12489076     30.58985662     69.41146877    300.00000000      1.00168121      0.01154020     -7.60109205     -0.05039267     -7.65148472      0.06862506      0.00181431      0.06865489      0.01143751 md_running
   331    165.50000000    131.39230389     30.58452295     70.49095347    300.00000000      1.00163628      0.01171967     -7.60122748     -0.05029461     -7.65152209      0.07040242      0.00181105      0.07043213      0.01173374 md_running
   332    166.00000000    131.61283923     30.57910610     70.66222483    300.00000000      1.00161590      0.01174815     -7.60120990     -0.05015186     -7.65136176      0.07618974      0.00180616      0.07621758      0.01269829 md_running
   333    166.50000000    131.83025937     30.57360899     69.78230145    300.00000000      1.00162634      0.01160185     -7.60101486     -0.04996514     -7.65098001      0.08465760      0.00179966      0.08468285      0.01410960 md_running
   334    167.00000000    132.04822265     30.56803500     67.96006723    300.00000000      1.00166923      0.01129889     -7.60066038     -0.04973534     -7.65039572      0.09397807      0.00179160      0.09400089      0.01566301 md_running
   335    167.50000000    132.26601628     30.56238735     65.54707421    300.00000000      1.00174059      0.01089771     -7.60020560     -0.04946353     -7.64966913      0.10246117      0.00178202      0.10248212      0.01707686 md_running
   336    168.00000000    132.47386632     30.55666868     63.05554037    300.00000000      1.00182955      0.01048348     -7.59973699     -0.04915095     -7.64888794      0.10881605      0.00177097      0.10883575      0.01813601 md_running
   337    168.50000000    132.68198757     30.55088075     61.02840227    300.00000000      1.00191803      0.01014645     -7.59934619     -0.04879904     -7.64814523      0.11222259      0.00175851      0.11224167      0.01870377 md_running
   338    169.00000000    132.89445267     30.54502435     59.90015509    300.00000000      1.00198377      0.00995887     -7.59910674     -0.04840942     -7.64751616      0.11234016      0.00174471      0.11235919      0.01872336 md_running
   339    169.50000000    133.10111713     30.53909921     59.88552923    300.00000000      1.00200813      0.00995644     -7.59905483     -0.04798387     -7.64703870      0.10930587      0.00172962      0.10932542      0.01821765 md_running
   340    170.00000000    133.31111248     30.53310412     60.92180507    300.00000000      1.00198530      0.01012873     -7.59918030     -0.04752436     -7.64670466      0.10371808      0.00171333      0.10373869      0.01728635 md_running
   341    170.50000000    133.57950452     30.52703699     62.67641022    300.00000000      1.00192579      0.01042044     -7.59942740     -0.04703302     -7.64646041      0.09661602      0.00169589      0.09663820      0.01610267 md_running
   342    171.00000000    133.79248529     30.52089496     64.61740716    300.00000000      1.00185123      0.01074315     -7.59970672     -0.04651210     -7.64621883      0.08944101      0.00167740      0.08946505      0.01490683 md_running
   343    171.50000000    133.99455891     30.51467463     66.13261339    300.00000000      1.00178520      0.01099506     -7.59991517     -0.04596405     -7.64587922      0.08390298      0.00165794      0.08392872      0.01398383 md_running
   344    172.00000000    134.20366322     30.50837239     66.67549090    300.00000000      1.00174694      0.01108532     -7.59996010     -0.04539141     -7.64535151      0.08160061      0.00163758      0.08162717      0.01360010 md_running
   345    172.50000000    134.40848176     30.50198491     65.90580089    300.00000000      1.00174946      0.01095735     -7.59978395     -0.04479684     -7.64458079      0.08329019      0.00161641      0.08331628      0.01388170 md_running
   346    173.00000000    134.61535436     30.49550973     63.78778493    300.00000000      1.00180009      0.01060522     -7.59938018     -0.04418312     -7.64356331      0.08850236      0.00159454      0.08852687      0.01475039 md_running
   347    173.50000000    134.82312279     30.48894602     60.62058461    300.00000000      1.00190052      0.01007865     -7.59879870     -0.04355311     -7.64235181      0.09589698      0.00157206      0.09591945      0.01598283 md_running
   348    174.00000000    135.03708107     30.48229517     56.98462322    300.00000000      1.00204428      0.00947414     -7.59813724     -0.04290972     -7.64104696      0.10391313      0.00154906      0.10393355      0.01731885 md_running
   349    174.50000000    135.24640206     30.47556140     53.60685726    300.00000000      1.00221209      0.00891256     -7.59751833     -0.04225596     -7.63977429      0.11121074      0.00152566      0.11122937      0.01853512 md_running
   350    175.00000000    135.46103387     30.46875220     51.17849753    300.00000000      1.00236874      0.00850882     -7.59705858     -0.04159485     -7.63865343      0.11685057      0.00150196      0.11686768      0.01947510 md_running
   351    175.50000000    135.72268068     30.46187854     50.18178249    300.00000000      1.00246967      0.00834311     -7.59683947     -0.04092946     -7.63776893      0.12029633      0.00147807      0.12031218      0.02004939 md_running
   352    176.00000000    135.94208767     30.45495473     50.78400902    300.00000000      1.00248137      0.00844324     -7.59688881     -0.04026286     -7.63715167      0.12136335      0.00145410      0.12137815      0.02022723 md_running
   353    176.50000000    136.14306730     30.44799775     52.83091924    300.00000000      1.00240183      0.00878355     -7.59718067     -0.03959814     -7.63677880      0.12014241      0.00143018      0.12015630      0.02002373 md_running
   354    177.00000000    136.35154855     30.44102597     55.93284120    300.00000000      1.00225974      0.00929927     -7.59764910     -0.03893839     -7.63658749      0.11689341      0.00140641      0.11690654      0.01948223 md_running
   355    177.50000000    136.56448409     30.43405750     59.60266894    300.00000000      1.00209379      0.00990941     -7.59821218     -0.03828670     -7.63649888      0.11194550      0.00138293      0.11195798      0.01865758 md_running
   356    178.00000000    136.78033977     30.42710854     63.39161755    300.00000000      1.00193375      0.01053935     -7.59879446     -0.03764614     -7.63644059      0.10563324      0.00135984      0.10564518      0.01760554 md_running
   357    178.50000000    136.99710770     30.42019198     66.98018780    300.00000000      1.00179475      0.01113598     -7.59934285     -0.03701974     -7.63636259      0.09827216      0.00133727      0.09828372      0.01637869 md_running
   358    179.00000000    137.20873577     30.41331650     70.20651760    300.00000000      1.00168055      0.01167238     -7.59983044     -0.03641053     -7.63624097      0.09019644      0.00131532      0.09020779      0.01503274 md_running
   359    179.50000000    137.41848600     30.40648604     73.03854634    300.00000000      1.00158866      0.01214323     -7.60025292     -0.03582147     -7.63607440      0.08184700      0.00129412      0.08185837      0.01364117 md_running
   360    180.00000000    137.63233902     30.39969974     75.51053045    300.00000000      1.00151449      0.01255422     -7.60061636     -0.03525549     -7.63587185      0.07390483      0.00127377      0.07391641      0.01231747 md_running
   361    180.50000000    137.90028680     30.39295221     77.65104797    300.00000000      1.00145397      0.01291009     -7.60092636     -0.03471544     -7.63564180      0.06745649      0.00125438      0.06746841      0.01124275 md_running
   362    181.00000000    138.11093780     30.38623394     79.42648919    300.00000000      1.00140498      0.01320527     -7.60117718     -0.03420411     -7.63538129      0.06397752      0.00123604      0.06398961      0.01066292 md_running
   363    181.50000000    138.33074382     30.37953204     80.71532832    300.00000000      1.00136785      0.01341955     -7.60134857     -0.03372418     -7.63507275      0.06486976      0.00121886      0.06488153      0.01081163 md_running
   364    182.00000000    138.54077554     30.37283109     81.32316122    300.00000000      1.00134506      0.01352061     -7.60140757     -0.03327825     -7.63468582      0.07059443      0.00120293      0.07060536      0.01176574 md_running
   365    182.50000000    138.75824041     30.36611415     81.04119202    300.00000000      1.00134049      0.01347373     -7.60131820     -0.03286880     -7.63418700      0.08030045      0.00118833      0.08031035      0.01338341 md_running
   366    183.00000000    138.96991537     30.35936400     79.73825821    300.00000000      1.00135822      0.01325711     -7.60105747     -0.03249818     -7.63355565      0.09230383      0.00117515      0.09231280      0.01538397 md_running
   367    183.50000000    139.17904956     30.35256435     77.45383851    300.00000000      1.00140105      0.01287731     -7.60063105     -0.03216861     -7.63279967      0.10485877      0.00116345      0.10486703      0.01747646 md_running
   368    184.00000000    139.38712899     30.34570115     74.45982722    300.00000000      1.00146870      0.01237953     -7.60008387     -0.03188215     -7.63196602      0.11641594      0.00115331      0.11642370      0.01940266 md_running
   369    184.50000000    139.60091229     30.33876386     71.26422093    300.00000000      1.00155524      0.01184823     -7.59950078     -0.03164070     -7.63114148      0.12567181      0.00114479      0.12567924      0.02094530 md_running
   370    185.00000000    139.81050207     30.33174651     68.53544183    300.00000000      1.00164627      0.01139455     -7.59899451     -0.03144599     -7.63044050      0.13161194      0.00113796      0.13161918      0.02193532 md_running
   371    185.50000000    140.07151000     30.32464844     66.95351859    300.00000000      1.00171847      0.01113155     -7.59867970     -0.03129956     -7.62997926      0.13357514      0.00113285      0.13358231      0.02226252 md_running
   372    186.00000000    140.28017072     30.31747465     67.02523928    300.00000000      1.00174587      0.01114347     -7.59864275     -0.03120277     -7.62984551      0.13131458      0.00112952      0.13132176      0.02188576 md_running
   373    186.50000000    140.49536554     30.31023556     68.92288048    300.00000000      1.00171310      0.01145897     -7.59891323     -0.03115676     -7.63006999      0.12504820      0.00112801      0.12505548      0.02084137 md_running
   374    187.00000000    140.70480985     30.30294604     72.40760009    300.00000000      1.00162610      0.01203833     -7.59945155     -0.03116248     -7.63061402      0.11546233      0.00112835      0.11546977      0.01924372 md_running
   375    187.50000000    140.92111319     30.29562378     76.87231274    300.00000000      1.00150891      0.01278062     -7.60015546     -0.03122065     -7.63137611      0.10370083      0.00113056      0.10370848      0.01728347 md_running
   376    188.00000000    141.13661055     30.28828717     81.49312521    300.00000000      1.00138982      0.01354887     -7.60088603     -0.03133180     -7.63221783      0.09131092      0.00113467      0.09131877      0.01521849 md_running
   377    188.50000000    141.34751126     30.28095299     85.43762138    300.00000000      1.00129000      0.01420467     -7.60150303     -0.03149621     -7.63299924      0.08019088      0.00114070      0.08019877      0.01336515 md_running
   378    189.00000000    141.56013295     30.27363454     88.06526126    300.00000000      1.00122067      0.01464154     -7.60189834     -0.03171397     -7.63361230      0.07237000      0.00114865      0.07237758      0.01206167 md_running
   379    189.50000000    141.76983347     30.26634024     89.05704146    300.00000000      1.00118523      0.01480643     -7.60201844     -0.03198494     -7.63400339      0.06925244      0.00115852      0.06925919      0.01154207 md_running
   380    190.00000000    141.97897197     30.25907302     88.44925668    300.00000000      1.00118238      0.01470538     -7.60186973     -0.03230877     -7.63417851      0.07086895      0.00117030      0.07087454      0.01181149 md_running
   381    190.50000000    142.24503969     30.25183019     86.58522687    300.00000000      1.00120778      0.01439547     -7.60151005     -0.03268491     -7.63419495      0.07583417      0.00118397      0.07583860      0.01263903 md_running
   382    191.00000000    142.46061942     30.24460386     84.00598819    300.00000000      1.00125444      0.01396665     -7.60103059     -0.03311257     -7.63414316      0.08229750      0.00119953      0.08230105      0.01371625 md_running
   383    191.50000000    142.68164503     30.23738175     81.31022542    300.00000000      1.00131271      0.01351846     -7.60053213     -0.03359080     -7.63412293      0.08876880      0.00121693      0.08877182      0.01479480 md_running
   384    192.00000000    142.88644474     30.23014812     79.01589977    300.00000000      1.00137101      0.01313701     -7.60010190     -0.03411841     -7.63422030      0.09432330      0.00123613      0.09432610      0.01572055 md_running
   385    192.50000000    143.09839928     30.22288498     77.45281781    300.00000000      1.00141812      0.01287714     -7.59979513     -0.03469403     -7.63448916      0.09849887      0.00125710      0.09850173      0.01641648 md_running
   386    193.00000000    143.30671541     30.21557321     76.70663044    300.00000000      1.00144666      0.01275308     -7.59962630     -0.03531611     -7.63494241      0.10118201      0.00127977      0.10118519      0.01686367 md_running
   387    193.50000000    143.51692168     30.20819385     76.62394392    300.00000000      1.00145593      0.01273933     -7.59956931     -0.03598290     -7.63555221      0.10250508      0.00130408      0.10250882      0.01708418 md_running
   388    194.00000000    143.72403487     30.20072929     76.87760502    300.00000000      1.00145188      0.01278150     -7.59956856     -0.03669248     -7.63626105      0.10277110      0.00132996      0.10277562      0.01712852 md_running
   389    194.50000000    143.92066391     30.19316445     77.07868038    300.00000000      1.00144426      0.01281493     -7.59955822     -0.03744277     -7.63700099      0.10237369      0.00135734      0.10237920      0.01706228 md_running
   390    195.00000000    144.12684851     30.18548794     76.90576446    300.00000000      1.00144265      0.01278618     -7.59948351     -0.03823149     -7.63771499      0.10170149      0.00138612      0.10170815      0.01695025 md_running
   391    195.50000000    144.39225306     30.17769302     76.21291266    300.00000000      1.00145336      0.01267099     -7.59931961     -0.03905623     -7.63837583      0.10103608      0.00141622      0.10104400      0.01683935 md_running
   392    196.00000000    144.60586294     30.16977853     75.07830983    300.00000000      1.00147774      0.01248236     -7.59907956     -0.03991442     -7.63899398      0.10048142      0.00144752      0.10049065      0.01674690 md_running
   393    196.50000000    144.81267618     30.16174927     73.77030887    300.00000000      1.00151177      0.01226489     -7.59880915     -0.04080335     -7.63961250      0.09998741      0.00147994      0.09999796      0.01666457 md_running
   394    197.00000000    145.02271926     30.15361602     72.63763132    300.00000000      1.00154702      0.01207657     -7.59856787     -0.04172015     -7.64028802      0.09946693      0.00151336      0.09947874      0.01657782 md_running
   395    197.50000000    145.23054671     30.14539491     71.96263945    300.00000000      1.00157365      0.01196435     -7.59840388     -0.04266182     -7.64106570      0.09895373      0.00154767      0.09896669      0.01649229 md_running
   396    198.00000000    145.43710593     30.13710615     71.83932066    300.00000000      1.00158499      0.01194385     -7.59833349     -0.04362525     -7.64195874      0.09874153      0.00158275      0.09875545      0.01645692 md_running
   397    198.50000000    145.63063980     30.12877219     72.13089322    300.00000000      1.00158116      0.01199232     -7.59833345     -0.04460719     -7.64294063      0.09934571      0.00161848      0.09936028      0.01655762 md_running
   398    199.00000000    145.83271404     30.12041543     72.52630377    300.00000000      1.00156927      0.01205806     -7.59835081     -0.04560428     -7.64395509      0.10132273      0.00165475      0.10133755      0.01688712 md_running
   399    199.50000000    146.03769130     30.11205587     72.67195933    300.00000000      1.00155976      0.01208228     -7.59832520     -0.04661309     -7.64493829      0.10498963      0.00169143      0.10500425      0.01749827 md_running
   400    200.00000000    146.24755238     30.10370905     72.32598067    300.00000000      1.00156178      0.01202476     -7.59821509     -0.04763008     -7.64584517      0.11016991      0.00172840      0.11018399      0.01836165 md_running
   401    200.50000000    146.50788532     30.09538450     71.47713033    300.00000000      1.00157950      0.01188363     -7.59801818     -0.04865168     -7.64666985      0.11607082      0.00176553      0.11608419      0.01934514 md_running
   402    201.00000000    146.71425105     30.08708503     70.37921558    300.00000000      1.00161004      0.01170109     -7.59777722     -0.04967424     -7.64745146      0.12156729      0.00180272      0.12157995      0.02026122 md_running
   403    201.50000000    146.92492709     30.07880669     69.49242954    300.00000000      1.00164297      0.01155366     -7.59756993     -0.05069412     -7.64826404      0.12547786      0.00183982      0.12548993      0.02091298 md_running
   404    202.00000000    147.13098052     30.07053942     69.35753160    300.00000000      1.00166188      0.01153123     -7.59748809     -0.05170764     -7.64919574      0.12677051      0.00187674      0.12678221      0.02112842 md_running
   405    202.50000000    147.33454045     30.06226809     70.43924628    300.00000000      1.00164945      0.01171107     -7.59761027     -0.05271117     -7.65032144      0.12471081      0.00191333      0.12472242      0.02078514 md_running
   406    203.00000000    147.55009284     30.05397385     72.98162687    300.00000000      1.00159563      0.01213377     -7.59797841     -0.05370107     -7.65167948      0.11894670      0.00194948      0.11895856      0.01982445 md_running
   407    203.50000000    147.76294898     30.04563550     76.91332955    300.00000000      1.00150376      0.01278744     -7.59858110     -0.05467379     -7.65325488      0.10953704      0.00198507      0.10954961      0.01825617 md_running
   408    204.00000000    147.97523100     30.03723083     81.82642251    300.00000000      1.00138947      0.01360428     -7.59935035     -0.05562581     -7.65497615      0.09697032      0.00201997      0.09698424      0.01616172 md_running
   409    204.50000000    148.18049384     30.02873794     87.03481049    300.00000000      1.00127312      0.01447022     -7.60017100     -0.05655371     -7.65672472      0.08219295      0.00205407      0.08220915      0.01369882 md_running
   410    205.00000000    148.38347753     30.02013656     91.70122320    300.00000000      1.00117230      0.01524604     -7.60090210     -0.05745418     -7.65835628      0.06678600      0.00208724      0.06680585      0.01113100 md_running
   411    205.50000000    148.63358720     30.01140945     95.00923304    300.00000000      1.00109873      0.01579603     -7.60140572     -0.05832401     -7.65972973      0.05348711      0.00211937      0.05351204      0.00891452 md_running
   412    206.00000000    148.84062146     30.00254383     96.34377212    300.00000000      1.00105871      0.01601790     -7.60157812     -0.05916010     -7.66073822      0.04661413      0.00215033      0.04664315      0.00776902 md_running
   413    206.50000000    149.05048640     29.99353285     95.43222279    300.00000000      1.00105508      0.01586635     -7.60137251     -0.05995951     -7.66133202      0.04954403      0.00218000      0.04957195      0.00825734 md_running
   414    207.00000000    149.25591763     29.98437669     92.41238294    300.00000000      1.00108853      0.01536428     -7.60081192     -0.06071942     -7.66153134      0.06020589      0.00220829      0.06022946      0.01003431 md_running
   415    207.50000000    149.46412977     29.97508336     87.80774704    300.00000000      1.00115774      0.01459872     -7.59998407     -0.06143717     -7.66142124      0.07402908      0.00223506      0.07404875      0.01233818 md_running
   416    208.00000000    149.67968817     29.96566876     82.40376267    300.00000000      1.00125815      0.01370027     -7.59902139     -0.06211025     -7.66113164      0.08795539      0.00226024      0.08797230      0.01465923 md_running
   417    208.50000000    149.88597682     29.95615585     77.05614043    300.00000000      1.00138008      0.01281118     -7.59806824     -0.06273629     -7.66080453      0.10041563      0.00228371      0.10043064      0.01673594 md_running
   418    209.00000000    150.09559154     29.94657300     72.49090863    300.00000000      1.00150773      0.01205218     -7.59724670     -0.06331310     -7.66055980      0.11069372      0.00230538      0.11070739      0.01844895 md_running
   419    209.50000000    150.30719096     29.93695145     69.16326087    300.00000000      1.00162141      0.01149893     -7.59663305     -0.06383864     -7.66047169      0.11854105      0.00232518      0.11855373      0.01975684 md_running
   420    210.00000000    150.52421506     29.92732230     67.21715212    300.00000000      1.00170362      0.01117538     -7.59625071     -0.06431106     -7.66056177      0.12398087      0.00234303      0.12399279      0.02066348 md_running
   421    210.50000000    150.79737507     29.91771325     66.54367704    300.00000000      1.00174561      0.01106341     -7.59608055     -0.06472868     -7.66080923      0.12715796      0.00235888      0.12716929      0.02119299 md_running
   422    211.00000000    151.00526136     29.90814573     66.90058704    300.00000000      1.00174929      0.01112274     -7.59608137     -0.06508999     -7.66117136      0.12822935      0.00237266      0.12824026      0.02137156 md_running
   423    211.50000000    151.22150779     29.89863265     68.03873643    300.00000000      1.00172304      0.01131197     -7.59621116     -0.06539372     -7.66160488      0.12730688      0.00238435      0.12731753      0.02121781 md_running
   424    212.00000000    151.43195973     29.88917715     69.78993012    300.00000000      1.00167581      0.01160312     -7.59644167     -0.06563880     -7.66208047      0.12444600      0.00239390      0.12445663      0.02074100 md_running
   425    212.50000000    151.64701775     29.87977244     72.09489658    300.00000000      1.00161361      0.01198634     -7.59676367     -0.06582438     -7.66258805      0.11967118      0.00240129      0.11968208      0.01994520 md_running
   426    213.00000000    151.85669793     29.87040254     74.97346149    300.00000000      1.00153936      0.01246492     -7.59718143     -0.06594985     -7.66313128      0.11303677      0.00240652      0.11304837      0.01883946 md_running
   427    213.50000000    152.06499412     29.86104382     78.45796502    300.00000000      1.00145485      0.01304425     -7.59770112     -0.06601486     -7.66371598      0.10470700      0.00240957      0.10471987      0.01745117 md_running
   428    214.00000000    152.27414507     29.85166689     82.51645511    300.00000000      1.00136286      0.01371900     -7.59831835     -0.06601930     -7.66433764      0.09505111      0.00241045      0.09506603      0.01584185 md_running
   429    214.50000000    152.49559579     29.84223868     86.99097404    300.00000000      1.00126816      0.01446293     -7.59900711     -0.06596331     -7.66497042      0.08480144      0.00240917      0.08481943      0.01413357 md_running
   430    215.00000000    152.71300239     29.83272467     91.57107324    300.00000000      1.00117715      0.01522441     -7.59971558     -0.06584731     -7.66556289      0.07524016      0.00240575      0.07526237      0.01254003 md_running
   431    215.50000000    152.98077144     29.82309103     95.81323026    300.00000000      1.00109667      0.01592970     -7.60036952     -0.06567197     -7.66604149      0.06834605      0.00240020      0.06837313      0.01139101 md_running
   432    216.00000000    153.19790967     29.81330676     99.20823728    300.00000000      1.00103271      0.01649414     -7.60088298     -0.06543824     -7.66632121      0.06644353      0.00239255      0.06647455      0.01107392 md_running
   433    216.50000000    153.41502413     29.80334574    101.28888020    300.00000000      1.00098978      0.01684007     -7.60117661     -0.06514729     -7.66632390      0.07080489      0.00238285      0.07083731      0.01180081 md_running
   434    217.00000000    153.62225066     29.79318866    101.76147934    300.00000000      1.00097058      0.01691864     -7.60119995     -0.06480057     -7.66600052      0.08032108      0.00237113      0.08035274      0.01338685 md_running
   435    217.50000000    153.83153055     29.78282471    100.61811318    300.00000000      1.00097579      0.01672855     -7.60095089     -0.06439976     -7.66535064      0.09242312      0.00235743      0.09245332      0.01540385 md_running
   436    218.00000000    154.04043124     29.77225290     98.18190730    300.00000000      1.00100355      0.01632351     -7.60048325     -0.06394675     -7.66443000      0.10461672      0.00234182      0.10464565      0.01743612 md_running
   437    218.50000000    154.25507847     29.76148279     95.06237227    300.00000000      1.00104874      0.01580486     -7.59989958     -0.06344368     -7.66334326      0.11496061      0.00232436      0.11498876      0.01916010 md_running
   438    219.00000000    154.47154417     29.75053426     92.01662949    300.00000000      1.00110211      0.01529848     -7.59932777     -0.06289286     -7.66222063      0.12212246      0.00230511      0.12215035      0.02035374 md_running
   439    219.50000000    154.68848503     29.73943633     89.74738385    300.00000000      1.00115099      0.01492120     -7.59888700     -0.06229679     -7.66118379      0.12537305      0.00228415      0.12540120      0.02089551 md_running
   440    220.00000000    154.90565687     29.72822486     88.70116497    300.00000000      1.00118262      0.01474726     -7.59865293     -0.06165814     -7.66031107      0.12460728      0.00226158      0.12463616      0.02076788 md_running
   441    220.50000000    155.17329132     29.71693939     88.93983172    300.00000000      1.00118976      0.01478694     -7.59863640     -0.06097975     -7.65961616      0.12035359      0.00223748      0.12038361      0.02005893 md_running
   442    221.00000000    155.38734607     29.70561925     90.13366982    300.00000000      1.00117447      0.01498543     -7.59878158     -0.06026459     -7.65904617      0.11372480      0.00221197      0.11375622      0.01895413 md_running
   443    221.50000000    155.60795379     29.69429959     91.67637264    300.00000000      1.00114693      0.01524191     -7.59898594     -0.05951576     -7.65850170      0.10630240      0.00218517      0.10633520      0.01771707 md_running
   444    222.00000000    155.82706073     29.68300791     92.87662994    300.00000000      1.00112032      0.01544146     -7.59913255     -0.05873652     -7.65786907      0.09989002      0.00215718      0.09992368      0.01664834 md_running
   445    222.50000000    156.03648654     29.67176155     93.16060543    300.00000000      1.00110599      0.01548868     -7.59912449     -0.05793021     -7.65705470      0.09612323      0.00212816      0.09615663      0.01602054 md_running
   446    223.00000000    156.25660461     29.66056651     92.22260074    300.00000000      1.00111122      0.01533273     -7.59891023     -0.05710032     -7.65601056      0.09582743      0.00209823      0.09585918      0.01597124 md_running
   447    223.50000000    156.46958402     29.64941750     90.08327240    300.00000000      1.00113897      0.01497705     -7.59849360     -0.05625044     -7.65474404      0.09872756      0.00206754      0.09875661      0.01645459 md_running
   448    224.00000000    156.68828505     29.63829906     87.06196071    300.00000000      1.00118817      0.01447473     -7.59792827     -0.05538424     -7.65331251      0.10379071      0.00203624      0.10381667      0.01729845 md_running
   449    224.50000000    156.90208437     29.62718748     83.68854067    300.00000000      1.00125355      0.01391387     -7.59730355     -0.05450552     -7.65180907      0.10971868      0.00200448      0.10974175      0.01828645 md_running
   450    225.00000000    157.10907904     29.61605309     80.57687806    300.00000000      1.00132525      0.01339653     -7.59672248     -0.05361813     -7.65034061      0.11535296      0.00197240      0.11537362      0.01922549 md_running
   451    225.50000000    157.36221492     29.60486279     78.28887731    300.00000000      1.00138951      0.01301614     -7.59628014     -0.05272600     -7.64900614      0.11985777      0.00194017      0.11987658      0.01997629 md_running
   452    226.00000000    157.56742187     29.59358251     77.21881371    300.00000000      1.00143171      0.01283823     -7.59604245     -0.05183312     -7.64787557      0.12271482      0.00190793      0.12273232      0.02045247 md_running
   453    226.50000000    157.77229344     29.58217957     77.51959605    300.00000000      1.00144145      0.01288824     -7.59603543     -0.05094351     -7.64697894      0.12368160      0.00187583      0.12369828      0.02061360 md_running
   454    227.00000000    157.98795004     29.57062498     79.08382061    300.00000000      1.00141725      0.01314830     -7.59624097     -0.05006121     -7.64630218      0.12273673      0.00184402      0.12275303      0.02045612 md_running
   455    227.50000000    158.20931785     29.55889541     81.58517983    300.00000000      1.00136689      0.01356417     -7.59660394     -0.04919028     -7.64579423      0.12002769      0.00181264      0.12004401      0.02000461 md_running
   456    228.00000000    158.43117272     29.54697513     84.57153834    300.00000000      1.00130327      0.01406068     -7.59704803     -0.04833477     -7.64538280      0.11582250      0.00178184      0.11583920      0.01930375 md_running
   457    228.50000000    158.64432184     29.53485754     87.58546415    300.00000000      1.00123886      0.01456177     -7.59749622     -0.04749866     -7.64499487      0.11044697      0.00175176      0.11046438      0.01840783 md_running
   458    229.00000000    158.85350030     29.52254640     90.27658500    300.00000000      1.00118222      0.01500919     -7.59788953     -0.04668591     -7.64457543      0.10422405      0.00172253      0.10424247      0.01737068 md_running
   459    229.50000000    159.06343638     29.51005652     92.46943974    300.00000000      1.00113709      0.01537377     -7.59819848     -0.04590039     -7.64409887      0.09743336      0.00169428      0.09745307      0.01623889 md_running
   460    230.00000000    159.28569301     29.49741361     94.16179784    300.00000000      1.00110331      0.01565513     -7.59842371     -0.04514588     -7.64356959      0.09031868      0.00166715      0.09033994      0.01505311 md_running
   461    230.50000000    159.55166295     29.48465306     95.45293334    300.00000000      1.00107851      0.01586980     -7.59858262     -0.04442604     -7.64300866      0.08319698      0.00164127      0.08321999      0.01386616 md_running
   462    231.00000000    159.76053669     29.47181760     96.43243548    300.00000000      1.00106002      0.01603265     -7.59869135     -0.04374440     -7.64243575      0.07666247      0.00161674      0.07668724      0.01277708 md_running
   463    231.50000000    159.96919499     29.45895378     97.08007359    300.00000000      1.00104663      0.01614032     -7.59874693     -0.04310433     -7.64185126      0.07178420      0.00159371      0.07181029      0.01196403 md_running
   464    232.00000000    160.17760532     29.44610782     97.22681743    300.00000000      1.00103958      0.01616472     -7.59872082     -0.04250903     -7.64122985      0.07009628      0.00157227      0.07012245      0.01168271 md_running
   465    232.50000000    160.38757982     29.43332117     96.59785541    300.00000000      1.00104247      0.01606015     -7.59856611     -0.04196154     -7.64052766      0.07293767      0.00155256      0.07296213      0.01215628 md_running
   466    233.00000000    160.59135381     29.42062646     94.91868680    300.00000000      1.00106024      0.01578097     -7.59823571     -0.04146470     -7.63970042      0.08051904      0.00153466      0.08054046      0.01341984 md_running
   467    233.50000000    160.79908878     29.40804452     92.04398839    300.00000000      1.00109791      0.01530303     -7.59770414     -0.04102115     -7.63872529      0.09178114      0.00151869      0.09179919      0.01529686 md_running
   468    234.00000000    161.01134059     29.39558262     88.06566095    300.00000000      1.00115921      0.01464160     -7.59698583     -0.04063331     -7.63761914      0.10502335      0.00150475      0.10503845      0.01750389 md_running
   469    234.50000000    161.23125297     29.38323429     83.36395901    300.00000000      1.00124485      0.01385991     -7.59614426     -0.04030341     -7.63644767      0.11839977      0.00149292      0.11841254      0.01973330 md_running
   470    235.00000000    161.44696968     29.37098031     78.57358619    300.00000000      1.00134994      0.01306347     -7.59528576     -0.04003344     -7.63531920      0.13032896      0.00148329      0.13034000      0.02172149 md_running
   471    235.50000000    161.71711987     29.35879091     74.47496253    300.00000000      1.00146113      0.01238204     -7.59454173     -0.03982517     -7.63436690      0.13952505      0.00147594      0.13953486      0.02325418 md_running
   472    236.00000000    161.92874396     29.34662859     71.84295026    300.00000000      1.00155523      0.01194445     -7.59404236     -0.03968014     -7.63372250      0.14503458      0.00147093      0.14504358      0.02417243 md_running
   473    236.50000000    162.14476560     29.33445138     71.28513474    300.00000000      1.00160384      0.01185171     -7.59389024     -0.03959965     -7.63348989      0.14628046      0.00146832      0.14628899      0.02438008 md_running
   474    237.00000000    162.34980397     29.32221619     73.10738002    300.00000000      1.00158608      0.01215467     -7.59413733     -0.03958476     -7.63372209      0.14309683      0.00146815      0.14310523      0.02384947 md_running
   475    237.50000000    162.56491165     29.30988200     77.23780340    300.00000000      1.00150184      0.01284139     -7.59477197     -0.03963628     -7.63440825      0.13573887      0.00147046      0.13574746      0.02262314 md_running
   476    238.00000000    162.77461865     29.29741254     83.22872397    300.00000000      1.00137249      0.01383743     -7.59571942     -0.03975476     -7.63547418      0.12485998      0.00147528      0.12486915      0.02081000 md_running
   477    238.50000000    162.98314130     29.28477856     90.33851050    300.00000000      1.00122776      0.01501948     -7.59685529     -0.03994052     -7.63679581      0.11147835      0.00148261      0.11148856      0.01857972 md_running
   478    239.00000000    163.19677018     29.27195966     97.67629184    300.00000000      1.00109213      0.01623945     -7.59802980     -0.04019362     -7.63822342      0.09694752      0.00149247      0.09695936      0.01615792 md_running
   479    239.50000000    163.40348473     29.25894592    104.37924111    300.00000000      1.00097953      0.01735386     -7.59909761     -0.04051384     -7.63961145      0.08300391      0.00150484      0.08301805      0.01383399 md_running
   480    240.00000000    163.61304686     29.24573913    109.78031742    300.00000000      1.00089489      0.01825183     -7.59994666     -0.04090072     -7.64084738      0.07168830      0.00151969      0.07170523      0.01194805 md_running
   481    240.50000000    163.87356997     29.23235344    113.51879489    300.00000000      1.00083760      0.01887339     -7.60051607     -0.04135354     -7.64186961      0.06499986      0.00153701      0.06501934      0.01083331 md_running
   482    241.00000000    164.08727406     29.21881510    115.57190783    300.00000000      1.00080423      0.01921473     -7.60080251     -0.04187131     -7.64267382      0.06402972      0.00155674      0.06405042      0.01067162 md_running
   483    241.50000000    164.30252413     29.20516119    116.20582761    300.00000000      1.00078996      0.01932013     -7.60085095     -0.04245278     -7.64330373      0.06797084      0.00157883      0.06799127      0.01132847 md_running
   484    242.00000000    164.51319263     29.19143693    115.85719758    300.00000000      1.00078938      0.01926216     -7.60073539     -0.04309644     -7.64383183      0.07475135      0.00160323      0.07477076      0.01245856 md_running
   485    242.50000000    164.72587780     29.17769188    114.98367324    300.00000000      1.00079709      0.01911693     -7.60053322     -0.04380051     -7.64433373      0.08248904      0.00162985      0.08250732      0.01374817 md_running
   486    243.00000000    164.93966769     29.16397535    113.93699882    300.00000000      1.00080853      0.01894292     -7.60030360     -0.04456296     -7.64486657      0.09004415      0.00165861      0.09006144      0.01500736 md_running
   487    243.50000000    165.14975615     29.15033143    112.89947514    300.00000000      1.00082073      0.01877042     -7.60007659     -0.04538151     -7.64545810      0.09687439      0.00168944      0.09689086      0.01614573 md_running
   488    244.00000000    165.36258891     29.13679448    111.89181014    300.00000000      1.00083263      0.01860289     -7.59985509     -0.04625361     -7.64610870      0.10277630      0.00172223      0.10279210      0.01712938 md_running
   489    244.50000000    165.58041599     29.12338560    110.83423976    300.00000000      1.00084473      0.01842706     -7.59962487     -0.04717649     -7.64680136      0.10767283      0.00175689      0.10768808      0.01794547 md_running
   490    245.00000000    165.79015218     29.11011066    109.62835564    300.00000000      1.00085832      0.01822657     -7.59936896     -0.04814715     -7.64751611      0.11150917      0.00179331      0.11152399      0.01858486 md_running
   491    245.50000000    166.04599358     29.09695988    108.22753347    300.00000000      1.00087454      0.01799367     -7.59907907     -0.04916236     -7.64824144      0.11421141      0.00183137      0.11422594      0.01903523 md_running
   492    246.00000000    166.25136813     29.08390913    106.67571121    300.00000000      1.00089362      0.01773567     -7.59876249     -0.05021872     -7.64898120      0.11569407      0.00187097      0.11570850      0.01928235 md_running
   493    246.50000000    166.46355212     29.07092229    105.10834369    300.00000000      1.00091455      0.01747508     -7.59844209     -0.05131260     -7.64975468      0.11589384      0.00191199      0.11590839      0.01931564 md_running
   494    247.00000000    166.67543566     29.05795455    103.71962163    300.00000000      1.00093509      0.01724420     -7.59815061     -0.05244023     -7.65059084      0.11480630      0.00195429      0.11482124      0.01913438 md_running
   495    247.50000000    166.88049671     29.04495599    102.70781175    300.00000000      1.00095223      0.01707598     -7.59792160     -0.05359770     -7.65151931      0.11253445      0.00199775      0.11255012      0.01875574 md_running
   496    248.00000000    167.09217482     29.03187502    102.21316449    300.00000000      1.00096314      0.01699374     -7.59777896     -0.05478096     -7.65255992      0.10935659      0.00204223      0.10937335      0.01822610 md_running
   497    248.50000000    167.30383816     29.01866177    102.26234854    300.00000000      1.00096619      0.01700191     -7.59772745     -0.05598584     -7.65371330      0.10576722      0.00208759      0.10578545      0.01762787 md_running
   498    249.00000000    167.52123811     29.00527099    102.73921689    300.00000000      1.00096189      0.01708120     -7.59774775     -0.05720810     -7.65495585      0.10251902      0.00213368      0.10253901      0.01708650 md_running
   499    249.50000000    167.73331864     28.99166464    103.39671187    300.00000000      1.00095302      0.01719051     -7.59779801     -0.05844342     -7.65624144      0.10054221      0.00218035      0.10056407      0.01675703 md_running
   500    250.00000000    167.94510892     28.97781413    103.91193265    300.00000000      1.00094388      0.01727617     -7.59782383     -0.05968744     -7.65751127      0.10073273      0.00222744      0.10075626      0.01678879 md_running
   501    250.50000000    168.21027555     28.96370220    103.97739074    300.00000000      1.00093910      0.01728705     -7.59777254     -0.06093574     -7.65870828      0.10364198      0.00227478      0.10366672      0.01727366 md_running
   502    251.00000000    168.41895466     28.94932438    103.41186902    300.00000000      1.00094227      0.01719303     -7.59761282     -0.06218393     -7.65979675      0.10911909      0.00232220      0.10914448      0.01818651 md_running
   503    251.50000000    168.62691758     28.93468968    102.25639996    300.00000000      1.00095470      0.01700092     -7.59735097     -0.06342758     -7.66077855      0.11612623      0.00236954      0.11615190      0.01935437 md_running
   504    252.00000000    168.83554411     28.91982064    100.80179129    300.00000000      1.00097443      0.01675908     -7.59703603     -0.06466228     -7.66169831      0.12317625      0.00241662      0.12320208      0.02052937 md_running
   505    252.50000000    169.04025170     28.90475216     99.52730004    300.00000000      1.00099597      0.01654719     -7.59674880     -0.06588367     -7.66263246      0.12870160      0.00246326      0.12872773      0.02145027 md_running
   506    253.00000000    169.23947246     28.88952913     98.96551954    300.00000000      1.00101126      0.01645379     -7.59657999     -0.06708739     -7.66366738      0.13137046      0.00250927      0.13139718      0.02189508 md_running
   507    253.50000000    169.44324954     28.87420279     99.52962014    300.00000000      1.00101213      0.01654758     -7.59659995     -0.06826915     -7.66486911      0.13030329      0.00255450      0.13033105      0.02171721 md_running
   508    254.00000000    169.64656248     28.85882617    101.36299708    300.00000000      1.00099403      0.01685239     -7.59683374     -0.06942472     -7.66625845      0.12518079      0.00259875      0.12521013      0.02086347 md_running
   509    254.50000000    169.84700883     28.84344906    104.26565841    300.00000000      1.00095862      0.01733498     -7.59724822     -0.07054991     -7.66779813      0.11628847      0.00264188      0.11632007      0.01938141 md_running
   510    255.00000000    170.05200969     28.82811308    107.72202318    300.00000000      1.00091328      0.01790963     -7.59775674     -0.07164064     -7.66939737      0.10451021      0.00268370      0.10454488      0.01741837 md_running
   511    255.50000000    170.30134519     28.81284773    111.01698252    300.00000000      1.00086793      0.01845744     -7.59823873     -0.07269291     -7.67093163      0.09133182      0.00272408      0.09137041      0.01522197 md_running
   512    256.00000000    170.50374356     28.79766778    113.40041283    300.00000000      1.00083184      0.01885370     -7.59856802     -0.07370283     -7.67227085      0.07889145      0.00276288      0.07893438      0.01314858 md_running
   513    256.50000000    170.71829960     28.78257247    114.25336116    300.00000000      1.00081191      0.01899551     -7.59864002     -0.07466666     -7.67330669      0.06997351      0.00279994      0.07001955      0.01166225 md_running
   514    257.00000000    170.93494228     28.76754630    113.22028566    300.00000000      1.00081257      0.01882376     -7.59839490     -0.07558080     -7.67397570      0.06726687      0.00283517      0.06731212      0.01121115 md_running
   515    257.50000000    171.14668201     28.75256115    110.27522423    300.00000000      1.00083619      0.01833412     -7.59782809     -0.07644181     -7.67426991      0.07139831      0.00286843      0.07143843      0.01189972 md_running
   516    258.00000000    171.35836501     28.73757944    105.71697084    300.00000000      1.00088350      0.01757627     -7.59698933     -0.07724647     -7.67423580      0.08051565      0.00289962      0.08054916      0.01341928 md_running
   517    258.50000000    171.56750005     28.72255761    100.11149126    300.00000000      1.00095336      0.01664432     -7.59597380     -0.07799176     -7.67396556      0.09197397      0.00292864      0.09200174      0.01532900 md_running
   518    259.00000000    171.77821423     28.70744971     94.18809597    300.00000000      1.00104168      0.01565951     -7.59490361     -0.07867489     -7.67357849      0.10368955      0.00295541      0.10371309      0.01728159 md_running
   519    259.50000000    171.98999712     28.69221074     88.70821108    300.00000000      1.00114017      0.01474843     -7.59390670     -0.07929333     -7.67320003      0.11432715      0.00297984      0.11434786      0.01905453 md_running
   520    260.00000000    172.20149189     28.67679973     84.33302186    300.00000000      1.00123578      0.01402102     -7.59309406     -0.07984483     -7.67293889      0.12310963      0.00300185      0.12312861      0.02051827 md_running
   521    260.50000000    172.45300663     28.66118257     81.51845601    300.00000000      1.00131252      0.01355308     -7.59254198     -0.08032742     -7.67286939      0.12961907      0.00302137      0.12963721      0.02160318 md_running
   522    261.00000000    172.65744139     28.64533460     80.46224684    300.00000000      1.00135622      0.01337748     -7.59228350     -0.08073939     -7.67302289      0.13369078      0.00303833      0.13370880      0.02228180 md_running
   523    261.50000000    172.86228054     28.62924277     81.11328253    300.00000000      1.00136020      0.01348572     -7.59230964     -0.08107939     -7.67338903      0.13531921      0.00305268      0.13533774      0.02255320 md_running
   524    262.00000000    173.07706711     28.61290733     83.23574610    300.00000000      1.00132748      0.01383859     -7.59258045     -0.08134631     -7.67392676      0.13459951      0.00306435      0.13461914      0.02243325 md_running
   525    262.50000000    173.28988787     28.59634267     86.50503370    300.00000000      1.00126803      0.01438214     -7.59304129     -0.08153940     -7.67458068      0.13167173      0.00307330      0.13169303      0.02194529 md_running
   526    263.00000000    173.48955073     28.57957718     90.60233898    300.00000000      1.00119339      0.01506335     -7.59363890     -0.08165817     -7.67529707      0.12668529      0.00307948      0.12670886      0.02111421 md_running
   527    263.50000000    173.69865690     28.56265186     95.27563500    300.00000000      1.00111281      0.01584032     -7.59433146     -0.08170245     -7.67603391      0.11978080      0.00308288      0.11980732      0.01996347 md_running
   528    264.00000000    173.90724525     28.54561748    100.34826409    300.00000000      1.00103206      0.01668368     -7.59509046     -0.08167237     -7.67676283      0.11111046      0.00308345      0.11114075      0.01851841 md_running
   529    264.50000000    174.10239673     28.52853056    105.67853128    300.00000000      1.00095437      0.01756988     -7.59589319     -0.08156832     -7.67746150      0.10090907      0.00308120      0.10094419      0.01681818 md_running
   530    265.00000000    174.32123317     28.51144822    111.09365623    300.00000000      1.00088184      0.01847019     -7.59671194     -0.08139097     -7.67810291      0.08961880      0.00307614      0.08966011      0.01493647 md_running
   531    265.50000000    174.58667602     28.49442268    116.33203370    300.00000000      1.00081648      0.01934111     -7.59750359     -0.08114127     -7.67864487      0.07808350      0.00306827      0.07813261      0.01301392 md_running
   532    266.00000000    174.80754576     28.47749605    121.02474589    300.00000000      1.00076064      0.02012131     -7.59820669     -0.08082043     -7.67902712      0.06784396      0.00305763      0.06790198      0.01130733 md_running
   533    266.50000000    175.01916326     28.46069615    124.72896232    300.00000000      1.00071678      0.02073716     -7.59874662     -0.08042989     -7.67917651      0.06130258      0.00304428      0.06136796      0.01021710 md_running
   534    267.00000000    175.23266067     28.44403405    127.00612187    300.00000000      1.00068720      0.02111576     -7.59904951     -0.07997138     -7.67902089      0.06103085      0.00302828      0.06109720      0.01017181 md_running
   535    267.50000000    175.44254136     28.42750350    127.52631037    300.00000000      1.00067375      0.02120224     -7.59905903     -0.07944686     -7.67850589      0.06772452      0.00300972      0.06778455      0.01128742 md_running
   536    268.00000000    175.65090680     28.41108233    126.17206232    300.00000000      1.00067758      0.02097709     -7.59875450     -0.07885854     -7.67761304      0.07944818      0.00298870      0.07949929      0.01324136 md_running
   537    268.50000000    175.85892804     28.39473523    123.11305820    300.00000000      1.00069890      0.02046851     -7.59816372     -0.07820891     -7.67637263      0.09329614      0.00296532      0.09333942      0.01554936 md_running
   538    269.00000000    176.07283415     28.37841761    118.81674748    300.00000000      1.00073634      0.01975421     -7.59736470     -0.07750068     -7.67486538      0.10694427      0.00293970      0.10698171      0.01782405 md_running
   539    269.50000000    176.28542417     28.36207984    113.98342398    300.00000000      1.00078629      0.01895063     -7.59647501     -0.07673683     -7.67321184      0.11876250      0.00291198      0.11879586      0.01979375 md_running
   540    270.00000000    176.49667147     28.34567148    109.42105281    300.00000000      1.00084212      0.01819210     -7.59563049     -0.07592058     -7.67155107      0.12766462      0.00288230      0.12769529      0.02127744 md_running
   541    270.50000000    176.75247956     28.32914500    105.88437266    300.00000000      1.00089423      0.01760410     -7.59495820     -0.07505540     -7.67001360      0.13305755      0.00285079      0.13308663      0.02217626 md_running
   542    271.00000000    176.97183301     28.31245906    103.91851491    300.00000000      1.00093185      0.01727726     -7.59455007     -0.07414498     -7.66869505      0.13481361      0.00281760      0.13484200      0.02246894 md_running
   543    271.50000000    177.18143321     28.29558118    103.74923430    300.00000000      1.00094672      0.01724912     -7.59444417     -0.07319323     -7.66763740      0.13325112      0.00278288      0.13327954      0.02220852 md_running
   544    272.00000000    177.39551798     28.27848978    105.24838207    300.00000000      1.00093674      0.01749837     -7.59461893     -0.07220427     -7.66682320      0.12907191      0.00274680      0.12910098      0.02151199 md_running
   545    272.50000000    177.60493262     28.26117570    107.98367020    300.00000000      1.00090681      0.01795313     -7.59500158     -0.07118242     -7.66618400      0.12326090      0.00270949      0.12329110      0.02054348 md_running
   546    273.00000000    177.82506397     28.24364312    111.34136668    300.00000000      1.00086619      0.01851137     -7.59548859     -0.07013214     -7.66562074      0.11697066      0.00267112      0.11700225      0.01949511 md_running
   547    273.50000000    178.03628549     28.22590961    114.69217241    300.00000000      1.00082441      0.01906847     -7.59597367     -0.06905806     -7.66503173      0.11136167      0.00263185      0.11139465      0.01856028 md_running
   548    274.00000000    178.24557267     28.20800543    117.54882521    300.00000000      1.00078831      0.01954341     -7.59637490     -0.06796492     -7.66433982      0.10725162      0.00259184      0.10728563      0.01787527 md_running
   549    274.50000000    178.45492749     28.18997176    119.67292824    300.00000000      1.00076114      0.01989656     -7.59665211     -0.06685754     -7.66350965      0.10504357      0.00255125      0.10507798      0.01750726 md_running
   550    275.00000000    178.66418162     28.17185784    121.11340951    300.00000000      1.00074289      0.02013605     -7.59681400     -0.06574085     -7.66255485      0.10466047      0.00251025      0.10469456      0.01744341 md_running
   551    275.50000000    178.92467833     28.15371691    122.16508213    300.00000000      1.00073094      0.02031090     -7.59691053     -0.06461978     -7.66153031      0.10559750      0.00246901      0.10563068      0.01759958 md_running
   552    276.00000000    179.13672047     28.13560144    123.25746027    300.00000000      1.00072106      0.02049251     -7.59701488     -0.06349931     -7.66051420      0.10713205      0.00242771      0.10716395      0.01785534 md_running
   553    276.50000000    179.35154771     28.11755795    124.80827372    300.00000000      1.00070875      0.02075035     -7.59719791     -0.06238441     -7.65958232      0.10857956      0.00238652      0.10861001      0.01809659 md_running
   554    277.00000000    179.56060949     28.09962230    127.08923855    300.00000000      1.00069068      0.02112958     -7.59750588     -0.06127999     -7.65878588      0.10943066      0.00234563      0.10945964      0.01823844 md_running
   555    277.50000000    179.76885413     28.08181605    130.14263882    300.00000000      1.00066585      0.02163723     -7.59794614     -0.06019097     -7.65813711      0.10940319      0.00230523      0.10943073      0.01823386 md_running
   556    278.00000000    179.98387249     28.06414441    133.76893798    300.00000000      1.00063586      0.02224013     -7.59848499     -0.05912215     -7.65760715      0.10841246      0.00226550      0.10843863      0.01806874 md_running
   557    278.50000000    180.20386876     28.04659616    137.58545363    300.00000000      1.00060405      0.02287466     -7.59905773     -0.05807829     -7.65713603      0.10651686      0.00222665      0.10654174      0.01775281 md_running
   558    279.00000000    180.42021114     28.02914525    141.13391526    300.00000000      1.00057425      0.02346462     -7.59958686     -0.05706403     -7.65665089      0.10385932      0.00218886      0.10388302      0.01730989 md_running
   559    279.50000000    180.63006742     28.01175385    144.00280468    300.00000000      1.00054963      0.02394159     -7.60000284     -0.05608391     -7.65608675      0.10060399      0.00215232      0.10062664      0.01676733 md_running
   560    280.00000000    180.83878228     27.99437631    145.92778249    300.00000000      1.00053209      0.02426163     -7.60026077     -0.05514236     -7.65540313      0.09689338      0.00211723      0.09691517      0.01614890 md_running
   561    280.50000000    181.10051773     27.97696340    146.84069344    300.00000000      1.00052216      0.02441341     -7.60034943     -0.05424366     -7.65459309      0.09283220      0.00208375      0.09285338      0.01547203 md_running
   562    281.00000000    181.31333599     27.95946621    146.85493548    300.00000000      1.00051918      0.02441578     -7.60028813     -0.05339197     -7.65368010      0.08852704      0.00205207      0.08854793      0.01475451 md_running
   563    281.50000000    181.52332198     27.94183965    146.19376422    300.00000000      1.00052175      0.02430585     -7.60011480     -0.05259127     -7.65270607      0.08417422      0.00202235      0.08419519      0.01402904 md_running
   564    282.00000000    181.73710193     27.92404518    145.08805359    300.00000000      1.00052820      0.02412202     -7.59986873     -0.05184538     -7.65171412      0.08022620      0.00199475      0.08024759      0.01337103 md_running
   565    282.50000000    181.93554635     27.90605288    143.67771530    300.00000000      1.00053723      0.02388754     -7.59957374     -0.05115794     -7.65073167      0.07748751      0.00196941      0.07750949      0.01291458 md_running
   566    283.00000000    182.13764017     27.88784301    141.95106531    300.00000000      1.00054845      0.02360047     -7.59922764     -0.05053236     -7.64976000      0.07711042      0.00194646      0.07713279      0.01285174 md_running
   567    283.50000000    182.34529178     27.86940702    139.74665243    300.00000000      1.00056272      0.02323397     -7.59880293     -0.04997185     -7.64877478      0.08021410      0.00192604      0.08023625      0.01336902 md_running
   568    284.00000000    182.56559708     27.85074807    136.81909537    300.00000000      1.00058199      0.02274724     -7.59825746     -0.04947940     -7.64773686      0.08729999      0.00190825      0.08732126      0.01455000 md_running
   569    284.50000000    182.77520461     27.83188112    132.95593014    300.00000000      1.00060888      0.02210496     -7.59755399     -0.04905773     -7.64661171      0.09796410      0.00189319      0.09798410      0.01632735 md_running
   570    285.00000000    182.98534144     27.81283226    128.12200631    300.00000000      1.00064583      0.02130128     -7.59668518     -0.04870929     -7.64539448      0.11094572      0.00188096      0.11096442      0.01849095 md_running
   571    285.50000000    183.24981583     27.79363712    122.57620336    300.00000000      1.00069386      0.02037925     -7.59569363     -0.04843629     -7.64412992      0.12454176      0.00187162      0.12455941      0.02075696 md_running
   572    286.00000000    183.46424973     27.77433827    116.90313514    300.00000000      1.00075108      0.01943606     -7.59467706     -0.04824061     -7.64291767      0.13702779      0.00186524      0.13704471      0.02283796 md_running
   573    286.50000000    183.68002860     27.75498164    111.94100599    300.00000000      1.00081112      0.01861107     -7.59377652     -0.04812384     -7.64190036      0.14682860      0.00186187      0.14684513      0.02447143 md_running
   574    287.00000000    183.88942794     27.73561219    108.61260423    300.00000000      1.00086250      0.01805769     -7.59314808     -0.04808726     -7.64123534      0.15267137      0.00186157      0.15268785      0.02544523 md_running
   575    287.50000000    184.09762313     27.71626934    107.69792076    300.00000000      1.00089084      0.01790562     -7.59292385     -0.04813183     -7.64105568      0.15371194      0.00186435      0.15372872      0.02561866 md_running
   576    288.00000000    184.30637322     27.69698268    109.61593048    300.00000000      1.00088486      0.01822450     -7.59317541     -0.04825815     -7.64143356      0.14962108      0.00187025      0.14963854      0.02493685 md_running
   577    288.50000000    184.51493020     27.67776876    114.28481736    300.00000000      1.00084321      0.01900074     -7.59388986     -0.04846652     -7.64235639      0.14061166      0.00187928      0.14063028      0.02343528 md_running
   578    289.00000000    184.73420205     27.65862924    121.10573775    300.00000000      1.00077579      0.02013477     -7.59496701     -0.04875687     -7.64372389      0.12741351      0.00189144      0.12743387      0.02123558 md_running
   579    289.50000000    184.94494737     27.63955078    129.07714262    300.00000000      1.00069822      0.02146008     -7.59623830     -0.04912880     -7.64536710      0.11122995      0.00190672      0.11125285      0.01853832 md_running
   580    290.00000000    185.15337543     27.62050654    137.00784257    300.00000000      1.00062474      0.02277862     -7.59750322     -0.04958157     -7.64708479      0.09373606      0.00192511      0.09376259      0.01562268 md_running
   581    290.50000000    185.41379901     27.60145942    143.76998046    300.00000000      1.00056458      0.02390288     -7.59857165     -0.05011408     -7.64868574      0.07720827      0.00194660      0.07723959      0.01286804 md_running
   582    291.00000000    185.62681410     27.58236598    148.52950239    300.00000000      1.00052195      0.02469419     -7.59930287     -0.05072495     -7.65002782      0.06478806      0.00197113      0.06482439      0.01079801 md_running
   583    291.50000000    185.84281462     27.56318095    150.88939224    300.00000000      1.00049757      0.02508654     -7.59963049     -0.05141243     -7.65104292      0.05979394      0.00199866      0.05983243      0.00996566 md_running
   584    292.00000000    186.05135865     27.54386117    150.91801111    300.00000000      1.00049007      0.02509130     -7.59956586     -0.05217449     -7.65174035      0.06328525      0.00202913      0.06332108      0.01054754 md_running
   585    292.50000000    186.25987053     27.52436914    149.07813227    300.00000000      1.00049681      0.02478540     -7.59918710     -0.05300878     -7.65219588      0.07262519      0.00206248      0.07265632      0.01210420 md_running
   586    293.00000000    186.46832448     27.50467556    146.07873849    300.00000000      1.00051412      0.02428673     -7.59861373     -0.05391269     -7.65252642      0.08424920      0.00209862      0.08427631      0.01404153 md_running
   587    293.50000000    186.66215342     27.48476109    142.68886560    300.00000000      1.00053751      0.02372314     -7.59797510     -0.05488331     -7.65285842      0.09580250      0.00213744      0.09582694      0.01596708 md_running
   588    294.00000000    186.87023237     27.46461750    139.56240836    300.00000000      1.00056222      0.02320334     -7.59738109     -0.05591749     -7.65329858      0.10605473      0.00217884      0.10607770      0.01767579 md_running
   589    294.50000000    187.07667992     27.44424814    137.11521673    300.00000000      1.00058401      0.02279648     -7.59690144     -0.05701181     -7.65391325      0.11447562      0.00222269      0.11449802      0.01907927 md_running
   590    295.00000000    187.29031754     27.42366807    135.47976053    300.00000000      1.00060022      0.02252457     -7.59655759     -0.05816265     -7.65472024      0.12093044      0.00226886      0.12095300      0.02015507 md_running
   591    295.50000000    187.55870258     27.40290353    134.54420747    300.00000000      1.00061037      0.02236902     -7.59633012     -0.05936614     -7.65569626      0.12550795      0.00231719      0.12553124      0.02091799 md_running
   592    296.00000000    187.76701074     27.38199089    134.05884365    300.00000000      1.00061579      0.02228833     -7.59617602     -0.06061823     -7.65679425      0.12839916      0.00236751      0.12842367      0.02139986 md_running
   593    296.50000000    187.97506239     27.36097473    133.77480650    300.00000000      1.00061866      0.02224111     -7.59605279     -0.06191466     -7.65796745      0.12980876      0.00241966      0.12983488      0.02163479 md_running
   594    297.00000000    188.18502461     27.33990493    133.56954705    300.00000000      1.00062064      0.02220698     -7.59593922     -0.06325101     -7.65919023      0.12988674      0.00247344      0.12991483      0.02164779 md_running
   595    297.50000000    188.39384916     27.31883294    133.51518368    300.00000000      1.00062199      0.02219794     -7.59584749     -0.06462268     -7.66047017      0.12869644      0.00252867      0.12872683      0.02144941 md_running
   596    298.00000000    188.60328062     27.29780720    133.86352548    300.00000000      1.00062125      0.02225586     -7.59582061     -0.06602493     -7.66184555      0.12623602      0.00258513      0.12626906      0.02103934 md_running
   597    298.50000000    188.81136302     27.27686837    134.94929484    300.00000000      1.00061579      0.02243637     -7.59591600     -0.06745288     -7.66336888      0.12250463      0.00264262      0.12254070      0.02041744 md_running
   598    299.00000000    189.01993679     27.25604494    137.04412490    300.00000000      1.00060303      0.02278466     -7.59618042     -0.06890150     -7.66508192      0.11762000      0.00270094      0.11765948      0.01960333 md_running
   599    299.50000000    189.23349491     27.23534992    140.21435066    300.00000000      1.00058197      0.02331173     -7.59662612     -0.07036566     -7.66699178      0.11192578      0.00275986      0.11196904      0.01865430 md_running
   600    300.00000000    189.44342249     27.21477934    144.23765119    300.00000000      1.00055407      0.02398064     -7.59721616     -0.07184012     -7.66905628      0.10609764      0.00281919      0.10614483      0.01768294 md_running
   601    300.50000000    189.71003388     27.19431266    148.61499901    300.00000000      1.00052302      0.02470840     -7.59786641     -0.07331956     -7.67118597      0.10115067      0.00287871      0.10120149      0.01685845 md_running
   602    301.00000000    189.92305731     27.17391516    152.68081916    300.00000000      1.00049351      0.02538438     -7.59846461     -0.07479859     -7.67326320      0.09828056      0.00293823      0.09833389      0.01638009 md_running
   603    301.50000000    190.12633257     27.15354190    155.78185729    300.00000000      1.00046976      0.02589995     -7.59889953     -0.07627178     -7.67517130      0.09847005      0.00299753      0.09852405      0.01641168 md_running
   604    302.00000000    190.34099523     27.13314248    157.47275922    300.00000000      1.00045462      0.02618108     -7.59909522     -0.07773367     -7.67682889      0.10190433      0.00305644      0.10195704      0.01698405 md_running
   605    302.50000000    190.55354421     27.11266588    157.66360975    300.00000000      1.00044906      0.02621281     -7.59903602     -0.07917885     -7.67821487      0.10762507      0.00311474      0.10767534      0.01793751 md_running
   606    303.00000000    190.76275930     27.09206495    156.65789218    300.00000000      1.00045206      0.02604560     -7.59877301     -0.08060191     -7.67937492      0.11403115      0.00317226      0.11407887      0.01900519 md_running
   607    303.50000000    190.97101736     27.07129997    155.06828401    300.00000000      1.00046081      0.02578131     -7.59840958     -0.08199755     -7.68040713      0.11941881      0.00322881      0.11946462      0.01990314 md_running
   608    304.00000000    191.18318911     27.05034120    153.64119141    300.00000000      1.00047108      0.02554405     -7.59807213     -0.08336054     -7.68143267      0.12237846      0.00328419      0.12242341      0.02039641 md_running
   609    304.50000000    191.39294376     27.02917043    153.03971440    300.00000000      1.00047818      0.02544405     -7.59787294     -0.08468581     -7.68255875      0.12199956      0.00333821      0.12204494      0.02033326 md_running
   610    305.00000000    191.60436884     27.00778165    153.64719895    300.00000000      1.00047840      0.02554505     -7.59787726     -0.08596842     -7.68384568      0.11795732      0.00339070      0.11800464      0.01965955 md_running
   611    305.50000000    191.86673074     26.98618105    155.44670355    300.00000000      1.00047052      0.02584423     -7.59808269     -0.08720363     -7.68528632      0.11054346      0.00344146      0.11059447      0.01842391 md_running
   612    306.00000000    192.07333465     26.96438635    158.00961164    300.00000000      1.00045631      0.02627033     -7.59841704     -0.08838689     -7.68680393      0.10067078      0.00349030      0.10072750      0.01677846 md_running
   613    306.50000000    192.29290959     26.94242556    160.59626388    300.00000000      1.00043994      0.02670038     -7.59875577     -0.08951386     -7.68826964      0.08991221      0.00353704      0.08997666      0.01498537 md_running
   614    307.00000000    192.50334759     26.92033517    162.34229381    300.00000000      1.00042643      0.02699067     -7.59895270     -0.09058047     -7.68953316      0.08051683      0.00358150      0.08059004      0.01341947 md_running
   615    307.50000000    192.71642181     26.89815763    162.48585366    300.00000000      1.00042038      0.02701454     -7.59887888     -0.09158285     -7.69046173      0.07518669      0.00362350      0.07526657      0.01253112 md_running
   616    308.00000000    192.92561555     26.87593818    160.57606627    300.00000000      1.00042514      0.02669702     -7.59845795     -0.09251743     -7.69097538      0.07581170      0.00366287      0.07589248      0.01263528 md_running
   617    308.50000000    193.13938834     26.85372096    156.60080915    300.00000000      1.00044251      0.02603611     -7.59768743     -0.09338088     -7.69106831      0.08212259      0.00369944      0.08219858      0.01368710 md_running
   618    309.00000000    193.35998400     26.83154469    151.00465521    300.00000000      1.00047252      0.02510570     -7.59664217     -0.09417015     -7.69081232      0.09208277      0.00373306      0.09215171      0.01534713 md_running
   619    309.50000000    193.57616215     26.80943832    144.59265838    300.00000000      1.00051313      0.02403966     -7.59545785     -0.09488244     -7.69034029      0.10335231      0.00376359      0.10341460      0.01722539 md_running
   620    310.00000000    193.77188479     26.78741725    138.33870893    300.00000000      1.00055981      0.02299989     -7.59429893     -0.09551527     -7.68981420      0.11413386      0.00379092      0.11419080      0.01902231 md_running
   621    310.50000000    194.03388062     26.76548100    133.15068977    300.00000000      1.00060571      0.02213734     -7.59331854     -0.09606638     -7.68938492      0.12329314      0.00381493      0.12334607      0.02054886 md_running
   622    311.00000000    194.24813355     26.74361267    129.66390548    300.00000000      1.00064299      0.02155764     -7.59262389     -0.09653383     -7.68915772      0.13021505      0.00383555      0.13026510      0.02170251 md_running
   623    311.50000000    194.46766409     26.72178061    128.12386730    300.00000000      1.00066539      0.02130159     -7.59225591     -0.09691594     -7.68917185      0.13466446      0.00385270      0.13471252      0.02244408 md_running
   624    312.00000000    194.67869630     26.69994193    128.38733207    300.00000000      1.00067067      0.02134540     -7.59218990     -0.09721135     -7.68940126      0.13667517      0.00386636      0.13672197      0.02277920 md_running
   625    312.50000000    194.89414284     26.67804716    130.03293721    300.00000000      1.00066115      0.02161899     -7.59235415     -0.09741899     -7.68977314      0.13643605      0.00387650      0.13648221      0.02273934 md_running
   626    313.00000000    195.10407604     26.65604559    132.53685986    300.00000000      1.00064196      0.02203529     -7.59265981     -0.09753812     -7.69019793      0.13418670      0.00388310      0.13423282      0.02236445 md_running
   627    313.50000000    195.31300252     26.63389008    135.44797865    300.00000000      1.00061832      0.02251928     -7.59303078     -0.09756832     -7.69059910      0.13012971      0.00388618      0.13017643      0.02168829 md_running
   628    314.00000000    195.50214398     26.61154126    138.50186449    300.00000000      1.00059377      0.02302702     -7.59342312     -0.09750953     -7.69093265      0.12438374      0.00388577      0.12443184      0.02073062 md_running
   629    314.50000000    195.70802061     26.58897036    141.64456869    300.00000000      1.00056966      0.02354952     -7.59382836     -0.09736206     -7.69119042      0.11697785      0.00388189      0.11702835      0.01949631 md_running
   630    315.00000000    195.92123586     26.56616101    144.96962717    300.00000000      1.00054573      0.02410233     -7.59426351     -0.09712658     -7.69139009      0.10790737      0.00387459      0.10796171      0.01798456 md_running
   631    315.50000000    196.18307766     26.54310981    148.59752146    300.00000000      1.00052110      0.02470550     -7.59475043     -0.09680415     -7.69155458      0.09722992      0.00386392      0.09729013      0.01620499 md_running
   632    316.00000000    196.39036941     26.51982606    152.54413213    300.00000000      1.00049533      0.02536165     -7.59529278     -0.09639619     -7.69168897      0.08523192      0.00384995      0.08530094      0.01420532 md_running
   633    316.50000000    196.60840782     26.49633087    156.62362361    300.00000000      1.00046913      0.02603990     -7.59586027     -0.09590451     -7.69176478      0.07267599      0.00383273      0.07275782      0.01211266 md_running
   634    317.00000000    196.82443754     26.47265570    160.41879994    300.00000000      1.00044447      0.02667088     -7.59638322     -0.09533130     -7.69171452      0.06129537      0.00381235      0.06139399      0.01021589 md_running
   635    317.50000000    197.03953040     26.44884056    163.33458995    300.00000000      1.00042420      0.02715565     -7.59676148     -0.09467909     -7.69144056      0.05436790      0.00378888      0.05448138      0.00906132 md_running
   636    318.00000000    197.25240444     26.42493176    164.72774890    300.00000000      1.00041142      0.02738727     -7.59688620     -0.09395076     -7.69083696      0.05577136      0.00376242      0.05588458      0.00929523 md_running
   637    318.50000000    197.46230571     26.40097924    164.08543164    300.00000000      1.00040891      0.02728048     -7.59667027     -0.09314956     -7.68981983      0.06608893      0.00373307      0.06618680      0.01101482 md_running
   638    319.00000000    197.67055959     26.37703348    161.21152451    300.00000000      1.00041867      0.02680267     -7.59607906     -0.09227900     -7.68835805      0.08196770      0.00370092      0.08204841      0.01366128 md_running
   639    319.50000000    197.87938921     26.35314186    156.36216483    300.00000000      1.00044145      0.02599643     -7.59515473     -0.09134291     -7.68649764      0.09968173      0.00366611      0.09974937      0.01661362 md_running
   640    320.00000000    198.09850097     26.32934481    150.26682165    300.00000000      1.00047605      0.02498303     -7.59401966     -0.09034539     -7.68436505      0.11661826      0.00362877      0.11667686      0.01943638 md_running
   641    320.50000000    198.34197972     26.30567196    144.01291205    300.00000000      1.00051846      0.02394327     -7.59285708     -0.08929079     -7.68214786      0.13095622      0.00358904      0.13100873      0.02182604 md_running
   642    321.00000000    198.54858532     26.28213903    138.81413615    300.00000000      1.00056134      0.02307893     -7.59187197     -0.08818365     -7.68005562      0.14143562      0.00354709      0.14148412      0.02357260 md_running
   643    321.50000000    198.76143551     26.25874596    135.71818221    300.00000000      1.00059475      0.02256421     -7.59124141     -0.08702875     -7.67827015      0.14731696      0.00350309      0.14736296      0.02455283 md_running
   644    322.00000000    198.97147652     26.23547689    135.34211726    300.00000000      1.00060933      0.02250168     -7.59107008     -0.08583100     -7.67690108      0.14839434      0.00345725      0.14843900      0.02473239 md_running
   645    322.50000000    199.18088644     26.21230206    137.72065523    300.00000000      1.00060077      0.02289713     -7.59136414     -0.08459550     -7.67595963      0.14499717      0.00340976      0.14504139      0.02416620 md_running
   646    323.00000000    199.39046071     26.18918133    142.31739113    300.00000000      1.00057218      0.02366138     -7.59203277     -0.08332746     -7.67536023      0.13795817      0.00336085      0.13800269      0.02299303 md_running
   647    323.50000000    199.59826068     26.16606891    148.19436424    300.00000000      1.00053207      0.02463847     -7.59291753     -0.08203223     -7.67494977      0.12851657      0.00331076      0.12856192      0.02141943 md_running
   648    324.00000000    199.81105250     26.14291841    154.28035665    300.00000000      1.00048999      0.02565031     -7.59383752     -0.08071527     -7.67455279      0.11818316      0.00325971      0.11822959      0.01969719 md_running
   649    324.50000000    200.03178043     26.11968767    159.65012236    300.00000000      1.00045306      0.02654308     -7.59463653     -0.07938212     -7.67401865      0.10857052      0.00320795      0.10861782      0.01809509 md_running
   650    325.00000000    200.23525300     26.09634259    163.73275526    300.00000000      1.00042491      0.02722185     -7.59521868     -0.07803842     -7.67325710      0.10109657      0.00315573      0.10114391      0.01684943 md_running
   651    325.50000000    200.50030761     26.07285993    166.39243597    300.00000000      1.00040617      0.02766404     -7.59556161     -0.07668987     -7.67225148      0.09659738      0.00310330      0.09664346      0.01609956 md_running
   652    326.00000000    200.72006042     26.04922873    167.88117623    300.00000000      1.00039539      0.02791156     -7.59570867     -0.07534223     -7.67105089      0.09518125      0.00305090      0.09522476      0.01586354 md_running
   653    326.50000000    200.93662094     26.02545062    168.70373950    300.00000000      1.00038984      0.02804831     -7.59574535     -0.07400129     -7.66974663      0.09623825      0.00299878      0.09627840      0.01603971 md_running
   654    327.00000000    201.15206012     26.00153922    169.43696327    300.00000000      1.00038631      0.02817022     -7.59576941     -0.07267285     -7.66844225      0.09875762      0.00294716      0.09879429      0.01645960 md_running
   655    327.50000000    201.36843057     25.97751880    170.55213088    300.00000000      1.00038187      0.02835562     -7.59586077     -0.07136270     -7.66722348      0.10176113      0.00289628      0.10179470      0.01696019 md_running
   656    328.00000000    201.58503350     25.95342234    172.28519864    300.00000000      1.00037465      0.02864376     -7.59605939     -0.07007662     -7.66613601      0.10453678      0.00284637      0.10456786      0.01742280 md_running
   657    328.50000000    201.80094367     25.92928926    174.58420187    300.00000000      1.00036431      0.02902599     -7.59635634     -0.06882030     -7.66517664      0.10671492      0.00279765      0.10674414      0.01778582 md_running
   658    329.00000000    202.01953302     25.90516286    177.14489538    300.00000000      1.00035201      0.02945172     -7.59670018     -0.06759935     -7.66429953      0.10819044      0.00275034      0.10821834      0.01803174 md_running
   659    329.50000000    202.23304706     25.88108731    179.52289355    300.00000000      1.00033980      0.02984708     -7.59701517     -0.06641929     -7.66343445      0.10903125      0.00270463      0.10905830      0.01817187 md_running
   660    330.00000000    202.45256581     25.85710420    181.28883205    300.00000000      1.00032985      0.03014068     -7.59722837     -0.06528547     -7.66251384      0.10935706      0.00266075      0.10938360      0.01822618 md_running
   661    330.50000000    202.71761632     25.83324897    182.18113956    300.00000000      1.00032367      0.03028904     -7.59729510     -0.06420309     -7.66149820      0.10923828      0.00261888      0.10926458      0.01820638 md_running
   662    331.00000000    202.93080035     25.80954718    182.20527918    300.00000000      1.00032172      0.03029305     -7.59721594     -0.06317717     -7.66039311      0.10862366      0.00257921      0.10864994      0.01810394 md_running
   663    331.50000000    203.14595460     25.78601095    181.63974404    300.00000000      1.00032328      0.03019903     -7.59703798     -0.06221250     -7.65925048      0.10734739      0.00254195      0.10737387      0.01789123 md_running
   664    332.00000000    203.36241938     25.76263618    180.93921253    300.00000000      1.00032657      0.03008256     -7.59683847     -0.06131362     -7.65815208      0.10522136      0.00250725      0.10524827      0.01753689 md_running
   665    332.50000000    203.57253409     25.73940113    180.56340476    300.00000000      1.00032938      0.03002008     -7.59669580     -0.06048482     -7.65718062      0.10219167      0.00247531      0.10221922      0.01703194 md_running
   666    333.00000000    203.77040029     25.71626682    180.79395840    300.00000000      1.00032983      0.03005841     -7.59665807     -0.05973011     -7.65638818      0.09853568      0.00244629      0.09856405      0.01642261 md_running
   667    333.50000000    203.97746572     25.69317947    181.60866653    300.00000000      1.00032727      0.03019386     -7.59672165     -0.05905318     -7.65577483      0.09499129      0.00242036      0.09502043      0.01583188 md_running
   668    334.00000000    204.19530271     25.67007485    182.66706149    300.00000000      1.00032260      0.03036982     -7.59682849     -0.05845743     -7.65528591      0.09279007      0.00239767      0.09281949      0.01546501 md_running
   669    334.50000000    204.39529997     25.64688394    183.42095724    300.00000000      1.00031802      0.03049517     -7.59688526     -0.05794591     -7.65483117      0.09333994      0.00237837      0.09336880      0.01555666 md_running
   670    335.00000000    204.61549729     25.62353898    183.31089323    300.00000000      1.00031616      0.03047687     -7.59679629     -0.05752134     -7.65431763      0.09761004      0.00236260      0.09763729      0.01626834 md_running
   671    335.50000000    204.87992230     25.59997918    181.98108382    300.00000000      1.00031919      0.03025578     -7.59650018     -0.05718610     -7.65368627      0.10555431      0.00235047      0.10557919      0.01759239 md_running
   672    336.00000000    205.08731567     25.57615553    179.44438844    300.00000000      1.00032813      0.02983403     -7.59599817     -0.05694221     -7.65294038      0.11599880      0.00234209      0.11602124      0.01933313 md_running
   673    336.50000000    205.29375118     25.55203387    176.13766666    300.00000000      1.00034227      0.02928426     -7.59536340     -0.05679134     -7.65215474      0.12712324      0.00233756      0.12714363      0.02118721 md_running
   674    337.00000000    205.50212750     25.52759654    172.84148656    300.00000000      1.00035902      0.02873625     -7.59472740     -0.05673481     -7.65146221      0.13708571      0.00233695      0.13710467      0.02284762 md_running
   675    337.50000000    205.72250414     25.50284266    170.49285044    300.00000000      1.00037404      0.02834577     -7.59424866     -0.05677356     -7.65102222      0.14429754      0.00234032      0.14431571      0.02404959 md_running
   676    338.00000000    205.94389325     25.47778718    169.94566414    300.00000000      1.00038220      0.02825479     -7.59407159     -0.05690818     -7.65097977      0.14757430      0.00234771      0.14759236      0.02459572 md_running
   677    338.50000000    206.15620461     25.45245915    171.74128291    300.00000000      1.00037929      0.02855333     -7.59428814     -0.05713888     -7.65142703      0.14620458      0.00235914      0.14622325      0.02436743 md_running
   678    339.00000000    206.36472191     25.42689923    175.94868899    300.00000000      1.00036391      0.02925284     -7.59491090     -0.05746552     -7.65237642      0.13997772      0.00237462      0.13999783      0.02332962 md_running
   679    339.50000000    206.58448631     25.40115673    182.11614075    300.00000000      1.00033822      0.03027823     -7.59586431     -0.05788758     -7.65375189      0.12917899      0.00239413      0.12920161      0.02152983 md_running
   680    340.00000000    206.79387663     25.37528613    189.34816103    300.00000000      1.00030709      0.03148061     -7.59699801     -0.05840418     -7.65540219      0.11455628      0.00241763      0.11458291      0.01909271 md_running
   681    340.50000000    207.05679184     25.34934325    196.49044714    300.00000000      1.00027611      0.03266807     -7.59811731     -0.05901406     -7.65713137      0.09729509      0.00244507      0.09732799      0.01621585 md_running
   682    341.00000000    207.26558778     25.32338119    202.37869955    300.00000000      1.00025002      0.03364704     -7.59902597     -0.05971563     -7.65874160      0.07910618      0.00247640      0.07914881      0.01318436 md_running
   683    341.50000000    207.47415801     25.29744616    206.09313412    300.00000000      1.00023194      0.03426459     -7.59956872     -0.06050691     -7.66007564      0.06262203      0.00251151      0.06267893      0.01043700 md_running
   684    342.00000000    207.69299322     25.27157349    207.15101152    300.00000000      1.00022336      0.03444047     -7.59966401     -0.06138559     -7.66104960      0.05180740      0.00255030      0.05188020      0.00863457 md_running
   685    342.50000000    207.90926432     25.24578417    205.58143683    300.00000000      1.00022444      0.03417952     -7.59931671     -0.06234899     -7.66166570      0.05080084      0.00259267      0.05087945      0.00846681 md_running
   686    343.00000000    208.11825916     25.22008231    201.87305032    300.00000000      1.00023426      0.03356297     -7.59860928     -0.06339410     -7.66200338      0.05911255      0.00263848      0.05918387      0.00985209 md_running
   687    343.50000000    208.33815005     25.19445420    196.81126464    300.00000000      1.00025098      0.03272141     -7.59767417     -0.06451757     -7.66219175      0.07208673      0.00268758      0.07214830      0.01201445 md_running
   688    344.00000000    208.55380255     25.16886916    191.25022446    300.00000000      1.00027212      0.03179684     -7.59665570     -0.06571572     -7.66237142      0.08610055      0.00273984      0.08615460      0.01435009 md_running
   689    344.50000000    208.76823463     25.14328255    185.89744767    300.00000000      1.00029490      0.03090690     -7.59567250     -0.06698455     -7.66265704      0.09942463      0.00279508      0.09947347      0.01657077 md_running
   690    345.00000000    208.98187683     25.11764061    181.18170816    300.00000000      1.00031692      0.03012287     -7.59479578     -0.06831973     -7.66311551      0.11135857      0.00285315      0.11140381      0.01855976 md_running
   691    345.50000000    209.24653283     25.09188655    177.23824907    300.00000000      1.00033666      0.02946724     -7.59404691     -0.06971665     -7.66376356      0.12167263      0.00291385      0.12171541      0.02027877 md_running
   692    346.00000000    209.46418564     25.06596696    173.99964490    300.00000000      1.00035365      0.02892880     -7.59341303     -0.07117043     -7.66458346      0.13030042      0.00297702      0.13034151      0.02171674 md_running
   693    346.50000000    209.68214829     25.03983758    171.34159268    300.00000000      1.00036813      0.02848688     -7.59287167     -0.07267592     -7.66554759      0.13717461      0.00304245      0.13721469      0.02286243 md_running
   694    347.00000000    209.89130764     25.01346782    169.21879724    300.00000000      1.00038034      0.02813395     -7.59241489     -0.07422772     -7.66664261      0.14215741      0.00310994      0.14219714      0.02369290 md_running
   695    347.50000000    210.10094238     24.98684342    167.74052835    300.00000000      1.00038994      0.02788817     -7.59206043     -0.07582027     -7.66788070      0.14504965      0.00317928      0.14508981      0.02417494 md_running
   696    348.00000000    210.29625138     24.95996735    167.16302062    300.00000000      1.00039573      0.02779216     -7.59185227     -0.07744777     -7.66930004      0.14562910      0.00325026      0.14567052      0.02427152 md_running
   697    348.50000000    210.50334464     24.93285943    167.80935814    300.00000000      1.00039587      0.02789962     -7.59184544     -0.07910432     -7.67094976      0.14371356      0.00332263      0.14375712      0.02395226 md_running
   698    349.00000000    210.71222594     24.90555465    169.94843281    300.00000000      1.00038868      0.02825525     -7.59208640     -0.08078387     -7.67287026      0.13922706      0.00339617      0.13927388      0.02320451 md_running
   699    349.50000000    210.92709471     24.87810045    173.67122474    300.00000000      1.00037348      0.02887420     -7.59259141     -0.08248028     -7.67507169      0.13228322      0.00347061      0.13233468      0.02204720 md_running
   700    350.00000000    211.13726998     24.85055345    178.80306288    300.00000000      1.00035122      0.02972740     -7.59333234     -0.08418735     -7.67751969      0.12327343      0.00354570      0.12333119      0.02054557 md_running
   701    350.50000000    211.40563457     24.82297570    184.88020084    300.00000000      1.00032446      0.03073778     -7.59423193     -0.08589884     -7.68013077      0.11296840      0.00362117      0.11303444      0.01882807 md_running
   702    351.00000000    211.62070464     24.79543052    191.20309636    300.00000000      1.00029664      0.03178901     -7.59517276     -0.08760851     -7.68278128      0.10264701      0.00369673      0.10272331      0.01710784 md_running
   703    351.50000000    211.82359137     24.76797809    196.96243005    300.00000000      1.00027125      0.03274654     -7.59601876     -0.08931013     -7.68532888      0.09415318      0.00377212      0.09424062      0.01569220 md_running
   704    352.00000000    212.04319796     24.74067111    201.41440395    300.00000000      1.00025103      0.03348672     -7.59664416     -0.09099749     -7.68764165      0.08961033      0.00384703      0.08970679      0.01493506 md_running
   705    352.50000000    212.25338373     24.71355073    204.06462857    300.00000000      1.00023767      0.03392734     -7.59696517     -0.09266446     -7.68962963      0.09051832      0.00392118      0.09061837      0.01508639 md_running
   706    353.00000000    212.46683475     24.68664270    204.81676427    300.00000000      1.00023163      0.03405239     -7.59696469     -0.09430499     -7.69126968      0.09656408      0.00399429      0.09666209      0.01609401 md_running
   707    353.50000000    212.68088277     24.65995428    204.03137975    300.00000000      1.00023207      0.03392181     -7.59670320     -0.09591311     -7.69261631      0.10564689      0.00406607      0.10574013      0.01760782 md_running
   708    354.00000000    212.89514407     24.63347232    202.45274604    300.00000000      1.00023692      0.03365935     -7.59630610     -0.09748297     -7.69378908      0.11517332      0.00413624      0.11526191      0.01919555 md_running
   709    354.50000000    213.11025785     24.60716295    201.01454338    300.00000000      1.00024308      0.03342024     -7.59593150     -0.09900884     -7.69494035      0.12291876      0.00420455      0.12300425      0.02048646 md_running
   710    355.00000000    213.32700124     24.58097309    200.57870423    300.00000000      1.00024707      0.03334778     -7.59572522     -0.10048514     -7.69621035      0.12733634      0.00427073      0.12742092      0.02122272 md_running
   711    355.50000000    213.57852366     24.55483404    201.68684220    300.00000000      1.00024605      0.03353201     -7.59577882     -0.10190641     -7.69768522      0.12763505      0.00433455      0.12772107      0.02127251 md_running
   712    356.00000000    213.78649874     24.52866698    204.40864349    300.00000000      1.00023889      0.03398453     -7.59610402     -0.10326738     -7.69937140      0.12375118      0.00439579      0.12384111      0.02062520 md_running
   713    356.50000000    213.99624795     24.50238970    208.33804110    300.00000000      1.00022658      0.03463783     -7.59663185     -0.10456297     -7.70119482      0.11631424      0.00445425      0.11641069      0.01938571 md_running
   714    357.00000000    214.20972596     24.47592381    212.73157089    300.00000000      1.00021168      0.03536828     -7.59723607     -0.10578830     -7.70302436      0.10657621      0.00450973      0.10668186      0.01776270 md_running
   715    357.50000000    214.42065257     24.44920131    216.73286596    300.00000000      1.00019728      0.03603353     -7.59777153     -0.10693871     -7.70471024      0.09632515      0.00456207      0.09644207      0.01605419 md_running
   716    358.00000000    214.64081350     24.42216987    219.60534772    300.00000000      1.00018596      0.03651110     -7.59811395     -0.10800983     -7.70612378      0.08772653      0.00461110      0.08785448      0.01462109 md_running
   717    358.50000000    214.85805157     24.39479639    220.91027429    300.00000000      1.00017933      0.03672806     -7.59818894     -0.10899756     -7.70718650      0.08292600      0.00465667      0.08306039      0.01382100 md_running
   718    359.00000000    215.07184716     24.36706865    220.58689249    300.00000000      1.00017791      0.03667429     -7.59798686     -0.10989810     -7.70788496      0.08302089      0.00469865      0.08315392      0.01383681 md_running
   719    359.50000000    215.28339614     24.33899490    218.92424218    300.00000000      1.00018124      0.03639786     -7.59755656     -0.11070802     -7.70826458      0.08753633      0.00473690      0.08766152      0.01458939 md_running
   720    360.00000000    215.49739797     24.31060189    216.45846592    300.00000000      1.00018807      0.03598791     -7.59698898     -0.11142423     -7.70841321      0.09490322      0.00477131      0.09501807      0.01581720 md_running
   721    360.50000000    215.74575311     24.28193195    213.83157537    300.00000000      1.00019661      0.03555117     -7.59639258     -0.11204404     -7.70843662      0.10336338      0.00480176      0.10346893      0.01722723 md_running
   722    361.00000000    215.95172042     24.25303892    211.64183478    300.00000000      1.00020483      0.03518711     -7.59586845     -0.11256515     -7.70843360      0.11152983      0.00482814      0.11162819      0.01858830 md_running
   723    361.50000000    216.16877196     24.22398402    210.32074754    300.00000000      1.00021090      0.03496747     -7.59548975     -0.11298567     -7.70847542      0.11850365      0.00485036      0.11859717      0.01975061 md_running
   724    362.00000000    216.37590146     24.19483119    210.06355368    300.00000000      1.00021362      0.03492471     -7.59528958     -0.11330415     -7.70859372      0.12377893      0.00486833      0.12386970      0.02062982 md_running
   725    362.50000000    216.58756369     24.16564232    210.82547878    300.00000000      1.00021267      0.03505138     -7.59526023     -0.11351954     -7.70877977      0.12713284      0.00488199      0.12722251      0.02118881 md_running
   726    363.00000000    216.80189827     24.13647258    212.38363436    300.00000000      1.00020858      0.03531044     -7.59536415     -0.11363124     -7.70899539      0.12852007      0.00489127      0.12861016      0.02142001 md_running
   727    363.50000000    217.01543950     24.10736576    214.44334943    300.00000000      1.00020239      0.03565288     -7.59555151     -0.11363908     -7.70919059      0.12798370      0.00489614      0.12807565      0.02133062 md_running
   728    364.00000000    217.23631180     24.07835013    216.75283176    300.00000000      1.00019515      0.03603685     -7.59577979     -0.11354330     -7.70932310      0.12557526      0.00489656      0.12567049      0.02092921 md_running
   729    364.50000000    217.45359141     24.04943532    219.18674839    300.00000000      1.00018756      0.03644151     -7.59602817     -0.11334457     -7.70937274      0.12130416      0.00489254      0.12140431      0.02021736 md_running
   730    365.00000000    217.67360801     24.02061049    221.76487604    300.00000000      1.00017979      0.03687014     -7.59630057     -0.11304396     -7.70934452      0.11511704      0.00488410      0.11522412      0.01918617 md_running
   731    365.50000000    217.94674362     23.99184430    224.59274147    300.00000000      1.00017163      0.03734030     -7.59661570     -0.11264293     -7.70925863      0.10692556      0.00487127      0.10704235      0.01782093 md_running
   732    366.00000000    218.16059832     23.96308674    227.74502512    300.00000000      1.00016276      0.03786439     -7.59698745     -0.11214333     -7.70913078      0.09670711      0.00485413      0.09683760      0.01611785 md_running
   733    366.50000000    218.37047764     23.93427312    231.14258192    300.00000000      1.00015320      0.03842926     -7.59740319     -0.11154739     -7.70895057      0.08468349      0.00483276      0.08483367      0.01411392 md_running
   734    367.00000000    218.57821833     23.90532962    234.48050474    300.00000000      1.00014353      0.03898421     -7.59781199     -0.11085768     -7.70866967      0.07160563      0.00480728      0.07178413      0.01193427 md_running
   735    367.50000000    218.79798255     23.87618019    237.24417307    300.00000000      1.00013490      0.03944370     -7.59812677     -0.11007715     -7.70820392      0.05926842      0.00477783      0.05948456      0.00987807 md_running
   736    368.00000000    219.00897222     23.84675383    238.81570851    300.00000000      1.00012881      0.03970498     -7.59824273     -0.10920906     -7.70745179      0.05127644      0.00474457      0.05152627      0.00854607 md_running
   737    368.50000000    219.22940985     23.81699141    238.63650005    300.00000000      1.00012673      0.03967518     -7.59806478     -0.10825705     -7.70632183      0.05221763      0.00470766      0.05246262      0.00870294 md_running
   738    369.00000000    219.45045354     23.78685137    236.37261611    300.00000000      1.00012985      0.03929879     -7.59753586     -0.10722506     -7.70476092      0.06282218      0.00466729      0.06302527      0.01047036 md_running
   739    369.50000000    219.66011630     23.75631338    232.03577540    300.00000000      1.00013880      0.03857776     -7.59665716     -0.10611736     -7.70277451      0.07928988      0.00462366      0.07945008      0.01321498 md_running
   740    370.00000000    219.87992505     23.72538000    226.03237191    300.00000000      1.00015350      0.03757965     -7.59549634     -0.10493854     -7.70043488      0.09780298      0.00457697      0.09793208      0.01630050 md_running
   741    370.50000000    220.14732416     23.69407621    219.12754541    300.00000000      1.00017293      0.03643166     -7.59418206     -0.10369351     -7.69787557      0.11573002      0.00452743      0.11583843      0.01928834 md_running
   742    371.00000000    220.35803198     23.66244727    212.31786276    300.00000000      1.00019493      0.03529950     -7.59288223     -0.10238745     -7.69526969      0.13133749      0.00447527      0.13143235      0.02188958 md_running
   743    371.50000000    220.56914263     23.63055517    206.64121232    300.00000000      1.00021627      0.03435571     -7.59177217     -0.10102584     -7.69279800      0.14339703      0.00442070      0.14348328      0.02389950 md_running
   744    372.00000000    220.77813732     23.59847429    202.97118440    300.00000000      1.00023312      0.03374554     -7.59099960     -0.09961439     -7.69061398      0.15109047      0.00436395      0.15117177      0.02518175 md_running
   745    372.50000000    220.98389395     23.56628632    201.83987862    300.00000000      1.00024205      0.03355746     -7.59065508     -0.09815906     -7.68881415      0.15403244      0.00430527      0.15411160      0.02567207 md_running
   746    373.00000000    221.18926741     23.53407498    203.33294472    300.00000000      1.00024129      0.03380569     -7.59075363     -0.09666604     -7.68741967      0.15229704      0.00424488      0.15237648      0.02538284 md_running
   747    373.50000000    221.39869555     23.50192057    207.08492781    300.00000000      1.00023142      0.03442949     -7.59123423     -0.09514166     -7.68637589      0.14641646      0.00418303      0.14649836      0.02440274 md_running
   748    374.00000000    221.61552648     23.46989462    212.37735962    300.00000000      1.00021509      0.03530939     -7.59197623     -0.09359245     -7.68556868      0.13733729      0.00411999      0.13742375      0.02288955 md_running
   749    374.50000000    221.82240743     23.43805480    218.31469188    300.00000000      1.00019588      0.03629652     -7.59282895     -0.09202503     -7.68485397      0.12634059      0.00405601      0.12643359      0.02105676 md_running
   750    375.00000000    222.02733585     23.40644066    224.03027927    300.00000000      1.00017711      0.03724678     -7.59364654     -0.09044613     -7.68409267      0.11493574      0.00399135      0.11503683      0.01915596 md_running
   751    375.50000000    222.29294670     23.37507032    228.86940492    300.00000000      1.00016108      0.03805133     -7.59431875     -0.08886256     -7.68318131      0.10472392      0.00392631      0.10483355      0.01745399 md_running
   752    376.00000000    222.48887687     23.34393885    232.49725006    300.00000000      1.00014889      0.03865448     -7.59478976     -0.08728114     -7.68207090      0.09703128      0.00386115      0.09714807      0.01617188 md_running
   753    376.50000000    222.70044245     23.31301840    234.90174632    300.00000000      1.00014060      0.03905425     -7.59505829     -0.08570868     -7.68076697      0.09263660      0.00379619      0.09275722      0.01543943 md_running
   754    377.00000000    222.91840332     23.28226025    236.30997057    300.00000000      1.00013559      0.03928838     -7.59516269     -0.08415197     -7.67931466      0.09157249      0.00373170      0.09169264      0.01526208 md_running
   755    377.50000000    223.12849578     23.25159889    237.05778071    300.00000000      1.00013288      0.03941271     -7.59516011     -0.08261775     -7.67777787      0.09316953      0.00366801      0.09328568      0.01552826 md_running
   756    378.00000000    223.33755666     23.22095775    237.45949723    300.00000000      1.00013149      0.03947949     -7.59510328     -0.08111266     -7.67621593      0.09644058      0.00360541      0.09655082      0.01607343 md_running
   757    378.50000000    223.55808933     23.19025634    237.72192414    300.00000000      1.00013068      0.03952313     -7.59502624     -0.07964320     -7.67466943      0.10046585      0.00354422      0.10056969      0.01674431 md_running
   758    379.00000000    223.77163065     23.15941783    237.92231004    300.00000000      1.00013008      0.03955644     -7.59494121     -0.07821576     -7.67315697      0.10454760      0.00348473      0.10464538      0.01742460 md_running
   759    379.50000000    223.99097749     23.12837637    238.04260889    300.00000000      1.00012964      0.03957644     -7.59484433     -0.07683656     -7.67168089      0.10820910      0.00342725      0.10830167      0.01803485 md_running
   760    380.00000000    224.19982167     23.09708292    238.03307036    300.00000000      1.00012948      0.03957486     -7.59472612     -0.07551163     -7.67023776      0.11113645      0.00337208      0.11122465      0.01852274 md_running
   761    380.50000000    224.46019720     23.06550947    237.87809476    300.00000000      1.00012971      0.03954909     -7.59458380     -0.07424680     -7.66883061      0.11311948      0.00331949      0.11320426      0.01885325 md_running
   762    381.00000000    224.67423656     23.03365064    237.64193938    300.00000000      1.00013029      0.03950983     -7.59442755     -0.07304768     -7.66747524      0.11401649      0.00326975      0.11409888      0.01900275 md_running
   763    381.50000000    224.88929749     23.00152309    237.47801690    300.00000000      1.00013092      0.03948257     -7.59428322     -0.07191964     -7.66620286      0.11373930      0.00322313      0.11382034      0.01895655 md_running
   764    382.00000000    225.10564501     22.96916300    237.59949030    300.00000000      1.00013109      0.03950277     -7.59418716     -0.07086778     -7.66505494      0.11225667      0.00317986      0.11233741      0.01870944 md_running
   765    382.50000000    225.29603008     22.93662215    238.21874948    300.00000000      1.00013021      0.03960573     -7.59417551     -0.06989692     -7.66407243      0.10962093      0.00314018      0.10970243      0.01827016 md_running
   766    383.00000000    225.50106538     22.90396301    239.47203806    300.00000000      1.00012778      0.03981410     -7.59427196     -0.06901161     -7.66328357      0.10601586      0.00310429      0.10609910      0.01766931 md_running
   767    383.50000000    225.69781981     22.87125345    241.35252592    300.00000000      1.00012364      0.04012674     -7.59447583     -0.06821605     -7.66269188      0.10184705      0.00307240      0.10193275      0.01697451 md_running
   768    384.00000000    225.91044200     22.83856126    243.67632649    300.00000000      1.00011810      0.04051309     -7.59475672     -0.06751413     -7.66227084      0.09780029      0.00304468      0.09788868      0.01630005 md_running
   769    384.50000000    226.13134287     22.80594880    246.09738417    300.00000000      1.00011192      0.04091561     -7.59505636     -0.06690937     -7.66196573      0.09484407      0.00302129      0.09493433      0.01580734 md_running
   770    385.00000000    226.34788572     22.77346815    248.17891896    300.00000000      1.00010613      0.04126168     -7.59530089     -0.06640494     -7.66170583      0.09408867      0.00300239      0.09417907      0.01568145 md_running
   771    385.50000000    226.61863820     22.74115650    249.50757074    300.00000000      1.00010181      0.04148258     -7.59542005     -0.06600363     -7.66142368      0.09639046      0.00298811      0.09647839      0.01606508 md_running
   772    386.00000000    226.82844226     22.70903266    249.82057633    300.00000000      1.00009975      0.04153462     -7.59536877     -0.06570782     -7.66107659      0.10192647      0.00297856      0.10200984      0.01698775 md_running
   773    386.50000000    227.04207793     22.67709456    249.11102391    300.00000000      1.00010028      0.04141665     -7.59514502     -0.06551949     -7.66066451      0.11007144      0.00297385      0.11014910      0.01834524 md_running
   774    387.00000000    227.25101373     22.64531861    247.67884636    300.00000000      1.00010307      0.04117854     -7.59479827     -0.06544019     -7.66023846      0.11952187      0.00297404      0.11959392      0.01992031 md_running
   775    387.50000000    227.46543357     22.61366068    246.09815877    300.00000000      1.00010705      0.04091574     -7.59442526     -0.06547105     -7.65989631      0.12867950      0.00297922      0.12874699      0.02144658 md_running
   776    388.00000000    227.68063058     22.58205874    245.09131346    300.00000000      1.00011059      0.04074834     -7.59414741     -0.06561276     -7.65976017      0.13604957      0.00298943      0.13611397      0.02267493 md_running
   777    388.50000000    227.89528180     22.55043724    245.34694229    300.00000000      1.00011182      0.04079084     -7.59408125     -0.06586557     -7.65994682      0.14040494      0.00300471      0.14046786      0.02340082 md_running
   778    389.00000000    228.10985157     22.51871287    247.33754758    300.00000000      1.00010917      0.04112180     -7.59430636     -0.06622925     -7.66053562      0.14089815      0.00302507      0.14096133      0.02348302 md_running
   779    389.50000000    228.32513956     22.48680133    251.18932470    300.00000000      1.00010200      0.04176219     -7.59484418     -0.06670317     -7.66154735      0.13711929      0.00305052      0.13718458      0.02285321 md_running
   780    390.00000000    228.53530400     22.45462456    256.64086375    300.00000000      1.00009076      0.04266855     -7.59565053     -0.06728621     -7.66293674      0.12910818      0.00308103      0.12917780      0.02151803 md_running
   781    390.50000000    228.80220757     22.42211761    263.09770963    300.00000000      1.00007692      0.04374205     -7.59662507     -0.06797682     -7.66460189      0.11734393      0.00311657      0.11742081      0.01955732 md_running
   782    391.00000000    229.01236640     22.38923412    269.76087553    300.00000000      1.00006238      0.04484985     -7.59763291     -0.06877301     -7.66640592      0.10271842      0.00315709      0.10280650      0.01711974 md_running
   783    391.50000000    229.22166381     22.35595026    275.79193107    300.00000000      1.00004900      0.04585256     -7.59853288     -0.06967235     -7.66820523      0.08656521      0.00320250      0.08666993      0.01442754 md_running
   784    392.00000000    229.41959158     22.32226659    280.47525637    300.00000000      1.00003822      0.04663120     -7.59920410     -0.07067201     -7.66987611      0.07084029      0.00325272      0.07096846      0.01180672 md_running
   785    392.50000000    229.62746002     22.28820741    283.34317203    300.00000000      1.00003091      0.04710801     -7.59956781     -0.07176872     -7.67133653      0.05851565      0.00330761      0.05867104      0.00975261 md_running
   786    393.00000000    229.83504339     22.25381833    284.23246273    300.00000000      1.00002740      0.04725587     -7.59959689     -0.07295885     -7.67255574      0.05323124      0.00336703      0.05340251      0.00887187 md_running
   787    393.50000000    230.04346885     22.21916205    283.26664638    300.00000000      1.00002756      0.04709529     -7.59931230     -0.07423838     -7.67355068      0.05685339      0.00343083      0.05701471      0.00947556 md_running
   788    394.00000000    230.26034130     22.18431309    280.78672345    300.00000000      1.00003093      0.04668298     -7.59877163     -0.07560292     -7.67437455      0.06707197      0.00349882      0.06721013      0.01117866 md_running
   789    394.50000000    230.47460609     22.14935196    277.25260638    300.00000000      1.00003683      0.04609541     -7.59805223     -0.07704777     -7.67510000      0.08019912      0.00357079      0.08031643      0.01336652 md_running
   790    395.00000000    230.68422280     22.11435916    273.13913006    300.00000000      1.00004445      0.04541151     -7.59723421     -0.07856788     -7.67580209      0.09377411      0.00364652      0.09387649      0.01562902 md_running
   791    395.50000000    230.94648120     22.07940941    268.85497672    300.00000000      1.00005302      0.04469924     -7.59638580     -0.08015792     -7.67654373      0.10649856      0.00372576      0.10659110      0.01774976 md_running
   792    396.00000000    231.16675599     22.04456629    264.70528571    300.00000000      1.00006186      0.04400932     -7.59555776     -0.08181228     -7.67737004      0.11770420      0.00380825      0.11779062      0.01961737 md_running
   793    396.50000000    231.38370703     22.00987774    260.90014745    300.00000000      1.00007043      0.04337669     -7.59478469     -0.08352509     -7.67830978      0.12703825      0.00389372      0.12712128      0.02117304 md_running
   794    397.00000000    231.58909009     21.97537260    257.59877178    300.00000000      1.00007830      0.04282781     -7.59409243     -0.08529025     -7.67938268      0.13428815      0.00398188      0.13436986      0.02238136 md_running
   795    397.50000000    231.78344603     21.94105836    254.96412249    300.00000000      1.00008508      0.04238978     -7.59350780     -0.08710145     -7.68060925      0.13928702      0.00407243      0.13936911      0.02321450 md_running
   796    398.00000000    232.00036390     21.90692041    253.19851636    300.00000000      1.00009024      0.04209623     -7.59306436     -0.08895218     -7.68201654      0.14187585      0.00416506      0.14195995      0.02364597 md_running
   797    398.50000000    232.20992070     21.87292278    252.53907292    300.00000000      1.00009318      0.04198659     -7.59280205     -0.09083577     -7.68363783      0.14190320      0.00425946      0.14199104      0.02365053 md_running
   798    399.00000000    232.41740705     21.83901056    253.20890427    300.00000000      1.00009325      0.04209796     -7.59275888     -0.09274541     -7.68550430      0.13925402      0.00435530      0.13934745      0.02320900 md_running
   799    399.50000000    232.63354008     21.80511392    255.34089147    300.00000000      1.00009001      0.04245242     -7.59295730     -0.09467415     -7.68763145      0.13389167      0.00445226      0.13399286      0.02231528 md_running
   800    400.00000000    232.84274542     21.77115364    258.90320042    300.00000000      1.00008341      0.04304468     -7.59339265     -0.09661495     -7.69000760      0.12590101      0.00455002      0.12601266      0.02098350 md_running
   801    400.50000000    233.10295029     21.73704752    263.65099345    300.00000000      1.00007398      0.04383404     -7.59402387     -0.09856067     -7.69258455      0.11555442      0.00464826      0.11568032      0.01925907 md_running
   802    401.00000000    233.32131161     21.70271733    269.12574876    300.00000000      1.00006274      0.04474426     -7.59477410     -0.10050415     -7.69527825      0.10339777      0.00474665      0.10354334      0.01723296 md_running
   803    401.50000000    233.53092814     21.66809542    274.70792736    300.00000000      1.00005104      0.04567234     -7.59553899     -0.10243818     -7.69797716      0.09038597      0.00484488      0.09055810      0.01506433 md_running
   804    402.00000000    233.74866891     21.63313074    279.71264843    300.00000000      1.00004027      0.04650441     -7.59620296     -0.10435554     -7.70055850      0.07814518      0.00494261      0.07835071      0.01302420 md_running
   805    402.50000000    233.96809263     21.59779311    283.51561275    300.00000000      1.00003164      0.04713668     -7.59666053     -0.10624908     -7.70290961      0.06925367      0.00503952      0.06949313      0.01154228 md_running
   806    403.00000000    234.18023841     21.56207538    285.68040244    300.00000000      1.00002596      0.04749660     -7.59683792     -0.10811168     -7.70494960      0.06674717      0.00513530      0.06700436      0.01112453 md_running
   807    403.50000000    234.39609185     21.52599323    286.05532617    300.00000000      1.00002362      0.04755893     -7.59670902     -0.10993634     -7.70664535      0.07202483      0.00522962      0.07227174      0.01200414 md_running
   808    404.00000000    234.60597130     21.48958309    284.82378595    300.00000000      1.00002453      0.04735418     -7.59630437     -0.11171617     -7.70802054      0.08322422      0.00532215      0.08344550      0.01387070 md_running
   809    404.50000000    234.81531675     21.45289834    282.48684262    300.00000000      1.00002804      0.04696564     -7.59570835     -0.11344445     -7.70915280      0.09696303      0.00541257      0.09715957      0.01616051 md_running
   810    405.00000000    235.03531973     21.41600409    279.76317720    300.00000000      1.00003307      0.04651281     -7.59504258     -0.11511467     -7.71015725      0.11039739      0.00550055      0.11057576      0.01839957 md_running
   811    405.50000000    235.30736763     21.37897157    277.43051273    300.00000000      1.00003818      0.04612499     -7.59443857     -0.11672052     -7.71115909      0.12154372      0.00558578      0.12171081      0.02025729 md_running
   812    406.00000000    235.52735463     21.34187218    276.14937637    300.00000000      1.00004190      0.04591199     -7.59400845     -0.11825595     -7.71226441      0.12913632      0.00566794      0.12929808      0.02152272 md_running
   813    406.50000000    235.73758521     21.30477198    276.31473754    300.00000000      1.00004308      0.04593948     -7.59381958     -0.11971520     -7.71353478      0.13252740      0.00574672      0.13268916      0.02208790 md_running
   814    407.00000000    235.94604939     21.26772657    277.97608630    300.00000000      1.00004124      0.04621569     -7.59388067     -0.12109280     -7.71497346      0.13167487      0.00582184      0.13184176      0.02194581 md_running
   815    407.50000000    236.16401134     21.23077666    280.84689341    300.00000000      1.00003670      0.04669299     -7.59414369     -0.12238360     -7.71652729      0.12711339      0.00589300      0.12729027      0.02118556 md_running
   816    408.00000000    236.38423673     21.19394495    284.40077909    300.00000000      1.00003038      0.04728385     -7.59451987     -0.12358282     -7.71810269      0.11991297      0.00595994      0.12010436      0.01998550 md_running
   817    408.50000000    236.57953204     21.15723395    288.02312468    300.00000000      1.00002353      0.04788609     -7.59490565     -0.12468600     -7.71959164      0.11158752      0.00602242      0.11179680      0.01859792 md_running
   818    409.00000000    236.78515181     21.12062519    291.17044615    300.00000000      1.00001726      0.04840936     -7.59520913     -0.12568908     -7.72089821      0.10392362      0.00608020      0.10415169      0.01732060 md_running
   819    409.50000000    236.99379093     21.08407957    293.49273216    300.00000000      1.00001235      0.04879546     -7.59537152     -0.12658839     -7.72195991      0.09866945      0.00613309      0.09891284      0.01644491 md_running
   820    410.00000000    237.21147747     21.04753935    294.89300693    300.00000000      1.00000912      0.04902826     -7.59537636     -0.12738064     -7.72275700      0.09701763      0.00618091      0.09726756      0.01616960 md_running
   821    410.50000000    237.47967315     21.01093185    295.51712803    300.00000000      1.00000747      0.04913203     -7.59524832     -0.12806296     -7.72331127      0.09905949      0.00622350      0.09930594      0.01650992 md_running
   822    411.00000000    237.69824075     20.97417447    295.68585182    300.00000000      1.00000691      0.04916008     -7.59504117     -0.12863287     -7.72367404      0.10392873      0.00626075      0.10416490      0.01732145 md_running
   823    411.50000000    237.91416365     20.93718071    295.80243067    300.00000000      1.00000680      0.04917946     -7.59482271     -0.12908834     -7.72391106      0.11031397      0.00629256      0.11053740      0.01838566 md_running
   824    412.00000000    238.12375952     20.89986717    296.26168450    300.00000000      1.00000643      0.04925582     -7.59465886     -0.12942776     -7.72408662      0.11691854      0.00631885      0.11712956      0.01948642 md_running
   825    412.50000000    238.33207912     20.86216086    297.37922792    300.00000000      1.00000517      0.04944162     -7.59460247     -0.12964996     -7.72425243      0.12272879      0.00633957      0.12293010      0.02045480 md_running
   826    413.00000000    238.54146394     20.82400542    299.35112252    300.00000000      1.00000260      0.04976946     -7.59468618     -0.12975420     -7.72444038      0.12705058      0.00635469      0.12724527      0.02117510 md_running
   827    413.50000000    238.75376267     20.78536647    302.24898666    300.00000000      0.99999854      0.05025125     -7.59492165     -0.12974022     -7.72466187      0.12945563      0.00636419      0.12964680      0.02157594 md_running
   828    414.00000000    238.96551154     20.74623473    306.04642002    300.00000000      0.99999303      0.05088261     -7.59530461     -0.12960820     -7.72491281      0.12971927      0.00636809      0.12990973      0.02161988 md_running
   829    414.50000000    239.17724897     20.70662687    310.66211279    300.00000000      0.99998628      0.05165000     -7.59582136     -0.12935880     -7.72518015      0.12775537      0.00636639      0.12794816      0.02129256 md_running
   830    415.00000000    239.38796356     20.66658389    315.99872930    300.00000000      0.99997853      0.05253726     -7.59645627     -0.12899314     -7.72544941      0.12356517      0.00635913      0.12376355      0.02059420 md_running
   831    415.50000000    239.65249940     20.62616730    321.95724295    300.00000000      0.99997003      0.05352790     -7.59719364     -0.12851282     -7.72570646      0.11720115      0.00634636      0.11740870      0.01953353 md_running
   832    416.00000000    239.86078203     20.58545386    328.42587408    300.00000000      0.99996101      0.05460337     -7.59801637     -0.12791991     -7.72593628      0.10876296      0.00632814      0.10898439      0.01812716 md_running
   833    416.50000000    240.07352047     20.54452912    335.24827506    300.00000000      0.99995173      0.05573764     -7.59889954     -0.12721694     -7.72611648      0.09842759      0.00630454      0.09867009      0.01640460 md_running
   834    417.00000000    240.28273386     20.50348047    342.18159895    300.00000000      0.99994249      0.05689036     -7.59980409     -0.12640690     -7.72621099      0.08652593      0.00627566      0.08679949      0.01442099 md_running
   835    417.50000000    240.49062575     20.46239069    348.87028162    300.00000000      0.99993367      0.05800241     -7.60067140     -0.12549323     -7.72616463      0.07371805      0.00624161      0.07403685      0.01228634 md_running
   836    418.00000000    240.70543478     20.42133219    354.85722794    300.00000000      0.99992574      0.05899778     -7.60142554     -0.12447982     -7.72590535      0.06138462      0.00620254      0.06176515      0.01023077 md_running
   837    418.50000000    240.92530771     20.38036217    359.63620619    300.00000000      0.99991922      0.05979233     -7.60198171     -0.12337094     -7.72535265      0.05220912      0.00615860      0.05265375      0.00870152 md_running
   838    419.00000000    241.14142235     20.33951894    362.73977863    300.00000000      0.99991456      0.06030832     -7.60226129     -0.12217130     -7.72443260      0.05014804      0.00610998      0.05060844      0.00835801 md_running
   839    419.50000000    241.35164192     20.29881947    363.84019187    300.00000000      0.99991211      0.06049127     -7.60220878     -0.12088597     -7.72309475      0.05717377      0.00605689      0.05757533      0.00952896 md_running
   840    420.00000000    241.55966078     20.25825845    362.83526481    300.00000000      0.99991206      0.06032419     -7.60180645     -0.11952036     -7.72132681      0.07084385      0.00599955      0.07116558      0.01180731 md_running
   841    420.50000000    241.82221232     20.21780869    359.89989974    300.00000000      0.99991436      0.05983617     -7.60108286     -0.11808024     -7.71916310      0.08760067      0.00593824      0.08785801      0.01460011 md_running
   842    421.00000000    242.03748903     20.17742328    355.49506878    300.00000000      0.99991874      0.05910383     -7.60011454     -0.11657166     -7.71668621      0.10486275      0.00587323      0.10507540      0.01747712 md_running
   843    421.50000000    242.25251161     20.13703862    350.31874864    300.00000000      0.99992459      0.05824323     -7.59901834     -0.11500097     -7.71401931      0.12083542      0.00580484      0.12101735      0.02013924 md_running
   844    422.00000000    242.46250998     20.09657977    345.19984461    300.00000000      0.99993107      0.05739217     -7.59793319     -0.11337475     -7.71130794      0.13424564      0.00573338      0.13440713      0.02237427 md_running
   845    422.50000000    242.68047903     20.05596624    340.95789681    300.00000000      0.99993714      0.05668691     -7.59699673     -0.11169980     -7.70869653      0.14415275      0.00565920      0.14430097      0.02402546 md_running
   846    423.00000000    242.89378330     20.01511918    338.25302884    300.00000000      0.99994174      0.05623721     -7.59631997     -0.10998314     -7.70630312      0.14992575      0.00558266      0.15006597      0.02498762 md_running
   847    423.50000000    243.11357166     19.97396883    337.46332756    300.00000000      0.99994408      0.05610591     -7.59596633     -0.10823194     -7.70419828      0.15127960      0.00550413      0.15141625      0.02521327 md_running
   848    424.00000000    243.33484524     19.93246121    338.62112901    300.00000000      0.99994380      0.05629841     -7.59594141     -0.10645353     -7.70239494      0.14829727      0.00542398      0.14843428      0.02471621 md_running
   849    424.50000000    243.55597844     19.89056370    341.42643719    300.00000000      0.99994111      0.05676481     -7.59619463     -0.10465533     -7.70084996      0.14143769      0.00534261      0.14157886      0.02357295 md_running
   850    425.00000000    243.76661739     19.84826855    345.33472147    300.00000000      0.99993664      0.05741459     -7.59663414     -0.10284488     -7.69947902      0.13150653      0.00526039      0.13165590      0.02191775 md_running
   851    425.50000000    244.02227727     19.80559387    349.69296424    300.00000000      0.99993130      0.05813918     -7.59715032     -0.10102977     -7.69818010      0.11960837      0.00517770      0.11977017      0.01993473 md_running
   852    426.00000000    244.23620876     19.76258210    353.88540540    300.00000000      0.99992593      0.05883621     -7.59763959     -0.09921764     -7.69685722      0.10710519      0.00509493      0.10728350      0.01785086 md_running
   853    426.50000000    244.44780661     19.71929619    357.45267845    300.00000000      0.99992121      0.05942930     -7.59802542     -0.09741611     -7.69544154      0.09554209      0.00501247      0.09573964      0.01592368 md_running
   854    427.00000000    244.66166720     19.67581384    360.15062267    300.00000000      0.99991751      0.05987785     -7.59826765     -0.09563282     -7.69390047      0.08640089      0.00493068      0.08661710      0.01440015 md_running
   855    427.50000000    244.87609494     19.63222071    361.94015185    300.00000000      0.99991494      0.06017538     -7.59836073     -0.09387535     -7.69223608      0.08091954      0.00484995      0.08114802      0.01348659 md_running
   856    428.00000000    245.09188451     19.58860353    362.93331809    300.00000000      0.99991338      0.06034050     -7.59832417     -0.09215119     -7.69047536      0.07964737      0.00477064      0.07987686      0.01327456 md_running
   857    428.50000000    245.30826618     19.54504356    363.32185898    300.00000000      0.99991265      0.06040509     -7.59819084     -0.09046773     -7.68865857      0.08213102      0.00469314      0.08235089      0.01368850 md_running
   858    429.00000000    245.52418022     19.50161065    363.31001025    300.00000000      0.99991248      0.06040313     -7.59799532     -0.08883225     -7.68682757      0.08720129      0.00461780      0.08740601      0.01453355 md_running
   859    429.50000000    245.74524020     19.45835830    363.06744358    300.00000000      0.99991265      0.06036280     -7.59776612     -0.08725182     -7.68501795      0.09357090      0.00454501      0.09375975      0.01559515 md_running
   860    430.00000000    245.95551412     19.41532009    362.71040237    300.00000000      0.99991302      0.06030344     -7.59752238     -0.08573335     -7.68325573      0.10021426      0.00447512      0.10038888      0.01670238 md_running
   861    430.50000000    246.21868645     19.37250748    362.31173522    300.00000000      0.99991346      0.06023715     -7.59727589     -0.08428350     -7.68155939      0.10641185      0.00440850      0.10657502      0.01773531 md_running
   862    431.00000000    246.43078403     19.32990896    361.92427619    300.00000000      0.99991392      0.06017274     -7.59703477     -0.08290868     -7.67994344      0.11169074      0.00434549      0.11184491      0.01861512 md_running
   863    431.50000000    246.64065967     19.28749068    361.60700753    300.00000000      0.99991434      0.06011999     -7.59680839     -0.08161502     -7.67842340      0.11576386      0.00428646      0.11591140      0.01929398 md_running
   864    432.00000000    246.85872698     19.24519844    361.44755402    300.00000000      0.99991463      0.06009348     -7.59661068     -0.08040834     -7.67701902      0.11846843      0.00423172      0.11861149      0.01974474 md_running
   865    432.50000000    247.07480631     19.20296101    361.57156256    300.00000000      0.99991469      0.06011409     -7.59646216     -0.07929413     -7.67575629      0.11972794      0.00418162      0.11986859      0.01995466 md_running
   866    433.00000000    247.29539071     19.16069496    362.13240216    300.00000000      0.99991433      0.06020734     -7.59638836     -0.07827751     -7.67466587      0.11951867      0.00413647      0.11965873      0.01991978 md_running
   867    433.50000000    247.50494241     19.11831097    363.27648271    300.00000000      0.99991338      0.06039755     -7.59641348     -0.07736324     -7.67377672      0.11786055      0.00409657      0.11800171      0.01964343 md_running
   868    434.00000000    247.71202178     19.07572096    365.09037141    300.00000000      0.99991171      0.06069912     -7.59655227     -0.07655566     -7.67310793      0.11483238      0.00406219      0.11497625      0.01913873 md_running
   869    434.50000000    247.92935081     19.03284585    367.54450233    300.00000000      0.99990929      0.06110714     -7.59679961     -0.07585871     -7.67265832      0.11063931      0.00403361      0.11078752      0.01843988 md_running
   870    435.00000000    248.13931042     18.98962279    370.45616279    300.00000000      0.99990626      0.06159123     -7.59712483     -0.07527588     -7.67240071      0.10570672      0.00401105      0.10586049      0.01761779 md_running
   871    435.50000000    248.39807073     18.94601139    373.49692732    300.00000000      0.99990292      0.06209678     -7.59747232     -0.07481023     -7.67228255      0.10079110      0.00399473      0.10095091      0.01679852 md_running
   872    436.00000000    248.60668373     18.90199764    376.25429233    300.00000000      0.99989972      0.06255521     -7.59777189     -0.07446435     -7.67223624      0.09698097      0.00398484      0.09714553      0.01616350 md_running
   873    436.50000000    248.82662931     18.85759543    378.33510449    300.00000000      0.99989709      0.06290116     -7.59795676     -0.07424036     -7.67219712      0.09551668      0.00398153      0.09568252      0.01591945 md_running
   874    437.00000000    249.04357029     18.81284495    379.48271883    300.00000000      0.99989536      0.06309196     -7.59798285     -0.07413990     -7.67212275      0.09737217      0.00398494      0.09753432      0.01622869 md_running
   875    437.50000000    249.24350607     18.76780851    379.67248602    300.00000000      0.99989469      0.06312351     -7.59784541     -0.07416414     -7.67200955      0.10275989      0.00399516      0.10291404      0.01712665 md_running
   876    438.00000000    249.45208411     18.72256439    379.16051339    300.00000000      0.99989493      0.06303839     -7.59758701     -0.07431374     -7.67190075      0.11080436      0.00401227      0.11094860      0.01846739 md_running
   877    438.50000000    249.66059149     18.67719983    378.45645650    300.00000000      0.99989568      0.06292134     -7.59729347     -0.07458888     -7.67188235      0.11990255      0.00403630      0.12003741      0.01998376 md_running
   878    439.00000000    249.87046461     18.63180407    378.22048789    300.00000000      0.99989631      0.06288211     -7.59707633     -0.07498925     -7.67206558      0.12828172      0.00406728      0.12840950      0.02138029 md_running
   879    439.50000000    250.08386134     18.58646147    379.11491355    300.00000000      0.99989608      0.06303081     -7.59704749     -0.07551404     -7.67256153      0.13435158      0.00410519      0.13447525      0.02239193 md_running
   880    440.00000000    250.29436594     18.54124555    381.64646289    300.00000000      0.99989437      0.06345170     -7.59729287     -0.07616194     -7.67345482      0.13689081      0.00414999      0.13701390      0.02281514 md_running
   881    440.50000000    250.55759115     18.49621374    386.03915576    300.00000000      0.99989082      0.06418202     -7.59785062     -0.07693118     -7.67478180      0.13514559      0.00420161      0.13527226      0.02252427 md_running
   882    441.00000000    250.77337864     18.45140341    392.16582324    300.00000000      0.99988548      0.06520063     -7.59869984     -0.07781948     -7.67651932      0.12888291      0.00425998      0.12901807      0.02148049 md_running
   883    441.50000000    250.99416735     18.40682928    399.55532999    300.00000000      0.99987878      0.06642919     -7.59976118     -0.07882409     -7.67858528      0.11840994      0.00432497      0.11855964      0.01973499 md_running
   884    442.00000000    251.21235270     18.36248248    407.47744957    300.00000000      0.99987145      0.06774631     -7.60091169     -0.07994183     -7.68085352      0.10458155      0.00439646      0.10475427      0.01743026 md_running
   885    442.50000000    251.43414382     18.31833074    415.08268921    300.00000000      0.99986429      0.06901074     -7.60200790     -0.08116901     -7.68317692      0.08886934      0.00447428      0.08907671      0.01481156 md_running
   886    443.00000000    251.65177597     18.27432023    421.56689890    300.00000000      0.99985804      0.07008879     -7.60291381     -0.08250156     -7.68541536      0.07358339      0.00455826      0.07383938      0.01226390 md_running
   887    443.50000000    251.86840714     18.23037893    426.32659766    300.00000000      0.99985323      0.07088012     -7.60352703     -0.08393492     -7.68746196      0.06223072      0.00464820      0.06254058      0.01037179 md_running
   888    444.00000000    252.07880189     18.18642157    429.07004234    300.00000000      0.99985012      0.07133624     -7.60379763     -0.08546418     -7.68926181      0.05891867      0.00474389      0.05925447      0.00981978 md_running
   889    444.50000000    252.28553547     18.14235590    429.85449111    300.00000000      0.99984872      0.07146666     -7.60373470     -0.08708400     -7.69081871      0.06475460      0.00484509      0.06506895      0.01079243 md_running
   890    445.00000000    252.49384994     18.09809018    429.03426755    300.00000000      0.99984880      0.07133030     -7.60339747     -0.08878868     -7.69218615      0.07652090      0.00495154      0.07679503      0.01275348 md_running
   891    445.50000000    252.75606939     18.05354103    427.14789043    300.00000000      0.99985000      0.07101667     -7.60287601     -0.09057216     -7.69344817      0.09039709      0.00506297      0.09063647      0.01506618 md_running
   892    446.00000000    252.96357088     18.00864115    424.78212163    300.00000000      0.99985183      0.07062334     -7.60226837     -0.09242805     -7.69469643      0.10395298      0.00517908      0.10416766      0.01732550 md_running
   893    446.50000000    253.16010697     17.96334594    422.45312477    300.00000000      0.99985385      0.07023613     -7.60166061     -0.09434967     -7.69601029      0.11589977      0.00529955      0.11609833      0.01931663 md_running
   894    447.00000000    253.37631447     17.91763795    420.53928014    300.00000000      0.99985568      0.06991794     -7.60111542     -0.09633005     -7.69744547      0.12558931      0.00542402      0.12577817      0.02093155 md_running
   895    447.50000000    253.58657241     17.87152869    419.27371049    300.00000000      0.99985706      0.06970753     -7.60067073     -0.09836195     -7.69903268      0.13275823      0.00555214      0.13294225      0.02212637 md_running
   896    448.00000000    253.79487067     17.82505735    418.78470101    300.00000000      0.99985782      0.06962623     -7.60034758     -0.10043792     -7.70078550      0.13732819      0.00568350      0.13751124      0.02288803 md_running
   897    448.50000000    254.00425774     17.77828685    419.15282305    300.00000000      0.99985788      0.06968743     -7.60015894     -0.10255034     -7.70270929      0.13931654      0.00581770      0.13950212      0.02321942 md_running
   898    449.00000000    254.21395597     17.73129764    420.45461745    300.00000000      0.99985719      0.06990386     -7.60011806     -0.10469140     -7.70480946      0.13877201      0.00595429      0.13896379      0.02312867 md_running
   899    449.50000000    254.42190797     17.68418001    422.77150265    300.00000000      0.99985567      0.07028906     -7.60023922     -0.10685315     -7.70709237      0.13575306      0.00609282      0.13595515      0.02262551 md_running
   900    450.00000000    254.64108044     17.63702603    426.16213141    300.00000000      0.99985328      0.07085278     -7.60053336     -0.10902758     -7.70956094      0.13034320      0.00623282      0.13056063      0.02172387 md_running
   901    450.50000000    254.90785451     17.58992191    430.61595691    300.00000000      0.99985004      0.07159326     -7.60099999     -0.11120658     -7.71220657      0.12268322      0.00637381      0.12292277      0.02044720 md_running
   902    451.00000000    255.11581317     17.54294111    436.00626949    300.00000000      0.99984603      0.07248945     -7.60161886     -0.11338203     -7.71500089      0.11302416      0.00651530      0.11329441      0.01883736 md_running
   903    451.50000000    255.32424681     17.49613909    442.06279795    300.00000000      0.99984147      0.07349639     -7.60234541     -0.11554580     -7.71789121      0.10178678      0.00665681      0.10209893      0.01696446 md_running
   904    452.00000000    255.53412367     17.44954955    448.37764057    300.00000000      0.99983666      0.07454628     -7.60311206     -0.11768980     -7.72080186      0.08968230      0.00679785      0.09005085      0.01494705 md_running
   905    452.50000000    255.75202082     17.40318198    454.44254137    300.00000000      0.99983196      0.07555462     -7.60383345     -0.11980600     -7.72363946      0.07790965      0.00693794      0.07835015      0.01298494 md_running
   906    453.00000000    255.96637655     17.35702086    459.71550478    300.00000000      0.99982777      0.07643129     -7.60441863     -0.12188647     -7.72630511      0.06839263      0.00707660      0.06891335      0.01139877 md_running
   907    453.50000000    256.17642231     17.31102608    463.70871588    300.00000000      0.99982443      0.07709519     -7.60478502     -0.12392340     -7.72870842      0.06375048      0.00721337      0.06433045      0.01062508 md_running
   908    454.00000000    256.39477386     17.26513481    466.08386610    300.00000000      0.99982218      0.07749008     -7.60487498     -0.12590915     -7.73078414      0.06602412      0.00734782      0.06660575      0.01100402 md_running
   909    454.50000000    256.59804003     17.21926523    466.74126166    300.00000000      0.99982113      0.07759938     -7.60467032     -0.12783626     -7.73250658      0.07477623      0.00747951      0.07530928      0.01246270 md_running
   910    455.00000000    256.81179625     17.17332176    465.88113182    300.00000000      0.99982125      0.07745637     -7.60420347     -0.12969747     -7.73390094      0.08741287      0.00760802      0.08788533      0.01456881 md_running
   911    455.50000000    257.07647643     17.12720172    464.00277002    300.00000000      0.99982227      0.07714408     -7.60355755     -0.13148578     -7.73504332      0.10109511      0.00773298      0.10151718      0.01684919 md_running
   912    456.00000000    257.29033835     17.08080293    461.81813264    300.00000000      0.99982379      0.07678087     -7.60285164     -0.13319445     -7.73604609      0.11368636      0.00785398      0.11407279      0.01894773 md_running
   913    456.50000000    257.50264303     17.03403176    460.09862566    300.00000000      0.99982526      0.07649499     -7.60221553     -0.13481704     -7.73703257      0.12370267      0.00797068      0.12406804      0.02061711 md_running
   914    457.00000000    257.72313011     16.98681062    459.49194235    300.00000000      0.99982615      0.07639412     -7.60175830     -0.13634743     -7.73810573      0.13021614      0.00808272      0.13057265      0.02170269 md_running
   915    457.50000000    257.93433281     16.93908459    460.36396616    300.00000000      0.99982609      0.07653910     -7.60154148     -0.13777983     -7.73932131      0.13282104      0.00818975      0.13317943      0.02213684 md_running
   916    458.00000000    258.14276113     16.89082630    462.72059378    300.00000000      0.99982492      0.07693091     -7.60156613     -0.13910884     -7.74067497      0.13161725      0.00829145      0.13198752      0.02193621 md_running
   917    458.50000000    258.36190242     16.84203805    466.22892724    300.00000000      0.99982281      0.07751420     -7.60177594     -0.14032944     -7.74210538      0.12719071      0.00838747      0.12758196      0.02119845 md_running
   918    459.00000000    258.57759915     16.79275114    470.33130640    300.00000000      0.99982010      0.07819625     -7.60207697     -0.14143702     -7.74351399      0.12055969      0.00847751      0.12098083      0.02009328 md_running
   919    459.50000000    258.79804792     16.74302214    474.40887920    300.00000000      0.99981726      0.07887418     -7.60236544     -0.14242742     -7.74479285      0.11306299      0.00856124      0.11352071      0.01884383 md_running
   920    460.00000000    258.99018167     16.69292701    477.93866292    300.00000000      0.99981467      0.07946103     -7.60255406     -0.14329691     -7.74585098      0.10618541      0.00863836      0.10668064      0.01769757 md_running
   921    460.50000000    259.25315123     16.64255422    480.61033182    300.00000000      0.99981262      0.07990522     -7.60259156     -0.14404226     -7.74663382      0.10131197      0.00870860      0.10183805      0.01688533 md_running
   922    461.00000000    259.46637938     16.59199702    482.37259148    300.00000000      0.99981119      0.08019821     -7.60247080     -0.14466071     -7.74713151      0.09925785      0.00877167      0.09980015      0.01654297 md_running
   923    461.50000000    259.67532980     16.54134601    483.40493243    300.00000000      0.99981032      0.08036984     -7.60222341     -0.14515001     -7.74737342      0.10007871      0.00882735      0.10061952      0.01667979 md_running
   924    462.00000000    259.88426322     16.49068249    484.04583018    300.00000000      0.99980983      0.08047640     -7.60190774     -0.14550841     -7.74741616      0.10316920      0.00887542      0.10369389      0.01719487 md_running
   925    462.50000000    260.09545616     16.44007283    484.70319119    300.00000000      0.99980947      0.08058569     -7.60159340     -0.14573470     -7.74732810      0.10755899      0.00891570      0.10805983      0.01792650 md_running
   926    463.00000000    260.31311570     16.38956416    485.76279875    300.00000000      0.99980896      0.08076186     -7.60134626     -0.14582818     -7.74717444      0.11225111      0.00894806      0.11272606      0.01870852 md_running
   927    463.50000000    260.53450648     16.33918139    487.51264228    300.00000000      0.99980810      0.08105278     -7.60121535     -0.14578868     -7.74700403      0.11642975      0.00897239      0.11688064      0.01940496 md_running
   928    464.00000000    260.75290989     16.28892555    490.09620216    300.00000000      0.99980674      0.08148232     -7.60122532     -0.14561656     -7.74684189      0.11953889      0.00898864      0.11996996      0.01992315 md_running
   929    464.50000000    260.96524715     16.23877338    493.50249357    300.00000000      0.99980486      0.08204864     -7.60137427     -0.14531273     -7.74668700      0.12128148      0.00899680      0.12169754      0.02021358 md_running
   930    465.00000000    261.17179450     16.18867876    497.59818461    300.00000000      0.99980253      0.08272958     -7.60163946     -0.14487859     -7.74651805      0.12157191      0.00899690      0.12197711      0.02026198 md_running
   931    465.50000000    261.41111836     16.13857588    502.19692958    300.00000000      0.99979988      0.08349416     -7.60198893     -0.14431609     -7.74630502      0.12045566      0.00898902      0.12085481      0.02007594 md_running
   932    466.00000000    261.61878695     16.08838358    507.13740086    300.00000000      0.99979703      0.08431555     -7.60239473     -0.14362766     -7.74602240      0.11804670      0.00897328      0.11844388      0.01967445 md_running
   933    466.50000000    261.82975030     16.03801180    512.33874238    300.00000000      0.99979407      0.08518031     -7.60284316     -0.14281627     -7.74565943      0.11445452      0.00894984      0.11485432      0.01907575 md_running
   934    467.00000000    262.03798315     15.98736889    517.80620377    300.00000000      0.99979103      0.08608932     -7.60333529     -0.14188535     -7.74522064      0.10976094      0.00891889      0.11016721      0.01829349 md_running
   935    467.50000000    262.25290525     15.93637004    523.58017584    300.00000000      0.99978789      0.08704929     -7.60387836     -0.14083882     -7.74471717      0.10404401      0.00888064      0.10446119      0.01734067 md_running
   936    468.00000000    262.47248379     15.88494514    529.65206293    300.00000000      0.99978464      0.08805879     -7.60447171     -0.13968105     -7.74415276      0.09748530      0.00883535      0.09791860      0.01624755 md_running
   937    468.50000000    262.69444168     15.83304554    535.88029632    300.00000000      0.99978133      0.08909428     -7.60509231     -0.13841687     -7.74350918      0.09053046      0.00878328      0.09098530      0.01508841 md_running
   938    469.00000000    262.90539846     15.78064886    541.95043412    300.00000000      0.99977808      0.09010349     -7.60568788     -0.13705152     -7.74273940      0.08408769      0.00872469      0.08456655      0.01401461 md_running
   939    469.50000000    263.11379856     15.72776123    547.40507190    300.00000000      0.99977509      0.09101037     -7.60618143     -0.13559068     -7.74177211      0.07960119      0.00865990      0.08009743      0.01326687 md_running
   940    470.00000000    263.32265845     15.67441684    551.74164169    300.00000000      0.99977259      0.09173135     -7.60648866     -0.13404037     -7.74052903      0.07878765      0.00858920      0.07928008      0.01313127 md_running
   941    470.50000000    263.58325638     15.62067496    554.54964314    300.00000000      0.99977080      0.09219821     -7.60654035     -0.13240702     -7.73894737      0.08280856      0.00851292      0.08326853      0.01380143 md_running
   942    471.00000000    263.79469624     15.56661459    555.64447101    300.00000000      0.99976985      0.09238023     -7.60630560     -0.13069738     -7.73700298      0.09147777      0.00843138      0.09188593      0.01524629 md_running
   943    471.50000000    264.00966827     15.51232772    555.15746953    300.00000000      0.99976973      0.09229926     -7.60580688     -0.12891852     -7.73472540      0.10336838      0.00834495      0.10372183      0.01722806 md_running
   944    472.00000000    264.22901078     15.45791165    553.55351785    300.00000000      0.99977029      0.09203259     -7.60512310     -0.12707781     -7.73220091      0.11649622      0.00825400      0.11680245      0.01941604 md_running
   945    472.50000000    264.44594555     15.40346155    551.56426643    300.00000000      0.99977124      0.09170186     -7.60437808     -0.12518288     -7.72956096      0.12901298      0.00815892      0.12928257      0.02150216 md_running
   946    473.00000000    264.65996548     15.34906361    550.05376953    300.00000000      0.99977219      0.09145073     -7.60371856     -0.12324158     -7.72696014      0.13938453      0.00806016      0.13962770      0.02323075 md_running
   947    473.50000000    264.88191864     15.29478930    549.84718718    300.00000000      0.99977268      0.09141639     -7.60328442     -0.12126199     -7.72454641      0.14642858      0.00795815      0.14665342      0.02440476 md_running
   948    474.00000000    265.09807099     15.24069157    551.55985024    300.00000000      0.99977235      0.09170113     -7.60318029     -0.11925234     -7.72243263      0.14933390      0.00785338      0.14954685      0.02488898 md_running
   949    474.50000000    265.30834892     15.18680205    555.46689805    300.00000000      0.99977098      0.09235071     -7.60345304     -0.11722100     -7.72067404      0.14768756      0.00774637      0.14789491      0.02461459 md_running
   950    475.00000000    265.51705529     15.13312903    561.43781434    300.00000000      0.99976855      0.09334342     -7.60408156     -0.11517646     -7.71925802      0.14149590      0.00763765      0.14170416      0.02358265 md_running
   951    475.50000000    265.77785449     15.07965701    568.95550613    300.00000000      0.99976528      0.09459329     -7.60497875     -0.11312728     -7.71810603      0.13118075      0.00752778      0.13139730      0.02186346 md_running
   952    476.00000000    265.98628666     15.02634745    577.22378490    300.00000000      0.99976155      0.09596796     -7.60601045     -0.11108203     -7.71709247      0.11755959      0.00741733      0.11779404      0.01959327 md_running
   953    476.50000000    266.19500499     14.97314116    585.33128964    300.00000000      0.99975779      0.09731590     -7.60702274     -0.10904931     -7.71607205      0.10182961      0.00730692      0.10209265      0.01697160 md_running
   954    477.00000000    266.40337593     14.91996351    592.43968384    300.00000000      0.99975440      0.09849772     -7.60787355     -0.10703768     -7.71491122      0.08561753      0.00719714      0.08592142      0.01426959 md_running
   955    477.50000000    266.61242132     14.86673061    597.95920438    300.00000000      0.99975167      0.09941539     -7.60846260     -0.10505563     -7.71351823      0.07111610      0.00708863      0.07147246      0.01185268 md_running
   956    478.00000000    266.82177155     14.81335552    601.64850545    300.00000000      0.99974974      0.10002876     -7.60874923     -0.10311155     -7.71186078      0.06101101      0.00698199      0.06141631      0.01016850 md_running
   957    478.50000000    267.03725185     14.75975580    603.60120388    300.00000000      0.99974859      0.10035341     -7.60874921     -0.10121371     -7.70996292      0.05760120      0.00687784      0.05801938      0.00960020 md_running
   958    479.00000000    267.24615699     14.70586143    604.14551710    300.00000000      0.99974810      0.10044391     -7.60851748     -0.09937018     -7.70788766      0.06093825      0.00677679      0.06132181      0.01015637 md_running
   959    479.50000000    267.46625594     14.65162186    603.70740618    300.00000000      0.99974812      0.10037107     -7.60812586     -0.09758886     -7.70571472      0.06859260      0.00667943      0.06892302      0.01143210 md_running
   960    480.00000000    267.67024575     14.59701091    602.67585987    300.00000000      0.99974845      0.10019957     -7.60763971     -0.09587741     -7.70351711      0.07790465      0.00658634      0.07818772      0.01298411 md_running
   961    480.50000000    267.92937785     14.54202927    601.30921325    300.00000000      0.99974896      0.09997235     -7.60710173     -0.09424322     -7.70134494      0.08720749      0.00649806      0.08745399      0.01453458 md_running
   962    481.00000000    268.13593821     14.48670492    599.71342798    300.00000000      0.99974957      0.09970704     -7.60652914     -0.09269339     -7.69922254      0.09571278      0.00641511      0.09593216      0.01595213 md_running
   963    481.50000000    268.33859805     14.43109030    597.88709234    300.00000000      0.99975029      0.09940340     -7.60592073     -0.09123473     -7.69715546      0.10313569      0.00633802      0.10333439      0.01718928 md_running
   964    482.00000000    268.54778071     14.37525770    595.80662427    300.00000000      0.99975111      0.09905750     -7.60527172     -0.08987366     -7.69514538      0.10940189      0.00626726      0.10958470      0.01823365 md_running
   965    482.50000000    268.76844763     14.31929265    593.51300650    300.00000000      0.99975204      0.09867617     -7.60458869     -0.08861625     -7.69320494      0.11448551      0.00620328      0.11465578      0.01908092 md_running
   966    483.00000000    268.97408214     14.26328671    591.16148637    300.00000000      0.99975304      0.09828521     -7.60389747     -0.08746818     -7.69136565      0.11832731      0.00614654      0.11848701      0.01972122 md_running
   967    483.50000000    269.18643091     14.20733030    589.02662253    300.00000000      0.99975403      0.09793027     -7.60324421     -0.08643470     -7.68967891      0.12082741      0.00609743      0.12097812      0.02013790 md_running
   968    484.00000000    269.39337152     14.15150590    587.46241270    300.00000000      0.99975486      0.09767021     -7.60268898     -0.08552061     -7.68820959      0.12185720      0.00605636      0.12200094      0.02030953 md_running
   969    484.50000000    269.60736169     14.09588189    586.82270925    300.00000000      0.99975537      0.09756386     -7.60229162     -0.08473028     -7.68702190      0.12129469      0.00602371      0.12143370      0.02021578 md_running
   970    485.00000000    269.81816251     14.04050776    587.36555994    300.00000000      0.99975540      0.09765411     -7.60209580     -0.08406756     -7.68616335      0.11908581      0.00599982      0.11922226      0.01984763 md_running
   971    485.50000000    270.08485976     13.98541091    589.16912964    300.00000000      0.99975489      0.09795397     -7.60211508     -0.08353583     -7.68565091      0.11531124      0.00598503      0.11544723      0.01921854 md_running
   972    486.00000000    270.30446543     13.93059467    592.08077090    300.00000000      0.99975385      0.09843805     -7.60232392     -0.08313795     -7.68546187      0.11028339      0.00597965      0.11042060      0.01838057 md_running
   973    486.50000000    270.51625722     13.87603793    595.71924442    300.00000000      0.99975241      0.09904297     -7.60265746     -0.08287626     -7.68553372      0.10465278      0.00598397      0.10479195      0.01744213 md_running
   974    487.00000000    270.73655805     13.82169650    599.54352964    300.00000000      0.99975079      0.09967879     -7.60302377     -0.08275258     -7.68577634      0.09942918      0.00599825      0.09956962      0.01657153 md_running
   975    487.50000000    270.94847678     13.76750599    602.97801769    300.00000000      0.99974923      0.10024980     -7.60332468     -0.08276814     -7.68609282      0.09590664      0.00602271      0.09604530      0.01598444 md_running
   976    488.00000000    271.16164726     13.71338642    605.56603875    300.00000000      0.99974796      0.10068008     -7.60348125     -0.08292369     -7.68640494      0.09532387      0.00605758      0.09545603      0.01588731 md_running
   977    488.50000000    271.38324646     13.65924808    607.11217670    300.00000000      0.99974711      0.10093714     -7.60345888     -0.08321936     -7.68667824      0.09830338      0.00610301      0.09842515      0.01638390 md_running
   978    489.00000000    271.60497267     13.60499821    607.76967018    300.00000000      0.99974669      0.10104645     -7.60328178     -0.08365478     -7.68693656      0.10433412      0.00615915      0.10444547      0.01738902 md_running
   979    489.50000000    271.82261159     13.55054775    608.02160927    300.00000000      0.99974655      0.10108834     -7.60303044     -0.08422898     -7.68725942      0.11191817      0.00622609      0.11202123      0.01865303 md_running
   980    490.00000000    272.03242949     13.49581849    608.54765090    300.00000000      0.99974645      0.10117580     -7.60281917     -0.08494048     -7.68775965      0.11925530      0.00630389      0.11935228      0.01987588 md_running
   981    490.50000000    272.28362315     13.44075042    610.02398382    300.00000000      0.99974609      0.10142125     -7.60276151     -0.08578722     -7.68854873      0.12469541      0.00639256      0.12478743      0.02078257 md_running
   982    491.00000000    272.49674775     13.38530801    612.92131822    300.00000000      0.99974523      0.10190295     -7.60293685     -0.08676661     -7.68970346      0.12698209      0.00649206      0.12707065      0.02116368 md_running
   983    491.50000000    272.71203091     13.32948303    617.35540311    300.00000000      0.99974376      0.10264015     -7.60336433     -0.08787554     -7.69123987      0.12539975      0.00660231      0.12548608      0.02089996 md_running
   984    492.00000000    272.93196385     13.27329480    623.03592483    300.00000000      0.99974173      0.10358459     -7.60399479     -0.08911037     -7.69310516      0.11981425      0.00672317      0.11990000      0.01996904 md_running
   985    492.50000000    273.14584080     13.21678740    629.33296918    300.00000000      0.99973937      0.10463152     -7.60472146     -0.09046695     -7.69518841      0.11069201      0.00685444      0.11077923      0.01844867 md_running
   986    493.00000000    273.36044543     13.16002462    635.43546647    300.00000000      0.99973696      0.10564611     -7.60540716     -0.09194064     -7.69734780      0.09911673      0.00699588      0.09920876      0.01651946 md_running
   987    493.50000000    273.56997739     13.10308296    640.54680455    300.00000000      0.99973483      0.10649591     -7.60591736     -0.09352634     -7.69944370      0.08684478      0.00714721      0.08694400      0.01447413 md_running
   988    494.00000000    273.77934647     13.04604460    644.06369720    300.00000000      0.99973322      0.10708062     -7.60614992     -0.09521848     -7.70136840      0.07636120      0.00730808      0.07646763      0.01272687 md_running
   989    494.50000000    273.99934412     12.98899040    645.70428464    300.00000000      0.99973228      0.10735338     -7.60605743     -0.09701107     -7.70306850      0.07059630      0.00747811      0.07070791      0.01176605 md_running
   990    495.00000000    274.21026005     12.93199308    645.54843968    300.00000000      0.99973203      0.10732747     -7.60565352     -0.09889770     -7.70455123      0.07155461      0.00765689      0.07166431      0.01192577 md_running
   991    495.50000000    274.47565754     12.87511223    643.98200771    300.00000000      0.99973238      0.10706704     -7.60500342     -0.10087159     -7.70587501      0.07858845      0.00784397      0.07868743      0.01309807 md_running
   992    496.00000000    274.68562251     12.81839089    641.57702671    300.00000000      0.99973314      0.10666719     -7.60420352     -0.10292558     -7.70712910      0.08916701      0.00803887      0.08924988      0.01486117 md_running
   993    496.50000000    274.89999608     12.76185308    638.95595688    300.00000000      0.99973409      0.10623142     -7.60335813     -0.10505220     -7.70841032      0.10084519      0.00824108      0.10091180      0.01680753 md_running
   994    497.00000000    275.11602789     12.70550200    636.66580235    300.00000000      0.99973503      0.10585066     -7.60255931     -0.10724366     -7.70980298      0.11197238      0.00845008      0.11202391      0.01866206 md_running
   995    497.50000000    275.33105091     12.64931967    635.08231937    300.00000000      0.99973576      0.10558739     -7.60186941     -0.10949192     -7.71136133      0.12160436      0.00866532      0.12164125      0.02026739 md_running
   996    498.00000000    275.53924946     12.59326812    634.38135086    300.00000000      0.99973619      0.10547085     -7.60131653     -0.11178868     -7.71310521      0.12926256      0.00888623      0.12928542      0.02154376 md_running
   997    498.50000000    275.75334259     12.53729178    634.58205205    300.00000000      0.99973628      0.10550422     -7.60090268     -0.11412544     -7.71502812      0.13476237      0.00911227      0.13477315      0.02246039 md_running
   998    499.00000000    275.96311941     12.48132137    635.62795637    300.00000000      0.99973605      0.10567811     -7.60061649     -0.11649353     -7.71711002      0.13809227      0.00934283      0.13809150      0.02301538 md_running
   999    499.50000000    276.18216011     12.42528012    637.47952598    300.00000000      0.99973551      0.10598595     -7.60044998     -0.11888412     -7.71933410      0.13929020      0.00957732      0.13927692      0.02321503 md_running
  1000    500.00000000    276.39241171     12.36909047    640.18721152    300.00000000      0.99973468      0.10643612     -7.60041012     -0.12128830     -7.72169842      0.13836661      0.00981516      0.13833854      0.02306110 md_running
  1001    500.50000000    276.65988686     12.31268116    643.90590584    300.00000000      0.99973351      0.10705438     -7.60052289     -0.12369706     -7.72421995      0.13527298      0.01005570      0.13522777      0.02254550 md_running
  1002    501.00000000    276.87176050     12.25599357    648.83896742    300.00000000      0.99973196      0.10787454     -7.60082237     -0.12610138     -7.72692375      0.12990851      0.01029832      0.12984443      0.02165142 md_running
  1003    501.50000000    277.08908250     12.19898670    655.11488366    300.00000000      0.99972997      0.10891796     -7.60133141     -0.12849222     -7.72982363      0.12216506      0.01054236      0.12207688      0.02036084 md_running
  1004    502.00000000    277.30055517     12.14164222    662.65069926    300.00000000      0.99972754      0.11017085     -7.60203683     -0.13086058     -7.73289741      0.11201024      0.01078712      0.11188702      0.01866837 md_running
  1005    502.50000000    277.50763498     12.08396737    671.07201158    300.00000000      0.99972479      0.11157096     -7.60287626     -0.13319753     -7.73607379      0.09960871      0.01103189      0.09943330      0.01660145 md_running
  1006    503.00000000    277.71389759     12.02599491    679.71827316    300.00000000      0.99972190      0.11300847     -7.60373918     -0.13549425     -7.73923342      0.08550820      0.01127594      0.08525437      0.01425137 md_running
  1007    503.50000000    277.92328730     11.96778032    687.73798220    300.00000000      0.99971914      0.11434181     -7.60448278     -0.13774204     -7.74222482      0.07092623      0.01151848      0.07055397      0.01182104 md_running
  1008    504.00000000    278.14351068     11.90939679    694.25314621    300.00000000      0.99971678      0.11542500     -7.60495957     -0.13993241     -7.74489198      0.05831836      0.01175873      0.05777828      0.00971973 md_running
  1009    504.50000000    278.35331522     11.85092894    698.54767485    300.00000000      0.99971507      0.11613900     -7.60504958     -0.14205706     -7.74710664      0.05193827      0.01199587      0.05122746      0.00865638 md_running
  1010    505.00000000    278.56124757     11.79246604    700.23016390    300.00000000      0.99971414      0.11641873     -7.60468756     -0.14410793     -7.74879549      0.05561349      0.01222910      0.05485201      0.00926892 md_running
  1011    505.50000000    278.81407416     11.73409474    699.32575209    300.00000000      0.99971403      0.11626836     -7.60387856     -0.14607723     -7.74995579      0.06795733      0.01245760      0.06725380      0.01132622 md_running
  1012    506.00000000    279.03014329     11.67589303    696.28131928    300.00000000      0.99971467      0.11576220     -7.60269852     -0.14795751     -7.75065604      0.08437254      0.01268058      0.08373961      0.01406209 md_running
  1013    506.50000000    279.24990190     11.61792524    691.88264850    300.00000000      0.99971588      0.11503089     -7.60128105     -0.14974163     -7.75102268      0.10129951      0.01289725      0.10071613      0.01688325 md_running
  1014    507.00000000    279.46602064     11.56023815    687.09373900    300.00000000      0.99971737      0.11423470     -7.59978924     -0.15142282     -7.75121207      0.11654657      0.01310687      0.11599000      0.01942443 md_running
  1015    507.50000000    279.67944288     11.50285814    682.85844857    300.00000000      0.99971886      0.11353055     -7.59838319     -0.15299472     -7.75137791      0.12870821      0.01330873      0.12815971      0.02145137 md_running
  1016    508.00000000    279.89951764     11.44578948    679.90722851    300.00000000      0.99972005      0.11303988     -7.59718683     -0.15445136     -7.75163819      0.13690895      0.01350218      0.13635138      0.02281816 md_running
  1017    508.50000000    280.12102473     11.38901449    678.61791867    300.00000000      0.99972075      0.11282553     -7.59626389     -0.15578725     -7.75205113      0.14074753      0.01368661      0.14016441      0.02345792 md_running
  1018    509.00000000    280.33087555     11.33249510    678.97033530    300.00000000      0.99972089      0.11288412     -7.59561118     -0.15699734     -7.75260852      0.14029298      0.01386148      0.13966791      0.02338216 md_running
  1019    509.50000000    280.53644805     11.27617581    680.59234032    300.00000000      0.99972053      0.11315379     -7.59516515     -0.15807709     -7.75324225      0.13607687      0.01402629      0.13538784      0.02267948 md_running
  1020    510.00000000    280.74169816     11.21998936    682.90118323    300.00000000      0.99971986      0.11353765     -7.59482668     -0.15902246     -7.75384914      0.12906922      0.01418061      0.12829391      0.02151154 md_running
  1021    510.50000000    280.99834702     11.16386201    685.29016248    300.00000000      0.99971907      0.11393484     -7.59449313     -0.15982992     -7.75432305      0.12056922      0.01432404      0.11968138      0.02009487 md_running
  1022    511.00000000    281.20266845     11.10772031    687.29285379    300.00000000      0.99971835      0.11426780     -7.59408481     -0.16049649     -7.75458129      0.11205301      0.01445626      0.11102631      0.01867550 md_running
  1023    511.50000000    281.40836453     11.05149796    688.70504197    300.00000000      0.99971780      0.11450259     -7.59356702     -0.16101974     -7.75458676      0.10492834      0.01457696      0.10375239      0.01748806 md_running
  1024    512.00000000    281.61506496     10.99514117    689.61406519    300.00000000      0.99971745      0.11465372     -7.59295475     -0.16139780     -7.75435256      0.10022655      0.01468586      0.09891624      0.01670443 md_running
  1025    512.50000000    281.82304482     10.93861303    690.31542866    300.00000000      0.99971722      0.11477033     -7.59229955     -0.16162938     -7.75392894      0.09822539      0.01478271      0.09681679      0.01637090 md_running
  1026    513.00000000    282.03893008     10.88189636    691.14288456    300.00000000      0.99971700      0.11490790     -7.59165902     -0.16171376     -7.75337278      0.09852227      0.01486730      0.09704318      0.01642038 md_running
  1027    513.50000000    282.26156686     10.82499685    692.31306400    300.00000000      0.99971669      0.11510245     -7.59107042     -0.16165079     -7.75272121      0.10038951      0.01493941      0.09885590      0.01673158 md_running
  1028    514.00000000    282.47690982     10.76794288    693.85777295    300.00000000      0.99971626      0.11535927     -7.59054037     -0.16144091     -7.75198128      0.10309722      0.01499886      0.10151839      0.01718287 md_running
  1029    514.50000000    282.69251174     10.71078207    695.62345461    300.00000000      0.99971573      0.11565283     -7.59004402     -0.16108515     -7.75112917      0.10609150      0.01504546      0.10446951      0.01768192 md_running
  1030    515.00000000    282.91122599     10.65357678    697.33359969    300.00000000      0.99971517      0.11593715     -7.58953616     -0.16058511     -7.75012127      0.10902459      0.01507909      0.10735785      0.01817077 md_running
  1031    515.50000000    283.16680276     10.59639816    698.69399035    300.00000000      0.99971468      0.11616333     -7.58896807     -0.15994296     -7.74891103      0.11168103      0.01509963      0.10996494      0.01861350 md_running
  1032    516.00000000    283.38450137     10.53932018    699.50106060    300.00000000      0.99971434      0.11629751     -7.58830713     -0.15916145     -7.74746858      0.11390173      0.01510704      0.11213172      0.01898362 md_running
  1033    516.50000000    283.60034318     10.48241336    699.71178207    300.00000000      0.99971419      0.11633255     -7.58754794     -0.15824388     -7.74579182      0.11551983      0.01510130      0.11368784      0.01925331 md_running
  1034    517.00000000    283.81550837     10.42573983    699.45668836    300.00000000      0.99971421      0.11629013     -7.58671388     -0.15719408     -7.74390796      0.11633737      0.01508248      0.11443502      0.01938956 md_running
  1035    517.50000000    284.02340805     10.36934858    698.99211568    300.00000000      0.99971434      0.11621290     -7.58585035     -0.15601644     -7.74186679      0.11615501      0.01505072      0.11416968      0.01935917 md_running
  1036    518.00000000    284.22986488     10.31327249    698.59847504    300.00000000      0.99971448      0.11614745     -7.58500648     -0.15471584     -7.73972232      0.11481823      0.01500624      0.11273123      0.01913637 md_running
  1037    518.50000000    284.44347304     10.25752688    698.46683532    300.00000000      0.99971457      0.11612556     -7.58421578     -0.15329768     -7.73751345      0.11230065      0.01494934      0.11008814      0.01871677 md_running
  1038    519.00000000    284.65492810     10.20210916    698.61270183    300.00000000      0.99971456      0.11614981     -7.58348184     -0.15176780     -7.73524964      0.10879256      0.01488039      0.10643130      0.01813209 md_running
  1039    519.50000000    284.87010541     10.14699914    698.83982615    300.00000000      0.99971449      0.11618758     -7.58277236     -0.15013253     -7.73290489      0.10479264      0.01479987      0.10226874      0.01746544 md_running
  1040    520.00000000    285.08835058     10.09216042    698.75803703    300.00000000      0.99971444      0.11617398     -7.58202152     -0.14839861     -7.73042013      0.10119262      0.01470829      0.09850973      0.01686544 md_running
  1041    520.50000000    285.34561040     10.03754404    697.86521059    300.00000000      0.99971455      0.11602554     -7.58114407     -0.14657319     -7.72771725      0.09919249      0.01460629      0.09638850      0.01653208 md_running
  1042    521.00000000    285.55306671      9.98309361    695.68822352    300.00000000      0.99971500      0.11566360     -7.58005926     -0.14466379     -7.72472305      0.10003123      0.01449452      0.09718742      0.01667187 md_running
  1043    521.50000000    285.75978216      9.92875085    691.94202648    300.00000000      0.99971591      0.11504076     -7.57871737     -0.14267828     -7.72139565      0.10445617      0.01437370      0.10167612      0.01740936 md_running
  1044    522.00000000    285.96820814      9.87446143    686.65444992    300.00000000      0.99971734      0.11416166     -7.57712214     -0.14062485     -7.71774699      0.11233671      0.01424461      0.10970036      0.01872278 md_running
  1045    522.50000000    286.18356800      9.82018123    680.22044837    300.00000000      0.99971923      0.11309196     -7.57533902     -0.13851197     -7.71385098      0.12271304      0.01410802      0.12025107      0.02045217 md_running
  1046    523.00000000    286.39586457      9.76588184    673.37680590    300.00000000      0.99972144      0.11195415     -7.57349125     -0.13634835     -7.70983961      0.13407166      0.01396475      0.13177311      0.02234528 md_running
  1047    523.50000000    286.60852824      9.71155383    667.08228673    300.00000000      0.99972367      0.11090764     -7.57174118     -0.13414295     -7.70588413      0.14474286      0.01381563      0.14257252      0.02412381 md_running
  1048    524.00000000    286.82729828      9.65720815    662.30899246    300.00000000      0.99972559      0.11011404     -7.57025340     -0.13190487     -7.70215827      0.15320325      0.01366146      0.15111466      0.02553387 md_running
  1049    524.50000000    287.04861594      9.60287631    659.80866557    300.00000000      0.99972687      0.10969834     -7.56915592     -0.12964339     -7.69879931      0.15823931      0.01350311      0.15618059      0.02637322 md_running
  1050    525.00000000    287.27033743      9.54860882    659.92815301    300.00000000      0.99972729      0.10971821     -7.56850882     -0.12736787     -7.69587669      0.15904135      0.01334139      0.15695661      0.02650689 md_running
  1051    525.50000000    287.54069265      9.49447204    662.52630395    300.00000000      0.99972679      0.11015017     -7.56828938     -0.12508778     -7.69337717      0.15528314      0.01317717      0.15311097      0.02588052 md_running
  1052    526.00000000    287.75541625      9.44054359    667.01793479    300.00000000      0.99972553      0.11089694     -7.56840036     -0.12281260     -7.69121297      0.14715223      0.01301131      0.14482207      0.02452537 md_running
  1053    526.50000000    287.97109074      9.38690698    672.52397792    300.00000000      0.99972379      0.11181236     -7.56869445     -0.12055182     -7.68924627      0.13534698      0.01284468      0.13277319      0.02255783 md_running
  1054    527.00000000    288.18788912      9.33364642    678.07922598    300.00000000      0.99972190      0.11273596     -7.56900996     -0.11831487     -7.68732483      0.12103957      0.01267818      0.11811618      0.02017326 md_running
  1055    527.50000000    288.40285992      9.28084205    682.84493528    300.00000000      0.99972017      0.11352830     -7.56920642     -0.11611113     -7.68531755      0.10583372      0.01251274      0.10244050      0.01763895 md_running
  1056    528.00000000    288.61367703      9.22856511    686.25582461    300.00000000      0.99971883      0.11409539     -7.56919026     -0.11394986     -7.68314012      0.09178260      0.01234932      0.08781426      0.01529710 md_running
  1057    528.50000000    288.83429005      9.17687421    688.06597631    300.00000000      0.99971800      0.11439634     -7.56892085     -0.11184016     -7.68076101      0.08130260      0.01218888      0.07676166      0.01355043 md_running
  1058    529.00000000    289.05288510      9.12581296    688.30976248    300.00000000      0.99971768      0.11443687     -7.56840512     -0.10979095     -7.67819607      0.07647725      0.01203243      0.07159792      0.01274621 md_running
  1059    529.50000000    289.27469362      9.07540834    687.20753155    300.00000000      0.99971784      0.11425362     -7.56768043     -0.10781093     -7.67549136      0.07793990      0.01188099      0.07312813      0.01298998 md_running
  1060    530.00000000    289.49584704      9.02566953    685.05472866    300.00000000      0.99971837      0.11389570     -7.56679634     -0.10590854     -7.67270488      0.08436667      0.01173560      0.07992040      0.01406111 md_running
  1061    530.50000000    289.75977177      8.97658766    682.12478963    300.00000000      0.99971920      0.11340857     -7.56579824     -0.10409192     -7.66989016      0.09354976      0.01159731      0.08954762      0.01559163 md_running
  1062    531.00000000    289.97183352      8.92813712    678.60652616    300.00000000      0.99972025      0.11282363     -7.56471674     -0.10236891     -7.66708565      0.10364172      0.01146718      0.10003701      0.01727362 md_running
  1063    531.50000000    290.18970800      8.88027878    674.59982953    300.00000000      0.99972148      0.11215749     -7.56356656     -0.10074697     -7.66431354      0.11345249      0.01134627      0.11016714      0.01890875 md_running
  1064    532.00000000    290.40928123      8.83296386    670.16475461    300.00000000      0.99972287      0.11142012     -7.56235599     -0.09923319     -7.66158918      0.12228985      0.01123560      0.11924916      0.02038164 md_running
  1065    532.50000000    290.63200738      8.78613918    665.39497758    300.00000000      0.99972442      0.11062711     -7.56109811     -0.09783424     -7.65893235      0.12975260      0.01113620      0.12689367      0.02162543 md_running
  1066    533.00000000    290.84798613      8.73975297    660.48749552    300.00000000      0.99972607      0.10981120     -7.55982450     -0.09655633     -7.65638083      0.13556563      0.01104903      0.13283611      0.02259427 md_running
  1067    533.50000000    291.06220338      8.69376046    655.77436832    300.00000000      0.99972775      0.10902761     -7.55858915     -0.09540524     -7.65399440      0.13947433      0.01097502      0.13682902      0.02324572 md_running
  1068    534.00000000    291.27149716      8.64812860    651.69185396    300.00000000      0.99972931      0.10834886     -7.55746473     -0.09438623     -7.65185096      0.14122948      0.01091505      0.13862505      0.02353825 md_running
  1069    534.50000000    291.48489347      8.60283994    648.68938840    300.00000000      0.99973059      0.10784967     -7.55652685     -0.09350407     -7.65003091      0.14062397      0.01086993      0.13801703      0.02343733 md_running
  1070    535.00000000    291.70351395      8.55789402    647.09750865    300.00000000      0.99973143      0.10758501     -7.55583109     -0.09276296     -7.64859405      0.13753296      0.01084037      0.13487525      0.02292216 md_running
  1071    535.50000000    291.96694905      8.51330743    647.00051787    300.00000000      0.99973172      0.10756889     -7.55539218     -0.09216660     -7.64755878      0.13204705      0.01082706      0.12928592      0.02200784 md_running
  1072    536.00000000    292.17830960      8.46911141    648.16134590    300.00000000      0.99973151      0.10776188     -7.55517042     -0.09171808     -7.64688849      0.12460113      0.01083056      0.12167880      0.02076686 md_running
  1073    536.50000000    292.39121095      8.42534824    650.03472875    300.00000000      0.99973092      0.10807335     -7.55507374     -0.09141993     -7.64649367      0.11608043      0.01085139      0.11294201      0.01934674 md_running
  1074    537.00000000    292.60418186      8.38206679    651.87962865    300.00000000      0.99973020      0.10838008     -7.55497695     -0.09127410     -7.64625106      0.10791545      0.01089000      0.10452991      0.01798591 md_running
  1075    537.50000000    292.81736541      8.33931779    652.93680161    300.00000000      0.99972964      0.10855584     -7.55475119     -0.09128193     -7.64603312      0.10200765      0.01094673      0.09840802      0.01700127 md_running
  1076    538.00000000    293.03749593      8.29714939    652.63073653    300.00000000      0.99972948      0.10850495     -7.55429856     -0.09144415     -7.64574270      0.10027857      0.01102189      0.09659768      0.01671310 md_running
  1077    538.50000000    293.24985285      8.25560247    650.73203757    300.00000000      0.99972987      0.10818928     -7.55357973     -0.09176088     -7.64534061      0.10372807      0.01111570      0.10015716      0.01728801 md_running
  1078    539.00000000    293.45841811      8.21470654    647.42519296    300.00000000      0.99973082      0.10763949     -7.55262513     -0.09223164     -7.64485677      0.11173687      0.01122832      0.10841413      0.01862281 md_running
  1079    539.50000000    293.66976335      8.17447700    643.26911180    300.00000000      0.99973220      0.10694851     -7.55152875     -0.09285534     -7.64438409      0.12232151      0.01135986      0.11927640      0.02038692 md_running
  1080    540.00000000    293.88104290      8.13491406    639.05757878    300.00000000      0.99973377      0.10624831     -7.55042395     -0.09363028     -7.64405423      0.13312015      0.01151035      0.13030361      0.02218669 md_running
  1081    540.50000000    294.14236346      8.09600290    635.62653534    300.00000000      0.99973523      0.10567787     -7.54945111     -0.09455414     -7.64400525      0.14200736      0.01167976      0.13933961      0.02366789 md_running
  1082    541.00000000    294.35855316      8.05771389    633.65575867    300.00000000      0.99973627      0.10535022     -7.54872448     -0.09562403     -7.64434851      0.14737632      0.01186803      0.14476992      0.02456272 md_running
  1083    541.50000000    294.56936705      8.02000374    633.49508072    300.00000000      0.99973668      0.10532350     -7.54830263     -0.09683648     -7.64513912      0.14823596      0.01207500      0.14560008      0.02470599 md_running
  1084    542.00000000    294.78915826      7.98281773    635.06573378    300.00000000      0.99973639      0.10558464     -7.54817153     -0.09818743     -7.64635896      0.14427055      0.01230047      0.14150677      0.02404509 md_running
  1085    542.50000000    295.00699153      7.94609320    637.87526530    300.00000000      0.99973553      0.10605174     -7.54824702     -0.09967228     -7.64791931      0.13585593      0.01254417      0.13285094      0.02264266 md_running
  1086    543.00000000    295.22777152      7.90976429    641.14041824    300.00000000      0.99973435      0.10659460     -7.54839558     -0.10128588     -7.64968147      0.12405329      0.01280578      0.12067017      0.02067555 md_running
  1087    543.50000000    295.43789689      7.87376778    643.98468481    300.00000000      0.99973318      0.10706748     -7.54846767     -0.10302258     -7.65149025      0.11056213      0.01308488      0.10664297      0.01842702 md_running
  1088    544.00000000    295.64646259      7.83804881    645.65148538    300.00000000      0.99973232      0.10734460     -7.54833472     -0.10487620     -7.65321093      0.09767491      0.01338099      0.09307482      0.01627915 md_running
  1089    544.50000000    295.85344974      7.80256624    645.66404224    300.00000000      0.99973200      0.10734669     -7.54791539     -0.10684013     -7.65475552      0.08805931      0.01369354      0.08274868      0.01467655 md_running
  1090    545.00000000    296.07063459      7.76729718    643.90004940    300.00000000      0.99973232      0.10705341     -7.54718845     -0.10890727     -7.65609572      0.08395479      0.01402185      0.07815253      0.01399247 md_running
  1091    545.50000000    296.33696646      7.73224010    640.56133910    300.00000000      0.99973326      0.10649832     -7.54618833     -0.11107013     -7.65725845      0.08587550      0.01436513      0.07997304      0.01431258 md_running
  1092    546.00000000    296.55383403      7.69741622    636.05104249    300.00000000      0.99973473      0.10574845     -7.54498365     -0.11332080     -7.65830445      0.09231809      0.01472251      0.08659987      0.01538635 md_running
  1093    546.50000000    296.77504577      7.66286882    630.81683355    300.00000000      0.99973656      0.10487822     -7.54365011     -0.11565103     -7.65930114      0.10100148      0.01509297      0.09553852      0.01683358 md_running
  1094    547.00000000    296.99688468      7.62865991    625.20894522    300.00000000      0.99973862      0.10394587     -7.54224795     -0.11805224     -7.66030020      0.11008349      0.01547541      0.10482057      0.01834725 md_running
  1095    547.50000000    297.21350694      7.59486546    619.39065075    300.00000000      0.99974081      0.10297853     -7.54080536     -0.12051554     -7.66132090      0.11848028      0.01586860      0.11332210      0.01974671 md_running
  1096    548.00000000    297.43334840      7.56157027    613.32745831    300.00000000      0.99974312      0.10197048     -7.53931704     -0.12303178     -7.66234882      0.12567657      0.01627123      0.12052385      0.02094609 md_running
  1097    548.50000000    297.64578546      7.52886313    606.86109072    300.00000000      0.99974560      0.10089539     -7.53775664     -0.12559160     -7.66334823      0.13151273      0.01668191      0.12627243      0.02191879 md_running
  1098    549.00000000    297.86572018      7.49683293    599.83567995    300.00000000      0.99974834      0.09972736     -7.53609892     -0.12818542     -7.66428434      0.13598336      0.01709917      0.13056801      0.02266389 md_running
  1099    549.50000000    298.08332697      7.46556554    592.19985918    300.00000000      0.99975139      0.09845785     -7.53433681     -0.13080355     -7.66514035      0.13910282      0.01752147      0.13342942      0.02318380 md_running
  1100    550.00000000    298.29840003      7.43514038    584.03638511    300.00000000      0.99975477      0.09710061     -7.53248619     -0.13343614     -7.66592234      0.14083961      0.01794724      0.13482079      0.02347327 md_running
  1101    550.50000000    298.55366868      7.40562784    575.53345877    300.00000000      0.99975845      0.09568693     -7.53058088     -0.13607331     -7.66665419      0.14117220      0.01837486      0.13470906      0.02352870 md_running
  1102    551.00000000    298.76105404      7.37708792    566.91342368    300.00000000      0.99976234      0.09425378     -7.52866092     -0.13870511     -7.66736603      0.14015070      0.01880270      0.13313084      0.02335845 md_running
  1103    551.50000000    298.96853448      7.34956906    558.32932522    300.00000000      0.99976635      0.09282661     -7.52675445     -0.14132160     -7.66807605      0.13801546      0.01922910      0.13031783      0.02300258 md_running
  1104    552.00000000    299.17194078      7.32310791    549.78202864    300.00000000      0.99977045      0.09140555     -7.52486335     -0.14391290     -7.66877625      0.13531209      0.01965243      0.12682950      0.02255202 md_running
  1105    552.50000000    299.38537356      7.29772925    541.08930410    300.00000000      0.99977470      0.08996032     -7.52295889     -0.14646919     -7.66942809      0.13293382      0.02007106      0.12361338      0.02215564 md_running
  1106    553.00000000    299.59518906      7.27344701    531.91190459    300.00000000      0.99977923      0.08843451     -7.52098462     -0.14898079     -7.66996541      0.13213110      0.02048337      0.12203726      0.02202185 md_running
  1107    553.50000000    299.81189705      7.25026627    521.85010232    300.00000000      0.99978428      0.08676165     -7.51887370     -0.15143816     -7.67031187      0.13429486      0.02088779      0.12365968      0.02238248 md_running
  1108    554.00000000    300.02298644      7.22818621    510.59309732    300.00000000      0.99979012      0.08489009     -7.51657348     -0.15383197     -7.67040546      0.14044821      0.02128277      0.12963586      0.02340803 md_running
  1109    554.50000000    300.24140823      7.20720360    498.07920719    300.00000000      0.99979696      0.08280956     -7.51407314     -0.15615313     -7.67022627      0.15076182      0.02166679      0.14013569      0.02512697 md_running
  1110    555.00000000    300.46324376      7.18731670    484.62699227    300.00000000      0.99980486      0.08057302     -7.51142578     -0.15839279     -7.66981857      0.16434586      0.02203836      0.15413965      0.02739098 md_running
  1111    555.50000000    300.72983848      7.16852888    470.99066029    300.00000000      0.99981361      0.07830587     -7.50875850     -0.16054245     -7.66930096      0.17947619      0.02239599      0.16976115      0.02991270 md_running
  1112    556.00000000    300.94336083      7.15085109    458.30496191    300.00000000      0.99982266      0.07619678     -7.50626338     -0.16259392     -7.66885730      0.19403248      0.02273824      0.18475881      0.03233875 md_running
  1113    556.50000000    301.16418185      7.13430302    447.90661019    300.00000000      0.99983107      0.07446797     -7.50416708     -0.16453940     -7.66870647      0.20588222      0.02306367      0.19693029      0.03431370 md_running
  1114    557.00000000    301.37872240      7.11891257    441.05192166    300.00000000      0.99983766      0.07332832     -7.50268441     -0.16637147     -7.66905589      0.21321219      0.02337088      0.20442789      0.03553537 md_running
  1115    557.50000000    301.58919456      7.10471317    438.60719393    300.00000000      0.99984132      0.07292187     -7.50196468     -0.16808318     -7.67004786      0.21482077      0.02365852      0.20603283      0.03580346 md_running
  1116    558.00000000    301.78395759      7.09173931    440.80674478    300.00000000      0.99984140      0.07328756     -7.50205004     -0.16966803     -7.67171806      0.21031135      0.02392527      0.20133594      0.03505189 md_running
  1117    558.50000000    301.99649504      7.08002122    447.16228542    300.00000000      0.99983799      0.07434422     -7.50286090     -0.17111999     -7.67398089      0.20018428      0.02416995      0.19082724      0.03336405 md_running
  1118    559.00000000    302.21670469      7.06957954    456.56665291    300.00000000      0.99983190      0.07590777     -7.50421200     -0.17243357     -7.67664557      0.18580391      0.02439145      0.17587029      0.03096732 md_running
  1119    559.50000000    302.42867887      7.06042079    467.56021031    300.00000000      0.99982437      0.07773553     -7.50585851     -0.17360381     -7.67946231      0.16926106      0.02458884      0.15858466      0.02821018 md_running
  1120    560.00000000    302.63816209      7.05253421    478.66804293    300.00000000      0.99981662      0.07958230     -7.50755226     -0.17462630     -7.68217856      0.15311089      0.02476132      0.14162461      0.02551848 md_running
  1121    560.50000000    302.90350362      7.04588990    488.70682229    300.00000000      0.99980959      0.08125132     -7.50909417     -0.17549722     -7.68459139      0.13998271      0.02490827      0.12783715      0.02333045 md_running
  1122    561.00000000    303.11505105      7.04043833    496.97499986    300.00000000      0.99980380      0.08262597     -7.51036653     -0.17621334     -7.68657987      0.13194364      0.02502927      0.11958712      0.02199061 md_running
  1123    561.50000000    303.33563185      7.03611139    503.29490976    300.00000000      0.99979938      0.08367671     -7.51133902     -0.17677202     -7.68811104      0.12972976      0.02512407      0.11779018      0.02162163 md_running
  1124    562.00000000    303.55156188      7.03282344    507.92863430    300.00000000      0.99979620      0.08444710     -7.51205502     -0.17717126     -7.68922628      0.13245996      0.02519258      0.12143710      0.02207666 md_running
  1125    562.50000000    303.76624077      7.03047347    511.41102267    300.00000000      0.99979391      0.08502607     -7.51260279     -0.17740967     -7.69001247      0.13822182      0.02523491      0.12831249      0.02303697 md_running
  1126    563.00000000    303.98458218      7.02894746    514.35817605    300.00000000      0.99979214      0.08551606     -7.51308384     -0.17748651     -7.69057035      0.14504870      0.02525132      0.13621287      0.02417478 md_running
  1127    563.50000000    304.19537115      7.02812178    517.30388355    300.00000000      0.99979052      0.08600581     -7.51358484     -0.17740166     -7.69098651      0.15144585      0.02524222      0.14354049      0.02524097 md_running
  1128    564.00000000    304.39887979      7.02786710    520.59805872    300.00000000      0.99978880      0.08655349     -7.51416114     -0.17715566     -7.69131680      0.15648782      0.02520813      0.14934835      0.02608130 md_running
  1129    564.50000000    304.60816231      7.02805370    524.37320602    300.00000000      0.99978685      0.08718114     -7.51483126     -0.17674966     -7.69158092      0.15968167      0.02514969      0.15315731      0.02661361 md_running
  1130    565.00000000    304.81849105      7.02855729    528.57316093    300.00000000      0.99978467      0.08787941     -7.51558183     -0.17618547     -7.69176730      0.16083845      0.02506762      0.15480183      0.02680641 md_running
  1131    565.50000000    305.08253976      7.02926509    533.02139842    300.00000000      0.99978233      0.08861897     -7.51637998     -0.17546552     -7.69184549      0.15996098      0.02496267      0.15430739      0.02666016 md_running
  1132    566.00000000    305.29430074      7.03008158    537.50604661    300.00000000      0.99977995      0.08936458     -7.51718703     -0.17459285     -7.69177988      0.15715100      0.02483564      0.15179448      0.02619183 md_running
  1133    566.50000000    305.51147983      7.03093311    541.85668412    300.00000000      0.99977765      0.09008790     -7.51797242     -0.17357114     -7.69154356      0.15256655      0.02468732      0.14743333      0.02542776 md_running
  1134    567.00000000    305.73338628      7.03177155    545.98075133    300.00000000      0.99977548      0.09077356     -7.51871971     -0.17240463     -7.69112434      0.14638001      0.02451848      0.14140486      0.02439667 md_running
  1135    567.50000000    305.95153236      7.03257576    549.84732075    300.00000000      0.99977347      0.09141641     -7.51942383     -0.17109815     -7.69052198      0.13879996      0.02432990      0.13392479      0.02313333 md_running
  1136    568.00000000    306.17484326      7.03335042    553.42815975    300.00000000      0.99977162      0.09201175     -7.52008102     -0.16965711     -7.68973813      0.13017311      0.02412233      0.12534532      0.02169552 md_running
  1137    568.50000000    306.38935656      7.03412277    556.61818271    300.00000000      0.99976995      0.09254212     -7.52067526     -0.16808745     -7.68876270      0.12112701      0.02389653      0.11630830      0.02018783 md_running
  1138    569.00000000    306.60513558      7.03493725    559.16880161    300.00000000      0.99976853      0.09296618     -7.52116625     -0.16639562     -7.68756187      0.11281175      0.02365327      0.10800666      0.01880196 md_running
  1139    569.50000000    306.82180630      7.03584855    560.68004596    300.00000000      0.99976751      0.09321743     -7.52148785     -0.16458857     -7.68607642      0.10712342      0.02339337      0.10242791      0.01785390 md_running
  1140    570.00000000    307.03652385      7.03691411    560.67404324    300.00000000      0.99976711      0.09321644     -7.52156006     -0.16267373     -7.68423380      0.10640529      0.02311771      0.10202408      0.01773421 md_running
  1141    570.50000000    307.29692103      7.03818777    558.74203710    300.00000000      0.99976753      0.09289522     -7.52131368     -0.16065896     -7.68197264      0.11231507      0.02282726      0.10847226      0.01871918 md_running
  1142    571.00000000    307.50863345      7.03971438    554.73008955    300.00000000      0.99976896      0.09222821     -7.52072182     -0.15855252     -7.67927434      0.12454748      0.02252308      0.12133701      0.02075791 md_running
  1143    571.50000000    307.72358632      7.04152607    548.89445880    300.00000000      0.99977140      0.09125799     -7.51982669     -0.15636306     -7.67618975      0.14085861      0.02220634      0.13822145      0.02347644 md_running
  1144    572.00000000    307.93383784      7.04364009    541.95278400    300.00000000      0.99977466      0.09010388     -7.51874860     -0.15409957     -7.67284817      0.15817534      0.02187832      0.15598462      0.02636256 md_running
  1145    572.50000000    308.14890463      7.04605832    534.98782301    300.00000000      0.99977832      0.08894590     -7.51766971     -0.15177135     -7.66944105      0.17354712      0.02154038      0.17167614      0.02892452 md_running
  1146    573.00000000    308.35797519      7.04876769    529.21985481    300.00000000      0.99978177      0.08798693     -7.51679563     -0.14938796     -7.66618359      0.18456496      0.02119396      0.18290951      0.03076083 md_running
  1147    573.50000000    308.56751626      7.05174073    525.70976776    300.00000000      0.99978434      0.08740335     -7.51630555     -0.14695922     -7.66326477      0.18966279      0.02084060      0.18814017      0.03161047 md_running
  1148    574.00000000    308.77847456      7.05493708    525.07510013    300.00000000      0.99978549      0.08729783     -7.51630360     -0.14449511     -7.66079872      0.18823994      0.02048188      0.18678367      0.03137332 md_running
  1149    574.50000000    308.99447169      7.05830541    527.32090565    300.00000000      0.99978502      0.08767122     -7.51678944     -0.14200581     -7.65879525      0.18079529      0.02011942      0.17934792      0.03013255 md_running
  1150    575.00000000    309.20420887      7.06178663    531.85570210    300.00000000      0.99978311      0.08842516     -7.51766195     -0.13950159     -7.65716354      0.16889439      0.01975488      0.16740557      0.02814907 md_running
  1151    575.50000000    309.46148476      7.06531805    537.66292738    300.00000000      0.99978026      0.08939066     -7.51874836     -0.13699279     -7.65574116      0.15500058      0.01938991      0.15343006      0.02583343 md_running
  1152    576.00000000    309.67239861      7.06883789    543.56122553    300.00000000      0.99977712      0.09037130     -7.51984813     -0.13448982     -7.65433795      0.14218288      0.01902617      0.14051255      0.02369715 md_running
  1153    576.50000000    309.88304191      7.07229027    548.48314768    300.00000000      0.99977429      0.09118960     -7.52078000     -0.13200305     -7.65278304      0.13349949      0.01866525      0.13175043      0.02224991 md_running
  1154    577.00000000    310.09940322      7.07563014    551.70721753    300.00000000      0.99977221      0.09172563     -7.52142194     -0.12954281     -7.65096476      0.13095280      0.01830873      0.12918760      0.02182547 md_running
  1155    577.50000000    310.30859324      7.07882793    552.98806671    300.00000000      0.99977111      0.09193858     -7.52173211     -0.12711937     -7.64885148      0.13452814      0.01795810      0.13281599      0.02242136 md_running
  1156    578.00000000    310.52290052      7.08187319    552.57619863    300.00000000      0.99977094      0.09187011     -7.52175248     -0.12474285     -7.64649533      0.14242802      0.01761479      0.14080602      0.02373800 md_running
  1157    578.50000000    310.73378410      7.08477682    551.13520651    300.00000000      0.99977147      0.09163053     -7.52159569     -0.12242319     -7.64401888      0.15222881      0.01728015      0.15069609      0.02537147 md_running
  1158    579.00000000    310.94329129      7.08757142    549.55882115    300.00000000      0.99977231      0.09136844     -7.52141326     -0.12017015     -7.64158341      0.16182253      0.01695545      0.16035568      0.02697042 md_running
  1159    579.50000000    311.16118575      7.09030913    548.75302805    300.00000000      0.99977298      0.09123447     -7.52135896     -0.11799323     -7.63935218      0.16972182      0.01664187      0.16828873      0.02828697 md_running
  1160    580.00000000    311.38286076      7.09305710    549.44236838    300.00000000      0.99977306      0.09134908     -7.52155621     -0.11590164     -7.63745784      0.17500347      0.01634053      0.17356981      0.02916724 md_running
  1161    580.50000000    311.65576541      7.09589158    552.02881819    300.00000000      0.99977227      0.09177910     -7.52207379     -0.11390428     -7.63597807      0.17715415      0.01605252      0.17568450      0.02952569 bias_reducing_pot_drop
  1162    581.00000000    311.86499591      7.09889110    556.49367476    300.00000000      0.99977051      0.09252142     -7.52291615     -0.14059333     -7.66350948      0.17598528      0.01980543      0.17427629      0.02933088 bias_reducing
  1163    581.50000000    312.07819775      7.10202220    562.49519356    300.00000000      0.99976794      0.09351922     -7.52402556     -0.14035072     -7.66437627      0.17154256      0.01976254      0.16967708      0.02859043 bias_reducing
  1164    582.00000000    312.28837225      7.10534535    569.48163230    300.00000000      0.99976481      0.09468077     -7.52530479     -0.14010810     -7.66541289      0.16405009      0.01971915      0.16196585      0.02734168 bias_reducing
  1165    582.50000000    312.50362804      7.10890993    576.75319396    300.00000000      0.99976145      0.09588972     -7.52663723     -0.13986549     -7.66650272      0.15390241      0.01967513      0.15152168      0.02565040 bias_reducing
  1166    583.00000000    312.70098834      7.11275216    583.61804378    300.00000000      0.99975821      0.09703106     -7.52790761     -0.13962288     -7.66753049      0.14178662      0.01963040      0.13901331      0.02363110 bias_reducing
  1167    583.50000000    312.90981847      7.11689447    589.47220777    300.00000000      0.99975536      0.09800436     -7.52901548     -0.13938027     -7.66839575      0.12900052      0.01958488      0.12572810      0.02150009 bias_reducing
  1168    584.00000000    313.11869859      7.12134590    593.83784017    300.00000000      0.99975312      0.09873018     -7.52988112     -0.13913766     -7.66901878      0.11786788      0.01953857      0.11402455      0.01964465 bias_reducing
  1169    584.50000000    313.33346058      7.12610360    596.39052598    300.00000000      0.99975163      0.09915458     -7.53044973     -0.13889504     -7.66934477      0.11187575      0.01949148      0.10754249      0.01864596 bias_reducing
  1170    585.00000000    313.55464769      7.13115475    596.99863585    300.00000000      0.99975096      0.09925568     -7.53069828     -0.13865243     -7.66935072      0.11446878      0.01944365      0.10996315      0.01907813 bias_reducing
  1171    585.50000000    313.82766111      7.13647895    595.77534761    300.00000000      0.99975110      0.09905230     -7.53064408     -0.13840982     -7.66905390      0.12637296      0.01939515      0.12206097      0.02106216 bias_reducing
  1172    586.00000000    314.03653419      7.14205112    593.12897679    300.00000000      0.99975196      0.09861232     -7.53035409     -0.13816721     -7.66852129      0.14466639      0.01934605      0.14070868      0.02411106 bias_reducing
  1173    586.50000000    314.25117400      7.14784472    589.75875474    300.00000000      0.99975330      0.09805200     -7.52994511     -0.13792459     -7.66786971      0.16473435      0.01929643      0.16110002      0.02745572 bias_reducing
  1174    587.00000000    314.46646877      7.15383550    586.54367907    300.00000000      0.99975479      0.09751746     -7.52956471     -0.13768198     -7.66724669      0.18223061      0.01924636      0.17881291      0.03037177 bias_reducing
  1175    587.50000000    314.68750849      7.16000551    584.33774060    300.00000000      0.99975603      0.09715071     -7.52935771     -0.13743936     -7.66679707      0.19387036      0.01919589      0.19054845      0.03231173 bias_reducing
  1176    588.00000000    314.90975949      7.16634700    583.73299797    300.00000000      0.99975668      0.09705017     -7.52942438     -0.13719675     -7.66662113      0.19771150      0.01914505      0.19436563      0.03295192 bias_reducing
  1177    588.50000000    315.13137986      7.17286592    584.88133699    300.00000000      0.99975655      0.09724109     -7.52979092     -0.13695414     -7.66674506      0.19330730      0.01909383      0.18981728      0.03221788 bias_reducing
  1178    589.00000000    315.34049393      7.17958443    587.45764596    300.00000000      0.99975569      0.09766942     -7.53040254     -0.13671152     -7.66711406      0.18177008      0.01904217      0.17801375      0.03029501 bias_reducing
  1179    589.50000000    315.55637256      7.18654161    590.77902490    300.00000000      0.99975435      0.09822162     -7.53114419     -0.13646891     -7.66761310      0.16566555      0.01898998      0.16152759      0.02761092 bias_reducing
  1180    590.00000000    315.76623341      7.19379233    594.02515715    300.00000000      0.99975288      0.09876132     -7.53187767     -0.13622629     -7.66810396      0.14876651      0.01893711      0.14417982      0.02479442 bias_reducing
  1181    590.50000000    316.03118231      7.20140357    596.46858409    300.00000000      0.99975162      0.09916756     -7.53248173     -0.13598368     -7.66846541      0.13543318      0.01888341      0.13046552      0.02257220 bias_reducing
  1182    591.00000000    316.24564059      7.20944932    597.63127576    300.00000000      0.99975084      0.09936086     -7.53287756     -0.13574106     -7.66861863      0.12927700      0.01882869      0.12420625      0.02154617 bias_reducing
  1183    591.50000000    316.46038574      7.21800319    597.33499678    300.00000000      0.99975066      0.09931161     -7.53303714     -0.13549845     -7.66853559      0.13135629      0.01877276      0.12655705      0.02189272 bias_reducing
  1184    592.00000000    316.67633936      7.22713098    595.67574866    300.00000000      0.99975109      0.09903574     -7.53297786     -0.13525583     -7.66823369      0.13974034      0.01871549      0.13545541      0.02329006 bias_reducing
  1185    592.50000000    316.89263795      7.23688398    592.97395882    300.00000000      0.99975205      0.09858655     -7.53275435     -0.13501322     -7.66776756      0.15121055      0.01865674      0.14749154      0.02520176 bias_reducing
  1186    593.00000000    317.10949654      7.24729403    589.72575577    300.00000000      0.99975336      0.09804651     -7.53244970     -0.13477060     -7.66722030      0.16299181      0.01859647      0.15978759      0.02716530 bias_reducing
  1187    593.50000000    317.32656019      7.25837070    586.56099297    300.00000000      0.99975480      0.09752034     -7.53216940     -0.13452799     -7.66669739      0.17319663      0.01853467      0.17042952      0.02886611 bias_reducing
  1188    594.00000000    317.54242667      7.27010050    584.19406473    300.00000000      0.99975607      0.09712682     -7.53203261     -0.13428537     -7.66631798      0.18063182      0.01847140      0.17822870      0.03010530 bias_reducing
  1189    594.50000000    317.76402671      7.28244830    583.34160035    300.00000000      0.99975683      0.09698509     -7.53215925     -0.13404275     -7.66620201      0.18454820      0.01840677      0.18244879      0.03075803 bias_reducing
  1190    595.00000000    317.97447498      7.29536010    584.60361832    300.00000000      0.99975678      0.09719491     -7.53264990     -0.13380014     -7.66645004      0.18447132      0.01834094      0.18262836      0.03074522 bias_reducing
  1191    595.50000000    318.23907833      7.30876671    588.33098947    300.00000000      0.99975570      0.09781462     -7.53356300     -0.13355752     -7.66712052      0.18012248      0.01827410      0.17850031      0.03002041 bias_reducing
  1192    596.00000000    318.44264463      7.32258759    594.51575790    300.00000000      0.99975354      0.09884289     -7.53489651     -0.13331491     -7.66821141      0.17142947      0.01820648      0.17000300      0.02857158 bias_reducing
  1193    596.50000000    318.65253873      7.33673478    602.73653932    300.00000000      0.99975044      0.10020965     -7.53657916     -0.13307229     -7.66965145      0.15863417      0.01813831      0.15738891      0.02643903 bias_reducing
  1194    597.00000000    318.87239350      7.35111702    612.18073321    300.00000000      0.99974672      0.10177983     -7.53847311     -0.13282967     -7.67130278      0.14249619      0.01806982      0.14143217      0.02374936 bias_reducing
  1195    597.50000000    319.09095295      7.36564390    621.74799369    300.00000000      0.99974283      0.10337046     -7.54039225     -0.13258705     -7.67297931      0.12470513      0.01800125      0.12384622      0.02078419 bias_reducing
  1196    598.00000000    319.30070995      7.38022980    630.21645246    300.00000000      0.99973924      0.10477840     -7.54212921     -0.13234444     -7.67447365      0.10860187      0.01793280      0.10801124      0.01810031 bias_reducing
  1197    598.50000000    319.50938904      7.39479754    636.47511793    300.00000000      0.99973639      0.10581896     -7.54349477     -0.13210182     -7.67559659      0.09971356      0.01786467      0.09948299      0.01661893 bias_reducing
  1198    599.00000000    319.71864971      7.40928189    639.78881369    300.00000000      0.99973458      0.10636988     -7.54436257     -0.13185920     -7.67622178      0.10336635      0.01779701      0.10352143      0.01722773 bias_reducing
  1199    599.50000000    319.93512737      7.42363272    640.00992175    300.00000000      0.99973394      0.10640665     -7.54470573     -0.13161659     -7.67632231      0.11917398      0.01772993      0.11961754      0.01986233 bias_reducing
  1200    600.00000000    320.14435368      7.43781705    637.66984444    300.00000000      0.99973439      0.10601759     -7.54461220     -0.13137397     -7.67598617      0.14122508      0.01766350      0.14184598      0.02353751 bias_reducing
  1201    600.50000000    320.41255455      7.45181959    633.89529778    300.00000000      0.99973561      0.10539004     -7.54427168     -0.13113135     -7.67540303      0.16310583      0.01759775      0.16384441      0.02718430 bias_reducing
  1202    601.00000000    320.61242885      7.46564180    630.12750606    300.00000000      0.99973712      0.10476362     -7.54392850     -0.13088874     -7.67481723      0.18000498      0.01753268      0.18084517      0.03000083 bias_reducing
  1203    601.50000000    320.82577089      7.47929870    627.70937539    300.00000000      0.99973837      0.10436158     -7.54381094     -0.13064612     -7.67445706      0.18881295      0.01746823      0.18976649      0.03146883 bias_reducing
  1204    602.00000000    321.04446607      7.49281378    627.46515945    300.00000000      0.99973891      0.10432098     -7.54405996     -0.13040350     -7.67446346      0.18807379      0.01740434      0.18917424      0.03134563 bias_reducing
  1205    602.50000000    321.25669768      7.50621258    629.42803193    300.00000000      0.99973856      0.10464732     -7.54468202     -0.13016089     -7.67484291      0.17800525      0.01734096      0.17930881      0.02966754 bias_reducing
  1206    603.00000000    321.46994026      7.51951591    632.83604277    300.00000000      0.99973746      0.10521393     -7.54554822     -0.12991827     -7.67546650      0.16049830      0.01727802      0.16208874      0.02674972 bias_reducing
  1207    603.50000000    321.68038321      7.53273378    636.38946823    300.00000000      0.99973606      0.10580472     -7.54643810     -0.12967566     -7.67611376      0.13908579      0.01721549      0.14107439      0.02318096 bias_reducing
  1208    604.00000000    321.88976818      7.54586105    638.66899773    300.00000000      0.99973489      0.10618371     -7.54711076     -0.12943304     -7.67654381      0.11893269      0.01715339      0.12142119      0.01982212 bias_reducing
  1209    604.50000000    322.10739662      7.55887534    638.56429640    300.00000000      0.99973443      0.10616630     -7.54737767     -0.12919043     -7.67656810      0.10629669      0.01709177      0.10924757      0.01771612 bias_reducing
  1210    605.00000000    322.32223423      7.57173725    635.56812142    300.00000000      0.99973500      0.10566816     -7.54715254     -0.12894782     -7.67610035      0.10565374      0.01703069      0.10878260      0.01760896 bias_reducing
  1211    605.50000000    322.59164267      7.58439261    629.86223691    300.00000000      0.99973665      0.10471951     -7.54646550     -0.12870520     -7.67517070      0.11574939      0.01697029      0.11874780      0.01929157 bias_reducing
  1212    606.00000000    322.81164934      7.59677597    622.21629905    300.00000000      0.99973924      0.10344832     -7.54544579     -0.12846259     -7.67390838      0.13128337      0.01691069      0.13404495      0.02188056 bias_reducing
  1213    606.50000000    323.02225696      7.60881466    613.75941528    300.00000000      0.99974245      0.10204229     -7.54428251     -0.12821997     -7.67250249      0.14752877      0.01685205      0.15008176      0.02458813 bias_reducing
  1214    607.00000000    323.24133803      7.62043311    605.71534367    300.00000000      0.99974582      0.10070490     -7.54318032     -0.12797736     -7.67115768      0.16166032      0.01679452      0.16406831      0.02694339 bias_reducing
  1215    607.50000000    323.45784408      7.63155672    599.17544969    300.00000000      0.99974887      0.09961760     -7.54232125     -0.12773475     -7.67005600      0.17222731      0.01673825      0.17455235      0.02870455 bias_reducing
  1216    608.00000000    323.67362294      7.64211547    594.93230001    300.00000000      0.99975117      0.09891214     -7.54183727     -0.12749213     -7.66932941      0.17855088      0.01668338      0.18084775      0.02975848 bias_reducing
  1217    608.50000000    323.89450726      7.65204693    593.38873431    300.00000000      0.99975241      0.09865551     -7.54179505     -0.12724952     -7.66904457      0.18035768      0.01663002      0.18267715      0.03005961 bias_reducing
  1218    609.00000000    324.11609476      7.66129879    594.53359355    300.00000000      0.99975248      0.09884585     -7.54219219     -0.12700691     -7.66919910      0.17762424      0.01657827      0.18001763      0.02960404 bias_reducing
  1219    609.50000000    324.33594525      7.66983113    597.97272943    300.00000000      0.99975146      0.09941763     -7.54296195     -0.12676430     -7.66972625      0.17050665      0.01652820      0.17303191      0.02841778 bias_reducing
  1220    610.00000000    324.54659220      7.67761822    603.00713156    300.00000000      0.99974962      0.10025464     -7.54398706     -0.12652168     -7.67050874      0.15936362      0.01647983      0.16209102      0.02656060 bias_reducing
  1221    610.50000000    324.79889696      7.68465009    608.74077225    300.00000000      0.99974733      0.10120790     -7.54511740     -0.12627907     -7.67139647      0.14493151      0.01643318      0.14794932      0.02415525 bias_reducing
  1222    611.00000000    325.01609246      7.69093317    614.20635217    300.00000000      0.99974499      0.10211660     -7.54619087     -0.12603646     -7.67222732      0.12865604      0.01638821      0.13206476      0.02144267 bias_reducing
  1223    611.50000000    325.22902694      7.69649045    618.50883025    300.00000000      0.99974299      0.10283192     -7.54705754     -0.12579385     -7.67285139      0.11330903      0.01634486      0.11717500      0.01888484 bias_reducing
  1224    612.00000000    325.45009519      7.70136038    620.97487279    300.00000000      0.99974163      0.10324192     -7.54760407     -0.12555123     -7.67315531      0.10349518      0.01630302      0.10771126      0.01724920 bias_reducing
  1225    612.50000000    325.66791855      7.70559441    621.28526513    300.00000000      0.99974108      0.10329352     -7.54777725     -0.12530862     -7.67308587      0.10422986      0.01626257      0.10840088      0.01737164 bias_reducing
  1226    613.00000000    325.88141415      7.70925286    619.55242460    300.00000000      0.99974138      0.10300543     -7.54759650     -0.12506601     -7.67266251      0.11652912      0.01622338      0.12024722      0.01942152 bias_reducing
  1227    613.50000000    326.09117308      7.71239946    616.31432951    300.00000000      0.99974240      0.10246707     -7.54715284     -0.12482340     -7.67197624      0.13602519      0.01618531      0.13919079      0.02267087 bias_reducing
  1228    614.00000000    326.29446160      7.71509523    612.42788963    300.00000000      0.99974387      0.10182092     -7.54659225     -0.12458079     -7.67117304      0.15674268      0.01614820      0.15946166      0.02612378 bias_reducing
  1229    614.50000000    326.51413676      7.71739269    608.85395324    300.00000000      0.99974543      0.10122672     -7.54607827     -0.12433818     -7.67041645      0.17378866      0.01611196      0.17620770      0.02896478 bias_reducing
  1230    615.00000000    326.72865763      7.71933088    606.38697568    300.00000000      0.99974670      0.10081657     -7.54574618     -0.12409557     -7.66984175      0.18384332      0.01607648      0.18609386      0.03064055 bias_reducing
  1231    615.50000000    326.99068943      7.72093246    605.42487009    300.00000000      0.99974741      0.10065661     -7.54566416     -0.12385296     -7.66951712      0.18518324      0.01604172      0.18737782      0.03086387 bias_reducing
  1232    616.00000000    327.19643906      7.72220309    605.85535984    300.00000000      0.99974749      0.10072818     -7.54581332     -0.12361036     -7.66942368      0.17772175      0.01600766      0.17996422      0.02962029 bias_reducing
  1233    616.50000000    327.41014452      7.72313278    607.10140294    300.00000000      0.99974709      0.10093535     -7.54609571     -0.12336775     -7.66946346      0.16300970      0.01597432      0.16540262      0.02716828 bias_reducing
  1234    617.00000000    327.60826222      7.72369924    608.31967932    300.00000000      0.99974652      0.10113789     -7.54636767     -0.12312514     -7.66949281      0.14415275      0.01594173      0.14679529      0.02402546 bias_reducing
  1235    617.50000000    327.82251302      7.72387190    608.67487778    300.00000000      0.99974614      0.10119695     -7.54648690     -0.12288253     -7.66936943      0.12564394      0.01590996      0.12859870      0.02094066 bias_reducing
  1236    618.00000000    328.04008831      7.72361583    607.58278204    300.00000000      0.99974626      0.10101538     -7.54635436     -0.12263992     -7.66899428      0.11277965      0.01587907      0.11598544      0.01879661 bias_reducing
  1237    618.50000000    328.24745411      7.72289515    604.85279986    300.00000000      0.99974704      0.10056150     -7.54593717     -0.12239732     -7.66833449      0.10958421      0.01584914      0.11280067      0.01826403 bias_reducing
  1238    619.00000000    328.45453308      7.72167622    600.69115443    300.00000000      0.99974849      0.09986959     -7.54527039     -0.12215471     -7.66742510      0.11592967      0.01582021      0.11890019      0.01932161 bias_reducing
  1239    619.50000000    328.66801645      7.71992935    595.60054809    300.00000000      0.99975046      0.09902324     -7.54443846     -0.12191210     -7.66635056      0.12798370      0.01579236      0.13061543      0.02133062 bias_reducing
  1240    620.00000000    328.88179708      7.71763040    590.24512364    300.00000000      0.99975273      0.09813286     -7.54355272     -0.12166949     -7.66522222      0.14156718      0.01576563      0.14389512      0.02359453 bias_reducing
  1241    620.50000000    329.15192123      7.71476211    585.31043017    300.00000000      0.99975499      0.09731243     -7.54272836     -0.12142689     -7.66415524      0.15390978      0.01574004      0.15600577      0.02565163 bias_reducing
  1242    621.00000000    329.35945551      7.71131521    581.39877979    300.00000000      0.99975697      0.09666209     -7.54206563     -0.12118428     -7.66324991      0.16355220      0.01571561      0.16548456      0.02725870 bias_reducing
  1243    621.50000000    329.56875441      7.70728934    578.97758003    300.00000000      0.99975841      0.09625954     -7.54164317     -0.12094167     -7.66258484      0.16981462      0.01569234      0.17164027      0.02830244 bias_reducing
  1244    622.00000000    329.78284375      7.70269365    578.36273508    300.00000000      0.99975911      0.09615732     -7.54151327     -0.12069907     -7.66221234      0.17242688      0.01567020      0.17419352      0.02873781 bias_reducing
  1245    622.50000000    329.99309399      7.69754676    579.71794256    300.00000000      0.99975895      0.09638263     -7.54170432     -0.12045646     -7.66216077      0.17132896      0.01564915      0.17308003      0.02855483 bias_reducing
  1246    623.00000000    330.21120708      7.69187573    583.05386862    300.00000000      0.99975790      0.09693726     -7.54221860     -0.12021385     -7.66243246      0.16656651      0.01562914      0.16834453      0.02776108 bias_reducing
  1247    623.50000000    330.42677369      7.68571418    588.22598189    300.00000000      0.99975601      0.09779716     -7.54303312     -0.11997125     -7.66300437      0.15830187      0.01561010      0.16015407      0.02638365 bias_reducing
  1248    624.00000000    330.63758257      7.67909912    594.91337694    300.00000000      0.99975341      0.09890899     -7.54409594     -0.11972864     -7.66382458      0.14693675      0.01559195      0.14891821      0.02448946 bias_reducing
  1249    624.50000000    330.85755249      7.67206692    602.58520896    300.00000000      0.99975032      0.10018449     -7.54531952     -0.11948603     -7.66480556      0.13339207      0.01557461      0.13556569      0.02223201 bias_reducing
  1250    625.00000000    331.07421855      7.66464893    610.50267245    300.00000000      0.99974704      0.10150083     -7.54658126     -0.11924343     -7.66582469      0.11961613      0.01555803      0.12203570      0.01993602 bias_reducing
  1251    625.50000000    331.34922247      7.65686744    617.80235538    300.00000000      0.99974391      0.10271446     -7.54773550     -0.11900082     -7.66673633      0.10915880      0.01554215      0.11181059      0.01819313 bias_reducing
  1252    626.00000000    331.56966047      7.64873298    623.68333570    300.00000000      0.99974127      0.10369222     -7.54864659     -0.11875822     -7.66740480      0.10672992      0.01552695      0.10944966      0.01778832 bias_reducing
  1253    626.50000000    331.78455946      7.64024303    627.64820968    300.00000000      0.99973935      0.10435141     -7.54922890     -0.11851561     -7.66774452      0.11511547      0.01551245      0.11765234      0.01918591 bias_reducing
  1254    627.00000000    331.99420555      7.63138227    629.71575202    300.00000000      0.99973822      0.10469516     -7.54948390     -0.11827301     -7.66775691      0.13218791      0.01549866      0.13441501      0.02203132 bias_reducing
  1255    627.50000000    332.20765319      7.62212412    630.50772777    300.00000000      0.99973774      0.10482683     -7.54951549     -0.11803040     -7.66754589      0.15265698      0.01548565      0.15460198      0.02544283 bias_reducing
  1256    628.00000000    332.42345411      7.61243389    631.13499479    300.00000000      0.99973756      0.10493112     -7.54951111     -0.11778780     -7.66729891      0.17124726      0.01547349      0.17299614      0.02854121 bias_reducing
  1257    628.50000000    332.64871071      7.60227269    632.89353251    300.00000000      0.99973720      0.10522349     -7.54969004     -0.11754520     -7.66723524      0.18392548      0.01546225      0.18556806      0.03065425 bias_reducing
  1258    629.00000000    332.86139086      7.59160130    636.86108416    300.00000000      0.99973619      0.10588313     -7.55023528     -0.11730259     -7.66753787      0.18813106      0.01545202      0.18975114      0.03135518 bias_reducing
  1259    629.50000000    333.07506431      7.58038349    643.54041045    300.00000000      0.99973424      0.10699362     -7.55123216     -0.11705999     -7.66829215      0.18288033      0.01544288      0.18456156      0.03048006 bias_reducing
  1260    630.00000000    333.28982290      7.56858847    652.68266557    300.00000000      0.99973133      0.10851359     -7.55263869     -0.11681738     -7.66945608      0.16884515      0.01543488      0.17068096      0.02814086 bias_reducing
  1261    630.50000000    333.55283500      7.55619290    663.36020912    300.00000000      0.99972777      0.11028881     -7.55429706     -0.11657478     -7.67087184      0.14826901      0.01542809      0.15037325      0.02471150 bias_reducing
  1262    631.00000000    333.76309957      7.54318236    674.24836098    300.00000000      0.99972400      0.11209905     -7.55598308     -0.11633217     -7.67231525      0.12490438      0.01542253      0.12741175      0.02081740 bias_reducing
  1263    631.50000000    333.97374590      7.52955254    683.99195272    300.00000000      0.99972053      0.11371900     -7.55746746     -0.11608957     -7.67355703      0.10411680      0.01541822      0.10712448      0.01735280 bias_reducing
  1264    632.00000000    334.17665963      7.51531008    691.53707308    300.00000000      0.99971771      0.11497344     -7.55857268     -0.11584696     -7.67441965      0.09245280      0.01541515      0.09583351      0.01540880 bias_reducing
  1265    632.50000000    334.38534643      7.50047291    696.33506440    300.00000000      0.99971576      0.11577114     -7.55920700     -0.11560436     -7.67481136      0.09404237      0.01541329      0.09736504      0.01567373 bias_reducing
  1266    633.00000000    334.59952892      7.48507054    698.39085944    300.00000000      0.99971472      0.11611293     -7.55937205     -0.11536175     -7.67473380      0.10620146      0.01541259      0.10914151      0.01770024 bias_reducing
  1267    633.50000000    334.80393537      7.46914384    698.20305485    300.00000000      0.99971447      0.11608171     -7.55915227     -0.11511915     -7.67427142      0.12281888      0.01541297      0.12534862      0.02046981 bias_reducing
  1268    634.00000000    335.02126728      7.45274388    696.62731435    300.00000000      0.99971480      0.11581973     -7.55869244     -0.11487654     -7.67356898      0.13933857      0.01541433      0.14154612      0.02322310 bias_reducing
  1269    634.50000000    335.23222002      7.43592960    694.69340484    300.00000000      0.99971541      0.11549820     -7.55816644     -0.11463394     -7.67280038      0.15332695      0.01541655      0.15530336      0.02555449 bias_reducing
  1270    635.00000000    335.44056758      7.41876416    693.42030060    300.00000000      0.99971596      0.11528654     -7.55774668     -0.11439133     -7.67213801      0.16360226      0.01541951      0.16541919      0.02726704 bias_reducing
  1271    635.50000000    335.70474746      7.40131068    693.64121419    300.00000000      0.99971617      0.11532327     -7.55757437     -0.11414873     -7.67172310      0.16963193      0.01542309      0.17134466      0.02827199 bias_reducing
  1272    636.00000000    335.91824695      7.38362737    695.84657099    300.00000000      0.99971581      0.11568992     -7.55773349     -0.11390612     -7.67163961      0.17122433      0.01542716      0.17287522      0.02853739 bias_reducing
  1273    636.50000000    336.12665955      7.36576352    700.09587515    300.00000000      0.99971480      0.11639640     -7.55823456     -0.11366351     -7.67189807      0.16847211      0.01543164      0.17009537      0.02807869 bias_reducing
  1274    637.00000000    336.33776538      7.34775648    706.02714897    300.00000000      0.99971321      0.11738252     -7.55901772     -0.11342091     -7.67243863      0.16169434      0.01543643      0.16332029      0.02694906 bias_reducing
  1275    637.50000000    336.55813694      7.32962992    712.94597342    300.00000000      0.99971123      0.11853283     -7.55996607     -0.11317830     -7.67314438      0.15150041      0.01544150      0.15315700      0.02525007 bias_reducing
  1276    638.00000000    336.76983839      7.31139399    719.96756392    300.00000000      0.99970912      0.11970023     -7.56093154     -0.11293570     -7.67386723      0.13900824      0.01544683      0.14071646      0.02316804 bias_reducing
  1277    638.50000000    336.97887556      7.29304775    726.17977928    300.00000000      0.99970716      0.12073306     -7.56176029     -0.11269309     -7.67445338      0.12619921      0.01545241      0.12795845      0.02103320 bias_reducing
  1278    639.00000000    337.18781445      7.27458305    730.81075563    300.00000000      0.99970558      0.12150299     -7.56232216     -0.11245049     -7.67477265      0.11624924      0.01545828      0.11801033      0.01937487 bias_reducing
  1279    639.50000000    337.39694091      7.25598845    733.38064115    300.00000000      0.99970455      0.12193026     -7.56253560     -0.11220788     -7.67474348      0.11320471      0.01546445      0.11484625      0.01886745 bias_reducing
  1280    640.00000000    337.61077042      7.23725303    733.81675594    300.00000000      0.99970414      0.12200276     -7.56238696     -0.11196527     -7.67435223      0.11978575      0.01547096      0.12116817      0.01996429 bias_reducing
  1281    640.50000000    337.87465470      7.21836951    732.50943990    300.00000000      0.99970429      0.12178541     -7.56194121     -0.11172267     -7.67366388      0.13482530      0.01547782      0.13589371      0.02247088 bias_reducing
  1282    641.00000000    338.08318216      7.19933665    730.28173363    300.00000000      0.99970484      0.12141504     -7.56133631     -0.11148006     -7.67281637      0.15404715      0.01548503      0.15483426      0.02567453 bias_reducing
  1283    641.50000000    338.28109038      7.18016066    728.24705623    300.00000000      0.99970550      0.12107676     -7.56076023     -0.11123745     -7.67199768      0.17257380      0.01549259      0.17313734      0.02876230 bias_reducing
  1284    642.00000000    338.49457879      7.16085626    727.55675399    300.00000000      0.99970594      0.12096199     -7.56040788     -0.11099485     -7.67140272      0.18635104      0.01550047      0.18673888      0.03105851 bias_reducing
  1285    642.50000000    338.71506657      7.14144678    729.09117869    300.00000000      0.99970585      0.12121710     -7.56042981     -0.11075224     -7.67118205      0.19257196      0.01550862      0.19281334      0.03209533 bias_reducing
  1286    643.00000000    338.92576897      7.12196409    733.18535083    300.00000000      0.99970506      0.12189779     -7.56088377     -0.11050963     -7.67139340      0.18989052      0.01551698      0.18999654      0.03164842 bias_reducing
  1287    643.50000000    339.13874417      7.10244822    739.49490069    300.00000000      0.99970358      0.12294680     -7.56171304     -0.11026703     -7.67198006      0.17853389      0.01552545      0.17849704      0.02975565 bias_reducing
  1288    644.00000000    339.34944993      7.08294679    747.07760524    300.00000000      0.99970161      0.12420748     -7.56275848     -0.11002442     -7.67278290      0.16034114      0.01553394      0.16013209      0.02672352 bias_reducing
  1289    644.50000000    339.56472123      7.06351402    754.66991135    300.00000000      0.99969951      0.12546976     -7.56380744     -0.10978181     -7.67358925      0.13874573      0.01554233      0.13831012      0.02312429 bias_reducing
  1290    645.00000000    339.77863197      7.04420882    761.04465854    300.00000000      0.99969762      0.12652961     -7.56465283     -0.10953920     -7.67419204      0.11874915      0.01555048      0.11801557      0.01979152 bias_reducing
  1291    645.50000000    340.05073824      7.02509207    765.32894645    300.00000000      0.99969621      0.12724191     -7.56514829     -0.10929660     -7.67444489      0.10638054      0.01555825      0.10531512      0.01773009 bias_reducing
  1292    646.00000000    340.26877471      7.00622309    767.18413306    300.00000000      0.99969542      0.12755035     -7.56523822     -0.10905399     -7.67429221      0.10593807      0.01556552      0.10462957      0.01765635 bias_reducing
  1293    646.50000000    340.47979287      6.98765525    766.81140594    300.00000000      0.99969526      0.12748838     -7.56495785     -0.10881138     -7.67376923      0.11622025      0.01557216      0.11482232      0.01937004 bias_reducing
  1294    647.00000000    340.69806681      6.96943128    764.83067144    300.00000000      0.99969560      0.12715907     -7.56441276     -0.10856877     -7.67298153      0.13212620      0.01557806      0.13072957      0.02202103 bias_reducing
  1295    647.50000000    340.90806597      6.95157924    762.08273331    300.00000000      0.99969625      0.12670220     -7.56374558     -0.10832617     -7.67207174      0.14906097      0.01558317      0.14768804      0.02484350 bias_reducing
  1296    648.00000000    341.11992350      6.93410989    759.42497672    300.00000000      0.99969698      0.12626033     -7.56310001     -0.10808356     -7.67118357      0.16427819      0.01558743      0.16292216      0.02737970 bias_reducing
  1297    648.50000000    341.33486173      6.91701619    757.60046593    300.00000000      0.99969760      0.12595699     -7.56260040     -0.10784095     -7.67044135      0.17637307      0.01559087      0.17501927      0.02939551 bias_reducing
  1298    649.00000000    341.54973386      6.90027487    757.18357186    300.00000000      0.99969792      0.12588768     -7.56234205     -0.10759834     -7.66994040      0.18466143      0.01559354      0.18329427      0.03077691 bias_reducing
  1299    649.50000000    341.76462204      6.88384948    758.57394931    300.00000000      0.99969780      0.12611884     -7.56239071     -0.10735573     -7.66974645      0.18882418      0.01559550      0.18742856      0.03147070 bias_reducing
  1300    650.00000000    341.98070301      6.86769473    761.99981616    300.00000000      0.99969719      0.12668842     -7.56278444     -0.10711313     -7.66989756      0.18870352      0.01559685      0.18726458      0.03145059 bias_reducing
  1301    650.50000000    342.22990011      6.85176118    767.48959572    300.00000000      0.99969603      0.12760114     -7.56352826     -0.10687052     -7.67039878      0.18434986      0.01559771      0.18284970      0.03072498 bias_reducing
  1302    651.00000000    342.43535144      6.83600003    774.83021415    300.00000000      0.99969438      0.12882157     -7.56458653     -0.10662791     -7.67121443      0.17603487      0.01559818      0.17445188      0.02933914 bias_reducing
  1303    651.50000000    342.65195234      6.82036702    783.55163767    300.00000000      0.99969235      0.13027158     -7.56588041     -0.10638530     -7.67226571      0.16443204      0.01559836      0.16274030      0.02740534 bias_reducing
  1304    652.00000000    342.86924337      6.80482538    792.97303848    300.00000000      0.99969010      0.13183796     -7.56729462     -0.10614269     -7.67343731      0.15089999      0.01559833      0.14907826      0.02515000 bias_reducing
  1305    652.50000000    343.08574679      6.78934730    802.30948037    300.00000000      0.99968783      0.13339021     -7.56869728     -0.10590008     -7.67459737      0.13782066      0.01559815      0.13587152      0.02297011 bias_reducing
  1306    653.00000000    343.30802090      6.77391462    810.80699321    300.00000000      0.99968572      0.13480299     -7.56996069     -0.10565748     -7.67561816      0.12873652      0.01559787      0.12671808      0.02145609 bias_reducing
  1307    653.50000000    343.52717147      6.75851970    817.90043144    300.00000000      0.99968392      0.13598233     -7.57098891     -0.10541487     -7.67640378      0.12740850      0.01559750      0.12545416      0.02123475 bias_reducing
  1308    654.00000000    343.74099778      6.74316568    823.37460662    300.00000000      0.99968251      0.13689246     -7.57174464     -0.10517226     -7.67691690      0.13528921      0.01559703      0.13354126      0.02254820 bias_reducing
  1309    654.50000000    343.94975066      6.72786643    827.46657906    300.00000000      0.99968147      0.13757278     -7.57226718     -0.10492965     -7.67719683      0.14997492      0.01559643      0.14848949      0.02499582 bias_reducing
  1310    655.00000000    344.14701794      6.71264583    830.84216083    300.00000000      0.99968069      0.13813399     -7.57266969     -0.10468704     -7.67735673      0.16676547      0.01559565      0.16551569      0.02779424 bias_reducing
  1311    655.50000000    344.41507684      6.69753684    834.42577206    300.00000000      0.99967997      0.13872980     -7.57310894     -0.10444443     -7.67755337      0.18095322      0.01559461      0.17988307      0.03015887 bias_reducing
  1312    656.00000000    344.63190857      6.68257957    839.12965717    300.00000000      0.99967911      0.13951186     -7.57374076     -0.10420182     -7.67794259      0.18893465      0.01559320      0.18799004      0.03148911 bias_reducing
  1313    656.50000000    344.84285821      6.66781842    845.55583696    300.00000000      0.99967794      0.14058026     -7.57466883     -0.10395921     -7.67862805      0.18857617      0.01559134      0.18771194      0.03142936 bias_reducing
  1314    657.00000000    345.05826042      6.65329837    853.77739730    300.00000000      0.99967640      0.14194716     -7.57590669     -0.10371660     -7.67962329      0.17933362      0.01558889      0.17851113      0.02988894 bias_reducing
  1315    657.50000000    345.26691561      6.63906089    863.28429041    300.00000000      0.99967455      0.14352775     -7.57736929     -0.10347399     -7.68084328      0.16222587      0.01558578      0.16141109      0.02703764 bias_reducing
  1316    658.00000000    345.47667657      6.62513939    873.10699181    300.00000000      0.99967256      0.14516085     -7.57889305     -0.10323138     -7.68212444      0.13975269      0.01558191      0.13891540      0.02329211 bias_reducing
  1317    658.50000000    345.68531759      6.61155505    882.06905985    300.00000000      0.99967067      0.14665087     -7.58027962     -0.10298878     -7.68326840      0.11592123      0.01557722      0.11504018      0.01932020 bias_reducing
  1318    659.00000000    345.90116402      6.59831387    889.07234234    300.00000000      0.99966910      0.14781522     -7.58134363     -0.10274617     -7.68408980      0.09644503      0.01557171      0.09553642      0.01607417 bias_reducing
  1319    659.50000000    346.11070440      6.58540562    893.33210180    300.00000000      0.99966801      0.14852343     -7.58195264     -0.10250356     -7.68445620      0.08797465      0.01556539      0.08713811      0.01466244 bias_reducing
  1320    660.00000000    346.31852832      6.57280465    894.51549385    300.00000000      0.99966750      0.14872018     -7.58205032     -0.10226095     -7.68431127      0.09335373      0.01555832      0.09271079      0.01555896 bias_reducing
  1321    660.50000000    346.57185578      6.56047235    892.77006221    300.00000000      0.99966757      0.14842999     -7.58166085     -0.10201834     -7.68367919      0.10817682      0.01555058      0.10774365      0.01802947 bias_reducing
  1322    661.00000000    346.78930335      6.54836069    888.65335686    300.00000000      0.99966814      0.14774556     -7.58087720     -0.10177573     -7.68265293      0.12620607      0.01554229      0.12593582      0.02103434 bias_reducing
  1323    661.50000000    346.99994776      6.53641667    882.99858580    300.00000000      0.99966910      0.14680541     -7.57983844     -0.10153312     -7.68137156      0.14345758      0.01553357      0.14330548      0.02390960 bias_reducing
  1324    662.00000000    347.21843729      6.52458695    876.75442058    300.00000000      0.99967028      0.14576727     -7.57870329     -0.10129051     -7.67999380      0.15791180      0.01552455      0.15784783      0.02631863 bias_reducing
  1325    662.50000000    347.43414328      6.51282178    870.82409487    300.00000000      0.99967150      0.14478130     -7.57762237     -0.10104790     -7.67867027      0.16863560      0.01551534      0.16864200      0.02810593 bias_reducing
  1326    663.00000000    347.65480064      6.50107784    865.93479433    300.00000000      0.99967259      0.14396842     -7.57671675     -0.10080529     -7.67752204      0.17524542      0.01550605      0.17531252      0.02920757 bias_reducing
  1327    663.50000000    347.86630705      6.48932007    862.56165620    300.00000000      0.99967343      0.14340761     -7.57606568     -0.10056268     -7.67662836      0.17765192      0.01549676      0.17777595      0.02960865 bias_reducing
  1328    664.00000000    348.08507570      6.47752268    860.88419406    300.00000000      0.99967394      0.14312872     -7.57569896     -0.10032007     -7.67601903      0.17594021      0.01548752      0.17612124      0.02932337 bias_reducing
  1329    664.50000000    348.29734565      6.46566941    860.77648376    300.00000000      0.99967411      0.14311081     -7.57559497     -0.10007746     -7.67567243      0.17042430      0.01547839      0.17066531      0.02840405 bias_reducing
  1330    665.00000000    348.51806861      6.45375387    861.83781332    300.00000000      0.99967399      0.14328726     -7.57568728     -0.09983485     -7.67552212      0.16173345      0.01546937      0.16203963      0.02695558 bias_reducing
  1331    665.50000000    348.78408779      6.44177947    863.44086533    300.00000000      0.99967370      0.14355378     -7.57587065     -0.09959224     -7.67546289      0.15101696      0.01546046      0.15139405      0.02516949 bias_reducing
  1332    666.00000000    349.00048962      6.42975892    864.82137272    300.00000000      0.99967336      0.14378330     -7.57601660     -0.09934963     -7.67536622      0.14022276      0.01545163      0.14067301      0.02337046 bias_reducing
  1333    666.50000000    349.21749399      6.41771313    865.22443553    300.00000000      0.99967316      0.14385032     -7.57599820     -0.09910702     -7.67510522      0.13232409      0.01544283      0.13283899      0.02205402 bias_reducing
  1334    667.00000000    349.43429338      6.40566903    864.08112746    300.00000000      0.99967322      0.14366023     -7.57571885     -0.09886441     -7.67458326      0.13072792      0.01543399      0.13127780      0.02178799 bias_reducing
  1335    667.50000000    349.64597781      6.39365676    861.18743107    300.00000000      0.99967362      0.14317913     -7.57514325     -0.09862180     -7.67376505      0.13740692      0.01542504      0.13794784      0.02290115 bias_reducing
  1336    668.00000000    349.85600214      6.38170602    856.83100924    300.00000000      0.99967437      0.14245484     -7.57431955     -0.09837919     -7.67269873      0.15113449      0.01541591      0.15163143      0.02518908 bias_reducing
  1337    668.50000000    350.06557271      6.36984233    851.79540321    300.00000000      0.99967537      0.14161763     -7.57337967     -0.09813658     -7.67151624      0.16812650      0.01540653      0.16856512      0.02802108 bias_reducing
  1338    669.00000000    350.27510897      6.35808322    847.21365996    300.00000000      0.99967641      0.14085588     -7.57251529     -0.09789396     -7.67040925      0.18396369      0.01539686      0.18434317      0.03066061 bias_reducing
  1339    669.50000000    350.49161766      6.34643492    844.27664574    300.00000000      0.99967724      0.14036758     -7.57192898     -0.09765135     -7.66958034      0.19490597      0.01538689      0.19522883      0.03248433 bias_reducing
  1340    670.00000000    350.70212027      6.33489024    843.86502912    300.00000000      0.99967761      0.14029915     -7.57177077     -0.09740874     -7.66917951      0.19844980      0.01537664      0.19871552      0.03307497 bias_reducing
  1341    670.50000000    350.97311587      6.32342793    846.24025943    300.00000000      0.99967740      0.14069405     -7.57208580     -0.09716613     -7.66925193      0.19359152      0.01536614      0.19379205      0.03226525 bias_reducing
  1342    671.00000000    351.18319310      6.31201403    850.92030508    300.00000000      0.99967663      0.14147214     -7.57279254     -0.09692352     -7.66971606      0.18090547      0.01535549      0.18102016      0.03015091 bias_reducing
  1343    671.50000000    351.39383963      6.30060506    856.78438805    300.00000000      0.99967548      0.14244709     -7.57370114     -0.09668091     -7.67038205      0.16248849      0.01534478      0.16247637      0.02708142 bias_reducing
  1344    672.00000000    351.60185179      6.28915262    862.37267647    300.00000000      0.99967425      0.14337619     -7.57456374     -0.09643830     -7.67100204      0.14182621      0.01533415      0.14161746      0.02363770 bias_reducing
  1345    672.50000000    351.82105998      6.27760855    866.25463699    300.00000000      0.99967325      0.14402159     -7.57513830     -0.09619569     -7.67133399      0.12358890      0.01532370      0.12308270      0.02059815 bias_reducing
  1346    673.00000000    352.03914056      6.26593022    867.32880741    300.00000000      0.99967272      0.14420018     -7.57523903     -0.09595308     -7.67119211      0.11284563      0.01531354      0.11194931      0.01880760 bias_reducing
  1347    673.50000000    352.25633911      6.25408539    864.99788498    300.00000000      0.99967283      0.14381265     -7.57476514     -0.09571047     -7.67047562      0.11268825      0.01530375      0.11139765      0.01878137 bias_reducing
  1348    674.00000000    352.47386826      6.24205555    859.19420125    300.00000000      0.99967365      0.14284774     -7.57370582     -0.09546786     -7.66917368      0.12188746      0.01529437      0.12027917      0.02031458 bias_reducing
  1349    674.50000000    352.68885354      6.22983930    850.30420344    300.00000000      0.99967516      0.14136971     -7.57212571     -0.09522525     -7.66735096      0.13638275      0.01528542      0.13452681      0.02273046 bias_reducing
  1350    675.00000000    352.89902341      6.21745399    839.04565288    300.00000000      0.99967728      0.13949789     -7.57014584     -0.09498264     -7.66512847      0.15243878      0.01527684      0.15036072      0.02540646 bias_reducing
  1351    675.50000000    353.16691925      6.20493684    826.31878707    300.00000000      0.99967987      0.13738195     -7.56791759     -0.09474003     -7.66265762      0.16773119      0.01526856      0.16542384      0.02795520 bias_reducing
  1352    676.00000000    353.38222248      6.19234522    813.05320977    300.00000000      0.99968276      0.13517644     -7.56559759     -0.09449742     -7.66009500      0.18106811      0.01526043      0.17850834      0.03017802 bias_reducing
  1353    676.50000000    353.59779439      6.17975633    800.07610328    300.00000000      0.99968576      0.13301890     -7.56332567     -0.09425481     -7.65758048      0.19191746      0.01525225      0.18907637      0.03198624 bias_reducing
  1354    677.00000000    353.82025442      6.16726560    788.01564353    300.00000000      0.99968871      0.13101375     -7.56120817     -0.09401220     -7.65522036      0.20011786      0.01524380      0.19696630      0.03335298 bias_reducing
  1355    677.50000000    354.03156586      6.15498355    777.24981952    300.00000000      0.99969147      0.12922385     -7.55930996     -0.09376958     -7.65307955      0.20574163      0.01523480      0.20225129      0.03429027 bias_reducing
  1356    678.00000000    354.25106589      6.14303251    767.90818299    300.00000000      0.99969397      0.12767073     -7.55765417     -0.09352697     -7.65118115      0.20905317      0.01522495      0.20520001      0.03484220 bias_reducing
  1357    678.50000000    354.47350258      6.13154244    759.92040784    300.00000000      0.99969616      0.12634270     -7.55623033     -0.09328436     -7.64951469      0.21045036      0.01521391      0.20621985      0.03507506 bias_reducing
  1358    679.00000000    354.68848663      6.12064555    753.10842208    300.00000000      0.99969807      0.12521015     -7.55500963     -0.09304175     -7.64805138      0.21048150      0.01520136      0.20587636      0.03508025 bias_reducing
  1359    679.50000000    354.90486378      6.11046978    747.29147513    300.00000000      0.99969973      0.12424304     -7.55396376     -0.09279914     -7.64676290      0.20984306      0.01518697      0.20489161      0.03497384 bias_reducing
  1360    680.00000000    355.12162128      6.10113185    742.36391213    300.00000000      0.99970117      0.12342379     -7.55307654     -0.09255653     -7.64563306      0.20940719      0.01517044      0.20417275      0.03490120 bias_reducing
  1361    680.50000000    355.38581405      6.09273082    738.34179225    300.00000000      0.99970239      0.12275509     -7.55235213     -0.09231392     -7.64466605      0.21011861      0.01515154      0.20470468      0.03501977 bias_reducing
  1362    681.00000000    355.59286723      6.08534270    735.38333469    300.00000000      0.99970335      0.12226322     -7.55181819     -0.09207131     -7.64388950      0.21273954      0.01513007      0.20728089      0.03545659 bias_reducing
  1363    681.50000000    355.80236071      6.07901722    733.77643881    300.00000000      0.99970400      0.12199606     -7.55152398     -0.09182869     -7.64335268      0.21743762      0.01510590      0.21207450      0.03623960 bias_reducing
  1364    682.00000000    356.01822740      6.07377657    733.90153709    300.00000000      0.99970423      0.12201686     -7.55153380     -0.09158608     -7.64311988      0.22343387      0.01507899      0.21827589      0.03723898 bias_reducing
  1365    682.50000000    356.22763951      6.06961687    736.16057361    300.00000000      0.99970392      0.12239244     -7.55191620     -0.09134347     -7.64325967      0.22899427      0.01504935      0.22409623      0.03816571 bias_reducing
  1366    683.00000000    356.44420094      6.06651167    740.85118814    300.00000000      0.99970297      0.12317229     -7.55272226     -0.09110086     -7.64382312      0.23182168      0.01501706      0.22718119      0.03863695 bias_reducing
  1367    683.50000000    356.65950376      6.06441684    748.00097710    300.00000000      0.99970134      0.12436100     -7.55395788     -0.09085825     -7.64481613      0.22969599      0.01498224      0.22526578      0.03828266 bias_reducing
  1368    684.00000000    356.87401998      6.06327584    757.21756107    300.00000000      0.99969912      0.12589333     -7.55555796     -0.09061564     -7.64617359      0.22111555      0.01494505      0.21681884      0.03685259 bias_reducing
  1369    684.50000000    357.08983702      6.06302469    767.63451259    300.00000000      0.99969650      0.12762523     -7.55737681     -0.09037302     -7.64774983      0.20576306      0.01490565      0.20150490      0.03429384 bias_reducing
  1370    685.00000000    357.28870136      6.06359656    778.00072935    300.00000000      0.99969380      0.12934869     -7.55920303     -0.09013041     -7.64933345      0.18471840      0.01486423      0.18039453      0.03078640 bias_reducing
  1371    685.50000000    357.55121216      6.06492516    786.90439686    300.00000000      0.99969135      0.13082900     -7.56079715     -0.08988780     -7.65068495      0.16051946      0.01482097      0.15603422      0.02675324 bias_reducing
  1372    686.00000000    357.76144604      6.06694717    793.07207920    300.00000000      0.99968948      0.13185442     -7.56194313     -0.08964519     -7.65158832      0.13711766      0.01477605      0.13243654      0.02285294 bias_reducing
  1373    686.50000000    357.98229761      6.06960399    795.62975324    300.00000000      0.99968841      0.13227966     -7.56249286     -0.08940258     -7.65189544      0.11953420      0.01472961      0.11480701      0.01992237 bias_reducing
  1374    687.00000000    358.19886622      6.07284253    794.23981110    300.00000000      0.99968827      0.13204857     -7.56238878     -0.08915996     -7.65154874      0.11234244      0.01468180      0.10798436      0.01872374 bias_reducing
  1375    687.50000000    358.41531424      6.07661538    789.09402750    300.00000000      0.99968907      0.13119304     -7.56166292     -0.08891735     -7.65058028      0.11642859      0.01463276      0.11284822      0.01940476 bias_reducing
  1376    688.00000000    358.63094957      6.08088057    780.78277056    300.00000000      0.99969073      0.12981123     -7.56041435     -0.08867474     -7.64908909      0.12816501      0.01458260      0.12543899      0.02136083 bias_reducing
  1377    688.50000000    358.84656035      6.08560125    770.09736747    300.00000000      0.99969311      0.12803470     -7.55877586     -0.08843213     -7.64720799      0.14286153      0.01453142      0.14084565      0.02381026 bias_reducing
  1378    689.00000000    359.06594364      6.09074468    757.85628988    300.00000000      0.99969605      0.12599952     -7.55688357     -0.08818952     -7.64507309      0.15724007      0.01447931      0.15576472      0.02620668 bias_reducing
  1379    689.50000000    359.27149154      6.09627986    744.81023164    300.00000000      0.99969938      0.12383051     -7.55486178     -0.08794690     -7.64280868      0.16952654      0.01442637      0.16845855      0.02825442 bias_reducing
  1380    690.00000000    359.48068798      6.10217578    731.62215840    300.00000000      0.99970296      0.12163789     -7.55281976     -0.08770429     -7.64052405      0.17887948      0.01437267      0.17812410      0.02981325 bias_reducing
  1381    690.50000000    359.74223126      6.10839978    718.88278478    300.00000000      0.99970662      0.11951987     -7.55085561     -0.08746168     -7.63831729      0.18495852      0.01431831      0.18444975      0.03082642 bias_reducing
  1382    691.00000000    359.95686775      6.11491616    707.12266730    300.00000000      0.99971020      0.11756466     -7.54905649     -0.08721907     -7.63627555      0.18766197      0.01426338      0.18735526      0.03127700 bias_reducing
  1383    691.50000000    360.17127121      6.12168438    696.80397649    300.00000000      0.99971353      0.11584910     -7.54749987     -0.08697645     -7.63447633      0.18703563      0.01420798      0.18690019      0.03117260 bias_reducing
  1384    692.00000000    360.38040897      6.12865828    688.26240144    300.00000000      0.99971645      0.11442900     -7.54624197     -0.08673384     -7.63297581      0.18328348      0.01415222      0.18329813      0.03054725 bias_reducing
  1385    692.50000000    360.60125773      6.13578643    681.61817283    300.00000000      0.99971885      0.11332434     -7.54530333     -0.08649123     -7.63179456      0.17688201      0.01409624      0.17703308      0.02948034 bias_reducing
  1386    693.00000000    360.81206129      6.14301330    676.70736859    300.00000000      0.99972070      0.11250788     -7.54465639     -0.08624862     -7.63090501      0.16876761      0.01404016      0.16904578      0.02812794 bias_reducing
  1387    693.50000000    361.02155157      6.15028146    673.07534841    300.00000000      0.99972206      0.11190403     -7.54422392     -0.08600600     -7.63022993      0.16052757      0.01398412      0.16092367      0.02675459 bias_reducing
  1388    694.00000000    361.23644080      6.15753426    670.06505129    300.00000000      0.99972311      0.11140354     -7.54389421     -0.08576339     -7.62965760      0.15445283      0.01392825      0.15494942      0.02574214 bias_reducing
  1389    694.50000000    361.45008709      6.16471888    666.98793997    300.00000000      0.99972408      0.11089195     -7.54354962     -0.08552078     -7.62907040      0.15312988      0.01387266      0.15369414      0.02552165 bias_reducing
  1390    695.00000000    361.66605952      6.17178901    663.34702821    300.00000000      0.99972519      0.11028662     -7.54310437     -0.08527817     -7.62838254      0.15829896      0.01381746      0.15888542      0.02638316 bias_reducing
  1391    695.50000000    361.93490972      6.17870653    659.05433998    300.00000000      0.99972655      0.10957293     -7.54254185     -0.08503556     -7.62757740      0.16957446      0.01376273      0.17014128      0.02826241 bias_reducing
  1392    696.00000000    362.14941947      6.18544249    654.55271479    300.00000000      0.99972811      0.10882450     -7.54193538     -0.08479294     -7.62672833      0.18436762      0.01370852      0.18489012      0.03072794 bias_reducing
  1393    696.50000000    362.36554026      6.19197699    650.77179470    300.00000000      0.99972963      0.10819589     -7.54144207     -0.08455033     -7.62599240      0.19900134      0.01365487      0.19947154      0.03316689 bias_reducing
  1394    697.00000000    362.57952026      6.19829860    648.90001339    300.00000000      0.99973071      0.10788469     -7.54126342     -0.08430772     -7.62557114      0.20991815      0.01360180      0.21033675      0.03498636 bias_reducing
  1395    697.50000000    362.79520356      6.20440342    650.03140170    300.00000000      0.99973090      0.10807279     -7.54158559     -0.08406511     -7.62565070      0.21443179      0.01354931      0.21480143      0.03573863 bias_reducing
  1396    698.00000000    363.01589979      6.21029439    654.79991211    300.00000000      0.99972988      0.10886560     -7.54251784     -0.08382249     -7.62634033      0.21113607      0.01349739      0.21145691      0.03518935 bias_reducing
  1397    698.50000000    363.22726641      6.21598069    663.12221486    300.00000000      0.99972756      0.11024924     -7.54404745     -0.08357988     -7.62762733      0.20006841      0.01344602      0.20033504      0.03334474 bias_reducing
  1398    699.00000000    363.43606622      6.22147704    674.14718030    300.00000000      0.99972419      0.11208223     -7.54603157     -0.08333727     -7.62936884      0.18271484      0.01339514      0.18291314      0.03045247 bias_reducing
  1399    699.50000000    363.64450647      6.22680336    686.42701065    300.00000000      0.99972025      0.11412385     -7.54822680     -0.08309466     -7.63132146      0.16185386      0.01334472      0.16195642      0.02697564 bias_reducing
  1400    700.00000000    363.85837879      6.23198418    698.24103876    300.00000000      0.99971631      0.11608802     -7.55034326     -0.08285204     -7.63319530      0.14140346      0.01329470      0.14136558      0.02356724 bias_reducing
  1401    700.50000000    364.12271493      6.23704783    707.97779760    300.00000000      0.99971292      0.11770683     -7.55210936     -0.08260943     -7.63471879      0.12604299      0.01324501      0.12581037      0.02100716 bias_reducing
  1402    701.00000000    364.33241628      6.24202554    714.46812114    300.00000000      0.99971044      0.11878590     -7.55332861     -0.08236682     -7.63569543      0.11988431      0.01319558      0.11942688      0.01998072 bias_reducing
  1403    701.50000000    364.54738051      6.24695038    717.19440484    300.00000000      0.99970908      0.11923917     -7.55391405     -0.08212421     -7.63603826      0.12400495      0.01314634      0.12334778      0.02066749 bias_reducing
  1404    702.00000000    364.76305791      6.25185649    716.34432118    300.00000000      0.99970883      0.11909783     -7.55389809     -0.08188160     -7.63577969      0.13574856      0.01309721      0.13494716      0.02262476 bias_reducing
  1405    702.50000000    364.97269691      6.25677852    712.71280721    300.00000000      0.99970954      0.11849407     -7.55341505     -0.08163898     -7.63505404      0.15116042      0.01304813      0.15026121      0.02519340 bias_reducing
  1406    703.00000000    365.18786772      6.26175055    707.49827177    300.00000000      0.99971092      0.11762711     -7.55266682     -0.08139637     -7.63406319      0.16706603      0.01299903      0.16609658      0.02784434 bias_reducing
  1407    703.50000000    365.40877863      6.26680499    702.04402931    300.00000000      0.99971259      0.11672030     -7.55188013     -0.08115376     -7.63303389      0.18146686      0.01294983      0.18044072      0.03024448 bias_reducing
  1408    704.00000000    365.60347019      6.27197244    697.57188373    300.00000000      0.99971416      0.11597677     -7.55126054     -0.08091115     -7.63217169      0.19323243      0.01290048      0.19215659      0.03220540 bias_reducing
  1409    704.50000000    365.79784099      6.27728162    694.97522553    300.00000000      0.99971529      0.11554506     -7.55095846     -0.08066853     -7.63162699      0.20172974      0.01285092      0.20060735      0.03362162 bias_reducing
  1410    705.00000000    366.00975652      6.28276005    694.70628289    300.00000000      0.99971574      0.11550034     -7.55104992     -0.08042592     -7.63147584      0.20662787      0.01280110      0.20546002      0.03443798 bias_reducing
  1411    705.50000000    366.27222372      6.28843445    696.76099282    300.00000000      0.99971545      0.11584195     -7.55153424     -0.08018331     -7.63171755      0.20778559      0.01275097      0.20657275      0.03463093 bias_reducing
  1412    706.00000000    366.49017604      6.29433058    700.75469235    300.00000000      0.99971449      0.11650594     -7.55234658     -0.07994070     -7.63228728      0.20523645      0.01270048      0.20397839      0.03420608 bias_reducing
  1413    706.50000000    366.70689620      6.30047257    706.05332748    300.00000000      0.99971303      0.11738688     -7.55338069     -0.07969809     -7.63307877      0.19925805      0.01264959      0.19795490      0.03320968 bias_reducing
  1414    707.00000000    366.92101162      6.30688155    711.91909875    300.00000000      0.99971131      0.11836211     -7.55451299     -0.07945547     -7.63396846      0.19049936      0.01259827      0.18915308      0.03174989 bias_reducing
  1415    707.50000000    367.13000685      6.31357411    717.64073162    300.00000000      0.99970956      0.11931337     -7.55562409     -0.07921286     -7.63483695      0.18016165      0.01254648      0.17878056      0.03002694 bias_reducing
  1416    708.00000000    367.35003662      6.32056075    722.63735080    300.00000000      0.99970797      0.12014410     -7.55661680     -0.07897025     -7.63558705      0.17011165      0.01249423      0.16871760      0.02835194 bias_reducing
  1417    708.50000000    367.57000928      6.32784459    726.53260665    300.00000000      0.99970668      0.12079172     -7.55742782     -0.07872764     -7.63615546      0.16276726      0.01244151      0.16140343      0.02712788 bias_reducing
  1418    709.00000000    367.78034371      6.33542046    729.19947682    300.00000000      0.99970575      0.12123510     -7.55803566     -0.07848502     -7.63652069      0.16033972      0.01238834      0.15906827      0.02672329 bias_reducing
  1419    709.50000000    367.99374257      6.34327399    730.76994670    300.00000000      0.99970516      0.12149621     -7.55846204     -0.07824241     -7.63670445      0.16357721      0.01233475      0.16245596      0.02726287 bias_reducing
  1420    710.00000000    368.20339339      6.35138145    731.58617690    300.00000000      0.99970485      0.12163191     -7.55876458     -0.07799980     -7.63676438      0.17101184      0.01228081      0.17006842      0.02850197 bias_reducing
  1421    710.50000000    368.46892670      6.35971027    732.08561346    300.00000000      0.99970469      0.12171495     -7.55901732     -0.07775719     -7.63677451      0.17955054      0.01222658      0.17877983      0.02992509 bias_reducing
  1422    711.00000000    368.68149837      6.36822036    732.63282101    300.00000000      0.99970456      0.12180593     -7.55928244     -0.07751457     -7.63679701      0.18585433      0.01217214      0.18523502      0.03097572 bias_reducing
  1423    711.50000000    368.90301733      6.37686530    733.35206425    300.00000000      0.99970438      0.12192550     -7.55958081     -0.07727196     -7.63685278      0.18746202      0.01211759      0.18697143      0.03124367 bias_reducing
  1424    712.00000000    369.12509374      6.38559416    734.04809119    300.00000000      0.99970417      0.12204122     -7.55987910     -0.07702935     -7.63690845      0.18335864      0.01206304      0.18297996      0.03055977 bias_reducing
  1425    712.50000000    369.33668247      6.39435374    734.24848241    300.00000000      0.99970402      0.12207454     -7.56009622     -0.07678674     -7.63688296      0.17411564      0.01200857      0.17384055      0.02901927 bias_reducing
  1426    713.00000000    369.54672047      6.40309089    733.36215168    300.00000000      0.99970408      0.12192718     -7.56013068     -0.07654413     -7.63667481      0.16173222      0.01195429      0.16156072      0.02695537 bias_reducing
  1427    713.50000000    369.76005459      6.41175497    730.89305079    300.00000000      0.99970453      0.12151667     -7.55989734     -0.07630151     -7.63619885      0.14915999      0.01190030      0.14909863      0.02486000 bias_reducing
  1428    714.00000000    369.97048165      6.42030020    726.60900095    300.00000000      0.99970548      0.12080442     -7.55935618     -0.07605890     -7.63541508      0.13950917      0.01184667      0.13956424      0.02325153 bias_reducing
  1429    714.50000000    370.18423791      6.42868811    720.58924505    300.00000000      0.99970696      0.11980359     -7.55852069     -0.07581629     -7.63433698      0.13491507      0.01179348      0.13508330      0.02248585 bias_reducing
  1430    715.00000000    370.39948641      6.43688976    713.13423501    300.00000000      0.99970893      0.11856413     -7.55744237     -0.07557368     -7.63301605      0.13564608      0.01174076      0.13591014      0.02260768 bias_reducing
  1431    715.50000000    370.64653314      6.44488747    704.60603302    300.00000000      0.99971130      0.11714625     -7.55618234     -0.07533106     -7.63151340      0.14028026      0.01168855      0.14061460      0.02338004 bias_reducing
  1432    716.00000000    370.85113805      6.45267616    695.29172977    300.00000000      0.99971401      0.11559768     -7.55478902     -0.07508845     -7.62987747      0.14684391      0.01163684      0.14722445      0.02447399 bias_reducing
  1433    716.50000000    371.06779354      6.46026359    685.35306942    300.00000000      0.99971700      0.11394530     -7.55328838     -0.07484584     -7.62813421      0.15370132      0.01158562      0.15410958      0.02561689 bias_reducing
  1434    717.00000000    371.28229946      6.46766961    674.87295018    300.00000000      0.99972026      0.11220290     -7.55169363     -0.07460323     -7.62629685      0.15978604      0.01153484      0.16020885      0.02663101 bias_reducing
  1435    717.50000000    371.50290706      6.47492455    663.93524523    300.00000000      0.99972379      0.11038442     -7.55001816     -0.07436061     -7.62437877      0.16449519      0.01148445      0.16492325      0.02741587 bias_reducing
  1436    718.00000000    371.71344518      6.48206642    652.70022803    300.00000000      0.99972757      0.10851651     -7.54828836     -0.07411800     -7.62240637      0.16747790      0.01143436      0.16790491      0.02791298 bias_reducing
  1437    718.50000000    371.92751122      6.48913723    641.44873346    300.00000000      0.99973155      0.10664586     -7.54655185     -0.07387539     -7.62042724      0.16849177      0.01138452      0.16891357      0.02808196 bias_reducing
  1438    719.00000000    372.14467303      6.49617921    630.55009106    300.00000000      0.99973561      0.10483387     -7.54487135     -0.07363278     -7.61850413      0.16733688      0.01133483      0.16775087      0.02788948 bias_reducing
  1439    719.50000000    372.36531944      6.50323101    620.36487124    300.00000000      0.99973960      0.10314050     -7.54330902     -0.07339017     -7.61669919      0.16391452      0.01128523      0.16431935      0.02731909 bias_reducing
  1440    720.00000000    372.57588384      6.51032456    611.11184721    300.00000000      0.99974340      0.10160211     -7.54190303     -0.07314755     -7.61505058      0.15835549      0.01123567      0.15875024      0.02639258 bias_reducing
  1441    720.50000000    372.84425642      6.51748283    602.75281548    300.00000000      0.99974691      0.10021236     -7.54064792     -0.07290494     -7.61355286      0.15122561      0.01118611      0.15160955      0.02520427 bias_reducing
  1442    721.00000000    373.05862853      6.52471843    594.94509235    300.00000000      0.99975021      0.09891427     -7.53948665     -0.07266233     -7.61214897      0.14378720      0.01113652      0.14415866      0.02396453 bias_reducing
  1443    721.50000000    373.27451681      6.53203303    587.08875882    300.00000000      0.99975346      0.09760809     -7.53831775     -0.07241972     -7.61073747      0.13815467      0.01108690      0.13850933      0.02302578 bias_reducing
  1444    722.00000000    373.49443812      6.53941780    578.47740656    300.00000000      0.99975699      0.09617638     -7.53702122     -0.07217710     -7.60919833      0.13697273      0.01103728      0.13730257      0.02282879 bias_reducing
  1445    722.50000000    373.70915286      6.54685449    568.52268804    300.00000000      0.99976110      0.09452133     -7.53549624     -0.07193449     -7.60743073      0.14235986      0.01098769      0.14265667      0.02372664 bias_reducing
  1446    723.00000000    373.91918080      6.55431714    557.00170635    300.00000000      0.99976608      0.09260588     -7.53370274     -0.07169188     -7.60539462      0.15445740      0.01093816      0.15471962      0.02574290 bias_reducing
  1447    723.50000000    374.12726944      6.56177380    544.24784087    300.00000000      0.99977200      0.09048545     -7.53169525     -0.07144927     -7.60314452      0.17103265      0.01088876      0.17126736      0.02850544 bias_reducing
  1448    724.00000000    374.34653944      6.56918871    531.19484688    300.00000000      0.99977864      0.08831529     -7.52962998     -0.07120665     -7.60083664      0.18853782      0.01083954      0.18875705      0.03142297 bias_reducing
  1449    724.50000000    374.55991484      6.57652416    519.22641396    300.00000000      0.99978543      0.08632544     -7.52774015     -0.07096404     -7.59870419      0.20331756      0.01079056      0.20353470      0.03388626 bias_reducing
  1450    725.00000000    374.76947578      6.58374236    509.84427622    300.00000000      0.99979151      0.08476559     -7.52628021     -0.07072143     -7.59700164      0.21236823      0.01074188      0.21259705      0.03539470 bias_reducing
  1451    725.50000000    375.03000957      6.59080708    504.23852540    300.00000000      0.99979592      0.08383359     -7.52545266     -0.07047882     -7.59593148      0.21376847      0.01069355      0.21402395      0.03562808 bias_reducing
  1452    726.00000000    375.24482347      6.59768517    502.90291565    300.00000000      0.99979797      0.08361154     -7.52534193     -0.07023621     -7.59557814      0.20692011      0.01064563      0.20722027      0.03448669 bias_reducing
  1453    726.50000000    375.45067737      6.60434762    505.44254445    300.00000000      0.99979752      0.08403377     -7.52588181     -0.06999359     -7.59587540      0.19261172      0.01059816      0.19297994      0.03210195 bias_reducing
  1454    727.00000000    375.66712915      6.61077013    510.65169950    300.00000000      0.99979508      0.08489983     -7.52686888     -0.06975098     -7.59661986      0.17292619      0.01055116      0.17339379      0.02882103 bias_reducing
  1455    727.50000000    375.87739321      6.61693302    516.83122100    300.00000000      0.99979162      0.08592722     -7.52801560     -0.06950837     -7.59752397      0.15107576      0.01050467      0.15168251      0.02517929 bias_reducing
  1456    728.00000000    376.09679694      6.62282055    522.22786936    300.00000000      0.99978820      0.08682446     -7.52902610     -0.06926576     -7.59829185      0.13116930      0.01045870      0.13195466      0.02186155 bias_reducing
  1457    728.50000000    376.28857796      6.62841968    525.44765551    300.00000000      0.99978572      0.08735977     -7.52966523     -0.06902314     -7.59868837      0.11763527      0.01041326      0.11860908      0.01960588 bias_reducing
  1458    729.00000000    376.48858165      6.63371818    525.72874781    300.00000000      0.99978473      0.08740651     -7.52980490     -0.06878053     -7.59858543      0.11364295      0.01036837      0.11475152      0.01894049 bias_reducing
  1459    729.50000000    376.70871033      6.63870253    523.02841908    300.00000000      0.99978542      0.08695756     -7.52943843     -0.06853792     -7.59797635      0.11897095      0.01032404      0.12012226      0.01982849 bias_reducing
  1460    730.00000000    376.91944106      6.64335592    517.93480769    300.00000000      0.99978764      0.08611070     -7.52866535     -0.06829531     -7.59696066      0.13042636      0.01028029      0.13155438      0.02173773 bias_reducing
  1461    730.50000000    377.18792039      6.64765663    511.46098979    300.00000000      0.99979099      0.08503438     -7.52765631     -0.06805270     -7.59570901      0.14440160      0.01023714      0.14548183      0.02406693 bias_reducing
  1462    731.00000000    377.38866118      6.65157740    504.79303592    300.00000000      0.99979488      0.08392578     -7.52661061     -0.06781008     -7.59442069      0.15834073      0.01019463      0.15937112      0.02639012 bias_reducing
  1463    731.50000000    377.60191704      6.65508561    499.05566389    300.00000000      0.99979863      0.08297190     -7.52571668     -0.06756747     -7.59328415      0.17076761      0.01015280      0.17175321      0.02846127 bias_reducing
  1464    732.00000000    377.81208734      6.65814448    495.14331098    300.00000000      0.99980162      0.08232144     -7.52512415     -0.06732486     -7.59244901      0.18083674      0.01011170      0.18178325      0.03013946 bias_reducing
  1465    732.50000000    378.03256249      6.66071545    493.62325592    300.00000000      0.99980332      0.08206872     -7.52492755     -0.06708225     -7.59200980      0.18798976      0.01007137      0.18890173      0.03133163 bias_reducing
  1466    733.00000000    378.25399567      6.66276135    494.69978719    300.00000000      0.99980346      0.08224770     -7.52516091     -0.06683964     -7.59200055      0.19179587      0.01003187      0.19267623      0.03196598 bias_reducing
  1467    733.50000000    378.46884834      6.66425029    498.23313905    300.00000000      0.99980201      0.08283515     -7.52580051     -0.06659702     -7.59239754      0.19193410      0.00999322      0.19278417      0.03198902 bias_reducing
  1468    734.00000000    378.68918627      6.66515933    503.79770051    300.00000000      0.99979921      0.08376030     -7.52677488     -0.06635441     -7.59312929      0.18827911      0.00995546      0.18909803      0.03137985 bias_reducing
  1469    734.50000000    378.89941010      6.66547788    510.76630615    300.00000000      0.99979544      0.08491889     -7.52797905     -0.06611180     -7.59409085      0.18108488      0.00991858      0.18186798      0.03018081 bias_reducing
  1470    735.00000000    379.10908923      6.66521041    518.41639471    300.00000000      0.99979116      0.08619077     -7.52929181     -0.06586919     -7.59516099      0.17123284      0.00988258      0.17196830      0.02853881 bias_reducing
  1471    735.50000000    379.37342834      6.66437846    526.04449199    300.00000000      0.99978684      0.08745900     -7.53059538     -0.06562658     -7.59622195      0.16045262      0.00984741      0.16111688      0.02674210 bias_reducing
  1472    736.00000000    379.58638409      6.66302185    533.07066793    300.00000000      0.99978282      0.08862716     -7.53179296     -0.06538396     -7.59717692      0.15139514      0.00981300      0.15194901      0.02523252 bias_reducing
  1473    736.50000000    379.80213293      6.66119886    539.11766989    300.00000000      0.99977934      0.08963252     -7.53282163     -0.06514135     -7.59796299      0.14715011      0.00977927      0.14754363      0.02452502 bias_reducing
  1474    737.00000000    380.01911815      6.65898591    544.06285862    300.00000000      0.99977651      0.09045470     -7.53366135     -0.06489874     -7.59856009      0.14980868      0.00974608      0.15000231      0.02496811 bias_reducing
  1475    737.50000000    380.24138644      6.65647645    548.04424809    300.00000000      0.99977427      0.09111663     -7.53433649     -0.06465613     -7.59899262      0.15891689      0.00971331      0.15890134      0.02648615 bias_reducing
  1476    738.00000000    380.45841135      6.65377940    551.41159300    300.00000000      0.99977248      0.09167648     -7.53490702     -0.06441352     -7.59932054      0.17158260      0.00968078      0.17137298      0.02859710 bias_reducing
  1477    738.50000000    380.67978125      6.65101673    554.63745641    300.00000000      0.99977090      0.09221281     -7.53545387     -0.06417090     -7.59962478      0.18404017      0.00964833      0.18365579      0.03067336 bias_reducing
  1478    739.00000000    380.89755854      6.64832014    558.19579424    300.00000000      0.99976929      0.09280441     -7.53605871     -0.06392829     -7.59998701      0.19311278      0.00961575      0.19256414      0.03218546 bias_reducing
  1479    739.50000000    381.11844092      6.64582706    562.43901141    300.00000000      0.99976744      0.09350988     -7.53678221     -0.06368568     -7.60046789      0.19692570      0.00958285      0.19621164      0.03282095 bias_reducing
  1480    740.00000000    381.32412148      6.64367574    567.52751942    300.00000000      0.99976523      0.09435588     -7.53765260     -0.06344307     -7.60109567      0.19513908      0.00954943      0.19424898      0.03252318 bias_reducing
  1481    740.50000000    381.59367904      6.64199957    573.44130939    300.00000000      0.99976267      0.09533909     -7.53866675     -0.06320046     -7.60186721      0.18884286      0.00951532      0.18776223      0.03147381 bias_reducing
  1482    741.00000000    381.81001913      6.64092113    580.05437001    300.00000000      0.99975980      0.09643857     -7.53980410     -0.06295784     -7.60276194      0.18020689      0.00948033      0.17892710      0.03003448 bias_reducing
  1483    741.50000000    382.02011416      6.64054611    587.23537284    300.00000000      0.99975672      0.09763246     -7.54104276     -0.06271523     -7.60375800      0.17184654      0.00944433      0.17037835      0.02864109 bias_reducing
  1484    742.00000000    382.23395337      6.64095820    594.92603303    300.00000000      0.99975349      0.09891110     -7.54237370     -0.06247262     -7.60484632      0.16599483      0.00940721      0.16437945      0.02766581 bias_reducing
  1485    742.50000000    382.44751302      6.64221557    603.15447947    300.00000000      0.99975013      0.10027914     -7.54380278     -0.06223001     -7.60603279      0.16373486      0.00936890      0.16204064      0.02728914 bias_reducing
  1486    743.00000000    382.65764147      6.64434896    611.99211124    300.00000000      0.99974662      0.10174847     -7.54534306     -0.06198740     -7.60733046      0.16472435      0.00932938      0.16302650      0.02745406 bias_reducing
  1487    743.50000000    382.86738902      6.64736172    621.47620660    300.00000000      0.99974296      0.10332527     -7.54700170     -0.06174478     -7.60874648      0.16764438      0.00928865      0.16600427      0.02794073 bias_reducing
  1488    744.00000000    383.07445923      6.65123116    631.53623615    300.00000000      0.99973916      0.10499783     -7.54876708     -0.06150217     -7.61026925      0.17094550      0.00924677      0.16940373      0.02849092 bias_reducing
  1489    744.50000000    383.29431771      6.65591110    641.96630710    300.00000000      0.99973529      0.10673191     -7.55060433     -0.06125956     -7.61186389      0.17335299      0.00920382      0.17193354      0.02889217 bias_reducing
  1490    745.00000000    383.50508505      6.66133519    652.43813857    300.00000000      0.99973147      0.10847293     -7.55245783     -0.06101695     -7.61347477      0.17407576      0.00915991      0.17279281      0.02901263 bias_reducing
  1491    745.50000000    383.75177407      6.66742042    662.54883900    300.00000000      0.99972782      0.11015392     -7.55425888     -0.06077434     -7.61503321      0.17275843      0.00911516      0.17162119      0.02879307 bias_reducing
  1492    746.00000000    383.96108645      6.67407103    671.89126136    300.00000000      0.99972447      0.11170717     -7.55593811     -0.06053172     -7.61646983      0.16936335      0.00906972      0.16837898      0.02822722 bias_reducing
  1493    746.50000000    384.16993620      6.68118253    680.11311836    300.00000000      0.99972154      0.11307411     -7.55743538     -0.06028911     -7.61772449      0.16404129      0.00902376      0.16321636      0.02734022 bias_reducing
  1494    747.00000000    384.37803864      6.68864543    686.93312854    300.00000000      0.99971908      0.11420799     -7.55870323     -0.06004650     -7.61874973      0.15706564      0.00897742      0.15640730      0.02617761 bias_reducing
  1495    747.50000000    384.58666653      6.69634857    692.11128999    300.00000000      0.99971716      0.11506890     -7.55970093     -0.05980389     -7.61950481      0.14890537      0.00893086      0.14842143      0.02481756 bias_reducing
  1496    748.00000000    384.79534190      6.70418279    695.39112576    300.00000000      0.99971582      0.11561420     -7.56038544     -0.05956127     -7.61994671      0.14033607      0.00888423      0.14003450      0.02338935 bias_reducing
  1497    748.50000000    385.00375883      6.71204458    696.43111778    300.00000000      0.99971513      0.11578711     -7.56069912     -0.05931866     -7.62001778      0.13267746      0.00883768      0.13256526      0.02211291 bias_reducing
  1498    749.00000000    385.21251831      6.71983920    694.78349061    300.00000000      0.99971519      0.11551318     -7.56056544     -0.05907605     -7.61964148      0.12797554      0.00879133      0.12805176      0.02132926 bias_reducing
  1499    749.50000000    385.42973797      6.72748294    689.97758390    300.00000000      0.99971617      0.11471416     -7.55990277     -0.05883344     -7.61873620      0.12870208      0.00874528      0.12894530      0.02145035 bias_reducing
  1500    750.00000000    385.64512207      6.73490492    681.69028602    300.00000000      0.99971821      0.11333633     -7.55865421     -0.05859082     -7.61724504      0.13665985      0.00869962      0.13702306      0.02277664 bias_reducing
  1501    750.50000000    385.91223503      6.74204780    669.95804030    300.00000000      0.99972146      0.11138575     -7.55682230     -0.05834821     -7.61517051      0.15176016      0.00865441      0.15218646      0.02529336 bias_reducing
  1502    751.00000000    386.11977350      6.74886755    655.36372862    300.00000000      0.99972590      0.10895934     -7.55450259     -0.05810560     -7.61260818      0.17188651      0.00860972      0.17233146      0.02864775 bias_reducing
  1503    751.50000000    386.32883746      6.75533274    639.09693464    300.00000000      0.99973138      0.10625485     -7.55189325     -0.05786299     -7.60975624      0.19389002      0.00856557      0.19432997      0.03231500 bias_reducing
  1504    752.00000000    386.54184755      6.76142253    622.83644877    300.00000000      0.99973747      0.10355142     -7.54927648     -0.05762037     -7.60689685      0.21451083      0.00852197      0.21493779      0.03575180 bias_reducing
  1505    752.50000000    386.76219689      6.76712412    608.47073254    300.00000000      0.99974352      0.10116301     -7.54697025     -0.05737776     -7.60434802      0.23090725      0.00847894      0.23132236      0.03848454 bias_reducing
  1506    753.00000000    386.97933846      6.77243022    597.71574937    300.00000000      0.99974871      0.09937491     -7.54526459     -0.05713515     -7.60239974      0.24097432      0.00843647      0.24138354      0.04016239 bias_reducing
  1507    753.50000000    387.19504685      6.77733716    591.74328952    300.00000000      0.99975227      0.09838194     -7.54435766     -0.05689254     -7.60125020      0.24356856      0.00839457      0.24398046      0.04059476 bias_reducing
  1508    754.00000000    387.41584299      6.78184357    590.93690431    300.00000000      0.99975371      0.09824787     -7.54431461     -0.05664993     -7.60096454      0.23868982      0.00835321      0.23911449      0.03978164 bias_reducing
  1509    754.50000000    387.60887573      6.78595012    594.84970424    300.00000000      0.99975298      0.09889841     -7.54506027     -0.05640731     -7.60146759      0.22744296      0.00831241      0.22789159      0.03790716 bias_reducing
  1510    755.00000000    387.81479072      6.78965971    602.36351219    300.00000000      0.99975046      0.10014764     -7.54640616     -0.05616470     -7.60257087      0.21184354      0.00827213      0.21232786      0.03530726 bias_reducing
  1511    755.50000000    388.07964021      6.79297760    611.98316614    300.00000000      0.99974680      0.10174698     -7.54810053     -0.05592209     -7.60402262      0.19449995      0.00823238      0.19503053      0.03241666 bias_reducing
  1512    756.00000000    388.29365780      6.79591155    622.17189967    300.00000000      0.99974273      0.10344093     -7.54988500     -0.05567948     -7.60556447      0.17819048      0.00819312      0.17877356      0.02969841 bias_reducing
  1513    756.50000000    388.50328243      6.79847165    631.64252294    300.00000000      0.99973885      0.10501550     -7.55154399     -0.05543686     -7.60698086      0.16537878      0.00815435      0.16601186      0.02756313 bias_reducing
  1514    757.00000000    388.71536948      6.80066962    639.55096330    300.00000000      0.99973555      0.10633034     -7.55293593     -0.05519425     -7.60813018      0.15761436      0.00811604      0.15828378      0.02626906 bias_reducing
  1515    757.50000000    388.93219971      6.80251802    645.55429531    300.00000000      0.99973300      0.10732844     -7.55400450     -0.05495164     -7.60895614      0.15504422      0.00807817      0.15572912      0.02584070 bias_reducing
  1516    758.00000000    389.15310229      6.80402946    649.76308794    300.00000000      0.99973119      0.10802819     -7.55476922     -0.05470903     -7.60947825      0.15658709      0.00804072      0.15726760      0.02609785 bias_reducing
  1517    758.50000000    389.36925435      6.80521593    652.62812410    300.00000000      0.99972998      0.10850452     -7.55530641     -0.05446642     -7.60977283      0.16051557      0.00800367      0.16117877      0.02675259 bias_reducing
  1518    759.00000000    389.58070430      6.80608828    654.76359486    300.00000000      0.99972914      0.10885956     -7.55572066     -0.05422380     -7.60994446      0.16511756      0.00796699      0.16575773      0.02751959 bias_reducing
  1519    759.50000000    389.79542978      6.80665661    656.75378506    300.00000000      0.99972846      0.10919044     -7.55611063     -0.05398119     -7.61009182      0.16902618      0.00793068      0.16964220      0.02817103 bias_reducing
  1520    760.00000000    390.00068563      6.80693164    658.99928070    300.00000000      0.99972775      0.10956377     -7.55654406     -0.05373858     -7.61028264      0.17131964      0.00789472      0.17191224      0.02855327 bias_reducing
  1521    760.50000000    390.26121325      6.80692661    661.62873208    300.00000000      0.99972691      0.11000094     -7.55704257     -0.05349597     -7.61053854      0.17148961      0.00785909      0.17206005      0.02858160 bias_reducing
  1522    761.00000000    390.48207385      6.80665910    664.49488130    300.00000000      0.99972595      0.11047746     -7.55758103     -0.05325336     -7.61083439      0.16937437      0.00782375      0.16992325      0.02822906 bias_reducing
  1523    761.50000000    390.69342314      6.80615265    667.24751188    300.00000000      0.99972497      0.11093511     -7.55810024     -0.05301074     -7.61111098      0.16512042      0.00778869      0.16564672      0.02752007 bias_reducing
  1524    762.00000000    390.90547699      6.80543768    669.44225953    300.00000000      0.99972411      0.11130000     -7.55852537     -0.05276813     -7.61129350      0.15918252      0.00775386      0.15968295      0.02653042 bias_reducing
  1525    762.50000000    391.12090251      6.80455149    670.64459704    300.00000000      0.99972352      0.11149990     -7.55878370     -0.05252552     -7.61130922      0.15244814      0.00771921      0.15291552      0.02540802 bias_reducing
  1526    763.00000000    391.33726333      6.80353759    670.50634182    300.00000000      0.99972333      0.11147691     -7.55881697     -0.05228291     -7.61109988      0.14638128      0.00768470      0.14680256      0.02439688 bias_reducing
  1527    763.50000000    391.55202512      6.80244472    668.82404533    300.00000000      0.99972362      0.11119722     -7.55859090     -0.05204030     -7.61063119      0.14298891      0.00765027      0.14334559      0.02383149 bias_reducing
  1528    764.00000000    391.76725864      6.80132538    665.59242169    300.00000000      0.99972445      0.11065994     -7.55810417     -0.05179768     -7.60990185      0.14431619      0.00761586      0.14458926      0.02405270 bias_reducing
  1529    764.50000000    391.97663750      6.80023415    661.05078542    300.00000000      0.99972579      0.10990485     -7.55739611     -0.05155507     -7.60895118      0.15148432      0.00758140      0.15166308      0.02524739 bias_reducing
  1530    765.00000000    392.19050071      6.79922634    655.71846314    300.00000000      0.99972752      0.10901831     -7.55655350     -0.05131246     -7.60786596      0.16380360      0.00754684      0.16389065      0.02730060 bias_reducing
  1531    765.50000000    392.45681669      6.79835684    650.38130235    300.00000000      0.99972943      0.10813097     -7.55570819     -0.05106985     -7.60677803      0.17890513      0.00751212      0.17891178      0.02981752 bias_reducing
  1532    766.00000000    392.66603373      6.79767938    645.99602008    300.00000000      0.99973122      0.10740188     -7.55502166     -0.05082724     -7.60584889      0.19366713      0.00747718      0.19360553      0.03227786 bias_reducing
  1533    766.50000000    392.88072824      6.79724596    643.51090245    300.00000000      0.99973251      0.10698871     -7.55465488     -0.05058462     -7.60523950      0.20509449      0.00744196      0.20497292      0.03418242 bias_reducing
  1534    767.00000000    393.09120982      6.79710598    643.63806581    300.00000000      0.99973297      0.10700985     -7.55472930     -0.05034201     -7.60507131      0.21094329      0.00740642      0.21076476      0.03515721 bias_reducing
  1535    767.50000000    393.30472119      6.79730530    646.65765379    300.00000000      0.99973241      0.10751188     -7.55529277     -0.05009940     -7.60539216      0.21010389      0.00737051      0.20986639      0.03501732 bias_reducing
  1536    768.00000000    393.52108155      6.79788456    652.33491023    300.00000000      0.99973082      0.10845577     -7.55630668     -0.04985679     -7.60616347      0.20277348      0.00733420      0.20247014      0.03379558 bias_reducing
  1537    768.50000000    393.73629360      6.79887756    659.98784129    300.00000000      0.99972842      0.10972813     -7.55765587     -0.04961417     -7.60727004      0.19046701      0.00729744      0.19008719      0.03174450 bias_reducing
  1538    769.00000000    393.95129851      6.80030953    668.68206087    300.00000000      0.99972554      0.11117361     -7.55918276     -0.04937156     -7.60855433      0.17579299      0.00726023      0.17532485      0.02929883 bias_reducing
  1539    769.50000000    394.16282263      6.80219560    677.48467526    300.00000000      0.99972256      0.11263712     -7.56072989     -0.04912895     -7.60985884      0.16202184      0.00722255      0.16145838      0.02700364 bias_reducing
  1540    770.00000000    394.35244322      6.80453995    685.67747806    300.00000000      0.99971975      0.11399923     -7.56217667     -0.04888634     -7.61106301      0.15233101      0.00718440      0.15167893      0.02538850 bias_reducing
  1541    770.50000000    394.59516770      6.80733570    692.86399584    300.00000000      0.99971729      0.11519405     -7.56345706     -0.04864373     -7.61210078      0.14876075      0.00714581      0.14804557      0.02479346 bias_reducing
  1542    771.00000000    394.79567146      6.81056561    698.96663177    300.00000000      0.99971522      0.11620866     -7.56455885     -0.04840111     -7.61295996      0.15136891      0.00710680      0.15062542      0.02522815 bias_reducing
  1543    771.50000000    394.99908697      6.81420358    704.15346466    300.00000000      0.99971351      0.11707101     -7.56551051     -0.04815850     -7.61366901      0.15850962      0.00706740      0.15776632      0.02641827 bias_reducing
  1544    772.00000000    395.21503063      6.81821675    708.74612778    300.00000000      0.99971205      0.11783458     -7.56636595     -0.04791589     -7.61428184      0.16790958      0.00702766      0.16718051      0.02798493 bias_reducing
  1545    772.50000000    395.42975894      6.82256804    713.15033780    300.00000000      0.99971073      0.11856681     -7.56719277     -0.04767328     -7.61486605      0.17751665      0.00698762      0.17680397      0.02958611 bias_reducing
  1546    773.00000000    395.64873953      6.82721893    717.80946038    300.00000000      0.99970942      0.11934143     -7.56806474     -0.04743066     -7.61549540      0.18578993      0.00694732      0.18508869      0.03096499 bias_reducing
  1547    773.50000000    395.83917073      6.83213202    723.15501720    300.00000000      0.99970799      0.12023017     -7.56905416     -0.04718805     -7.61624222      0.19163664      0.00690682      0.19093771      0.03193944 bias_reducing
  1548    774.00000000    396.05154792      6.83727335    729.53806648    300.00000000      0.99970632      0.12129140     -7.57022018     -0.04694544     -7.61716562      0.19430582      0.00686614      0.19359707      0.03238430 bias_reducing
  1549    774.50000000    396.26623590      6.84261414    737.14548072    300.00000000      0.99970436      0.12255619     -7.57159487     -0.04670283     -7.61829770      0.19329784      0.00682532      0.19256434      0.03221631 bias_reducing
  1550    775.00000000    396.47080178      6.84813181    745.93061100    300.00000000      0.99970209      0.12401679     -7.57317059     -0.04646022     -7.61963081      0.18836886      0.00678440      0.18759220      0.03139481 bias_reducing
  1551    775.50000000    396.73445235      6.85381088    755.57610652    300.00000000      0.99969958      0.12562043     -7.57489478     -0.04621760     -7.62111238      0.17956706      0.00674338      0.17872426      0.02992784 bias_reducing
  1552    776.00000000    396.95152891      6.85964384    765.48833744    300.00000000      0.99969698      0.12726841     -7.57666845     -0.04597499     -7.62264344      0.16732761      0.00670227      0.16638974      0.02788793 bias_reducing
  1553    776.50000000    397.16084146      6.86563142    774.83036227    300.00000000      0.99969447      0.12882160     -7.57835152     -0.04573238     -7.62408390      0.15268430      0.00666109      0.15161629      0.02544738 bias_reducing
  1554    777.00000000    397.37474238      6.87178242    782.60379005    300.00000000      0.99969228      0.13011399     -7.57977671     -0.04548977     -7.62526648      0.13760315      0.00661982      0.13637011      0.02293386 bias_reducing
  1555    777.50000000    397.59120508      6.87811322    787.77393122    300.00000000      0.99969065      0.13097357     -7.58076963     -0.04524715     -7.62601678      0.12535228      0.00657846      0.12394322      0.02089205 bias_reducing
  1556    778.00000000    397.80452550      6.88464681    789.43504945    300.00000000      0.99968978      0.13124974     -7.58117747     -0.04500454     -7.62618201      0.12024145      0.00653698      0.11871350      0.02004024 bias_reducing
  1557    778.50000000    398.01524927      6.89141157    786.99262026    300.00000000      0.99968986      0.13084367     -7.58089911     -0.04476193     -7.62566104      0.12555497      0.00649535      0.12403634      0.02092583 bias_reducing
  1558    779.00000000    398.22955485      6.89843959    780.32410332    300.00000000      0.99969096      0.12973497     -7.57991236     -0.04451932     -7.62443168      0.14069995      0.00645357      0.13929796      0.02344999 bias_reducing
  1559    779.50000000    398.43974603      6.90576440    769.87794765    300.00000000      0.99969310      0.12799822     -7.57829134     -0.04427670     -7.62256805      0.16167496      0.00641159      0.16041689      0.02694583 bias_reducing
  1560    780.00000000    398.65534789      6.91341888    756.65776591    300.00000000      0.99969615      0.12580026     -7.57620447     -0.04403409     -7.62023856      0.18379067      0.00636940      0.18265528      0.03063178 bias_reducing
  1561    780.50000000    398.92223140      6.92143247    742.06067284    300.00000000      0.99969986      0.12337338     -7.57388669     -0.04379148     -7.61767817      0.20325997      0.00632697      0.20221395      0.03387666 bias_reducing
  1562    781.00000000    399.13801240      6.92982880    727.60416241    300.00000000      0.99970389      0.12096987     -7.57159375     -0.04354887     -7.61514262      0.21757692      0.00628430      0.21658977      0.03626282 bias_reducing
  1563    781.50000000    399.34840265      6.93862392    714.61670935    300.00000000      0.99970783      0.11881061     -7.56954972     -0.04330626     -7.61285598      0.22560644      0.00624137      0.22465502      0.03760107 bias_reducing
  1564    782.00000000    399.55788168      6.94782468    703.98334264    300.00000000      0.99971132      0.11704273     -7.56790328     -0.04306364     -7.61096692      0.22752493      0.00619818      0.22659415      0.03792082 bias_reducing
  1565    782.50000000    399.76634671      6.95742802    696.03308489    300.00000000      0.99971413      0.11572093     -7.56670900     -0.04282103     -7.60953003      0.22460109      0.00615476      0.22368471      0.03743352 bias_reducing
  1566    783.00000000    399.97380328      6.96742097    690.59336122    300.00000000      0.99971618      0.11481654     -7.56593647     -0.04257842     -7.60851489      0.21879326      0.00611111      0.21789479      0.03646554 bias_reducing
  1567    783.50000000    400.17723619      6.97778142    687.16186425    300.00000000      0.99971754      0.11424602     -7.56550011     -0.04233581     -7.60783592      0.21220286      0.00606726      0.21133585      0.03536714 bias_reducing
  1568    784.00000000    400.38559508      6.98847919    685.11612093    300.00000000      0.99971837      0.11390590     -7.56529440     -0.04209319     -7.60738759      0.20649912      0.00602326      0.20568484      0.03441652 bias_reducing
  1569    784.50000000    400.59573284      6.99947750    683.89260626    300.00000000      0.99971887      0.11370248     -7.56522474     -0.04185058     -7.60707532      0.20255444      0.00597913      0.20181700      0.03375907 bias_reducing
  1570    785.00000000    400.80375540      7.01073449    683.09434906    300.00000000      0.99971917      0.11356977     -7.56522450     -0.04160797     -7.60683247      0.20039412      0.00593493      0.19975494      0.03339902 bias_reducing
  1571    785.50000000    401.06997304      7.02220462    682.52799260    300.00000000      0.99971939      0.11347561     -7.56526155     -0.04136536     -7.60662691      0.19947640      0.00589069      0.19895064      0.03324607 bias_reducing
  1572    786.00000000    401.28059766      7.03384027    682.19509216    300.00000000      0.99971954      0.11342026     -7.56533613     -0.04112274     -7.60645888      0.19904994      0.00584645      0.19864592      0.03317499 bias_reducing
  1573    786.50000000    401.48855563      7.04559314    682.25441403    300.00000000      0.99971960      0.11343012     -7.56547522     -0.04088013     -7.60635535      0.19839464      0.00580226      0.19811554      0.03306577 bias_reducing
  1574    787.00000000    401.70113506      7.05741538    682.96085376    300.00000000      0.99971950      0.11354757     -7.56572148     -0.04063752     -7.60635900      0.19693380      0.00575816      0.19677969      0.03282230 bias_reducing
  1575    787.50000000    401.91504434      7.06926082    684.58361366    300.00000000      0.99971914      0.11381737     -7.56612072     -0.04039491     -7.60651563      0.19422712      0.00571420      0.19419651      0.03237119 bias_reducing
  1576    788.00000000    402.13172021      7.08108608    687.31086208    300.00000000      0.99971845      0.11427080     -7.56670530     -0.04015229     -7.60685759      0.18994128      0.00567039      0.19003250      0.03165688 bias_reducing
  1577    788.50000000    402.34828614      7.09285176    691.15579849    300.00000000      0.99971741      0.11491005     -7.56747791     -0.03990968     -7.60738759      0.18382754      0.00562678      0.18404009      0.03063792 bias_reducing
  1578    789.00000000    402.56432089      7.10452326    695.88844815    300.00000000      0.99971604      0.11569689     -7.56840060     -0.03966707     -7.60806767      0.17575533      0.00558339      0.17609108      0.02929255 bias_reducing
  1579    789.50000000    402.77926674      7.11607132    701.01234144    300.00000000      0.99971449      0.11654877     -7.56939056     -0.03942446     -7.60881502      0.16578132      0.00554023      0.16624558      0.02763022 bias_reducing
  1580    790.00000000    402.98959989      7.12747212    705.79739238    300.00000000      0.99971293      0.11734433     -7.57032539     -0.03918184     -7.60950723      0.15429257      0.00549733      0.15489479      0.02571543 bias_reducing
  1581    790.50000000    403.25525495      7.13870701    709.37541254    300.00000000      0.99971163      0.11793920     -7.57105870     -0.03893923     -7.60999794      0.14222686      0.00545470      0.14297841      0.02370448 bias_reducing
  1582    791.00000000    403.47040120      7.14976161    710.88871694    300.00000000      0.99971082      0.11819080     -7.57144589     -0.03869662     -7.61014251      0.13133173      0.00541233      0.13223766      0.02188862 bias_reducing
  1583    791.50000000    403.66110311      7.16062463    709.66641842    300.00000000      0.99971075      0.11798758     -7.57137315     -0.03845401     -7.60982716      0.12420283      0.00537024      0.12524407      0.02070047 bias_reducing
  1584    792.00000000    403.86597459      7.17128659    705.38678119    300.00000000      0.99971156      0.11727606     -7.57078511     -0.03821139     -7.60899650      0.12361579      0.00532842      0.12473313      0.02060263 bias_reducing
  1585    792.50000000    404.07441810      7.18173881    698.18927646    300.00000000      0.99971331      0.11607942     -7.56970411     -0.03796878     -7.60767290      0.13087955      0.00528689      0.13199124      0.02181326 bias_reducing
  1586    793.00000000    404.28699446      7.19197279    688.69948147    300.00000000      0.99971593      0.11450166     -7.56823476     -0.03772617     -7.60596093      0.14461085      0.00524563      0.14565867      0.02410181 bias_reducing
  1587    793.50000000    404.50189787      7.20197989    677.93904060    300.00000000      0.99971919      0.11271266     -7.56654849     -0.03748356     -7.60403205      0.16145459      0.00520465      0.16242212      0.02690910 bias_reducing
  1588    794.00000000    404.71864922      7.21175153    667.12248836    300.00000000      0.99972279      0.11091432     -7.56485038     -0.03724095     -7.60209132      0.17765338      0.00516396      0.17855170      0.02960890 bias_reducing
  1589    794.50000000    404.92834562      7.22127966    657.37392514    300.00000000      0.99972631      0.10929355     -7.56333032     -0.03699833     -7.60032866      0.19003547      0.00512355      0.19088654      0.03167258 bias_reducing
  1590    795.00000000    405.14368169      7.23055743    649.44042718    300.00000000      0.99972940      0.10797454     -7.56211531     -0.03675572     -7.59887103      0.19645508      0.00508342      0.19728320      0.03274251 bias_reducing
  1591    795.50000000    405.40883944      7.23958001    643.49492472    300.00000000      0.99973186      0.10698605     -7.56123472     -0.03651311     -7.59774783      0.19603291      0.00504358      0.19686180      0.03267215 bias_reducing
  1592    796.00000000    405.61430027      7.24834518    639.11011618    300.00000000      0.99973368      0.10625705     -7.56061570     -0.03627050     -7.59688619      0.18930702      0.00500400      0.19015852      0.03155117 bias_reducing
  1593    796.50000000    405.82742665      7.25685342    635.42597789    300.00000000      0.99973509      0.10564453     -7.56011248     -0.03602788     -7.59614036      0.17818542      0.00496471      0.17907708      0.02969757 bias_reducing
  1594    797.00000000    406.04535394      7.26510750    631.45307732    300.00000000      0.99973644      0.10498400     -7.55955675     -0.03578527     -7.59534202      0.16571264      0.00492567      0.16665179      0.02761877 bias_reducing
  1595    797.50000000    406.26725206      7.27311198    626.40690239    300.00000000      0.99973809      0.10414504     -7.55881511     -0.03554266     -7.59435777      0.15547383      0.00488689      0.15644829      0.02591231 bias_reducing
  1596    798.00000000    406.48480100      7.28087286    619.94717185    300.00000000      0.99974028      0.10307106     -7.55783034     -0.03530005     -7.59313039      0.15050763      0.00484836      0.15148149      0.02508460 bias_reducing
  1597    798.50000000    406.69369102      7.28839742    612.24944718    300.00000000      0.99974308      0.10179125     -7.55663248     -0.03505744     -7.59168992      0.15201732      0.00481007      0.15294406      0.02533622 bias_reducing
  1598    799.00000000    406.91544019      7.29569462    603.91685755    300.00000000      0.99974634      0.10040589     -7.55532383     -0.03481482     -7.59013865      0.15891869      0.00477200      0.15976460      0.02648645 bias_reducing
  1599    799.50000000    407.13479458      7.30277587    595.78565299    300.00000000      0.99974979      0.09905402     -7.55404603     -0.03457221     -7.58861825      0.16881007      0.00473415      0.16956373      0.02813501 bias_reducing
  1600    800.00000000    407.34987296      7.30965597    588.70223359    300.00000000      0.99975306      0.09787634     -7.55294192     -0.03432960     -7.58727151      0.17927319      0.00469651      0.17993854      0.02987886 bias_reducing
  1601    800.50000000    407.61466673      7.31635402    583.34106446    300.00000000      0.99975579      0.09698501     -7.55212517     -0.03408699     -7.58621216      0.18850755      0.00465905      0.18909424      0.03141793 bias_reducing
  1602    801.00000000    407.81477235      7.32289429    580.10488356    300.00000000      0.99975771      0.09644696     -7.55166298     -0.03384437     -7.58550736      0.19540225      0.00462176      0.19592010      0.03256704 bias_reducing
  1603    801.50000000    408.02286940      7.32930639    579.11635171    300.00000000      0.99975865      0.09628261     -7.55157578     -0.03360176     -7.58517754      0.19937053      0.00458461      0.19982747      0.03322842 bias_reducing
  1604    802.00000000    408.23201675      7.33562470    580.27885972    300.00000000      0.99975859      0.09647589     -7.55184695     -0.03335915     -7.58520610      0.20017247      0.00454759      0.20057388      0.03336208 bias_reducing
  1605    802.50000000    408.45049609      7.34188729    583.36816937    300.00000000      0.99975762      0.09698951     -7.55243894     -0.03311654     -7.58555548      0.19777234      0.00451066      0.19812106      0.03296206 bias_reducing
  1606    803.00000000    408.66735757      7.34813419    588.11664473    300.00000000      0.99975588      0.09777898     -7.55330717     -0.03287393     -7.58618110      0.19226606      0.00447381      0.19256260      0.03204434 bias_reducing
  1607    803.50000000    408.88160920      7.35440527    594.24982174    300.00000000      0.99975350      0.09879867     -7.55440675     -0.03263131     -7.58703806      0.18386312      0.00443701      0.18410547      0.03064385 bias_reducing
  1608    804.00000000    409.09172380      7.36073798    601.45752916    300.00000000      0.99975064      0.09999701     -7.55568757     -0.03238870     -7.58807628      0.17295727      0.00440023      0.17314033      0.02882621 bias_reducing
  1609    804.50000000    409.30750836      7.36716542    609.32426433    300.00000000      0.99974748      0.10130492     -7.55708125     -0.03214609     -7.58922734      0.16031141      0.00436346      0.16042616      0.02671857 bias_reducing
  1610    805.00000000    409.52482317      7.37371556    617.25117127    300.00000000      0.99974424      0.10262283     -7.55848918     -0.03190348     -7.59039265      0.14731253      0.00432668      0.14734548      0.02455209 bias_reducing
  1611    805.50000000    409.79096608      7.38041103    624.41889208    300.00000000      0.99974120      0.10381451     -7.55977453     -0.03166087     -7.59143540      0.13624174      0.00428988      0.13617676      0.02270696 bias_reducing
  1612    806.00000000    410.00601765      7.38726973    629.84890698    300.00000000      0.99973870      0.10471730     -7.56077237     -0.03141825     -7.59219063      0.13017368      0.00425306      0.13000020      0.02169561 bias_reducing
  1613    806.50000000    410.22078301      7.39430577    632.57877047    300.00000000      0.99973709      0.10517116     -7.56131962     -0.03117564     -7.59249526      0.13185673      0.00421620      0.13158210      0.02197612 bias_reducing
  1614    807.00000000    410.42308427      7.40153082    631.90943592    300.00000000      0.99973667      0.10505988     -7.56129697     -0.03093303     -7.59223000      0.14172674      0.00417931      0.14137664      0.02362112 bias_reducing
  1615    807.50000000    410.63668412      7.40895506    627.63774562    300.00000000      0.99973760      0.10434967     -7.56066878     -0.03069042     -7.59135920      0.15731613      0.00414237      0.15691754      0.02621936 bias_reducing
  1616    808.00000000    410.85198210      7.41658817    620.18238133    300.00000000      0.99973988      0.10311016     -7.55950425     -0.03044780     -7.58995205      0.17475279      0.00410540      0.17432154      0.02912546 bias_reducing
  1617    808.50000000    411.06786810      7.42444039    610.52350793    300.00000000      0.99974330      0.10150430     -7.55796910     -0.03020519     -7.58817429      0.19042342      0.00406838      0.18996399      0.03173724 bias_reducing
  1618    809.00000000    411.27789029      7.43252324    599.96336519    300.00000000      0.99974746      0.09974859     -7.55628287     -0.02996258     -7.58624545      0.20177452      0.00403131      0.20128397      0.03362909 bias_reducing
  1619    809.50000000    411.49329089      7.44085063    589.79168403    300.00000000      0.99975186      0.09805747     -7.55466368     -0.02971997     -7.58438365      0.20759761      0.00399419      0.20706895      0.03459960 bias_reducing
  1620    810.00000000    411.70862965      7.44944009    580.96840430    300.00000000      0.99975601      0.09659053     -7.55327362     -0.02947736     -7.58275098      0.20807931      0.00395702      0.20750416      0.03467988 bias_reducing
  1621    810.50000000    411.95238870      7.45831384    573.93696004    300.00000000      0.99975953      0.09542150     -7.55218655     -0.02923474     -7.58142129      0.20465142      0.00391978      0.20402294      0.03410857 bias_reducing
  1622    811.00000000    412.16425432      7.46749964    568.61645098    300.00000000      0.99976231      0.09453692     -7.55138774     -0.02899213     -7.58037987      0.19956049      0.00388247      0.19887681      0.03326008 bias_reducing
  1623    811.50000000    412.37416521      7.47703126    564.54289859    300.00000000      0.99976444      0.09385966     -7.55079823     -0.02874952     -7.57954775      0.19525273      0.00384508      0.19452036      0.03254212 bias_reducing
  1624    812.00000000    412.58859219      7.48694838    561.08803584    300.00000000      0.99976615      0.09328527     -7.55031121     -0.02850691     -7.57881812      0.19363112      0.00380758      0.19286583      0.03227185 bias_reducing
  1625    812.50000000    412.80444693      7.49729584    557.68900913    300.00000000      0.99976774      0.09272015     -7.54983129     -0.02826430     -7.57809559      0.19548220      0.00376996      0.19470533      0.03258037 bias_reducing
  1626    813.00000000    413.02050125      7.50812187    554.03974965    300.00000000      0.99976943      0.09211343     -7.54930666     -0.02802168     -7.57732834      0.20038051      0.00373221      0.19961228      0.03339675 bias_reducing
  1627    813.50000000    413.23065618      7.51947553    550.20958353    300.00000000      0.99977128      0.09147664     -7.54874864     -0.02777907     -7.57652771      0.20707702      0.00369431      0.20633180      0.03451284 bias_reducing
  1628    814.00000000    413.43965908      7.53140343    546.67200866    300.00000000      0.99977317      0.09088849     -7.54823683     -0.02753646     -7.57577329      0.21404708      0.00365625      0.21333255      0.03567451 bias_reducing
  1629    814.50000000    413.65625931      7.54394614    544.23941209    300.00000000      0.99977475      0.09048405     -7.54790805     -0.02729385     -7.57520189      0.21985483      0.00361801      0.21917340      0.03664247 bias_reducing
  1630    815.00000000    413.87659860      7.55713477    543.89825828    300.00000000      0.99977555      0.09042733     -7.54792945     -0.02705123     -7.57498068      0.22331291      0.00357959      0.22266370      0.03721882 bias_reducing
  1631    815.50000000    414.14479364      7.57098797    546.55577834    300.00000000      0.99977504      0.09086916     -7.54845553     -0.02680862     -7.57526415      0.22352427      0.00354100      0.22290474      0.03725405 bias_reducing
  1632    816.00000000    414.36666993      7.58550963    552.75528494    300.00000000      0.99977285      0.09189988     -7.54957922     -0.02656601     -7.57614523      0.21990960      0.00350224      0.21931633      0.03665160 bias_reducing
  1633    816.50000000    414.58348365      7.60068768    562.44971984    300.00000000      0.99976892      0.09351166     -7.55129464     -0.02632340     -7.57761804      0.21221110      0.00346332      0.21164019      0.03536852 bias_reducing
  1634    817.00000000    414.79167022      7.61649445    574.91395709    300.00000000      0.99976359      0.09558393     -7.55348041     -0.02608078     -7.57956120      0.20050546      0.00342428      0.19995294      0.03341758 bias_reducing
  1635    817.50000000    415.00588156      7.63288756    588.83412634    300.00000000      0.99975749      0.09789827     -7.55591550     -0.02583817     -7.58175367      0.18522481      0.00338514      0.18468740      0.03087080 bias_reducing
  1636    818.00000000    415.21532314      7.64981115    602.56254275    300.00000000      0.99975138      0.10018073     -7.55832193     -0.02559556     -7.58391749      0.16720265      0.00334594      0.16667830      0.02786711 bias_reducing
  1637    818.50000000    415.43006071      7.66719773    614.46232176    300.00000000      0.99974597      0.10215916     -7.56042388     -0.02535295     -7.58577682      0.14778762      0.00330671      0.14727736      0.02463127 bias_reducing
  1638    819.00000000    415.64201681      7.68497028    623.22540184    300.00000000      0.99974180      0.10361609     -7.56200072     -0.02511033     -7.58711105      0.12910638      0.00326749      0.12861855      0.02151773 bias_reducing
  1639    819.50000000    415.86248254      7.70304444    628.08542799    300.00000000      0.99973913      0.10442410     -7.56292330     -0.02486772     -7.58779102      0.11440201      0.00322833      0.11395978      0.01906700 bias_reducing
  1640    820.00000000    416.08075997      7.72133084    628.89690546    300.00000000      0.99973807      0.10455902     -7.56316689     -0.02462511     -7.58779200      0.10773704      0.00318926      0.10738059      0.01795617 bias_reducing
  1641    820.50000000    416.35098230      7.73973733    626.09583085    300.00000000      0.99973850      0.10409332     -7.56280451     -0.02438250     -7.58718700      0.11176391      0.00315033      0.11152580      0.01862732 bias_reducing
  1642    821.00000000    416.56574101      7.75817183    620.56874346    300.00000000      0.99974017      0.10317440     -7.56198473     -0.02413989     -7.58612462      0.12502932      0.00311157      0.12490644      0.02083822 bias_reducing
  1643    821.50000000    416.77570389      7.77654495    613.45559552    300.00000000      0.99974271      0.10199178     -7.56089892     -0.02389727     -7.58479619      0.14305419      0.00307302      0.14302099      0.02384237 bias_reducing
  1644    822.00000000    416.98736867      7.79477241    605.91561526    300.00000000      0.99974571      0.10073820     -7.55974197     -0.02365466     -7.58339663      0.16120102      0.00303471      0.16123316      0.02686684 bias_reducing
  1645    822.50000000    417.20096548      7.81277727    598.89254601    300.00000000      0.99974874      0.09957056     -7.55867263     -0.02341205     -7.58208468      0.17591091      0.00299667      0.17599282      0.02931849 bias_reducing
  1646    823.00000000    417.41776831      7.83049137    592.92397599    300.00000000      0.99975148      0.09857824     -7.55778139     -0.02316944     -7.58095083      0.18489105      0.00295891      0.18501494      0.03081518 bias_reducing
  1647    823.50000000    417.63550355      7.84785645    588.04437758    300.00000000      0.99975378      0.09776697     -7.55707379     -0.02292682     -7.58000061      0.18715462      0.00292144      0.18731854      0.03119244 bias_reducing
  1648    824.00000000    417.85135180      7.86482414    583.83509398    300.00000000      0.99975570      0.09706714     -7.55647781     -0.02268421     -7.57916202      0.18305948      0.00288429      0.18326557      0.03050991 bias_reducing
  1649    824.50000000    418.06625947      7.88135529    579.62480359    300.00000000      0.99975749      0.09636715     -7.55587886     -0.02244160     -7.57832046      0.17421434      0.00284746      0.17446727      0.02903572 bias_reducing
  1650    825.00000000    418.28666542      7.89741858    574.75870834    300.00000000      0.99975947      0.09555812     -7.55516555     -0.02219899     -7.57736454      0.16321153      0.00281095      0.16351625      0.02720192 bias_reducing
  1651    825.50000000    418.54895051      7.91298810    568.83097382    300.00000000      0.99976190      0.09457259     -7.55426859     -0.02195637     -7.57622496      0.15309561      0.00277476      0.15345331      0.02551593 bias_reducing
  1652    826.00000000    418.75542921      7.92804068    561.79306830    300.00000000      0.99976491      0.09340248     -7.55318063     -0.02171376     -7.57489439      0.14655116      0.00273889      0.14695505      0.02442519 bias_reducing
  1653    826.50000000    418.96533431      7.94255309    553.90266153    300.00000000      0.99976849      0.09209064     -7.55194607     -0.02147115     -7.57341722      0.14500395      0.00270334      0.14543885      0.02416732 bias_reducing
  1654    827.00000000    419.17941304      7.95649960    545.55924944    300.00000000      0.99977249      0.09070348     -7.55063353     -0.02122854     -7.57186207      0.14820141      0.00266811      0.14864950      0.02470024 bias_reducing
  1655    827.50000000    419.37019063      7.96985011    537.12350688    300.00000000      0.99977675      0.08930098     -7.54930376     -0.02098592     -7.57028969      0.15470357      0.00263320      0.15515122      0.02578393 bias_reducing
  1656    828.00000000    419.58056103      7.98256920    528.81328051    300.00000000      0.99978111      0.08791934     -7.54799311     -0.02074331     -7.56873642      0.16279189      0.00259861      0.16323179      0.02713198 bias_reducing
  1657    828.50000000    419.78999112      7.99461646    520.71396676    300.00000000      0.99978551      0.08657276     -7.54671438     -0.02050070     -7.56721508      0.17101180      0.00256434      0.17144158      0.02850197 bias_reducing
  1658    829.00000000    419.99837328      8.00594762    512.87473753    300.00000000      0.99978992      0.08526943     -7.54547461     -0.02025809     -7.56573270      0.17832085      0.00253041      0.17874104      0.02972014 bias_reducing
  1659    829.50000000    420.21731182      8.01651641    505.42125735    300.00000000      0.99979429      0.08403023     -7.54429372     -0.02001548     -7.56430919      0.18400361      0.00249681      0.18441620      0.03066727 bias_reducing
  1660    830.00000000    420.42689662      8.02627710    498.62560401    300.00000000      0.99979850      0.08290040     -7.54321716     -0.01977286     -7.56299002      0.18756298      0.00246355      0.18797073      0.03126050 bias_reducing
  1661    830.50000000    420.69575609      8.03518725    492.89476327    300.00000000      0.99980233      0.08194760     -7.54231393     -0.01953025     -7.56184418      0.18864481      0.00243062      0.18905105      0.03144080 bias_reducing
  1662    831.00000000    420.91239191      8.04321034    488.67860330    300.00000000      0.99980544      0.08124663     -7.54165995     -0.01928764     -7.56094759      0.18702099      0.00239803      0.18742946      0.03117016 bias_reducing
  1663    831.50000000    421.12953739      8.05031831    486.33360435    300.00000000      0.99980753      0.08085676     -7.54131684     -0.01904503     -7.56036187      0.18263671      0.00236578      0.18305149      0.03043945 bias_reducing
  1664    832.00000000    421.34040345      8.05649366    485.98022592    300.00000000      0.99980838      0.08079801     -7.54130580     -0.01880242     -7.56010821      0.17571434      0.00233385      0.17613960      0.02928572 bias_reducing
  1665    832.50000000    421.55358926      8.06173127    487.40773620    300.00000000      0.99980799      0.08103534     -7.54159239     -0.01855980     -7.56015219      0.16690120      0.00230224      0.16734039      0.02781687 bias_reducing
  1666    833.00000000    421.76981716      8.06603945    490.06943979    300.00000000      0.99980662      0.08147787     -7.54208492     -0.01831719     -7.56040211      0.15744781      0.00227093      0.15790174      0.02624130 bias_reducing
  1667    833.50000000    421.97918552      8.06944059    493.17976152    300.00000000      0.99980471      0.08199498     -7.54265100     -0.01807458     -7.56072558      0.14930860      0.00223991      0.14977221      0.02488477 bias_reducing
  1668    834.00000000    422.18805286      8.07197108    495.90391728    300.00000000      0.99980282      0.08244790     -7.54314939     -0.01783197     -7.56098136      0.14492370      0.00220915      0.14538289      0.02415395 bias_reducing
  1669    834.50000000    422.39643279      8.07368045    497.60104739    300.00000000      0.99980142      0.08273006     -7.54347087     -0.01758936     -7.56106022      0.14635570      0.00217863      0.14678926      0.02439262 bias_reducing
  1670    835.00000000    422.60977816      8.07462967    498.05889851    300.00000000      0.99980077      0.08280618     -7.54357860     -0.01734675     -7.56092535      0.15398982      0.00214833      0.15437910      0.02566497 bias_reducing
  1671    835.50000000    422.86756200      8.07488873    497.63270048    300.00000000      0.99980083      0.08273532     -7.54353185     -0.01710413     -7.56063598      0.16601172      0.00211821      0.16634911      0.02766862 bias_reducing
  1672    836.00000000    423.07886849      8.07453387    497.21419568    300.00000000      0.99980122      0.08266574     -7.54348134     -0.01686152     -7.56034286      0.17923287      0.00208826      0.17952109      0.02987214 bias_reducing
  1673    836.50000000    423.29486292      8.07364445    498.01875015    300.00000000      0.99980124      0.08279950     -7.54363316     -0.01661891     -7.56025207      0.19029629      0.00205844      0.19054272      0.03171605 bias_reducing
  1674    837.00000000    423.51108362      8.07229989    501.24431534    300.00000000      0.99980015      0.08333578     -7.54419109     -0.01637630     -7.56056738      0.19652576      0.00202873      0.19673807      0.03275429 bias_reducing
  1675    837.50000000    423.73081018      8.07057715    507.71056472    300.00000000      0.99979733      0.08441084     -7.54529481     -0.01613369     -7.56142850      0.19636902      0.00199910      0.19655328      0.03272817 bias_reducing
  1676    838.00000000    423.94600879      8.06854834    517.59702933    300.00000000      0.99979256      0.08605455     -7.54697606     -0.01589107     -7.56286713      0.18958361      0.00196953      0.18974331      0.03159727 bias_reducing
  1677    838.50000000    424.15564701      8.06627957    530.36753576    300.00000000      0.99978614      0.08817774     -7.54914464     -0.01564846     -7.56479310      0.17726387      0.00194001      0.17739950      0.02954398 bias_reducing
  1678    839.00000000    424.37442976      8.06383039    544.90331154    300.00000000      0.99977874      0.09059443     -7.55161210     -0.01540585     -7.56701795      0.16170994      0.00191051      0.16181830      0.02695166 bias_reducing
  1679    839.50000000    424.58813307      8.06125393    559.78596831    300.00000000      0.99977118      0.09306879     -7.55413904     -0.01516324     -7.56930228      0.14617755      0.00188103      0.14625125      0.02436293 bias_reducing
  1680    840.00000000    424.80194968      8.05859807    573.63484221    300.00000000      0.99976420      0.09537127     -7.55649278     -0.01492063     -7.57141341      0.13435131      0.00185154      0.13438018      0.02239189 bias_reducing
  1681    840.50000000    425.05277733      8.05590681    585.40556920    300.00000000      0.99975830      0.09732825     -7.55849756     -0.01467802     -7.57317558      0.12922063      0.00182204      0.12919682      0.02153677 bias_reducing
  1682    841.00000000    425.25765520      8.05322220    594.58256684    300.00000000      0.99975370      0.09885399     -7.56006658     -0.01443540     -7.57450198      0.13156878      0.00179252      0.13149291      0.02192813 bias_reducing
  1683    841.50000000    425.46607973      8.05058615    601.23026080    300.00000000      0.99975037      0.09995922     -7.56121119     -0.01419279     -7.57540398      0.13962538      0.00176297      0.13950567      0.02327090 bias_reducing
  1684    842.00000000    425.67413045      8.04804192    605.90333541    300.00000000      0.99974808      0.10073616     -7.56202551     -0.01395018     -7.57597569      0.15047802      0.00173338      0.15032431      0.02507967 bias_reducing
  1685    842.50000000    425.88647131      8.04563489    609.46145596    300.00000000      0.99974647      0.10132772     -7.56265441     -0.01370757     -7.57636198      0.16151823      0.00170375      0.16133821      0.02691971 bias_reducing
  1686    843.00000000    426.10204609      8.04341248    612.84537932    300.00000000      0.99974514      0.10189033     -7.56325686     -0.01346496     -7.57672182      0.17093765      0.00167405      0.17073637      0.02848961 bias_reducing
  1687    843.50000000    426.31752681      8.04142364    616.86607732    300.00000000      0.99974371      0.10255880     -7.56396923     -0.01322235     -7.57719157      0.17767209      0.00164430      0.17745272      0.02961201 bias_reducing
  1688    844.00000000    426.53954191      8.03971788    622.05095650    300.00000000      0.99974193      0.10342083     -7.56488034     -0.01297973     -7.57786008      0.18118470      0.00161447      0.18094918      0.03019745 bias_reducing
  1689    844.50000000    426.75036037      8.03834418    628.56366262    300.00000000      0.99973966      0.10450362     -7.56601769     -0.01273712     -7.57875481      0.18129106      0.00158456      0.18104059      0.03021518 bias_reducing
  1690    845.00000000    426.96218998      8.03734946    636.19333173    300.00000000      0.99973695      0.10577211     -7.56734605     -0.01249451     -7.57984056      0.17804799      0.00155457      0.17778341      0.02967467 bias_reducing
  1691    845.50000000    427.21346608      8.03677668    644.40045427    300.00000000      0.99973398      0.10713661     -7.56877496     -0.01225190     -7.58102686      0.17174224      0.00152450      0.17146421      0.02862371 bias_reducing
  1692    846.00000000    427.41962762      8.03666294    652.40142319    300.00000000      0.99973099      0.10846683     -7.57017312     -0.01200929     -7.58218241      0.16294423      0.00149433      0.16265367      0.02715737 bias_reducing
  1693    846.50000000    427.62875840      8.03703759    659.28161946    300.00000000      0.99972831      0.10961072     -7.57138692     -0.01176668     -7.58315360      0.15266201      0.00146407      0.15236101      0.02544367 bias_reducing
  1694    847.00000000    427.82609882      8.03792010    664.13072008    300.00000000      0.99972623      0.11041692     -7.57226329     -0.01152406     -7.58378736      0.14251855      0.00143373      0.14221216      0.02375309 bias_reducing
  1695    847.50000000    428.03572489      8.03931831    666.19181858    300.00000000      0.99972502      0.11075959     -7.57267414     -0.01128145     -7.58395560      0.13486770      0.00140330      0.13456648      0.02247795 bias_reducing
  1696    848.00000000    428.24277479      8.04122679    665.00874258    300.00000000      0.99972485      0.11056289     -7.57254189     -0.01103884     -7.58358073      0.13241026      0.00137280      0.13213106      0.02206838 bias_reducing
  1697    848.50000000    428.45636901      8.04362510    660.53185188    300.00000000      0.99972582      0.10981858     -7.57185724     -0.01079623     -7.58265347      0.13699171      0.00134222      0.13675180      0.02283195 bias_reducing
  1698    849.00000000    428.67077706      8.04647697    653.15715524    300.00000000      0.99972789      0.10859248     -7.57068586     -0.01055362     -7.58123948      0.14827789      0.00131160      0.14808555      0.02471298 bias_reducing
  1699    849.50000000    428.88830242      8.04973048    643.67435899    300.00000000      0.99973091      0.10701589     -7.56916033     -0.01031100     -7.57947133      0.16374700      0.00128093      0.16359993      0.02729117 bias_reducing
  1700    850.00000000    429.09936250      8.05331865    633.10812484    300.00000000      0.99973461      0.10525917     -7.56745295     -0.01006839     -7.57752134      0.17995665      0.00125023      0.17984745      0.02999278 bias_reducing
  1701    850.50000000    429.36701682      8.05716071    622.50088434    300.00000000      0.99973864      0.10349563     -7.56573938     -0.00982578     -7.57556516      0.19366354      0.00121952      0.19358439      0.03227726 bias_reducing
  1702    851.00000000    429.57931969      8.06116509    612.69185604    300.00000000      0.99974263      0.10186480     -7.56416074     -0.00958317     -7.57374391      0.20237703      0.00118882      0.20232175      0.03372951 bias_reducing
  1703    851.50000000    429.79475257      8.06523355    604.15078801    300.00000000      0.99974631      0.10044478     -7.56279609     -0.00934056     -7.57213665      0.20465937      0.00115814      0.20462351      0.03410989 bias_reducing
  1704    852.00000000    430.01594746      8.06926665    596.90814688    300.00000000      0.99974953      0.09924064     -7.56165018     -0.00909795     -7.57074812      0.20026241      0.00112749      0.20024329      0.03337707 bias_reducing
  1705    852.50000000    430.22797783      8.07316899    590.59706321    300.00000000      0.99975234      0.09819137     -7.56066059     -0.00885533     -7.56951592      0.19016520      0.00109690      0.19016161      0.03169420 bias_reducing
  1706    853.00000000    430.43690237      8.07685398    584.60055099    300.00000000      0.99975493      0.09719440     -7.55972242     -0.00861272     -7.56833514      0.17644634      0.00106636      0.17645815      0.02940772 bias_reducing
  1707    853.50000000    430.64786687      8.08024801    578.24390442    300.00000000      0.99975758      0.09613756     -7.55872151     -0.00837011     -7.56709162      0.16199280      0.00103588      0.16202045      0.02699880 bias_reducing
  1708    854.00000000    430.86398805      8.08329331    570.97054753    300.00000000      0.99976060      0.09492831     -7.55756402     -0.00812750     -7.56569152      0.15002141      0.00100548      0.15006488      0.02500357 bias_reducing
  1709    854.50000000    431.07514365      8.08594963    562.45578782    300.00000000      0.99976421      0.09351266     -7.55619547     -0.00788489     -7.56408036      0.14324555      0.00097514      0.14330305      0.02387426 bias_reducing
  1710    855.00000000    431.28440798      8.08819458    552.63949627    300.00000000      0.99976856      0.09188063     -7.55460592     -0.00764227     -7.56224820      0.14282895      0.00094488      0.14289647      0.02380482 bias_reducing
  1711    855.50000000    431.55242193      8.09002295    541.68896676    300.00000000      0.99977368      0.09006002     -7.55282407     -0.00739966     -7.56022373      0.14794803      0.00091468      0.14802084      0.02465800 bias_reducing
  1712    856.00000000    431.76162043      8.09144487    529.91951520    300.00000000      0.99977951      0.08810326     -7.55090311     -0.00715705     -7.55806016      0.15651570      0.00088453      0.15659017      0.02608595 bias_reducing
  1713    856.50000000    431.97007314      8.09248308    517.70747192    300.00000000      0.99978595      0.08607291     -7.54890627     -0.00691444     -7.55582071      0.16629973      0.00085444      0.16637382      0.02771662 bias_reducing
  1714    857.00000000    432.18834254      8.09316966    505.42180121    300.00000000      0.99979284      0.08403032     -7.54689552     -0.00667183     -7.55356734      0.17554740      0.00082439      0.17562034      0.02925790 bias_reducing
  1715    857.50000000    432.39871057      8.09354205    493.38632454    300.00000000      0.99980000      0.08202933     -7.54492462     -0.00642921     -7.55135384      0.18312733      0.00079437      0.18319905      0.03052122 bias_reducing
  1716    858.00000000    432.60758661      8.09363921    481.87325668    300.00000000      0.99980727      0.08011519     -7.54303868     -0.00618660     -7.54922528      0.18840980      0.00076439      0.18848059      0.03140163 bias_reducing
  1717    858.50000000    432.82204690      8.09349777    471.12818441    300.00000000      0.99981448      0.07832874     -7.54127854     -0.00594399     -7.54722253      0.19110335      0.00073442      0.19117366      0.03185056 bias_reducing
  1718    859.00000000    433.03741290      8.09314850    461.39712753    300.00000000      0.99982142      0.07671087     -7.53968496     -0.00570138     -7.54538634      0.19114182      0.00070448      0.19121215      0.03185697 bias_reducing
  1719    859.50000000    433.25230170      8.09261328    452.92484472    300.00000000      0.99982785      0.07530229     -7.53829960     -0.00545877     -7.54375836      0.18862459      0.00067454      0.18869548      0.03143743 bias_reducing
  1720    860.00000000    433.45614493      8.09190271    445.90926763    300.00000000      0.99983352      0.07413590     -7.53715644     -0.00521616     -7.54237260      0.18383774      0.00064462      0.18390972      0.03063962 bias_reducing
  1721    860.50000000    433.71929555      8.09101440    440.41702837    300.00000000      0.99983823      0.07322277     -7.53626786     -0.00497354     -7.54124140      0.17736336      0.00061471      0.17743688      0.02956056 bias_reducing
  1722    861.00000000    433.92236599      8.08993230    436.30820419    300.00000000      0.99984189      0.07253964     -7.53561105     -0.00473093     -7.54034198      0.17023608      0.00058480      0.17031127      0.02837268 bias_reducing
  1723    861.50000000    434.13261685      8.08862715    433.21914490    300.00000000      0.99984465      0.07202606     -7.53512481     -0.00448832     -7.53961313      0.16403837      0.00055490      0.16411465      0.02733973 bias_reducing
  1724    862.00000000    434.34514654      8.08705839    430.63577094    300.00000000      0.99984683      0.07159656     -7.53472228     -0.00424571     -7.53896799      0.16074393      0.00052501      0.16081972      0.02679065 bias_reducing
  1725    862.50000000    434.56197853      8.08517694    428.05851303    300.00000000      0.99984884      0.07116807     -7.53431786     -0.00400310     -7.53832095      0.16212797      0.00049512      0.16220084      0.02702133 bias_reducing
  1726    863.00000000    434.78357074      8.08292886    425.20808691    300.00000000      0.99985103      0.07069416     -7.53386329     -0.00376048     -7.53762377      0.16881283      0.00046524      0.16888035      0.02813547 bias_reducing
  1727    863.50000000    435.00051463      8.08025928    422.18934966    300.00000000      0.99985351      0.07019227     -7.53337537     -0.00351787     -7.53689324      0.17967983      0.00043537      0.17974069      0.02994664 bias_reducing
  1728    864.00000000    435.21080387      8.07711610    419.54275578    300.00000000      0.99985600      0.06975226     -7.53294499     -0.00327526     -7.53622025      0.19221327      0.00040550      0.19226749      0.03203554 bias_reducing
  1729    864.50000000    435.42554908      8.07345309    418.14450333    300.00000000      0.99985787      0.06951979     -7.53272027     -0.00303265     -7.53575292      0.20339283      0.00037564      0.20344132      0.03389880 bias_reducing
  1730    865.00000000    435.64180727      8.06923220    418.97083314    300.00000000      0.99985827      0.06965717     -7.53286758     -0.00279004     -7.53565761      0.21051788      0.00034577      0.21056187      0.03508631 bias_reducing
  1731    865.50000000    435.90313674      8.06442499    422.79934099    300.00000000      0.99985638      0.07029369     -7.53351924     -0.00254742     -7.53606667      0.21173953      0.00031589      0.21178021      0.03528992 bias_reducing
  1732    866.00000000    436.11632245      8.05901333    429.94820456    300.00000000      0.99985179      0.07148224     -7.53473044     -0.00230481     -7.53703525      0.20635181      0.00028599      0.20639022      0.03439197 bias_reducing
  1733    866.50000000    436.30689362      8.05298935    440.14063606    300.00000000      0.99984469      0.07317682     -7.53645505     -0.00206220     -7.53851726      0.19488096      0.00025608      0.19491791      0.03248016 bias_reducing
  1734    867.00000000    436.52076864      8.04635501    452.53425595    300.00000000      0.99983581      0.07523735     -7.53855185     -0.00181959     -7.54037144      0.17897639      0.00022614      0.17901239      0.02982940 bias_reducing
  1735    867.50000000    436.73663164      8.03912120    465.89286948    300.00000000      0.99982622      0.07745833     -7.54081270     -0.00157698     -7.54238968      0.16119917      0.00019616      0.16123423      0.02686653 bias_reducing
  1736    868.00000000    436.95754787      8.03130680    478.83717265    300.00000000      0.99981697      0.07961042     -7.54300588     -0.00133437     -7.54434025      0.14471684      0.00016615      0.14475024      0.02411947 bias_reducing
  1737    868.50000000    437.17028840      8.02293757    490.10425680    300.00000000      0.99980892      0.08148366     -7.54491851     -0.00109175     -7.54601027      0.13277348      0.00013608      0.13280352      0.02212891 bias_reducing
  1738    869.00000000    437.37900160      8.01404483    498.76500600    300.00000000      0.99980263      0.08292358     -7.54639472     -0.00084914     -7.54724386      0.12767515      0.00010596      0.12769961      0.02127919 bias_reducing
  1739    869.50000000    437.59463252      8.00466391    504.36373061    300.00000000      0.99979831      0.08385441     -7.54735754     -0.00060653     -7.54796407      0.12965759      0.00007577      0.12967486      0.02160960 bias_reducing
  1740    870.00000000    437.80433930      7.99483242    506.96695044    300.00000000      0.99979594      0.08428721     -7.54781818     -0.00036392     -7.54818210      0.13687152      0.00004552      0.13688135      0.02281192 bias_reducing
  1741    870.50000000    438.07857646      7.98458795    507.11449971    300.00000000      0.99979522      0.08431174     -7.54786757     -0.00012131     -7.54798888      0.14662256      0.00001519      0.14662561      0.02443709 bias_reducing
  1742    871.00000000    438.29346357      7.97396576    505.67864772    300.00000000      0.99979570      0.08407302     -7.54765230     -0.00000000     -7.54765230      0.15651264      0.00000000      0.15651264      0.02608544 bias_off
  1743    871.50000000    438.50881275      7.96299605    503.66289394    300.00000000      0.99979682      0.08373789     -7.54734145     -0.00000000     -7.54734145      0.16483996      0.00000000      0.16483996      0.02747333 bias_off_pure_md
  1744    872.00000000    438.72577256      7.95170214    501.97347059    300.00000000      0.99979801      0.08345701     -7.54708780     -0.00000000     -7.54708780      0.17054700      0.00000000      0.17054700      0.02842450 bias_off_pure_md
  1745    872.50000000    438.94210568      7.94009986    501.22103982    300.00000000      0.99979878      0.08333191     -7.54699432     -0.00000000     -7.54699432      0.17305776      0.00000000      0.17305776      0.02884296 bias_off_pure_md
  1746    873.00000000    439.15205188      7.92819781    501.59910643    300.00000000      0.99979889      0.08339477     -7.54709336     -0.00000000     -7.54709336      0.17216971      0.00000000      0.17216971      0.02869495 bias_off_pure_md
  1747    873.50000000    439.37266477      7.91599902    502.87139834    300.00000000      0.99979835      0.08360630     -7.54734482     -0.00000000     -7.54734482      0.16800011      0.00000000      0.16800011      0.02800002 bias_off_pure_md
  1748    874.00000000    439.58812167      7.90350358    504.46599326    300.00000000      0.99979742      0.08387141     -7.54765222     -0.00000000     -7.54765222      0.16098694      0.00000000      0.16098694      0.02683116 bias_off_pure_md
  1749    874.50000000    439.79753516      7.89071206    505.62894532    300.00000000      0.99979652      0.08406476     -7.54788799     -0.00000000     -7.54788799      0.15196375      0.00000000      0.15196375      0.02532729 bias_off_pure_md
  1750    875.00000000    440.00847333      7.87762905    505.60296229    300.00000000      0.99979610      0.08406044     -7.54792460     -0.00000000     -7.54792460      0.14230997      0.00000000      0.14230997      0.02371833 bias_off_pure_md
  1751    875.50000000    440.27363130      7.86426653    503.79387518    300.00000000      0.99979659      0.08375966     -7.54766151     -0.00000000     -7.54766151      0.13409192      0.00000000      0.13409192      0.02234865 bias_off_pure_md
  1752    876.00000000    440.48416906      7.85064647    499.90168619    300.00000000      0.99979825      0.08311256     -7.54704761     -0.00000000     -7.54704761      0.12989652      0.00000000      0.12989652      0.02164942 bias_off_pure_md
  1753    876.50000000    440.69956971      7.83680241    494.01408061    300.00000000      0.99980121      0.08213370     -7.54609638     -0.00000000     -7.54609638      0.13197125      0.00000000      0.13197125      0.02199521 bias_off_pure_md
  1754    877.00000000    440.90975815      7.82277997    486.64534183    300.00000000      0.99980536      0.08090859     -7.54489367     -0.00000000     -7.54489367      0.14083894      0.00000000      0.14083894      0.02347316 bias_off_pure_md
  1755    877.50000000    441.12500937      7.80863636    478.69533744    300.00000000      0.99981032      0.07958684     -7.54359014     -0.00000000     -7.54359014      0.15471957      0.00000000      0.15471957      0.02578659 bias_off_pure_md
  1756    878.00000000    441.34008665      7.79443898    471.30522959    300.00000000      0.99981548      0.07835817     -7.54237819     -0.00000000     -7.54237819      0.17042960      0.00000000      0.17042960      0.02840493 bias_off_pure_md
  1757    878.50000000    441.55612287      7.78026329    465.62867683    300.00000000      0.99982002      0.07741440     -7.54145274     -0.00000000     -7.54145274      0.18461249      0.00000000      0.18461249      0.03076875 bias_off_pure_md
  1758    879.00000000    441.76994897      7.76619010    462.58015284    300.00000000      0.99982312      0.07690756     -7.54096805     -0.00000000     -7.54096805      0.19451860      0.00000000      0.19451860      0.03241977 bias_off_pure_md
  1759    879.50000000    441.98367254      7.75230213    462.61646020    300.00000000      0.99982420      0.07691360     -7.54100238     -0.00000000     -7.54100238      0.19838084      0.00000000      0.19838084      0.03306347 bias_off_pure_md
  1760    880.00000000    442.19393911      7.73868028    465.62375187    300.00000000      0.99982308      0.07741358     -7.54153647     -0.00000000     -7.54153647      0.19562969      0.00000000      0.19562969      0.03260495 bias_off_pure_md
  1761    880.50000000    442.45914508      7.72539977    470.97351572    300.00000000      0.99982009      0.07830302     -7.54246411     -0.00000000     -7.54246411      0.18695856      0.00000000      0.18695856      0.03115976 bias_off_pure_md
  1762    881.00000000    442.65455581      7.71252610    477.72802103    300.00000000      0.99981588      0.07942601     -7.54362658     -0.00000000     -7.54362658      0.17419343      0.00000000      0.17419343      0.02903224 bias_off_pure_md
  1763    881.50000000    442.87197796      7.70011126    484.91608234    300.00000000      0.99981120      0.08062108     -7.54485996     -0.00000000     -7.54485996      0.16000389      0.00000000      0.16000389      0.02666732 bias_off_pure_md
  1764    882.00000000    443.08308252      7.68819023    491.78303169    300.00000000      0.99980666      0.08176277     -7.54603715     -0.00000000     -7.54603715      0.14741872      0.00000000      0.14741872      0.02456979 bias_off_pure_md
  1765    882.50000000    443.29766896      7.67677831    497.92509360    300.00000000      0.99980261      0.08278393     -7.54709114     -0.00000000     -7.54709114      0.13902294      0.00000000      0.13902294      0.02317049 bias_off_pure_md
  1766    883.00000000    443.51260483      7.66586958    503.27750481    300.00000000      0.99979915      0.08367381     -7.54801252     -0.00000000     -7.54801252      0.13605072      0.00000000      0.13605072      0.02267512 bias_off_pure_md
  1767    883.50000000    443.72701867      7.65543690    507.99267113    300.00000000      0.99979620      0.08445775     -7.54882835     -0.00000000     -7.54882835      0.13796919      0.00000000      0.13796919      0.02299486 bias_off_pure_md
  1768    884.00000000    443.94505527      7.64543357    512.28144631    300.00000000      0.99979361      0.08517079     -7.54957489     -0.00000000     -7.54957489      0.14304919      0.00000000      0.14304919      0.02384153 bias_off_pure_md
  1769    884.50000000    444.15558132      7.63579659    516.29076435    300.00000000      0.99979126      0.08583737     -7.55027706     -0.00000000     -7.55027706      0.14936334      0.00000000      0.14936334      0.02489389 bias_off_pure_md
  1770    885.00000000    444.36393313      7.62645122    520.05249637    300.00000000      0.99978907      0.08646279     -7.55094003     -0.00000000     -7.55094003      0.15537126      0.00000000      0.15537126      0.02589521 bias_off_pure_md
  1771    885.50000000    444.62508338      7.61731600    523.49969639    300.00000000      0.99978706      0.08703591     -7.55155170     -0.00000000     -7.55155170      0.16006441      0.00000000      0.16006441      0.02667740 bias_off_pure_md
  1772    886.00000000    444.83494872      7.60830776    526.52729056    300.00000000      0.99978528      0.08753927     -7.55209380     -0.00000000     -7.55209380      0.16285809      0.00000000      0.16285809      0.02714301 bias_off_pure_md
  1773    886.50000000    445.03805613      7.59934615    529.05659499    300.00000000      0.99978377      0.08795979     -7.55255291     -0.00000000     -7.55255291      0.16343616      0.00000000      0.16343616      0.02723936 bias_off_pure_md
  1774    887.00000000    445.24018815      7.59035740    531.07353969    300.00000000      0.99978255      0.08829512     -7.55292634     -0.00000000     -7.55292634      0.16164953      0.00000000      0.16164953      0.02694159 bias_off_pure_md
  1775    887.50000000    445.44976514      7.58127670    532.62584870    300.00000000      0.99978161      0.08855320     -7.55322265     -0.00000000     -7.55322265      0.15747174      0.00000000      0.15747174      0.02624529 bias_off_pure_md
  1776    888.00000000    445.65877759      7.57204934    533.77850344    300.00000000      0.99978090      0.08874484     -7.55345318     -0.00000000     -7.55345318      0.15102525      0.00000000      0.15102525      0.02517088 bias_off_pure_md
  1777    888.50000000    445.87476333      7.56263106    534.53964832    300.00000000      0.99978039      0.08887139     -7.55362025     -0.00000000     -7.55362025      0.14270144      0.00000000      0.14270144      0.02378357 bias_off_pure_md
  1778    889.00000000    446.08676197      7.55298755    534.76943534    300.00000000      0.99978011      0.08890959     -7.55370131     -0.00000000     -7.55370131      0.13338014      0.00000000      0.13338014      0.02223002 bias_off_pure_md
  1779    889.50000000    446.29629944      7.54309315    534.13186599    300.00000000      0.99978017      0.08880359     -7.55363978     -0.00000000     -7.55363978      0.12469914      0.00000000      0.12469914      0.02078319 bias_off_pure_md
  1780    890.00000000    446.50689615      7.53292994    532.12469768    300.00000000      0.99978081      0.08846988     -7.55335100     -0.00000000     -7.55335100      0.11914025      0.00000000      0.11914025      0.01985671 bias_off_pure_md
  1781    890.50000000    446.77369697      7.52248653    528.18791802    300.00000000      0.99978233      0.08781536     -7.55273968     -0.00000000     -7.55273968      0.11941810      0.00000000      0.11941810      0.01990302 bias_off_pure_md
  1782    891.00000000    446.98142624      7.51175701    521.89459061    300.00000000      0.99978504      0.08676905     -7.55173187     -0.00000000     -7.55173187      0.12692985      0.00000000      0.12692985      0.02115497 bias_off_pure_md
  1783    891.50000000    447.19614335      7.50073961    513.16472961    300.00000000      0.99978919      0.08531764     -7.55031209     -0.00000000     -7.55031209      0.14053287      0.00000000      0.14053287      0.02342215 bias_off_pure_md
  1784    892.00000000    447.40767537      7.48943583    502.42540736    300.00000000      0.99979480      0.08353215     -7.54855078     -0.00000000     -7.54855078      0.15714010      0.00000000      0.15714010      0.02619002 bias_off_pure_md
  1785    892.50000000    447.61771130      7.47784879    490.63960344    300.00000000      0.99980162      0.08157266     -7.54660924     -0.00000000     -7.54660924      0.17320119      0.00000000      0.17320119      0.02886687 bias_off_pure_md
  1786    893.00000000    447.83125830      7.46598157    479.16334626    300.00000000      0.99980902      0.07966465     -7.54471584     -0.00000000     -7.54471584      0.18566968      0.00000000      0.18566968      0.03094495 bias_off_pure_md
  1787    893.50000000    448.04268684      7.45383551    469.46902784    300.00000000      0.99981610      0.07805289     -7.54311917     -0.00000000     -7.54311917      0.19243571      0.00000000      0.19243571      0.03207262 bias_off_pure_md
  1788    894.00000000    448.25153467      7.44140840    462.81498147    300.00000000      0.99982178      0.07694660     -7.54203226     -0.00000000     -7.54203226      0.19256026      0.00000000      0.19256026      0.03209338 bias_off_pure_md
  1789    894.50000000    448.46070593      7.42869292    459.95588334    300.00000000      0.99982516      0.07647126     -7.54158268     -0.00000000     -7.54158268      0.18636271      0.00000000      0.18636271      0.03106045 bias_off_pure_md
  1790    895.00000000    448.67961199      7.41567580    460.98764399    300.00000000      0.99982577      0.07664279     -7.54178659     -0.00000000     -7.54178659      0.17536512      0.00000000      0.17536512      0.02922752 bias_off_pure_md
  1791    895.50000000    448.95354801      7.40233807    465.38580436    300.00000000      0.99982376      0.07737402     -7.54255526     -0.00000000     -7.54255526      0.16207298      0.00000000      0.16207298      0.02701216 bias_off_pure_md
  1792    896.00000000    449.16087316      7.38865635    472.20662105    300.00000000      0.99981974      0.07850804     -7.54372921     -0.00000000     -7.54372921      0.14960011      0.00000000      0.14960011      0.02493335 bias_off_pure_md
  1793    896.50000000    449.35948221      7.37460568    480.36929617    300.00000000      0.99981459      0.07986515     -7.54512568     -0.00000000     -7.54512568      0.14099286      0.00000000      0.14099286      0.02349881 bias_off_pure_md
  1794    897.00000000    449.57510521      7.36016284    488.94135613    300.00000000      0.99980906      0.08129032     -7.54658769     -0.00000000     -7.54658769      0.13819796      0.00000000      0.13819796      0.02303299 bias_off_pure_md
  1795    897.50000000    449.79373194      7.34531017    497.35789057    300.00000000      0.99980371      0.08268963     -7.54802021     -0.00000000     -7.54802021      0.14120980      0.00000000      0.14120980      0.02353497 bias_off_pure_md
  1796    898.00000000    450.00537770      7.33003875    505.53130667    300.00000000      0.99979871      0.08404853     -7.54940877     -0.00000000     -7.54940877      0.14828261      0.00000000      0.14828261      0.02471377 bias_off_pure_md
  1797    898.50000000    450.21549145      7.31435099    513.83513079    300.00000000      0.99979394      0.08542910     -7.55081689     -0.00000000     -7.55081689      0.15702240      0.00000000      0.15702240      0.02617040 bias_off_pure_md
  1798    899.00000000    450.43142102      7.29826223    522.97440042    300.00000000      0.99978909      0.08694858     -7.55236419     -0.00000000     -7.55236419      0.16525775      0.00000000      0.16525775      0.02754296 bias_off_pure_md
  1799    899.50000000    450.65278045      7.28180125    533.77352515    300.00000000      0.99978371      0.08874401     -7.55419050     -0.00000000     -7.55419050      0.17138166      0.00000000      0.17138166      0.02856361 bias_off_pure_md
  1800    900.00000000    450.86419634      7.26500991    546.92967290    300.00000000      0.99977748      0.09093133     -7.55641466     -0.00000000     -7.55641466      0.17433181      0.00000000      0.17433181      0.02905530 bias_off_pure_md
  1801    900.50000000    451.12524175      7.24794195    562.79626620    300.00000000      0.99977023      0.09356927     -7.55909687     -0.00000000     -7.55909687      0.17348290      0.00000000      0.17348290      0.02891382 bias_off_pure_md
  1802    901.00000000    451.34117599      7.23066140    581.24983142    300.00000000      0.99976208      0.09663732     -7.56221754     -0.00000000     -7.56221754      0.16854460      0.00000000      0.16854460      0.02809077 bias_off_pure_md
  1803    901.50000000    451.55742922      7.21324069    601.65959059    300.00000000      0.99975340      0.10003060     -7.56567146     -0.00000000     -7.56567146      0.15949393      0.00000000      0.15949393      0.02658232 bias_off_pure_md
  1804    902.00000000    451.76952422      7.19575836    622.95676424    300.00000000      0.99974468      0.10357142     -7.56927927     -0.00000000     -7.56927927      0.14657339      0.00000000      0.14657339      0.02442890 bias_off_pure_md
  1805    902.50000000    451.97893247      7.17829633    643.79259164    300.00000000      0.99973644      0.10703554     -7.57281480     -0.00000000     -7.57281480      0.13035632      0.00000000      0.13035632      0.02172605 bias_off_pure_md
  1806    903.00000000    452.17834676      7.16093708    662.74803250    300.00000000      0.99972915      0.11018703     -7.57603937     -0.00000000     -7.57603937      0.11198693      0.00000000      0.11198693      0.01866449 bias_off_pure_md
  1807    903.50000000    452.39149473      7.14376095    678.55592070    300.00000000      0.99972315      0.11281522     -7.57873976     -0.00000000     -7.57873976      0.09370292      0.00000000      0.09370292      0.01561715 bias_off_pure_md
  1808    904.00000000    452.61018087      7.12684335    690.29520448    300.00000000      0.99971862      0.11476697     -7.58076086     -0.00000000     -7.58076086      0.07972790      0.00000000      0.07972790      0.01328798 bias_off_pure_md
  1809    904.50000000    452.81880687      7.11025250    697.52228430    300.00000000      0.99971563      0.11596852     -7.58202773     -0.00000000     -7.58202773      0.07618281      0.00000000      0.07618281      0.01269714 bias_off_pure_md
  1810    905.00000000    453.02251027      7.09404731    700.32433405    300.00000000      0.99971410      0.11643439     -7.58255428     -0.00000000     -7.58255428      0.08606615      0.00000000      0.08606615      0.01434436 bias_off_pure_md
  1811    905.50000000    453.26103036      7.07827589    699.28104084    300.00000000      0.99971388      0.11626093     -7.58243761     -0.00000000     -7.58243761      0.10516904      0.00000000      0.10516904      0.01752817 bias_off_pure_md
  1812    906.00000000    453.46836768      7.06297472    695.32910436    300.00000000      0.99971470      0.11560389     -7.58183518     -0.00000000     -7.58183518      0.12722474      0.00000000      0.12722474      0.02120412 bias_off_pure_md
  1813    906.50000000    453.67812739      7.04816873    689.54814699    300.00000000      0.99971627      0.11464276     -7.58092907     -0.00000000     -7.58092907      0.14760790      0.00000000      0.14760790      0.02460132 bias_off_pure_md
  1814    907.00000000    453.88810035      7.03387183    682.91185763    300.00000000      0.99971828      0.11353943     -7.57988307     -0.00000000     -7.57988307      0.16331006      0.00000000      0.16331006      0.02721834 bias_off_pure_md
  1815    907.50000000    454.10252403      7.02008844    676.07498494    300.00000000      0.99972047      0.11240274     -7.57880714     -0.00000000     -7.57880714      0.17257474      0.00000000      0.17257474      0.02876246 bias_off_pure_md
  1816    908.00000000    454.32034966      7.00681571    669.26267653    300.00000000      0.99972270      0.11127014     -7.57773862     -0.00000000     -7.57773862      0.17484871      0.00000000      0.17484871      0.02914145 bias_off_pure_md
  1817    908.50000000    454.51403303      6.99404693    662.29778837    300.00000000      0.99972498      0.11011218     -7.57664632     -0.00000000     -7.57664632      0.17080959      0.00000000      0.17080959      0.02846826 bias_off_pure_md
  1818    909.00000000    454.72445476      6.98177352    654.75233540    300.00000000      0.99972743      0.10885769     -7.57545672     -0.00000000     -7.57545672      0.16230566      0.00000000      0.16230566      0.02705094 bias_off_pure_md
  1819    909.50000000    454.94031279      6.96998694    646.16598663    300.00000000      0.99973022      0.10743014     -7.57409034     -0.00000000     -7.57409034      0.15209231      0.00000000      0.15209231      0.02534872 bias_off_pure_md
  1820    910.00000000    455.16153032      6.95867994    636.24749987    300.00000000      0.99973353      0.10578111     -7.57249795     -0.00000000     -7.57249795      0.14330375      0.00000000      0.14330375      0.02388396 bias_off_pure_md
  1821    910.50000000    455.43191899      6.94784672    624.97753104    300.00000000      0.99973746      0.10390739     -7.57067608     -0.00000000     -7.57067608      0.13860196      0.00000000      0.13860196      0.02310033 bias_off_pure_md
  1822    911.00000000    455.64242175      6.93748253    612.60579380    300.00000000      0.99974202      0.10185049     -7.56866683     -0.00000000     -7.56866683      0.13918085      0.00000000      0.13918085      0.02319681 bias_off_pure_md
  1823    911.50000000    455.85172850      6.92758246    599.57509334    300.00000000      0.99974713      0.09968404     -7.56654495     -0.00000000     -7.56654495      0.14438732      0.00000000      0.14438732      0.02406455 bias_off_pure_md
  1824    912.00000000    456.06192863      6.91813954    586.40651019    300.00000000      0.99975263      0.09749466     -7.56439831     -0.00000000     -7.56439831      0.15239905      0.00000000      0.15239905      0.02539984 bias_off_pure_md
  1825    912.50000000    456.27043514      6.90914267    573.58868511    300.00000000      0.99975832      0.09536360     -7.56230913     -0.00000000     -7.56230913      0.16125429      0.00000000      0.16125429      0.02687572 bias_off_pure_md
  1826    913.00000000    456.48470084      6.90057489    561.50913525    300.00000000      0.99976402      0.09335528     -7.56034193     -0.00000000     -7.56034193      0.16940850      0.00000000      0.16940850      0.02823475 bias_off_pure_md
  1827    913.50000000    456.69559913      6.89241206    550.44182431    300.00000000      0.99976954      0.09151525     -7.55854218     -0.00000000     -7.55854218      0.17583280      0.00000000      0.17583280      0.02930547 bias_off_pure_md
  1828    914.00000000    456.88956162      6.88462225    540.57307586    300.00000000      0.99977472      0.08987449     -7.55694050     -0.00000000     -7.55694050      0.17993650      0.00000000      0.17993650      0.02998942 bias_off_pure_md
  1829    914.50000000    457.09981850      6.87716573    532.04283881    300.00000000      0.99977945      0.08845627     -7.55555985     -0.00000000     -7.55555985      0.18141027      0.00000000      0.18141027      0.03023504 bias_off_pure_md
  1830    915.00000000    457.31567182      6.86999532    524.97999774    300.00000000      0.99978359      0.08728202     -7.55442185     -0.00000000     -7.55442185      0.18011460      0.00000000      0.18011460      0.03001910 bias_off_pure_md
  1831    915.50000000    457.56893729      6.86305717    519.50799103    300.00000000      0.99978700      0.08637226     -7.55354784     -0.00000000     -7.55354784      0.17601184      0.00000000      0.17601184      0.02933531 bias_off_pure_md
  1832    916.00000000    457.77452711      6.85629184    515.70566407    300.00000000      0.99978958      0.08574009     -7.55295206     -0.00000000     -7.55295206      0.16919863      0.00000000      0.16919863      0.02819977 bias_off_pure_md
  1833    916.50000000    457.98959977      6.84963557    513.53056011    300.00000000      0.99979125      0.08537846     -7.55262858     -0.00000000     -7.55262858      0.16001016      0.00000000      0.16001016      0.02666836 bias_off_pure_md
  1834    917.00000000    458.20004725      6.84302176    512.73984308    300.00000000      0.99979205      0.08524700     -7.55253764     -0.00000000     -7.55253764      0.14920691      0.00000000      0.14920691      0.02486782 bias_off_pure_md
  1835    917.50000000    458.41911954      6.83638294    512.85725604    300.00000000      0.99979218      0.08526652     -7.55259993     -0.00000000     -7.55259993      0.13823136      0.00000000      0.13823136      0.02303856 bias_off_pure_md
  1836    918.00000000    458.63735932      6.82965298    513.21833733    300.00000000      0.99979196      0.08532655     -7.55270358     -0.00000000     -7.55270358      0.12941359      0.00000000      0.12941359      0.02156893 bias_off_pure_md
  1837    918.50000000    458.84903190      6.82276969    513.10783537    300.00000000      0.99979181      0.08530818     -7.55272727     -0.00000000     -7.55272727      0.12567079      0.00000000      0.12567079      0.02094513 bias_off_pure_md
  1838    919.00000000    459.06003134      6.81567765    511.96794098    300.00000000      0.99979212      0.08511867     -7.55257581     -0.00000000     -7.55257581      0.12921363      0.00000000      0.12921363      0.02153560 bias_off_pure_md
  1839    919.50000000    459.27546313      6.80833075    509.60772250    300.00000000      0.99979312      0.08472626     -7.55221567     -0.00000000     -7.55221567      0.13985045      0.00000000      0.13985045      0.02330841 bias_off_pure_md
  1840    920.00000000    459.49628037      6.80069405    506.33573331    300.00000000      0.99979480      0.08418227     -7.55169821     -0.00000000     -7.55169821      0.15486654      0.00000000      0.15486654      0.02581109 bias_off_pure_md
  1841    920.50000000    459.76809153      6.79274492    502.94645519    300.00000000      0.99979685      0.08361877     -7.55115707     -0.00000000     -7.55115707      0.17052050      0.00000000      0.17052050      0.02842008 bias_off_pure_md
  1842    921.00000000    459.97778468      6.78447339    500.53420701    300.00000000      0.99979870      0.08321772     -7.55077800     -0.00000000     -7.55077800      0.18337039      0.00000000      0.18337039      0.03056173 stop_max_pure_md
