  step         time_fs     wall_time_s        rti_dist          temp_K     temp_bath_K   thermo_lambda          kin_Ha     pot_real_Ha     pot_rtip_Ha    pot_total_Ha          f_real          f_rtip         f_total      rms_f_real state_decision
     1      0.50000000      8.94743040      3.83469162    300.01812543    300.00000000      1.00000000      0.06128158     -8.91231612      0.07352430     -8.83879182      0.08365223      0.05423073      0.09818549      0.01261105 md_running
     2      1.00000000     20.08413675      3.81453700    302.88905963    300.00000000      0.99999791      0.06186800     -8.91214640      0.07275346     -8.83939294      0.08071604      0.05394570      0.09511972      0.01216840 md_running
     3      1.50000000     39.88860916      3.79298684    308.09674323    300.00000000      0.99999083      0.06293171     -8.91241749      0.07193375     -8.84048374      0.07552067      0.05364093      0.08990419      0.01138517 md_running
     4      2.00000000     49.16603848      3.77007391    313.70575156    300.00000000      0.99998164      0.06407741     -8.91272861      0.07106729     -8.84166132      0.07035504      0.05331690      0.08445833      0.01060642 md_running
     5      2.50000000     60.49713788      3.74584304    317.55560400    300.00000000      0.99997384      0.06486378     -8.91263015      0.07015670     -8.84247345      0.06913182      0.05297422      0.08200852      0.01042201 md_running
     6      3.00000000     60.76105102      3.72035096    318.08120069    300.00000000      0.99997028      0.06497114     -8.91179408      0.06920506     -8.84258902      0.07548317      0.05261371      0.08583222      0.01137952 md_running
     7      3.50000000     61.00525419      3.69366618    315.11162998    300.00000000      0.99997225      0.06436457     -8.91018191      0.06821585     -8.84196606      0.08882730      0.05223633      0.09615689      0.01339122 md_running
     8      4.00000000     61.25458872      3.66586860    310.22910237    300.00000000      0.99997884      0.06336727     -8.90812702      0.06719296     -8.84093405      0.10418856      0.05184321      0.10892514      0.01570702 md_running
     9      4.50000000     61.49970809      3.63704883    306.18601632    300.00000000      0.99998663      0.06254143     -8.90621698      0.06614062     -8.84007636      0.11579951      0.05143564      0.11851236      0.01745743 md_running
    10      5.00000000     61.73459490      3.60730718    305.38831863    300.00000000      0.99999100      0.06237849     -8.90497061      0.06506333     -8.83990728      0.11986654      0.05101503      0.12087082      0.01807056 md_running
    11      5.50000000     61.98123083      3.57675225    308.34951969    300.00000000      0.99998905      0.06298335     -8.90450413      0.06396578     -8.84053835      0.11610800      0.05058292      0.11540573      0.01750394 md_running
    12      6.00000000     62.22078396      3.54549881    313.31807628    300.00000000      0.99998202      0.06399822     -8.90444813      0.06285281     -8.84159532      0.10810658      0.05014093      0.10544896      0.01629768 md_running
    13      6.50000000     62.46201026      3.51366543    317.40178445    300.00000000      0.99997429      0.06483236     -8.90419274      0.06172922     -8.84246352      0.10170774      0.04969073      0.09685326      0.01533302 md_running
    14      7.00000000     62.71363456      3.48137203    318.26086333    300.00000000      0.99997019      0.06500783     -8.90324985      0.06059976     -8.84265010      0.10145369      0.04923404      0.09460536      0.01529472 md_running
    15      7.50000000     62.95727215      3.44873727    315.17390569    300.00000000      0.99997193      0.06437729     -8.90147731      0.05946894     -8.84200836      0.10742388      0.04877251      0.09920789      0.01619476 md_running
    16      8.00000000     63.19962755      3.41587665    309.05837425    300.00000000      0.99997936      0.06312814     -8.89907592      0.05834107     -8.84073485      0.11643287      0.04830779      0.10738190      0.01755292 md_running
    17      8.50000000     63.44217288      3.38290130    301.81329464    300.00000000      0.99999050      0.06164826     -8.89644782      0.05722011     -8.83922771      0.12531688      0.04784145      0.11566415      0.01889223 md_running
    18      9.00000000     63.68477493      3.34991744    295.53414527    300.00000000      1.00000223      0.06036568     -8.89403219      0.05610973     -8.83792246      0.13222166      0.04737499      0.12199783      0.01993317 md_running
    19      9.50000000     63.93132989      3.31702611    291.92210336    300.00000000      1.00001115      0.05962789     -8.89218391      0.05501331     -8.83717060      0.13635094      0.04690983      0.12548692      0.02055568 md_running
    20     10.00000000     64.17268083      3.28432283    291.95499575    300.00000000      1.00001447      0.05963461     -8.89110785      0.05393388     -8.83717397      0.13750811      0.04644734      0.12588200      0.02073013 md_running
    21     10.50000000     64.42076881      3.25189712    295.76922666    300.00000000      1.00001101      0.06041370     -8.89083464      0.05287417     -8.83796046      0.13582525      0.04598877      0.12327989      0.02047643 md_running
    22     11.00000000     64.66277400      3.21983165    302.69359418    300.00000000      1.00000150      0.06182807     -8.89122869      0.05183658     -8.83939211      0.13165965      0.04553530      0.11801838      0.01984844 md_running
    23     11.50000000     64.90612665      3.18820083    311.39910082    300.00000000      0.99998824      0.06360625     -8.89201786      0.05082312     -8.84119474      0.12565970      0.04508797      0.11074693      0.01894391 md_running
    24     12.00000000     65.15115177      3.15706932    320.16146846    300.00000000      0.99997421      0.06539605     -8.89284694      0.04983543     -8.84301150      0.11895887      0.04464770      0.10269757      0.01793372 md_running
    25     12.50000000     65.39090959      3.12649022    327.26280796    300.00000000      0.99996216      0.06684657     -8.89335901      0.04887471     -8.84448430      0.11339622      0.04421525      0.09601764      0.01709512 md_running
    26     13.00000000     65.63686514      3.09650360    331.53760755    300.00000000      0.99995398      0.06771974     -8.89330840      0.04794167     -8.84536672      0.11119811      0.04379117      0.09348379      0.01676375 md_running
    27     13.50000000     65.88676387      3.06713474    332.93124707    300.00000000      0.99995024      0.06800440     -8.89267883      0.04703658     -8.84564225      0.11360714      0.04337584      0.09666827      0.01712692 md_running
    28     14.00000000     66.13830522      3.03839312    332.75567770    300.00000000      0.99994989      0.06796854     -8.89174233      0.04615916     -8.84558317      0.11927587      0.04296937      0.10382998      0.01798151 md_running
    29     14.50000000     66.38907653      3.01027166    333.28292763    300.00000000      0.99995027      0.06807623     -8.89097704      0.04530868     -8.84566836      0.12466109      0.04257167      0.11073413      0.01879337 md_running
    30     15.00000000     66.63043690      2.98274625    336.65294694    300.00000000      0.99994807      0.06876459     -8.89083646      0.04448388     -8.84635258      0.12628767      0.04218240      0.11352487      0.01903858 md_running
    31     15.50000000     66.87577826      2.95577597    343.68119694    300.00000000      0.99994119      0.07020018     -8.89149323      0.04368306     -8.84781017      0.12262693      0.04180098      0.11063351      0.01848670 md_running
    32     16.00000000     67.12157984      2.92930402    353.36412882    300.00000000      0.99993018      0.07217801     -8.89273313      0.04290411     -8.84982902      0.11463449      0.04142661      0.10317361      0.01728180 md_running
    33     16.50000000     67.36021046      2.90325955    363.41302287    300.00000000      0.99991777      0.07423059     -8.89407053      0.04214458     -8.85192595      0.10508506      0.04105829      0.09421228      0.01584217 md_running
    34     17.00000000     67.61377847      2.87756054    371.41420624    300.00000000      0.99990709      0.07586491     -8.89499502      0.04140177     -8.85359325      0.09724795      0.04069485      0.08739108      0.01466068 md_running
    35     17.50000000     67.86321287      2.85211690    375.87529104    300.00000000      0.99990017      0.07677613     -8.89519293      0.04067285     -8.85452007      0.09328953      0.04033502      0.08507590      0.01406393 md_running
    36     18.00000000     68.09203885      2.82683333    376.67787635    300.00000000      0.99989751      0.07694007     -8.89463901      0.03995493     -8.85468408      0.09332928      0.03997746      0.08717559      0.01406992 md_running
    37     18.50000000     68.34594913      2.80161212    374.92837777    300.00000000      0.99989833      0.07658272     -8.89356265      0.03924515     -8.85431750      0.09583615      0.03962078      0.09176045      0.01444784 md_running
    38     19.00000000     68.59130244      2.77635554    372.44310228    300.00000000      0.99990099      0.07607508     -8.89234026      0.03854075     -8.85379951      0.09889438      0.03926360      0.09668028      0.01490889 md_running
    39     19.50000000     68.82363399      2.75096815    371.11516225    300.00000000      0.99990341      0.07580383     -8.89136337      0.03783913     -8.85352424      0.10106220      0.03890456      0.10045354      0.01523570 md_running
    40     20.00000000     69.06754326      2.72535917    372.36189588    300.00000000      0.99990367      0.07605849     -8.89092361      0.03713791     -8.85378570      0.10159569      0.03854240      0.10238854      0.01531613 md_running
    41     20.50000000     69.31408209      2.69944431    376.77915874    300.00000000      0.99990064      0.07696076     -8.89114278      0.03643500     -8.85470779      0.10036835      0.03817591      0.10242298      0.01513110 md_running
    42     21.00000000     69.56168878      2.67314732    384.02991545    300.00000000      0.99989433      0.07844179     -8.89194916      0.03572858     -8.85622058      0.09785785      0.03780401      0.10107580      0.01475263 md_running
    43     21.50000000     69.80511269      2.64640097    392.97277317    300.00000000      0.99988583      0.08026846     -8.89310398      0.03501719     -8.85808679      0.09522898      0.03742576      0.09949882      0.01435631 md_running
    44     22.00000000     70.04609045      2.61914769    402.03113822    300.00000000      0.99987680      0.08211872     -8.89427687      0.03429967     -8.85997719      0.09427935      0.03704034      0.09939461      0.01421315 md_running
    45     22.50000000     70.27846408      2.59133990    409.74450920    300.00000000      0.99986881      0.08369425     -8.89516071      0.03357521     -8.86158550      0.09676845      0.03664708      0.10238432      0.01458839 md_running
    46     23.00000000     70.50937601      2.56294018    415.35381288    300.00000000      0.99986282      0.08484000     -8.89559368      0.03284331     -8.86275037      0.10310016      0.03624545      0.10883420      0.01554293 md_running
    47     23.50000000     70.72474477      2.53392144    419.16356210    300.00000000      0.99985887      0.08561818     -8.89563974      0.03210379     -8.86353595      0.11148511      0.03583506      0.11709572      0.01680701 md_running
    48     24.00000000     70.96689473      2.50426679    422.38205534    300.00000000      0.99985611      0.08627559     -8.89555492      0.03135676     -8.86419816      0.11893743      0.03541568      0.12437373      0.01793049 md_running
    49     24.50000000     71.20779794      2.47396899    426.44805480    300.00000000      0.99985326      0.08710610     -8.89564462      0.03060261     -8.86504201      0.12305904      0.03498720      0.12837773      0.01855185 md_running
    50     25.00000000     71.45945561      2.44303033    432.27871916    300.00000000      0.99984927      0.08829707     -8.89610153      0.02984199     -8.86625954      0.12301640      0.03454967      0.12829425      0.01854542 md_running
    51     25.50000000     71.68806124      2.41146306    439.92210885    300.00000000      0.99984381      0.08985831     -8.89693388      0.02907577     -8.86785811      0.11929449      0.03410324      0.12459100      0.01798432 md_running
    52     26.00000000     71.92839659      2.37928900    448.69947651    300.00000000      0.99983732      0.09165117     -8.89799934      0.02830508     -8.86969426      0.11291857      0.03364823      0.11826538      0.01702311 md_running
    53     26.50000000     72.17228701      2.34653882    457.56842947    300.00000000      0.99983061      0.09346274     -8.89908222      0.02753122     -8.87155100      0.10499465      0.03318507      0.11038911      0.01582854 md_running
    54     27.00000000     72.40494252      2.31325135    465.48446433    300.00000000      0.99982448      0.09507967     -8.89996629      0.02675566     -8.87321063      0.09679164      0.03271431      0.10218235      0.01459189 md_running
    55     27.50000000     72.64612087      2.27947245    471.69961727    300.00000000      0.99981953      0.09634917     -8.90049776      0.02597997     -8.87451779      0.08978303      0.03223661      0.09503921      0.01353530 md_running
    56     28.00000000     72.88805055      2.24525382    475.97059830    300.00000000      0.99981601      0.09722156     -8.90062664      0.02520582     -8.87542082      0.08515856      0.03175268      0.09006911      0.01283814 md_running
    57     28.50000000     73.12854268      2.21065239    478.62336725    300.00000000      0.99981380      0.09776341     -8.90042363      0.02443492     -8.87598871      0.08311774      0.03126335      0.08746538      0.01253047 md_running
    58     29.00000000     73.36913477      2.17572963    480.40902043    300.00000000      0.99981246      0.09812815     -8.90004705      0.02366900     -8.87637805      0.08292215      0.03076946      0.08656034      0.01250099 md_running
    59     29.50000000     73.61758055      2.14055096    482.22900114    300.00000000      0.99981140      0.09849990     -8.89968642      0.02290979     -8.87677662      0.08342429      0.03027196      0.08629110      0.01257668 md_running
    60     30.00000000     73.85274157      2.10518539    484.85557610    300.00000000      0.99981004      0.09903640     -8.89950416      0.02215903     -8.87734513      0.08363557      0.02977182      0.08571494      0.01260854 md_running
    61     30.50000000     74.08785681      2.06970531    488.71845619    300.00000000      0.99980800      0.09982543     -8.89959145      0.02141840     -8.87817305      0.08299110      0.02927005      0.08427472      0.01251138 md_running
    62     31.00000000     74.33025227      2.03418597    493.78852351    300.00000000      0.99980517      0.10086104     -8.89994418      0.02068956     -8.87925462      0.08140648      0.02876773      0.08186779      0.01227249 md_running
    63     31.50000000     74.57458259      1.99870507    499.57032343    300.00000000      0.99980175      0.10204203     -8.90046152      0.01997411     -8.88048741      0.07930557      0.02826596      0.07889671      0.01195576 md_running
    64     32.00000000     74.81704511      1.96334226    505.22461450    300.00000000      0.99979821      0.10319697     -8.90097057      0.01927356     -8.88169701      0.07768630      0.02776585      0.07636131      0.01171165 md_running
    65     32.50000000     75.05935324      1.92817867    509.81283528    300.00000000      0.99979510      0.10413416     -8.90127626      0.01858936     -8.88268690      0.07791584      0.02726856      0.07569341      0.01174625 md_running
    66     33.00000000     75.30436836      1.89329618    512.61608079    300.00000000      0.99979291      0.10470675     -8.90122912      0.01792285     -8.88330627      0.08103564      0.02677525      0.07805146      0.01221658 md_running
    67     33.50000000     75.53744841      1.85877672    513.43357679    300.00000000      0.99979189      0.10487373     -8.90078646      0.01727525     -8.88351120      0.08685913      0.02628707      0.08331749      0.01309451 md_running
    68     34.00000000     75.77706463      1.82470163    512.71766833    300.00000000      0.99979194      0.10472750     -8.90004365      0.01664768     -8.88339597      0.09365861      0.02580518      0.08971519      0.01411957 md_running
    69     34.50000000     76.03137291      1.79115065    511.38878040    300.00000000      0.99979263      0.10445606     -8.89919620      0.01604110     -8.88315510      0.09909513      0.02533070      0.09478585      0.01493915 md_running
    70     35.00000000     76.27525892      1.75820172    510.37797094    300.00000000      0.99979339      0.10424959     -8.89844150      0.01545637     -8.88298514      0.10148024      0.02486473      0.09676931      0.01529872 md_running
    71     35.50000000     76.51311249      1.72592770    510.16230139    300.00000000      0.99979376      0.10420554     -8.89788009      0.01489413     -8.88298596      0.10062908      0.02440830      0.09543050      0.01517040 md_running
    72     36.00000000     76.75378190      1.69439659    510.60771710    300.00000000      0.99979365      0.10429652     -8.89748194      0.01435490     -8.88312704      0.09765356      0.02396239      0.09192400      0.01472183 md_running
    73     36.50000000     76.99715318      1.66366830    511.16687641    300.00000000      0.99979330      0.10441074     -8.89713153      0.01383896     -8.88329257      0.09423572      0.02352782      0.08800433      0.01420657 md_running
    74     37.00000000     77.24021062      1.63379459    511.18622309    300.00000000      0.99979307      0.10441469     -8.89669247      0.01334642     -8.88334605      0.09180560      0.02310534      0.08517901      0.01384022 md_running
    75     37.50000000     77.48546358      1.60482165    510.12890480    300.00000000      0.99979332      0.10419872     -8.89605406      0.01287726     -8.88317679      0.09115547      0.02269561      0.08433622      0.01374220 md_running
    76     38.00000000     77.72242544      1.57678895    507.67063861    300.00000000      0.99979432      0.10369660     -8.89514913      0.01243132     -8.88271781      0.09263175      0.02229916      0.08586754      0.01396476 md_running
    77     38.50000000     77.96905179      1.54972877    503.75517047    300.00000000      0.99979619      0.10289682     -8.89396479      0.01200830     -8.88195649      0.09611133      0.02191647      0.08960892      0.01448933 md_running
    78     39.00000000     78.20216135      1.52366736    498.63190109    300.00000000      0.99979890      0.10185035     -8.89255195      0.01160781     -8.88094413      0.10092289      0.02154791      0.09478607      0.01521470 md_running
    79     39.50000000     78.44933026      1.49862671    492.82688541    300.00000000      0.99980227      0.10066462     -8.89101848      0.01122941     -8.87978907      0.10604774      0.02119378      0.10028894      0.01598730 md_running
    80     40.00000000     78.69143420      1.47462450    487.03275364    300.00000000      0.99980593      0.09948111     -8.88950787      0.01087259     -8.87863528      0.11046010      0.02085434      0.10503044      0.01665249 md_running
    81     40.50000000     78.93512746      1.45167408    481.93878975    300.00000000      0.99980944      0.09844062     -8.88816247      0.01053679     -8.87762568      0.11338892      0.02052977      0.10821267      0.01709402 md_running
    82     41.00000000     79.16506802      1.42978448    478.06182450    300.00000000      0.99981238      0.09764871     -8.88708906      0.01022142     -8.87686764      0.11438161      0.02022021      0.10938144      0.01724368 md_running
    83     41.50000000     79.40094230      1.40895961    475.62614510    300.00000000      0.99981446      0.09715120     -8.88633364      0.00992584     -8.87640781      0.11330607      0.01992570      0.10841359      0.01708153 md_running
    84     42.00000000     79.64834560      1.38919748    474.51853502    300.00000000      0.99981559      0.09692496     -8.88587238      0.00964935     -8.87622303      0.11031713      0.01964622      0.10547931      0.01663093 md_running
    85     42.50000000     79.89127441      1.37048924    474.31960472    300.00000000      0.99981596      0.09688433     -8.88561746      0.00939120     -8.87622625      0.10586765      0.01938164      0.10105598      0.01596015 md_running
    86     43.00000000     80.13797040      1.35281820    474.40458340    300.00000000      0.99981591      0.09690169     -8.88543877      0.00915059     -8.87628819      0.10073946      0.01913174      0.09596125      0.01518704 md_running
    87     43.50000000     80.38661057      1.33615953    474.11329188    300.00000000      0.99981590      0.09684219     -8.88519749      0.00892661     -8.87627088      0.09598315      0.01889615      0.09129588      0.01447000 md_running
    88     44.00000000     80.63096355      1.32048081    472.95785477    300.00000000      0.99981634      0.09660618     -8.88479058      0.00871835     -8.87607223      0.09262006      0.01867442      0.08813720      0.01396300 md_running
    89     44.50000000     80.87082312      1.30574239    470.78822935    300.00000000      0.99981746      0.09616301     -8.88418562      0.00852482     -8.87566080      0.09115202      0.01846599      0.08700961      0.01374168 md_running
    90     45.00000000     81.10914388      1.29189778    467.82433299    300.00000000      0.99981925      0.09555761     -8.88342861      0.00834500     -8.87508361      0.09112292      0.01827019      0.08741780      0.01373730 md_running
    91     45.50000000     81.35298547      1.27889403    464.48837156    300.00000000      0.99982147      0.09487620     -8.88260908      0.00817785     -8.87443123      0.09150650      0.01808629      0.08827234      0.01379512 md_running
    92     46.00000000     81.60042604      1.26667224    461.11796444    300.00000000      0.99982383      0.09418777     -8.88179775      0.00802229     -8.87377546      0.09164548      0.01791345      0.08888336      0.01381608 md_running
    93     46.50000000     81.84188807      1.25516823    457.76858019    300.00000000      0.99982618      0.09350362     -8.88100418      0.00787724     -8.87312694      0.09181767      0.01775076      0.08953405      0.01384203 md_running
    94     47.00000000     82.08824400      1.24431344    454.25388877    300.00000000      0.99982859      0.09278571     -8.88018583      0.00774158     -8.87244425      0.09282777      0.01759725      0.09104030      0.01399431 md_running
    95     47.50000000     82.32828672      1.23403567    450.35500617    300.00000000      0.99983126      0.09198933     -8.87929439      0.00761422     -8.87168017      0.09500833      0.01745190      0.09371901      0.01432304 md_running
    96     48.00000000     82.56992763      1.22426010    445.97992152    300.00000000      0.99983432      0.09109568     -8.87831031      0.00749406     -8.87081625      0.09782368      0.01731365      0.09700575      0.01474747 md_running
    97     48.50000000     82.80289943      1.21491047    441.15213917    300.00000000      0.99983779      0.09010955     -8.87723884      0.00738004     -8.86985880      0.10045767      0.01718143      0.10006568      0.01514456 md_running
    98     49.00000000     83.03712454      1.20591090    435.92588952    300.00000000      0.99984167      0.08904204     -8.87608998      0.00727111     -8.86881888      0.10253343      0.01705416      0.10251930      0.01545750 md_running
    99     49.50000000     83.28244942      1.19718757    430.36981474    300.00000000      0.99984593      0.08790716     -8.87487581      0.00716629     -8.86770952      0.10414254      0.01693079      0.10445715      0.01570008 md_running
   100     50.00000000     83.52823404      1.18867082    424.62454826    300.00000000      0.99985053      0.08673364     -8.87362330      0.00706469     -8.86655860      0.10546056      0.01681034      0.10605289      0.01589878 md_running
   101     50.50000000     83.76203138      1.18029681    418.95860349    300.00000000      0.99985532      0.08557631     -8.87238665      0.00696550     -8.86542115      0.10642598      0.01669192      0.10724636      0.01604432 md_running
   102     51.00000000     84.00413690      1.17200847    413.76053917    300.00000000      0.99986002      0.08451456     -8.87124549      0.00686802     -8.86437747      0.10674258      0.01657470      0.10774518      0.01609205 md_running
   103     51.50000000     84.24701803      1.16375633    409.46209025    300.00000000      0.99986425      0.08363656     -8.87028924      0.00677164     -8.86351759      0.10603900      0.01645800      0.10718519      0.01598598 md_running
   104     52.00000000     84.47833285      1.15549898    406.41737240    300.00000000      0.99986757      0.08301465     -8.86959148      0.00667589     -8.86291560      0.10410225      0.01634122      0.10535884      0.01569400 md_running
   105     52.50000000     84.71894280      1.14720353    404.79044426    300.00000000      0.99986969      0.08268233     -8.86918644      0.00658038     -8.86260606      0.10098962      0.01622391      0.10232671      0.01522476 md_running
   106     53.00000000     84.96436305      1.13884557    404.49367128    300.00000000      0.99987053      0.08262171     -8.86905620      0.00648485     -8.86257135      0.09705514      0.01610571      0.09844153      0.01463161 md_running
   107     53.50000000     85.19788773      1.13040896    405.18466381    300.00000000      0.99987027      0.08276285     -8.86913035      0.00638912     -8.86274123      0.09296459      0.01598640      0.09436331      0.01401494 md_running
   108     54.00000000     85.44308741      1.12188502    406.32437024    300.00000000      0.99986933      0.08299565     -8.86929707      0.00629313     -8.86300394      0.08967799      0.01586585      0.09103930      0.01351947 md_running
   109     54.50000000     85.69132020      1.11327179    407.30815813    300.00000000      0.99986827      0.08319660     -8.86943051      0.00619687     -8.86323364      0.08829758      0.01574404      0.08956027      0.01331136 md_running
   110     55.00000000     85.92913499      1.10457298    407.65167289    300.00000000      0.99986760      0.08326676     -8.86942911      0.00610041     -8.86332870      0.08962136      0.01562102      0.09072626      0.01351093 md_running
   111     55.50000000     86.17525077      1.09579682    407.16651724    300.00000000      0.99986766      0.08316767     -8.86925288      0.00600385     -8.86324903      0.09359807      0.01549691      0.09450796      0.01411044 md_running
   112     56.00000000     86.42195713      1.08695525    406.05283175    300.00000000      0.99986845      0.08294018     -8.86894387      0.00590736     -8.86303651      0.09906319      0.01537187      0.09977405      0.01493434 md_running
   113     56.50000000     86.66176041      1.07806305    404.81492665    300.00000000      0.99986962      0.08268733     -8.86860861      0.00581110     -8.86279751      0.10427181      0.01524611      0.10480179      0.01571957 md_running
   114     57.00000000     86.88963189      1.06913708    403.99434072    300.00000000      0.99987064      0.08251972     -8.86836266      0.00571527     -8.86264739      0.10779799      0.01511988      0.10816947      0.01625116 md_running
   115     57.50000000     87.11951920      1.06019560    403.88052011    300.00000000      0.99987109      0.08249647     -8.86826667      0.00562007     -8.86264659      0.10914401      0.01499343      0.10937357      0.01645408 md_running
   116     58.00000000     87.35759839      1.05125786    404.40038538    300.00000000      0.99987086      0.08260266     -8.86830439      0.00552572     -8.86277867      0.10870708      0.01486703      0.10880249      0.01638821 md_running
   117     58.50000000     87.59042668      1.04234380    405.23286028    300.00000000      0.99987018      0.08277270     -8.86840736      0.00543240     -8.86297496      0.10723034      0.01474097      0.10719383      0.01616558 md_running
   118     59.00000000     87.82553076      1.03347396    406.00595181    300.00000000      0.99986939      0.08293061     -8.86849829      0.00534034     -8.86315795      0.10529685      0.01461553      0.10512816      0.01587410 md_running
   119     59.50000000     88.06684271      1.02466928    406.41812803    300.00000000      0.99986881      0.08301480     -8.86851599      0.00524974     -8.86326625      0.10323823      0.01449101      0.10293684      0.01556375 md_running
   120     60.00000000     88.30928912      1.01595096    406.25395074    300.00000000      0.99986867      0.08298127     -8.86841670      0.00516078     -8.86325592      0.10138581      0.01436772      0.10095250      0.01528449 md_running
   121     60.50000000     88.55670895      1.00734030    405.40211656    300.00000000      0.99986913      0.08280727     -8.86817638      0.00507367     -8.86310271      0.10010970      0.01424594      0.09954990      0.01509210 md_running
   122     61.00000000     88.80243363      0.99885825    403.91210207    300.00000000      0.99987023      0.08250292     -8.86780510      0.00498859     -8.86281651      0.09953418      0.01412599      0.09885950      0.01500534 md_running
   123     61.50000000     89.03743805      0.99052476    402.01477909    300.00000000      0.99987184      0.08211537     -8.86735067      0.00490570     -8.86244498      0.09939901      0.01400814      0.09862509      0.01498496 md_running
   124     62.00000000     89.28158318      0.98235798    400.07595012    300.00000000      0.99987369      0.08171935     -8.86688929      0.00482514     -8.86206415      0.09923316      0.01389264      0.09837488      0.01495996 md_running
   125     62.50000000     89.51662717      0.97437367    398.49973221    300.00000000      0.99987541      0.08139739     -8.86650509      0.00474702     -8.86175807      0.09865072      0.01377972      0.09772075      0.01487216 md_running
   126     63.00000000     89.75635158      0.96658466    397.62798899    300.00000000      0.99987661      0.08121933     -8.86626888      0.00467143     -8.86159745      0.09750517      0.01366957      0.09651471      0.01469946 md_running
   127     63.50000000     89.99132704      0.95900046    397.66680760    300.00000000      0.99987703      0.08122726     -8.86622338      0.00459841     -8.86162497      0.09593040      0.01356231      0.09489132      0.01446205 md_running
   128     64.00000000     90.22466052      0.95162700    398.64855534    300.00000000      0.99987653      0.08142779     -8.86637558      0.00452797     -8.86184761      0.09426067      0.01345804      0.09318793      0.01421033 md_running
   129     64.50000000     90.46917061      0.94446645    400.42846515    300.00000000      0.99987519      0.08179135     -8.86669554      0.00446008     -8.86223546      0.09297324      0.01335677      0.09188601      0.01401624 md_running
   130     65.00000000     90.70503662      0.93751740    402.72052174    300.00000000      0.99987322      0.08225953     -8.86712408      0.00439469     -8.86272938      0.09261009      0.01325850      0.09153091      0.01396150 md_running
   131     65.50000000     90.93934301      0.93077528    405.17476991    300.00000000      0.99987097      0.08276083     -8.86758789      0.00433171     -8.86325617      0.09365219      0.01316315      0.09260334      0.01411860 md_running
   132     66.00000000     91.18089231      0.92423327    407.49854055    300.00000000      0.99986875      0.08323548     -8.86802533      0.00427104     -8.86375429      0.09628499      0.01307063      0.09528170      0.01451551 md_running
   133     66.50000000     91.43038359      0.91788347    409.58967168    300.00000000      0.99986676      0.08366262     -8.86841413      0.00421255     -8.86420158      0.10016698      0.01298083      0.09921069      0.01510074 md_running
   134     67.00000000     91.67409007      0.91171829    411.61009550    300.00000000      0.99986497      0.08407531     -8.86878804      0.00415615     -8.86463189      0.10431129      0.01289364      0.10338618      0.01572552 md_running
   135     67.50000000     91.91943101      0.90573191    413.92309570    300.00000000      0.99986313      0.08454776     -8.86922418      0.00410175     -8.86512243      0.10731324      0.01280898      0.10638713      0.01617808 md_running
   136     68.00000000     92.15254614      0.89992170    416.87116651    300.00000000      0.99986087      0.08514993     -8.86979654      0.00404930     -8.86574725      0.10796722      0.01272681      0.10699593      0.01627667 md_running
   137     68.50000000     92.40772804      0.89428920    420.52131455    300.00000000      0.99985801      0.08589551     -8.87052025      0.00399877     -8.86652149      0.10588499      0.01264716      0.10481524      0.01596276 md_running
   138     69.00000000     92.65538497      0.88884111    424.57595770    300.00000000      0.99985467      0.08672371     -8.87133240      0.00395019     -8.86738220      0.10172558      0.01257011      0.10049962      0.01533571 md_running
   139     69.50000000     92.91017437      0.88358972    428.52574571    300.00000000      0.99985126      0.08753049     -8.87212495      0.00390365     -8.86822129      0.09686763      0.01249585      0.09543171      0.01460335 md_running
   140     70.00000000     93.15884419      0.87855306    431.92754136    300.00000000      0.99984820      0.08822534     -8.87280442      0.00385928     -8.86894514      0.09266454      0.01242462      0.09098010      0.01396970 md_running
   141     70.50000000     93.39136826      0.87375452    434.60066536    300.00000000      0.99984576      0.08877135     -8.87333467      0.00381723     -8.86951744      0.08978398      0.01235675      0.08783328      0.01353544 md_running
   142     71.00000000     93.62548480      0.86922209    436.61334280    300.00000000      0.99984393      0.08918246     -8.87373161      0.00377774     -8.86995387      0.08820419      0.01229266      0.08598765      0.01329728 md_running
   143     71.50000000     93.86918366      0.86498711    438.13881924    300.00000000      0.99984256      0.08949406     -8.87403290      0.00374101     -8.87029189      0.08768293      0.01223277      0.08521500      0.01321870 md_running
   144     72.00000000     94.11055909      0.86108299    439.32855359    300.00000000      0.99984152      0.08973707     -8.87426938      0.00370732     -8.87056206      0.08803342      0.01217755      0.08534374      0.01327154 md_running
   145     72.50000000     94.34385758      0.85754334    440.26837166    300.00000000      0.99984070      0.08992904     -8.87445935      0.00367690     -8.87078245      0.08917153      0.01212749      0.08630473      0.01344311 md_running
   146     73.00000000     94.59534710      0.85440007    441.00774889    300.00000000      0.99984006      0.09008006     -8.87461141      0.00365000     -8.87096141      0.09099094      0.01208304      0.08800263      0.01371740 md_running
   147     73.50000000     94.83774387      0.85168139    441.61518264    300.00000000      0.99983955      0.09020414     -8.87473981      0.00362681     -8.87111300      0.09327741      0.01204459      0.09022540      0.01406210 md_running
   148     74.00000000     95.07900746      0.84940989    442.21057778    300.00000000      0.99983911      0.09032575     -8.87486908      0.00360749     -8.87126159      0.09574467      0.01201247      0.09268096      0.01443405 md_running
   149     74.50000000     95.32844977      0.84760117    442.95624655    300.00000000      0.99983862      0.09047806     -8.87503315      0.00359214     -8.87144101      0.09807642      0.01198689      0.09504516      0.01478558 md_running
   150     75.00000000     95.58079811      0.84626254    444.00915693    300.00000000      0.99983795      0.09069313     -8.87526509      0.00358080     -8.87168429      0.10001501      0.01196796      0.09705346      0.01507783 md_running
   151     75.50000000     95.82630372      0.84539210    445.45653805    300.00000000      0.99983701      0.09098877     -8.87558355      0.00357344     -8.87201011      0.10143204      0.01195565      0.09857442      0.01529146 md_running
   152     76.00000000     96.06016823      0.84497819    447.27375104    300.00000000      0.99983576      0.09135995     -8.87598329      0.00356994     -8.87241335      0.10236332      0.01194980      0.09964533      0.01543185 md_running
   153     76.50000000     96.29165240      0.84499929    449.32686600    300.00000000      0.99983428      0.09177932     -8.87643606      0.00357012     -8.87286594      0.10300261      0.01195009      0.10046459      0.01552823 md_running
   154     77.00000000     96.53363342      0.84542412    451.42827196    300.00000000      0.99983272      0.09220855     -8.87690173      0.00357371     -8.87332802      0.10361190      0.01195610      0.10129841      0.01562008 md_running
   155     77.50000000     96.78019301      0.84621220    453.44357934    300.00000000      0.99983119      0.09262020     -8.87735116      0.00358038     -8.87377079      0.10434199      0.01196725      0.10229625      0.01573015 md_running
   156     78.00000000     97.02885831      0.84731452    455.38515341    300.00000000      0.99982977      0.09301678     -8.87778626      0.00358971     -8.87419655      0.10503852      0.01198284      0.10329473      0.01583515 md_running
   157     78.50000000     97.27156378      0.84867441    457.42180315    300.00000000      0.99982836      0.09343279     -8.87824237      0.00360124     -8.87464113      0.10510284      0.01200207      0.10368143      0.01584485 md_running
   158     79.00000000     97.51518246      0.85022869    459.76267073    300.00000000      0.99982682      0.09391093     -8.87876504      0.00361444     -8.87515059      0.10375234      0.01202405      0.10266511      0.01564125 md_running
   159     79.50000000     97.76294122      0.85190892    462.44965341    300.00000000      0.99982503      0.09445978     -8.87936460      0.00362874     -8.87573585      0.10058548      0.01204781      0.09984846      0.01516383 md_running
   160     80.00000000     98.00268503      0.85364293    465.21294250    300.00000000      0.99982306      0.09502420     -8.87998469      0.00364353     -8.87634116      0.09608014      0.01207233      0.09572372      0.01448463 md_running
   161     80.50000000     98.24677965      0.85535653    467.53137941    300.00000000      0.99982123      0.09549777     -8.88051428      0.00365817     -8.87685610      0.09162202      0.01209657      0.09168686      0.01381254 md_running
   162     81.00000000     98.49273162      0.85697525    468.89321941    300.00000000      0.99981991      0.09577594     -8.88084385      0.00367203     -8.87717182      0.08886504      0.01211946      0.08937647      0.01339691 md_running
   163     81.50000000     98.73067771      0.85842619    469.07597228    300.00000000      0.99981938      0.09581327     -8.88092588      0.00368448     -8.87724141      0.08869384      0.01213998      0.08963281      0.01337110 md_running
   164     82.00000000     98.96271168      0.85963988    468.24182207    300.00000000      0.99981965      0.09564288     -8.88079462      0.00369490     -8.87709972      0.09073250      0.01215714      0.09203881      0.01367844 md_running
   165     82.50000000     99.20493165      0.86055213    466.81380624    300.00000000      0.99982049      0.09535120     -8.88053896      0.00370275     -8.87683621      0.09387197      0.01217004      0.09547324      0.01415173 md_running
   166     83.00000000     99.45069605      0.86110577    465.25452171    300.00000000      0.99982157      0.09503270     -8.88025498      0.00370752     -8.87654747      0.09705659      0.01217787      0.09888818      0.01463183 md_running
   167     83.50000000     99.68629039      0.86125231    463.88236430    300.00000000      0.99982261      0.09475242     -8.88000856      0.00370878     -8.87629979      0.09969880      0.01217995      0.10170676      0.01503016 md_running
   168     84.00000000     99.93574746      0.86095324    462.81636424    300.00000000      0.99982346      0.09453468     -8.87982221      0.00370620     -8.87611600      0.10163439      0.01217572      0.10376927      0.01532196 md_running
   169     84.50000000    100.18080958      0.86018108    462.04459770    300.00000000      0.99982409      0.09437704     -8.87969192      0.00369956     -8.87599237      0.10289525      0.01216480      0.10510781      0.01551204 md_running
   170     85.00000000    100.42717703      0.85892035    461.52993554    300.00000000      0.99982454      0.09427192     -8.87960922      0.00368872     -8.87592050      0.10354512      0.01214697      0.10578690      0.01561001 md_running
   171     85.50000000    100.67238839      0.85716777    461.27909076    300.00000000      0.99982481      0.09422068     -8.87957509      0.00367368     -8.87590141      0.10361439      0.01212218      0.10583840      0.01562046 md_running
   172     86.00000000    100.90569068      0.85493217    461.35713527    300.00000000      0.99982488      0.09423662     -8.87960378      0.00365455     -8.87594923      0.10312748      0.01209057      0.10528809      0.01554705 md_running
   173     86.50000000    101.15048521      0.85223420    461.85425909    300.00000000      0.99982469      0.09433816     -8.87971459      0.00363152     -8.87608308      0.10216137      0.01205241      0.10421394      0.01540141 md_running
   174     87.00000000    101.39219800      0.84910565    462.82615057    300.00000000      0.99982418      0.09453668     -8.87992010      0.00360490     -8.87631520      0.10090121      0.01200817      0.10280112      0.01521143 md_running
   175     87.50000000    101.63809792      0.84558840    464.25086557    300.00000000      0.99982333      0.09482769     -8.88021623      0.00357510     -8.87664114      0.09964701      0.01195843      0.10134856      0.01502235 md_running
   176     88.00000000    101.87224894      0.84173317    466.03348141    300.00000000      0.99982220      0.09519181     -8.88058322      0.00354257     -8.87704065      0.09876963      0.01190390      0.10022719      0.01489008 md_running
   177     88.50000000    102.11989543      0.83759833    468.06322098    300.00000000      0.99982087      0.09560640     -8.88099806      0.00350785     -8.87749021      0.09854953      0.01184543      0.09972337      0.01485690 md_running
   178     89.00000000    102.36698480      0.83324845    470.28436256    300.00000000      0.99981942      0.09606009     -8.88144929      0.00347151     -8.87797778      0.09896094      0.01178391      0.09982529      0.01491892 md_running
   179     89.50000000    102.61109374      0.82875272    472.72833638    300.00000000      0.99981785      0.09655930     -8.88194471      0.00343416     -8.87851056      0.09955979      0.01172033      0.10010490      0.01500920 md_running
   180     90.00000000    102.85350377      0.82418338    475.46693100    300.00000000      0.99981613      0.09711868     -8.88250166      0.00339639     -8.87910527      0.09957947      0.01165571      0.09980610      0.01501217 md_running
   181     90.50000000    103.08601815      0.81961421    478.47750265    300.00000000      0.99981421      0.09773362     -8.88311833      0.00335884     -8.87975949      0.09834501      0.01159110      0.09825391      0.01482607 md_running
   182     91.00000000    103.33302181      0.81511919    481.50049737    300.00000000      0.99981219      0.09835109     -8.88374278      0.00332210     -8.88042069      0.09575056      0.01152753      0.09533446      0.01443494 md_running
   183     91.50000000    103.57507142      0.81077129    484.03368111    300.00000000      0.99981032      0.09886852     -8.88427036      0.00328675     -8.88098361      0.09249232      0.01146604      0.09173957      0.01394374 md_running
   184     92.00000000    103.81431116      0.80664126    485.52008265    300.00000000      0.99980897      0.09917213     -8.88458344      0.00325335     -8.88133009      0.08980060      0.01140763      0.08871118      0.01353795 md_running
   185     92.50000000    104.05361589      0.80279632    485.61756351    300.00000000      0.99980845      0.09919204     -8.88460997      0.00322241     -8.88138756      0.08868630      0.01135325      0.08728909      0.01336996 md_running
   186     93.00000000    104.29807953      0.79929866    484.38317361    300.00000000      0.99980884      0.09893991     -8.88436174      0.00319439     -8.88116735      0.08921878      0.01130379      0.08756701      0.01345024 md_running
   187     93.50000000    104.54441233      0.79620417    482.24934541    300.00000000      0.99980998      0.09850405     -8.88393071      0.00316971     -8.88076100      0.09049555      0.01126003      0.08864237      0.01364272 md_running
   188     94.00000000    104.78775560      0.79356114    479.79319549    300.00000000      0.99981153      0.09800236     -8.88343926      0.00314870     -8.88029056      0.09129814      0.01122265      0.08927734      0.01376371 md_running
   189     94.50000000    105.03009552      0.79140894    477.44390109    300.00000000      0.99981313      0.09752250     -8.88297768      0.00313164     -8.87984603      0.09086343      0.01119221      0.08868787      0.01369818 md_running
   190     95.00000000    105.27647269      0.78977780    475.30492546    300.00000000      0.99981459      0.09708559     -8.88256701      0.00311874     -8.87944827      0.08924303      0.01116914      0.08692098      0.01345389 md_running
   191     95.50000000    105.52188775      0.78868860    473.18011784    300.00000000      0.99981597      0.09665158     -8.88216462      0.00311015     -8.87905447      0.08711677      0.01115374      0.08467062      0.01313335 md_running
   192     96.00000000    105.76746049      0.78815291    470.75113326    300.00000000      0.99981745      0.09615543     -8.88170276      0.00310593     -8.87859684      0.08538534      0.01114617      0.08286278      0.01287232 md_running
   193     96.50000000    106.01474134      0.78817348    467.77611763    300.00000000      0.99981926      0.09554776     -8.88113046      0.00310609     -8.87802438      0.08471940      0.01114646      0.08218967      0.01277193 md_running
   194     97.00000000    106.25971225      0.78874507    464.20955447    300.00000000      0.99982150      0.09481925     -8.88043805      0.00311059     -8.87732746      0.08534184      0.01115454      0.08287640      0.01286577 md_running
   195     97.50000000    106.50895889      0.78985585    460.20788381    300.00000000      0.99982417      0.09400187     -8.87965864      0.00311936     -8.87653928      0.08707096      0.01117025      0.08472478      0.01312644 md_running
   196     98.00000000    106.75277520      0.79148903    456.04108592    300.00000000      0.99982710      0.09315077     -8.87884891      0.00313227     -8.87571663      0.08953160      0.01119335      0.08733409      0.01349740 md_running
   197     98.50000000    106.99769756      0.79362462    451.98007538    300.00000000      0.99983010      0.09232126     -8.87806505      0.00314920     -8.87491585      0.09235889      0.01122355      0.09031712      0.01392363 md_running
   198     99.00000000    107.23308941      0.79624121    448.22406953    300.00000000      0.99983298      0.09155406     -8.87734776      0.00317000     -8.87417776      0.09529521      0.01126055      0.09340058      0.01436629 md_running
   199     99.50000000    107.47943401      0.79931781    444.89080030    300.00000000      0.99983564      0.09087321     -8.87672022      0.00319454     -8.87352567      0.09818234      0.01130406      0.09641615      0.01480154 md_running
   200    100.00000000    107.72266523      0.80283539    442.05957313    300.00000000      0.99983799      0.09029491     -8.87619790      0.00322272     -8.87297517      0.10083259      0.01135381      0.09916897      0.01520108 md_running
   201    100.50000000    107.95050851      0.80677819    439.82342619    300.00000000      0.99983995      0.08983815     -8.87579961      0.00325446     -8.87254515      0.10291543      0.01140957      0.10132204      0.01551508 md_running
   202    101.00000000    108.18430985      0.81113436    438.30707618    300.00000000      0.99984143      0.08952842     -8.87555151      0.00328969     -8.87226182      0.10393521      0.01147117      0.10237328      0.01566882 md_running
   203    101.50000000    108.43085286      0.81589632    437.61758814    300.00000000      0.99984230      0.08938759     -8.87547742      0.00332843     -8.87214899      0.10333660      0.01153852      0.10176091      0.01557858 md_running
   204    102.00000000    108.68003677      0.82106040    437.72441436    300.00000000      0.99984251      0.08940941     -8.87557274      0.00337070     -8.87220204      0.10083563      0.01161155      0.09919726      0.01520154 md_running
   205    102.50000000    108.93231555      0.82662603    438.36664310    300.00000000      0.99984217      0.08954059     -8.87578423      0.00341655     -8.87236768      0.09679605      0.01169026      0.09505001      0.01459255 md_running
   206    103.00000000    109.18309641      0.83259449    439.09259564    300.00000000      0.99984156      0.08968887     -8.87601680      0.00346607     -8.87255073      0.09233343      0.01177466      0.09045310      0.01391979 md_running
   207    103.50000000    109.43022503      0.83896733    439.45163284    300.00000000      0.99984108      0.08976221     -8.87617511      0.00351933     -8.87265577      0.08895985      0.01186479      0.08695539      0.01341120 md_running
   208    104.00000000    109.67653762      0.84574492    439.23221676    300.00000000      0.99984102      0.08971739     -8.87621424      0.00357642     -8.87263781      0.08775450      0.01196064      0.08567775      0.01322949 md_running
   209    104.50000000    109.92363868      0.85292472    438.57784836    300.00000000      0.99984140      0.08958373     -8.87616452      0.00363740     -8.87252712      0.08863586      0.01206218      0.08655369      0.01336236 md_running
   210    105.00000000    110.15823035      0.86049976    437.89917250    300.00000000      0.99984199      0.08944511     -8.87611314      0.00370230     -8.87241084      0.09049858      0.01216930      0.08845903      0.01364317 md_running
   211    105.50000000    110.40482781      0.86845734    437.63175893    300.00000000      0.99984241      0.08939048     -8.87615288      0.00377109     -8.87238179      0.09206687      0.01228184      0.09009226      0.01387960 md_running
   212    106.00000000    110.64837840      0.87677821    437.99000650    300.00000000      0.99984238      0.08946366     -8.87632858      0.00384370     -8.87248488      0.09265303      0.01239952      0.09075558      0.01396797 md_running
   213    106.50000000    110.88954876      0.88543610    438.87265710    300.00000000      0.99984185      0.08964395     -8.87661838      0.00391999     -8.87269840      0.09231781      0.01252196      0.09051571      0.01391743 md_running
   214    107.00000000    111.13741305      0.89439772    439.96503573    300.00000000      0.99984103      0.08986708     -8.87695452      0.00399974     -8.87295478      0.09154194      0.01264869      0.08986669      0.01380047 md_running
   215    107.50000000    111.38395968      0.90362299    440.94056430    300.00000000      0.99984019      0.09006634     -8.87726795      0.00408267     -8.87318528      0.09077459      0.01277916      0.08926593      0.01368478 md_running
   216    108.00000000    111.62251218      0.91306583    441.62106203    300.00000000      0.99983954      0.09020534     -8.87752109      0.00416845     -8.87335265      0.09019781      0.01291270      0.08889679      0.01359783 md_running
   217    108.50000000    111.85967136      0.92267494    442.02841340    300.00000000      0.99983914      0.09028854     -8.87771911      0.00425665     -8.87346246      0.08969495      0.01304859      0.08863700      0.01352202 md_running
   218    109.00000000    112.10117758      0.93239472    442.33206388    300.00000000      0.99983890      0.09035057     -8.87789747      0.00434680     -8.87355067      0.08903344      0.01318605      0.08824543      0.01342230 md_running
   219    109.50000000    112.34888635      0.94216663    442.74050363    300.00000000      0.99983865      0.09043399     -8.87809978      0.00443839     -8.87366139      0.08805525      0.01332425      0.08755798      0.01327483 md_running
   220    110.00000000    112.60131884      0.95193049    443.40768353    300.00000000      0.99983826      0.09057027     -8.87835709      0.00453086     -8.87382624      0.08677822      0.01346233      0.08659146      0.01308231 md_running
   221    110.50000000    112.85026400      0.96162545    444.39625322    300.00000000      0.99983763      0.09077220     -8.87868156      0.00462362     -8.87405794      0.08539967      0.01359944      0.08554074      0.01287449 md_running
   222    111.00000000    113.10115582      0.97119102    445.69950196    300.00000000      0.99983676      0.09103840     -8.87907023      0.00471606     -8.87435417      0.08418889      0.01373472      0.08466934      0.01269195 md_running
   223    111.50000000    113.33750153      0.98056812    447.29306887    300.00000000      0.99983566      0.09136390     -8.87951707      0.00480757     -8.87470950      0.08331794      0.01386733      0.08413961      0.01256065 md_running
   224    112.00000000    113.57939939      0.98969998    449.18054388    300.00000000      0.99983437      0.09174943     -8.88002229      0.00489753     -8.87512476      0.08268862      0.01399647      0.08384349      0.01246578 md_running
   225    112.50000000    113.81084887      0.99853328    451.37666587    300.00000000      0.99983285      0.09219801     -8.88058998      0.00498534     -8.87560463      0.08195668      0.01412139      0.08343385      0.01235543 md_running
   226    113.00000000    114.04335061      1.00701888    453.81826092    300.00000000      0.99983113      0.09269673     -8.88120767      0.00507044     -8.87613724      0.08087260      0.01424140      0.08266348      0.01219200 md_running
   227    113.50000000    114.28888589      1.01511236    456.28575371    300.00000000      0.99982930      0.09320074     -8.88183023      0.00515227     -8.87667797      0.07970283      0.01435586      0.08179100      0.01201565 md_running
   228    114.00000000    114.53304505      1.02277453    458.41805666    300.00000000      0.99982759      0.09363628     -8.88238128      0.00523034     -8.87715094      0.07938045      0.01446422      0.08171969      0.01196705 md_running
   229    114.50000000    114.76656010      1.02997176    459.85621184    300.00000000      0.99982628      0.09393004     -8.88278396      0.00530421     -8.87747976      0.08100947      0.01456600      0.08350931      0.01221264 md_running
   230    115.00000000    115.00909184      1.03667623    460.45694372    300.00000000      0.99982556      0.09405275     -8.88300624      0.00537349     -8.87763275      0.08491476      0.01466082      0.08746912      0.01280138 md_running
   231    115.50000000    115.25056549      1.04286587    460.42563228    300.00000000      0.99982541      0.09404635     -8.88309031      0.00543785     -8.87765246      0.09015936      0.01474835      0.09269640      0.01359203 md_running
   232    116.00000000    115.47845747      1.04852441    460.25544363    300.00000000      0.99982555      0.09401159     -8.88314017      0.00549702     -8.87764315      0.09513299      0.01482837      0.09763446      0.01434184 md_running
   233    116.50000000    115.72093244      1.05364102    460.49426831    300.00000000      0.99982559      0.09406037     -8.88327108      0.00555080     -8.87772028      0.09846838      0.01490073      0.10095234      0.01484467 md_running
   234    117.00000000    115.97038494      1.05821013    461.49208565    300.00000000      0.99982518      0.09426418     -8.88355592      0.00559904     -8.87795688      0.09955003      0.01496535      0.10204726      0.01500773 md_running
   235    117.50000000    116.21275977      1.06223127    463.28079042    300.00000000      0.99982418      0.09462954     -8.88400089      0.00564168     -8.87835921      0.09854960      0.01502222      0.10108714      0.01485691 md_running
   236    118.00000000    116.44152758      1.06570897    465.62283874    300.00000000      0.99982269      0.09510793     -8.88455495      0.00567868     -8.87887627      0.09616328      0.01507140      0.09875341      0.01449716 md_running
   237    118.50000000    116.67630902      1.06865262    468.16856593    300.00000000      0.99982096      0.09562792     -8.88514486      0.00571009     -8.87943477      0.09324586      0.01511303      0.09588040      0.01405734 md_running
   238    119.00000000    116.92259621      1.07107651    470.62655395    300.00000000      0.99981922      0.09612999     -8.88570926      0.00573602     -8.87997323      0.09053384      0.01514731      0.09318403      0.01364849 md_running
   239    119.50000000    117.17529637      1.07299972    472.88399101    300.00000000      0.99981762      0.09659109     -8.88622495      0.00575664     -8.88046831      0.08846986      0.01517451      0.09109277      0.01333733 md_running
   240    120.00000000    117.42120893      1.07444589    475.03045397    300.00000000      0.99981617      0.09702953     -8.88671153      0.00577217     -8.88093936      0.08717765      0.01519496      0.08972616      0.01314253 md_running
   241    120.50000000    117.66755782      1.07544299    477.29183814    300.00000000      0.99981474      0.09749143     -8.88721678      0.00578289     -8.88143389      0.08658199      0.01520906      0.08901376      0.01305273 md_running
   242    121.00000000    117.91589421      1.07602281    479.93307109    300.00000000      0.99981316      0.09803093     -8.88779616      0.00578913     -8.88200703      0.08654020      0.01521726      0.08882196      0.01304643 md_running
   243    121.50000000    118.14810254      1.07622029    483.17134505    300.00000000      0.99981127      0.09869238     -8.88849532      0.00579125     -8.88270407      0.08694788      0.01522005      0.08905594      0.01310789 md_running
   244    122.00000000    118.37391807      1.07607273    487.13196019    300.00000000      0.99980897      0.09950137     -8.88934020      0.00578966     -8.88355053      0.08771567      0.01521797      0.08963545      0.01322363 md_running
   245    122.50000000    118.62386447      1.07561902    491.85405649    300.00000000      0.99980623      0.10046591     -8.89033890      0.00578478     -8.88455412      0.08869930      0.01521155      0.09042616      0.01337192 md_running
   246    123.00000000    118.87546874      1.07489866    497.31085220    300.00000000      0.99980308      0.10158051     -8.89148651      0.00577704     -8.88570948      0.08964221      0.01520136      0.09118250      0.01351407 md_running
   247    123.50000000    119.12788284      1.07395077    503.40818445    300.00000000      0.99979956      0.10282595     -8.89276510      0.00576685     -8.88699825      0.09020275      0.01518796      0.09157141      0.01359858 md_running
   248    124.00000000    119.36784565      1.07281325    509.95286971    300.00000000      0.99979580      0.10416276     -8.89413616      0.00575464     -8.88838152      0.09017065      0.01517187      0.09138638      0.01359374 md_running
   249    124.50000000    119.60868191      1.07152202    516.62553008    300.00000000      0.99979195      0.10552572     -8.89553450      0.00574080     -8.88979370      0.08972946      0.01515361      0.09080882      0.01352723 md_running
   250    125.00000000    119.85449116      1.07011037    523.01289425    300.00000000      0.99978824      0.10683040     -8.89687479      0.00572568     -8.89114911      0.08950275      0.01513365      0.09045585      0.01349305 md_running
   251    125.50000000    120.08925991      1.06860852    528.72812691    300.00000000      0.99978489      0.10799779     -8.89807545      0.00570962     -8.89236583      0.09023409      0.01511241      0.09106661      0.01360330 md_running
   252    126.00000000    120.33732442      1.06704323    533.58069305    300.00000000      0.99978205      0.10898897     -8.89909633      0.00569291     -8.89340342      0.09217954      0.01509027      0.09289891      0.01389659 md_running
   253    126.50000000    120.59615578      1.06543770    537.66809786    300.00000000      0.99977972      0.10982387     -8.89995836      0.00567579     -8.89428257      0.09477821      0.01506756      0.09539841      0.01428835 md_running
   254    127.00000000    120.84709404      1.06381170    541.31309838    300.00000000      0.99977775      0.11056839     -8.90073006      0.00565848     -8.89507159      0.09697968      0.01504457      0.09751934      0.01462024 md_running
   255    127.50000000    121.09685739      1.06218193    544.88424364    300.00000000      0.99977593      0.11129783     -8.90148941      0.00564115     -8.89584826      0.09787723      0.01502152      0.09835399      0.01475555 md_running
   256    128.00000000    121.35075047      1.06056267    548.61428814    300.00000000      0.99977410      0.11205973     -8.90228507      0.00562397     -8.89666111      0.09709487      0.01499862      0.09752115      0.01463760 md_running
   257    128.50000000    121.59926552      1.05896652    552.50848850    300.00000000      0.99977219      0.11285516     -8.90311833      0.00560705     -8.89751127      0.09483266      0.01497605      0.09521287      0.01429656 md_running
   258    129.00000000    121.84745119      1.05740543    556.35585716    300.00000000      0.99977026      0.11364102     -8.90394473      0.00559053     -8.89835419      0.09170378      0.01495397      0.09203306      0.01382487 md_running
   259    129.50000000    122.09800321      1.05589162    559.82425236    300.00000000      0.99976845      0.11434947     -8.90469479      0.00557454     -8.89912025      0.08847555      0.01493256      0.08873980      0.01333819 md_running
   260    130.00000000    122.35016709      1.05443848    562.59545934    300.00000000      0.99976694      0.11491552     -8.90530143      0.00555920     -8.89974223      0.08587073      0.01491201      0.08604798      0.01294550 md_running
   261    130.50000000    122.60537353      1.05306142    564.48698475    300.00000000      0.99976583      0.11530188     -8.90572722      0.00554469     -8.90018253      0.08436604      0.01489254      0.08443048      0.01271866 md_running
   262    131.00000000    122.85707209      1.05177839    565.50215418    300.00000000      0.99976515      0.11550924     -8.90597305      0.00553119     -8.90044186      0.08404935      0.01487439      0.08397633      0.01267092 md_running
   263    131.50000000    123.10668685      1.05061024    565.79495193    300.00000000      0.99976486      0.11556904     -8.90607176      0.00551891     -8.90055285      0.08468918      0.01485787      0.08445857      0.01276737 md_running
   264    132.00000000    123.35545115      1.04958075    565.59286326    300.00000000      0.99976486      0.11552777     -8.90607086      0.00550810     -8.90056277      0.08592316      0.01484331      0.08552039      0.01295340 md_running
   265    132.50000000    123.59906958      1.04871637    565.12219117    300.00000000      0.99976504      0.11543163     -8.90601755      0.00549903     -8.90051852      0.08740063      0.01483109      0.08681589      0.01317614 md_running
   266    133.00000000    123.84347030      1.04804563    564.57189637    300.00000000      0.99976530      0.11531922     -8.90595022      0.00549200     -8.90045822      0.08883229      0.01482160      0.08805803      0.01339197 md_running
   267    133.50000000    124.09701519      1.04759866    564.08643240    300.00000000      0.99976555      0.11522006     -8.90589891      0.00548731     -8.90041160      0.08994247      0.01481528      0.08897079      0.01355934 md_running
   268    134.00000000    124.35008606      1.04740654    563.74402367    300.00000000      0.99976575      0.11515012     -8.90588067      0.00548530     -8.90039536      0.09043244      0.01481257      0.08925266      0.01363320 md_running
   269    134.50000000    124.60671000      1.04750074    563.54280658    300.00000000      0.99976588      0.11510902     -8.90589514      0.00548629     -8.90040885      0.09004816      0.01481390      0.08864350      0.01357527 md_running
   270    135.00000000    124.86194528      1.04791260    563.39338636    300.00000000      0.99976596      0.11507850     -8.90592492      0.00549060     -8.90043432      0.08871967      0.01481972      0.08706651      0.01337499 md_running
   271    135.50000000    125.11780832      1.04867286    563.11014550    300.00000000      0.99976604      0.11502065     -8.90593212      0.00549857     -8.90043355      0.08675682      0.01483047      0.08483035      0.01307908 md_running
   272    136.00000000    125.38118326      1.04981139    562.44698602    300.00000000      0.99976624      0.11488519     -8.90586498      0.00551052     -8.90035446      0.08488677      0.01484658      0.08267358      0.01279716 md_running
   273    136.50000000    125.63742638      1.05135708    561.19627048    300.00000000      0.99976668      0.11462972     -8.90568027      0.00552676     -8.90015351      0.08399371      0.01486843      0.08150775      0.01266253 md_running
   274    137.00000000    125.89127139      1.05333781    559.28798159    300.00000000      0.99976743      0.11423993     -8.90536318      0.00554760     -8.89981558      0.08456324      0.01489645      0.08184919      0.01274839 md_running
   275    137.50000000    126.13931678      1.05577979    556.81148496    300.00000000      0.99976850      0.11373409     -8.90493382      0.00557335     -8.89936046      0.08636569      0.01493098      0.08347535      0.01302012 md_running
   276    138.00000000    126.39654164      1.05870702    553.94531237    300.00000000      0.99976980      0.11314864     -8.90442959      0.00560430     -8.89882529      0.08875553      0.01497238      0.08572172      0.01338040 md_running
   277    138.50000000    126.65657236      1.06214156    550.85656795    300.00000000      0.99977127      0.11251774     -8.90388584      0.00564072     -8.89824511      0.09119989      0.01502095      0.08803236      0.01374890 md_running
   278    139.00000000    126.90822383      1.06610435    547.65305451    300.00000000      0.99977282      0.11186339     -8.90332442      0.00568289     -8.89764152      0.09349488      0.01507699      0.09019054      0.01409488 md_running
   279    139.50000000    127.15681773      1.07061628    544.40176543    300.00000000      0.99977444      0.11119928     -8.90275831      0.00573110     -8.89702722      0.09559220      0.01514080      0.09214400      0.01441107 md_running
   280    140.00000000    127.40986608      1.07569857    541.15268777    300.00000000      0.99977608      0.11053563     -8.90219885      0.00578564     -8.89641321      0.09739533      0.01521268      0.09379392      0.01468290 md_running
   281    140.50000000    127.66842164      1.08137258    537.92035852    300.00000000      0.99977774      0.10987539     -8.90164965      0.00584683     -8.89580282      0.09877776      0.01529292      0.09501070      0.01489131 md_running
   282    141.00000000    127.93063094      1.08765939    534.65559250    300.00000000      0.99977941      0.10920853     -8.90110095      0.00591501     -8.89518593      0.09978794      0.01538183      0.09584747      0.01504360 md_running
   283    141.50000000    128.18898087      1.09457911    531.24880516    300.00000000      0.99978114      0.10851266     -8.90053007      0.00599052     -8.89453955      0.10064614      0.01547969      0.09653957      0.01517298 md_running
   284    142.00000000    128.43632704      1.10214962    527.58869556    300.00000000      0.99978301      0.10776505     -8.89991303      0.00607367     -8.89383936      0.10163184      0.01558675      0.09738348      0.01532158 md_running
   285    142.50000000    128.69117970      1.11038563    523.65216643    300.00000000      0.99978505      0.10696098     -8.89924461      0.00616478     -8.89307983      0.10292388      0.01570322      0.09857223      0.01551636 md_running
   286    143.00000000    128.94611110      1.11929753    519.56274196    300.00000000      0.99978727      0.10612567     -8.89855030      0.00626413     -8.89228616      0.10449061      0.01582926      0.10007750      0.01575255 md_running
   287    143.50000000    129.20168211      1.12889068    515.57524994    300.00000000      0.99978954      0.10531119     -8.89788385      0.00637197     -8.89151188      0.10608816      0.01596493      0.10165130      0.01599339 md_running
   288    144.00000000    129.44855242      1.13916408    512.00814846    300.00000000      0.99979171      0.10458257     -8.89731126      0.00648847     -8.89082279      0.10736064      0.01611021      0.10292517      0.01618523 md_running
   289    144.50000000    129.70363579      1.15010981    509.15680713    300.00000000      0.99979357      0.10400016     -8.89689439      0.00661376     -8.89028062      0.10790530      0.01626501      0.10348244      0.01626734 md_running
   290    145.00000000    129.96381470      1.16171250    507.19890153    300.00000000      0.99979497      0.10360024     -8.89667113      0.00674788     -8.88992325      0.10737675      0.01642910      0.10296241      0.01618765 md_running
   291    145.50000000    130.22652721      1.17394967    506.10328575    300.00000000      0.99979584      0.10337645     -8.89663605      0.00689079     -8.88974526      0.10563654      0.01660216      0.10122113      0.01592531 md_running
   292    146.00000000    130.47626427      1.18679198    505.58462976    300.00000000      0.99979627      0.10327051     -8.89673020      0.00704238     -8.88968783      0.10296460      0.01678377      0.09854833      0.01552250 md_running
   293    146.50000000    130.72852584      1.20020391    505.16159737    300.00000000      0.99979649      0.10318410     -8.89685265      0.00720245     -8.88965020      0.10017711      0.01697345      0.09579366      0.01510227 md_running
   294    147.00000000    130.97970708      1.21414471    504.32734935    300.00000000      0.99979681      0.10301370     -8.89689671      0.00737074     -8.88952597      0.09840575      0.01717060      0.09413811      0.01483522 md_running
   295    147.50000000    131.23845519      1.22856958    502.75014506    300.00000000      0.99979750      0.10269154     -8.89679286      0.00754692     -8.88924595      0.09854397      0.01737460      0.09450671      0.01485606 md_running
   296    148.00000000    131.49558110      1.24343113    500.41618004    300.00000000      0.99979867      0.10221480     -8.89653655      0.00773060     -8.88880594      0.10060287      0.01758477      0.09688802      0.01516645 md_running
   297    148.50000000    131.74827664      1.25868076    497.62704300    300.00000000      0.99980025      0.10164510     -8.89619250      0.00792139     -8.88827111      0.10360964      0.01780043      0.10024456      0.01561974 md_running
   298    149.00000000    132.00617535      1.27427004    494.80198831    300.00000000      0.99980200      0.10106805     -8.89584924      0.00811882     -8.88773042      0.10634731      0.01802090      0.10330492      0.01603246 md_running
   299    149.50000000    132.26432353      1.29015187    492.24301861    300.00000000      0.99980366      0.10054536     -8.89556907      0.00832246     -8.88724661      0.10813201      0.01824550      0.10536633      0.01630151 md_running
   300    150.00000000    132.52702193      1.30628146    490.05141847    300.00000000      0.99980513      0.10009770     -8.89537078      0.00853186     -8.88683892      0.10898006      0.01847361      0.10645107      0.01642936 md_running
   301    150.50000000    132.78873149      1.32261698    488.21749806    300.00000000      0.99980638      0.09972311     -8.89524952      0.00874658     -8.88650294      0.10922687      0.01870463      0.10690574      0.01646657 md_running
   302    151.00000000    133.04311680      1.33912002    486.75872945    300.00000000      0.99980742      0.09942514     -8.89520825      0.00896621     -8.88624204      0.10900405      0.01893802      0.10686638      0.01643298 md_running
   303    151.50000000    133.30012786      1.35575580    485.74737959    300.00000000      0.99980821      0.09921856     -8.89526335      0.00919037     -8.88607298      0.10813235      0.01917328      0.10615308      0.01630156 md_running
   304    152.00000000    133.55635807      1.37249294    485.20963184    300.00000000      0.99980870      0.09910872     -8.89542077      0.00941868     -8.88600209      0.10647048      0.01940998      0.10462640      0.01605103 md_running
   305    152.50000000    133.80715830      1.38930303    485.03893643    300.00000000      0.99980891      0.09907385     -8.89565866      0.00965081     -8.88600785      0.10424688      0.01964771      0.10252335      0.01571581 md_running
   306    153.00000000    134.05723793      1.40616005    485.01528821    300.00000000      0.99980894      0.09906902     -8.89593024      0.00988643     -8.88604381      0.10202463      0.01988611      0.10042084      0.01538079 md_running
   307    153.50000000    134.29568916      1.42303978    484.91783802    300.00000000      0.99980896      0.09904912     -8.89618799      0.01012521     -8.88606278      0.10042157      0.02012482      0.09895006      0.01513912 md_running
   308    154.00000000    134.54934470      1.43991909    484.66273699    300.00000000      0.99980908      0.09899701     -8.89641339      0.01036683     -8.88604656      0.09977898      0.02036353      0.09846001      0.01504225 md_running
   309    154.50000000    134.80328480      1.45677523    484.37287247    300.00000000      0.99980928      0.09893780     -8.89663181      0.01061097     -8.88602084      0.09998597      0.02060191      0.09883890      0.01507345 md_running
   310    155.00000000    135.04923490      1.47358520    484.33484977    300.00000000      0.99980943      0.09893004     -8.89690336      0.01085727     -8.88604610      0.10056388      0.02083964      0.09960157      0.01516058 md_running
   311    155.50000000    135.29449445      1.49032539    484.87307882    300.00000000      0.99980931      0.09903998     -8.89729595      0.01110535     -8.88619060      0.10087884      0.02107638      0.10010800      0.01520806 md_running
   312    156.00000000    135.55002581      1.50697145    486.19678217    300.00000000      0.99980873      0.09931036     -8.89785403      0.01135481     -8.88649922      0.10037662      0.02131179      0.09980188      0.01513234 md_running
   313    156.50000000    135.80609900      1.52349832    488.26983990    300.00000000      0.99980763      0.09973380     -8.89857069      0.01160524     -8.88696546      0.09882385      0.02154552      0.09845097      0.01489826 md_running
   314    157.00000000    136.05332008      1.53988064    490.76467481    300.00000000      0.99980614      0.10024339     -8.89937745      0.01185616     -8.88752129      0.09648605      0.02177720      0.09632443      0.01454582 md_running
   315    157.50000000    136.29876777      1.55609314    493.15158512    300.00000000      0.99980455      0.10073094     -8.90016264      0.01210713     -8.88805551      0.09415909      0.02200648      0.09422206      0.01419502 md_running
   316    158.00000000    136.55765606      1.57211075    494.91127210    300.00000000      0.99980322      0.10109037     -8.90081645      0.01235766     -8.88845879      0.09287200      0.02223300      0.09316698      0.01400098 md_running
   317    158.50000000    136.81383190      1.58790897    495.77172641    300.00000000      0.99980241      0.10126613     -8.90128042      0.01260727     -8.88867314      0.09331282      0.02245642      0.09383026      0.01406744 md_running
   318    159.00000000    137.06938768      1.60346437    495.85303194    300.00000000      0.99980216      0.10128274     -8.90157903      0.01285549     -8.88872354      0.09524994      0.02267641      0.09596250      0.01435947 md_running
   319    159.50000000    137.32597776      1.61875538    495.60835950    300.00000000      0.99980227      0.10123276     -8.90180841      0.01310184     -8.88870656      0.09752435      0.02289266      0.09840227      0.01470235 md_running
   320    160.00000000    137.58384647      1.63376280    495.55055732    300.00000000      0.99980241      0.10122095     -8.90207727      0.01334590     -8.88873137      0.09878381      0.02310490      0.09980730      0.01489222 md_running
   321    160.50000000    137.84076435      1.64847002    495.93378548    300.00000000      0.99980232      0.10129923     -8.90243934      0.01358727     -8.88885208      0.09836029      0.02331289      0.09951852      0.01482837 md_running
   322    161.00000000    138.09213111      1.66286336    496.61462503    300.00000000      0.99980196      0.10143830     -8.90286270      0.01382557     -8.88903713      0.09664194      0.02351644      0.09792309      0.01456932 md_running
   323    161.50000000    138.33465246      1.67693214    497.19872115    300.00000000      0.99980152      0.10155761     -8.90326216      0.01406051     -8.88920166      0.09471961      0.02371540      0.09610142      0.01427952 md_running
   324    162.00000000    138.59071126      1.69066839    497.33820505    300.00000000      0.99980127      0.10158610     -8.90356339      0.01429180     -8.88927159      0.09354970      0.02390966      0.09499574      0.01410315 md_running
   325    162.50000000    138.84922196      1.70406661    496.92664244    300.00000000      0.99980136      0.10150203     -8.90374494      0.01451922     -8.88922572      0.09331391      0.02409914      0.09478369      0.01406760 md_running
   326    163.00000000    139.10476385      1.71712340    496.07248534    300.00000000      0.99980177      0.10132756     -8.90383137      0.01474256     -8.88908880      0.09355203      0.02428379      0.09501602      0.01410350 md_running
   327    163.50000000    139.35529987      1.72983692    494.93595493    300.00000000      0.99980240      0.10109542     -8.90385699      0.01496168     -8.88889531      0.09379770      0.02446359      0.09523672      0.01414053 md_running
   328    164.00000000    139.61101162      1.74220647    493.58984787    300.00000000      0.99980316      0.10082046     -8.90383691      0.01517642     -8.88866049      0.09397896      0.02463852      0.09537862      0.01416786 md_running
   329    164.50000000    139.86653036      1.75423208    492.01061892    300.00000000      0.99980405      0.10049789     -8.90376434      0.01538665     -8.88837769      0.09438355      0.02480859      0.09573156      0.01422886 md_running
   330    165.00000000    140.12019227      1.76591384    490.18288853    300.00000000      0.99980511      0.10012456     -8.90363424      0.01559226     -8.88804199      0.09528468      0.02497379      0.09657285      0.01436471 md_running
   331    165.50000000    140.37208833      1.77725119    488.21089553    300.00000000      0.99980632      0.09972176     -8.90346746      0.01579311     -8.88767435      0.09661735      0.02513413      0.09784017      0.01456561 md_running
   332    166.00000000    140.62126620      1.78824290    486.34014465    300.00000000      0.99980756      0.09933964     -8.90331523      0.01598906     -8.88732617      0.09791376      0.02528957      0.09907391      0.01476106 md_running
   333    166.50000000    140.87768959      1.79888701    484.86442298    300.00000000      0.99980866      0.09903821     -8.90323997      0.01617997     -8.88706000      0.09853374      0.02544010      0.09964062      0.01485452 md_running
   334    167.00000000    141.13307312      1.80918099    483.97075996    300.00000000      0.99980943      0.09885567     -8.90328124      0.01636568     -8.88691556      0.09800335      0.02558568      0.09906545      0.01477456 md_running
   335    167.50000000    141.38564653      1.81912235    483.60883298    300.00000000      0.99980981      0.09878174     -8.90342942      0.01654603     -8.88688339      0.09629520      0.02572627      0.09732125      0.01451705 md_running
   336    168.00000000    141.64179677      1.82870862    483.46753085    300.00000000      0.99980991      0.09875288     -8.90361948      0.01672088     -8.88689860      0.09394944      0.02586185      0.09493933      0.01416341 md_running
   337    168.50000000    141.89693185      1.83793776    483.08585607    300.00000000      0.99981002      0.09867492     -8.90375394      0.01689008     -8.88686386      0.09200125      0.02599237      0.09293784      0.01386971 md_running
   338    169.00000000    142.14862364      1.84680886    482.06555305    300.00000000      0.99981043      0.09846651     -8.90374837      0.01705351     -8.88669486      0.09157846      0.02611782      0.09242639      0.01380597 md_running
   339    169.50000000    142.39319071      1.85532288    480.30372662    300.00000000      0.99981134      0.09810664     -8.90357907      0.01721112     -8.88636796      0.09321803      0.02623823      0.09393529      0.01405315 md_running
   340    170.00000000    142.63741353      1.86348343    478.11837291    300.00000000      0.99981268      0.09766026     -8.90331232      0.01736285     -8.88594947      0.09635884      0.02635364      0.09691361      0.01452664 md_running
   341    170.50000000    142.89011097      1.87129707    476.14412935    300.00000000      0.99981414      0.09725700     -8.90308242      0.01750876     -8.88557366      0.09947172      0.02646414      0.09984560      0.01499593 md_running
   342    171.00000000    143.13621475      1.87877371    474.98790496    300.00000000      0.99981523      0.09702083     -8.90301962      0.01764895     -8.88537066      0.10090542      0.02656987      0.10108388      0.01521206 md_running
   343    171.50000000    143.39170261      1.88592654    474.82817223    300.00000000      0.99981565      0.09698821     -8.90316343      0.01778359     -8.88537984      0.09981856      0.02667103      0.09977970      0.01504821 md_running
   344    172.00000000    143.64784470      1.89277194    475.23216155    300.00000000      0.99981548      0.09707073     -8.90342311      0.01791293     -8.88551018      0.09668764      0.02676784      0.09639684      0.01457621 md_running
   345    172.50000000    143.90721660      1.89932900    475.34289995    300.00000000      0.99981519      0.09709335     -8.90361743      0.01803725     -8.88558018      0.09311663      0.02686057      0.09253496      0.01403786 md_running
   346    173.00000000    144.15863025      1.90561894    474.33190712    300.00000000      0.99981540      0.09688684     -8.90357125      0.01815692     -8.88541433      0.09090193      0.02694952      0.09000900      0.01370398 md_running
   347    173.50000000    144.41036472      1.91166426    471.81798065    300.00000000      0.99981657      0.09637335     -8.90320555      0.01827230     -8.88493324      0.09085713      0.02703502      0.08966516      0.01369723 md_running
   348    174.00000000    144.63509631      1.91748786    467.98453565    300.00000000      0.99981876      0.09559033     -8.90256064      0.01838380     -8.88417684      0.09238178      0.02711737      0.09092595      0.01392708 md_running
   349    174.50000000    144.87903075      1.92311207    463.38546390    300.00000000      0.99982174      0.09465092     -8.90175453      0.01849180     -8.88326273      0.09424736      0.02719691      0.09256254      0.01420832 md_running
   350    175.00000000    145.12356651      1.92855777    458.63238295    300.00000000      0.99982507      0.09368006     -8.90091551      0.01859668     -8.88231884      0.09556093      0.02727393      0.09367313      0.01440635 md_running
   351    175.50000000    145.37060924      1.93384361    454.16452122    300.00000000      0.99982840      0.09276746     -8.90013425      0.01869876     -8.88143550      0.09616684      0.02734868      0.09410032      0.01449770 md_running
   352    176.00000000    145.62417843      1.93898551    450.20337062    300.00000000      0.99983148      0.09195836     -8.89945467      0.01879832     -8.88065634      0.09640129      0.02742140      0.09418799      0.01453304 md_running
   353    176.50000000    145.87447258      1.94399634    446.83951550    300.00000000      0.99983420      0.09127126     -8.89889432      0.01889561     -8.87999871      0.09660245      0.02749226      0.09428313      0.01456337 md_running
   354    177.00000000    146.11590006      1.94888579    444.12925113    300.00000000      0.99983648      0.09071766     -8.89846484      0.01899078     -8.87947406      0.09680972      0.02756141      0.09442531      0.01459461 md_running
   355    177.50000000    146.36748779      1.95366048    442.10568022    300.00000000      0.99983829      0.09030432     -8.89817423      0.01908395     -8.87909029      0.09677683      0.02762893      0.09436209      0.01458966 md_running
   356    178.00000000    146.61361968      1.95832398    440.71204307    300.00000000      0.99983958      0.09001966     -8.89801215      0.01917516     -8.87883698      0.09625694      0.02769488      0.09383716      0.01451128 md_running
   357    178.50000000    146.86931759      1.96287714    439.72874261    300.00000000      0.99984045      0.08981881     -8.89793444      0.01926443     -8.87867001      0.09527797      0.02775927      0.09287619      0.01436369 md_running
   358    179.00000000    147.12827092      1.96731841    438.76710440    300.00000000      0.99984114      0.08962239     -8.89786015      0.01935171     -8.87850844      0.09426656      0.02782208      0.09191244      0.01421122 md_running
   359    179.50000000    147.38603258      1.97164435    437.37564516    300.00000000      0.99984199      0.08933817     -8.89769420      0.01943691     -8.87825729      0.09395955      0.02788326      0.09169431      0.01416493 md_running
   360    180.00000000    147.64003748      1.97585029    435.23591456    300.00000000      0.99984334      0.08890111     -8.89736864      0.01951992     -8.87784871      0.09507575      0.02794274      0.09294885      0.01433321 md_running
   361    180.50000000    147.90048906      1.97993088    432.36160335    300.00000000      0.99984535      0.08831400     -8.89688403      0.01960063     -8.87728340      0.09782925      0.02800045      0.09588222      0.01474831 md_running
   362    181.00000000    148.15300344      1.98388032    429.19312516    300.00000000      0.99984786      0.08766681     -8.89633186      0.01967891     -8.87665296      0.10155067      0.02805630      0.09979869      0.01530934 md_running
   363    181.50000000    148.40245144      1.98769251    426.49181742    300.00000000      0.99985038      0.08711504     -8.89587164      0.01975461     -8.87611704      0.10475772      0.02811022      0.10318468      0.01579282 md_running
   364    182.00000000    148.65385931      1.99136103    425.00063720    300.00000000      0.99985219      0.08681046     -8.89566164      0.01982759     -8.87583405      0.10582804      0.02816210      0.10439741      0.01595418 md_running
   365    182.50000000    148.90362204      1.99487924    425.01013410    300.00000000      0.99985280      0.08681240     -8.89576498      0.01989772     -8.87586726      0.10384951      0.02821185      0.10252072      0.01565590 md_running
   366    183.00000000    149.15428586      1.99824032    426.10220978    300.00000000      0.99985222      0.08703546     -8.89609483      0.01996482     -8.87613001      0.09919117      0.02825939      0.09793327      0.01495363 md_running
   367    183.50000000    149.40519340      2.00143735    427.28621238    300.00000000      0.99985110      0.08727731     -8.89644171      0.02002876     -8.87641295      0.09356703      0.02830460      0.09237080      0.01410576 md_running
   368    184.00000000    149.65521037      2.00446328    427.48107204    300.00000000      0.99985038      0.08731711     -8.89657694      0.02008937     -8.87648758      0.08934811      0.02834739      0.08823437      0.01346973 md_running
   369    184.50000000    149.91208252      2.00731091    426.03949391    300.00000000      0.99985085      0.08702265     -8.89636453      0.02014649     -8.87621805      0.08823882      0.02838766      0.08724789      0.01330250 md_running
   370    185.00000000    150.16727517      2.00997270    422.99450071    300.00000000      0.99985276      0.08640068     -8.89581280      0.02019995     -8.87561285      0.09022478      0.02842531      0.08938439      0.01360190 md_running
   371    185.50000000    150.41782284      2.01244077    418.94552390    300.00000000      0.99985586      0.08557364     -8.89504846      0.02024959     -8.87479887      0.09389630      0.02846021      0.09320418      0.01415540 md_running
   372    186.00000000    150.67519703      2.01470717    414.72639328    300.00000000      0.99985953      0.08471184     -8.89424641      0.02029522     -8.87395118      0.09761101      0.02849226      0.09704195      0.01471541 md_running
   373    186.50000000    150.93070780      2.01676440    411.06141308    300.00000000      0.99986306      0.08396324     -8.89355692      0.02033669     -8.87322022      0.10031649      0.02852136      0.09983634      0.01512328 md_running
   374    187.00000000    151.18247700      2.01860613    408.37519062    300.00000000      0.99986592      0.08341455     -8.89306620      0.02037385     -8.87269235      0.10165388      0.02854740      0.10122686      0.01532490 md_running
   375    187.50000000    151.43357472      2.02022774    406.79272488    300.00000000      0.99986784      0.08309132     -8.89279885      0.02040660     -8.87239225      0.10165381      0.02857033      0.10124553      0.01532489 md_running
   376    188.00000000    151.66931738      2.02162668    406.22706534    300.00000000      0.99986878      0.08297577     -8.89273607      0.02043487     -8.87230120      0.10041952      0.02859012      0.09998986      0.01513881 md_running
   377    188.50000000    151.91698746      2.02280318    406.45410805    300.00000000      0.99986889      0.08302215     -8.89283184      0.02045866     -8.87237318      0.09802632      0.02860676      0.09752877      0.01477802 md_running
   378    189.00000000    152.15989892      2.02376074    407.14983037    300.00000000      0.99986841      0.08316426     -8.89302051      0.02047804     -8.87254247      0.09459378      0.02862030      0.09397704      0.01426055 md_running
   379    189.50000000    152.41017436      2.02450617    407.89843934    300.00000000      0.99986768      0.08331717     -8.89321681      0.02049313     -8.87272369      0.09047407      0.02863084      0.08968159      0.01363948 md_running
   380    190.00000000    152.65034423      2.02504960    408.22734446    300.00000000      0.99986712      0.08338435     -8.89332300      0.02050413     -8.87281888      0.08637951      0.02863853      0.08535525      0.01302220 md_running
   381    190.50000000    152.88907355      2.02540424    407.70810008    300.00000000      0.99986714      0.08327829     -8.89324986      0.02051131     -8.87273855      0.08335003      0.02864354      0.08204922      0.01256549 md_running
   382    191.00000000    153.12800399      2.02558622    406.10854875    300.00000000      0.99986807      0.08295157     -8.89294787      0.02051500     -8.87243288      0.08248627      0.02864612      0.08089162      0.01243527 md_running
   383    191.50000000    153.38098758      2.02561457    403.55174978    300.00000000      0.99987001      0.08242931     -8.89244092      0.02051557     -8.87192535      0.08432935      0.02864652      0.08246372      0.01271313 md_running
   384    192.00000000    153.63408322      2.02551091    400.59111006    300.00000000      0.99987268      0.08182458     -8.89184340      0.02051347     -8.87132993      0.08833658      0.02864505      0.08624281      0.01331724 md_running
   385    192.50000000    153.88398338      2.02529862    398.11570081    300.00000000      0.99987538      0.08131895     -8.89134137      0.02050917     -8.87083220      0.09293128      0.02864205      0.09063347      0.01400992 md_running
   386    193.00000000    154.13937501      2.02500199    397.02699577    300.00000000      0.99987720      0.08109657     -8.89112658      0.02050317     -8.87062341      0.09625332      0.02863785      0.09373867      0.01451073 md_running
   387    193.50000000    154.39173666      2.02464513    397.77843348    300.00000000      0.99987738      0.08125006     -8.89129684      0.02049594     -8.87080090      0.09714914      0.02863281      0.09437284      0.01464578 md_running
   388    194.00000000    154.63255204      2.02425111    400.04984441    300.00000000      0.99987582      0.08171402     -8.89178768      0.02048796     -8.87129971      0.09582233      0.02862723      0.09273608      0.01444576 md_running
   389    194.50000000    154.86497336      2.02384111    402.80354475    300.00000000      0.99987323      0.08227649     -8.89238066      0.02047966     -8.87190100      0.09386135      0.02862144      0.09046210      0.01415013 md_running
   390    195.00000000    155.10988033      2.02343357    404.74341733    300.00000000      0.99987085      0.08267272     -8.89280289      0.02047142     -8.87233147      0.09343751      0.02861567      0.08981868      0.01408623 md_running
   391    195.50000000    155.32634984      2.02304298    404.91662957    300.00000000      0.99986978      0.08270810     -8.89285443      0.02046351     -8.87239092      0.09591893      0.02861015      0.09224911      0.01446032 md_running
   392    196.00000000    155.57211255      2.02267936    403.10955381    300.00000000      0.99987056      0.08233899     -8.89249162      0.02045616     -8.87203546      0.10095738      0.02860501      0.09739042      0.01521990 md_running
   393    196.50000000    155.80848470      2.02234780    399.86196749    300.00000000      0.99987304      0.08167564     -8.89182843      0.02044945     -8.87137898      0.10695335      0.02860032      0.10356550      0.01612382 md_running
   394    197.00000000    156.05555432      2.02204815    396.16153047    300.00000000      0.99987649      0.08091979     -8.89107302      0.02044339     -8.87062962      0.11211695      0.02859608      0.10891933      0.01690227 md_running
   395    197.50000000    156.30360030      2.02177474    393.00437784    300.00000000      0.99987993      0.08027491     -8.89043323      0.02043787     -8.86999536      0.11530840      0.02859221      0.11228564      0.01738340 md_running
   396    198.00000000    156.55256850      2.02151636    391.05359158    300.00000000      0.99988248      0.07987645     -8.89004568      0.02043264     -8.86961304      0.11625704      0.02858856      0.11339583      0.01752641 md_running
   397    198.50000000    156.79938748      2.02125657    390.51528721    300.00000000      0.99988370      0.07976649     -8.88995191      0.02042739     -8.86952452      0.11535687      0.02858488      0.11265933      0.01739070 md_running
   398    199.00000000    157.04297479      2.02097415    391.20879604    300.00000000      0.99988356      0.07990815     -8.89011160      0.02042168     -8.86968991      0.11331126      0.02858089      0.11079707      0.01708231 md_running
   399    199.50000000    157.29802345      2.02064396    392.74355986    300.00000000      0.99988239      0.08022164     -8.89044292      0.02041501     -8.87002791      0.11080393      0.02857622      0.10850316      0.01670432 md_running
   400    200.00000000    157.54658441      2.02023807    394.67701215    300.00000000      0.99988063      0.08061656     -8.89085390      0.02040681     -8.87044709      0.10832559      0.02857048      0.10627181      0.01633070 md_running
   401    200.50000000    157.79257996      2.01972688    396.59734698    300.00000000      0.99987871      0.08100881     -8.89125990      0.02039648     -8.87086342      0.10616451      0.02856325      0.10439127      0.01600490 md_running
   402    201.00000000    158.04702110      2.01907974    398.15323887    300.00000000      0.99987700      0.08132662     -8.89158814      0.02038341     -8.87120472      0.10452421      0.02855410      0.10305782      0.01575762 md_running
   403    201.50000000    158.30219246      2.01826580    399.07607253    300.00000000      0.99987579      0.08151511     -8.89178229      0.02036698     -8.87141530      0.10363594      0.02854259      0.10249222      0.01562371 md_running
   404    202.00000000    158.55403195      2.01725486    399.24132912    300.00000000      0.99987527      0.08154887     -8.89181478      0.02034659     -8.87146819      0.10375344      0.02852829      0.10293471      0.01564142 md_running
   405    202.50000000    158.80095889      2.01601807    398.76572725    300.00000000      0.99987546      0.08145172     -8.89170755      0.02032164     -8.87138590      0.10500874      0.02851080      0.10450144      0.01583066 md_running
   406    203.00000000    159.05367298      2.01452850    398.07360885    300.00000000      0.99987612      0.08131035     -8.89154721      0.02029163     -8.87125558      0.10712599      0.02848974      0.10690150      0.01614985 md_running
   407    203.50000000    159.30184799      2.01276150    397.85684577    300.00000000      0.99987669      0.08126608     -8.89147678      0.02025604     -8.87122074      0.10929736      0.02846475      0.10931942      0.01647720 md_running
   408    204.00000000    159.54824730      2.01069486    398.88538482    300.00000000      0.99987644      0.08147617     -8.89165798      0.02021447     -8.87144351      0.11026752      0.02843552      0.11050266      0.01662345 md_running
   409    204.50000000    159.79855704      2.00830887    401.66619577    300.00000000      0.99987469      0.08204417     -8.89219952      0.02016652     -8.87203300      0.10879315      0.02840178      0.10921724      0.01640118 md_running
   410    205.00000000    160.05006574      2.00558654    406.09254247    300.00000000      0.99987126      0.08294830     -8.89308176      0.02011189     -8.87296987      0.10428888      0.02836328      0.10489368      0.01572214 md_running
   411    205.50000000    160.29724151      2.00251347    411.33065488    300.00000000      0.99986667      0.08401823     -8.89413061      0.02005030     -8.87408030      0.09727319      0.02831982      0.09806477      0.01466448 md_running
   412    206.00000000    160.54644535      1.99907753    416.07941750    300.00000000      0.99986201      0.08498821     -8.89507277      0.01998155     -8.87509122      0.08939378      0.02827123      0.09037848      0.01347662 md_running
   413    206.50000000    160.79523848      1.99526865    419.09268955    300.00000000      0.99985847      0.08560370     -8.89564606      0.01990549     -8.87574057      0.08293432      0.02821736      0.08409107      0.01250282 md_running
   414    207.00000000    161.04528462      1.99107903    419.67404635    300.00000000      0.99985688      0.08572245     -8.89570509      0.01982198     -8.87588311      0.07976427      0.02815811      0.08102855      0.01202492 md_running
   415    207.50000000    161.28434357      1.98650301    417.88847264    300.00000000      0.99985746      0.08535773     -8.89526398      0.01973097     -8.87553301      0.08030159      0.02809339      0.08158129      0.01210592 md_running
   416    208.00000000    161.53143642      1.98153713    414.47039248    300.00000000      0.99985986      0.08465955     -8.89447653      0.01963245     -8.87484409      0.08333631      0.02802317      0.08455325      0.01256342 md_running
   417    208.50000000    161.77911047      1.97618047    410.49915685    300.00000000      0.99986326      0.08384839     -8.89356922      0.01952645     -8.87404277      0.08699627      0.02794741      0.08810633      0.01311518 md_running
   418    209.00000000    162.02107220      1.97043487    406.97011621    300.00000000      0.99986673      0.08312755     -8.89274936      0.01941307     -8.87333629      0.08986015      0.02786616      0.09083872      0.01354693 md_running
   419    209.50000000    162.26277806      1.96430538    404.48904267    300.00000000      0.99986951      0.08262077     -8.89214241      0.01929248     -8.87284993      0.09134573      0.02777947      0.09217168      0.01377089 md_running
   420    210.00000000    162.49828074      1.95780039    403.18395359    300.00000000      0.99987122      0.08235419     -8.89177329      0.01916491     -8.87260838      0.09159838      0.02768748      0.09224452      0.01380898 md_running
   421    210.50000000    162.74176001      1.95093170    402.79688523    300.00000000      0.99987193      0.08227513     -8.89158732      0.01903067     -8.87255665      0.09115339      0.02759034      0.09158626      0.01374189 md_running
   422    211.00000000    162.99204114      1.94371443    402.86849134    300.00000000      0.99987199      0.08228975     -8.89148885      0.01889013     -8.87259872      0.09056011      0.02748827      0.09074208      0.01365245 md_running
   423    211.50000000    163.23479809      1.93616688    402.90662923    300.00000000      0.99987186      0.08229754     -8.89137667      0.01874371     -8.87263296      0.09017825      0.02738153      0.09007463      0.01359488 md_running
   424    212.00000000    163.47679297      1.92831032    402.48728459    300.00000000      0.99987197      0.08221189     -8.89116395      0.01859190     -8.87257205      0.09019068      0.02727043      0.08977632      0.01359676 md_running
   425    212.50000000    163.72138120      1.92016843    401.29905411    300.00000000      0.99987267      0.08196918     -8.89078764      0.01843523     -8.87235241      0.09074774      0.02715528      0.09000988      0.01368074 md_running
   426    213.00000000    163.97123104      1.91176685    399.16242997    300.00000000      0.99987420      0.08153275     -8.89021101      0.01827426     -8.87193675      0.09206109      0.02703647      0.09100193      0.01387873 md_running
   427    213.50000000    164.21778351      1.90313265    396.06945854    300.00000000      0.99987668      0.08090099     -8.88943149      0.01810957     -8.87132192      0.09437794      0.02691436      0.09301762      0.01422801 md_running
   428    214.00000000    164.46256250      1.89429388    392.26626674    300.00000000      0.99988004      0.08012415     -8.88849890      0.01794175     -8.87055715      0.09772455      0.02678936      0.09609780      0.01473253 md_running
   429    214.50000000    164.69895846      1.88527896    388.30781431    300.00000000      0.99988395      0.07931559     -8.88752754      0.01777138     -8.86975615      0.10165958      0.02666187      0.09980260      0.01532576 md_running
   430    215.00000000    164.93901735      1.87611633    384.99146108    300.00000000      0.99988773      0.07863820     -8.88668434      0.01759906     -8.86908528      0.10511635      0.02653229      0.10304751      0.01584689 md_running
   431    215.50000000    165.17978947      1.86683401    383.10536090    300.00000000      0.99989049      0.07825294     -8.88613663      0.01742535     -8.86871129      0.10670285      0.02640102      0.10440818      0.01608606 md_running
   432    216.00000000    165.42635897      1.85745933    383.03473098    300.00000000      0.99989151      0.07823852     -8.88596854      0.01725078     -8.86871776      0.10543098      0.02626844      0.10286241      0.01589432 md_running
   433    216.50000000    165.68053589      1.84801871    384.45080520    300.00000000      0.99989068      0.07852776     -8.88611407      0.01707587     -8.86903820      0.10141480      0.02613493      0.09850081      0.01528886 md_running
   434    217.00000000    165.92142132      1.83853762    386.32121721    300.00000000      0.99988877      0.07890981     -8.88635757      0.01690110     -8.86945647      0.09619143      0.02600085      0.09287018      0.01450140 md_running
   435    217.50000000    166.16370999      1.82904099    387.30033067    300.00000000      0.99988708      0.07910981     -8.88641599      0.01672695     -8.86968904      0.09233146      0.02586655      0.08861954      0.01391949 md_running
   436    218.00000000    166.41216439      1.81955345    386.31302062    300.00000000      0.99988693      0.07890814     -8.88606394      0.01655387     -8.86951007      0.09216345      0.02573237      0.08820352      0.01389416 md_running
   437    218.50000000    166.66286065      1.81009945    383.00674710    300.00000000      0.99988910      0.07823280     -8.88522793      0.01638230     -8.86884563      0.09619243      0.02559867      0.09217340      0.01450155 md_running
   438    219.00000000    166.91723584      1.80070404    377.85580024    300.00000000      0.99989359      0.07718067     -8.88400820      0.01621268     -8.86779552      0.10289419      0.02546580      0.09893039      0.01551188 md_running
   439    219.50000000    167.16373089      1.79139279    371.92455821    300.00000000      0.99989965      0.07596916     -8.88262843      0.01604544     -8.86658299      0.10995013      0.02533412      0.10604776      0.01657561 md_running
   440    220.00000000    167.40354749      1.78219173    366.42146517    300.00000000      0.99990607      0.07484510     -8.88134221      0.01588104     -8.86546118      0.11546768      0.02520400      0.11156704      0.01740741 md_running
   441    220.50000000    167.64479125      1.77312729    362.24536153    300.00000000      0.99991159      0.07399209     -8.88033733      0.01571990     -8.86461742      0.11854587      0.02507581      0.11456640      0.01787146 md_running
   442    221.00000000    167.88235585      1.76422613    359.72490261    300.00000000      0.99991541      0.07347726     -8.87968119      0.01556247     -8.86411872      0.11924439      0.02494993      0.11511090      0.01797677 md_running
   443    221.50000000    168.13563242      1.75551501    358.64587730    300.00000000      0.99991739      0.07325686     -8.87932688      0.01540916     -8.86391772      0.11825655      0.02482673      0.11391372      0.01782785 md_running
   444    222.00000000    168.39327913      1.74702054    358.48312499    300.00000000      0.99991798      0.07322362     -8.87916473      0.01526040     -8.86390433      0.11645613      0.02470660      0.11187500      0.01755642 md_running
   445    222.50000000    168.65150202      1.73876904    358.64951477    300.00000000      0.99991786      0.07325760     -8.87907312      0.01511659     -8.86395653      0.11452983      0.02458991      0.10970740      0.01726602 md_running
   446    223.00000000    168.89776438      1.73078619    358.65915820    300.00000000      0.99991767      0.07325957     -8.87895256      0.01497810     -8.86397446      0.11285620      0.02447701      0.10780951      0.01701371 md_running
   447    223.50000000    169.15075180      1.72309667    358.18644617    300.00000000      0.99991789      0.07316302     -8.87873723      0.01484531     -8.86389192      0.11158996      0.02436827      0.10635037      0.01682282 md_running
   448    224.00000000    169.38929927      1.71572354    357.05400982    300.00000000      0.99991881      0.07293171     -8.87839151      0.01471854     -8.86367297      0.11084521      0.02426400      0.10545817      0.01671054 md_running
   449    224.50000000    169.63477182      1.70868767    355.22906109    300.00000000      0.99992055      0.07255894     -8.87790780      0.01459807     -8.86330973      0.11081020      0.02416449      0.10533753      0.01670527 md_running
   450    225.00000000    169.88747076      1.70200722    352.87776219    300.00000000      0.99992309      0.07207867     -8.87731930      0.01448414     -8.86283516      0.11165513      0.02407002      0.10617375      0.01683264 md_running
   451    225.50000000    170.14249268      1.69569701    350.42469829    300.00000000      0.99992611      0.07157761     -8.87671286      0.01437694     -8.86233592      0.11329720      0.02398078      0.10788336      0.01708020 md_running
   452    226.00000000    170.39590860      1.68976774    348.54307177    300.00000000      0.99992893      0.07119326     -8.87622747      0.01427658     -8.86195090      0.11522899      0.02389692      0.10993310      0.01737142 md_running
   453    226.50000000    170.64635812      1.68422545    348.01586346    300.00000000      0.99993060      0.07108558     -8.87602761      0.01418308     -8.86184453      0.11649861      0.02381854      0.11132587      0.01756283 md_running
   454    227.00000000    170.89916946      1.67907105    349.42646968    300.00000000      0.99993015      0.07137371     -8.87623797      0.01409640     -8.86214157      0.11609787      0.02374565      0.11101111      0.01750241 md_running
   455    227.50000000    171.14882815      1.67430007    352.80352428    300.00000000      0.99992714      0.07206350     -8.87686732      0.01401640     -8.86285091      0.11357635      0.02367818      0.10852180      0.01712228 md_running
   456    228.00000000    171.40308412      1.66990245    357.46544642    300.00000000      0.99992208      0.07301575     -8.87777370      0.01394287     -8.86383083      0.10947275      0.02361599      0.10441949      0.01650364 md_running
   457    228.50000000    171.66252682      1.66586269    362.22246495    300.00000000      0.99991626      0.07398741     -8.87870707      0.01387549     -8.86483158      0.10525091      0.02355886      0.10023656      0.01586717 md_running
   458    229.00000000    171.91944399      1.66216003    365.86180381    300.00000000      0.99991123      0.07473078     -8.87941211      0.01381388     -8.86559823      0.10263059      0.02350649      0.09778127      0.01547214 md_running
   459    229.50000000    172.16754308      1.65876876    367.65589927    300.00000000      0.99990811      0.07509724     -8.87973584      0.01375757     -8.86597827      0.10257872      0.02345853      0.09806217      0.01546432 md_running
   460    230.00000000    172.40930324      1.65565880    367.62761713    300.00000000      0.99990722      0.07509147     -8.87968298      0.01370603     -8.86597695      0.10473918      0.02341455      0.10067616      0.01579002 md_running
   461    230.50000000    172.66106224      1.65279635    366.47998781    300.00000000      0.99990807      0.07485705     -8.87940079      0.01365868     -8.86574211      0.10772014      0.02337407      0.10414052      0.01623942 md_running
   462    231.00000000    172.90325824      1.65014475    365.26008301    300.00000000      0.99990962      0.07460787     -8.87910876      0.01361489     -8.86549387      0.10988596      0.02333657      0.10675265      0.01656593 md_running
   463    231.50000000    173.14217266      1.64766512    364.90820591    300.00000000      0.99991066      0.07453600     -8.87900308      0.01357400     -8.86542907      0.11013613      0.02330150      0.10739175      0.01660365 md_running
   464    232.00000000    173.38995217      1.64531706    365.90771735    300.00000000      0.99991033      0.07474016     -8.87918333      0.01353534     -8.86564799      0.10823735      0.02326830      0.10583564      0.01631739 md_running
   465    232.50000000    173.63203684      1.64305930    368.17608313    300.00000000      0.99990843      0.07520350     -8.87963056      0.01349822     -8.86613234      0.10478188      0.02323637      0.10270155      0.01579646 md_running
   466    233.00000000    173.87438606      1.64085041    371.19736546    300.00000000      0.99990537      0.07582062     -8.88023493      0.01346195     -8.86677298      0.10085341      0.02320513      0.09909747      0.01520422 md_running
   467    233.50000000    174.12160924      1.63864972    374.28400723    300.00000000      0.99990191      0.07645110     -8.88085227      0.01342586     -8.86742640      0.09755162      0.02317401      0.09613756      0.01470646 md_running
   468    234.00000000    174.37127883      1.63641805    376.81705630    300.00000000      0.99989881      0.07696850     -8.88135378      0.01338932     -8.86796446      0.09559806      0.02314245      0.09454334      0.01441195 md_running
   469    234.50000000    174.62170983      1.63411803    378.37254816    300.00000000      0.99989659      0.07728622     -8.88165230      0.01335171     -8.86830059      0.09519145      0.02310992      0.09449460      0.01435065 md_running
   470    235.00000000    174.87323850      1.63171475    378.74169078    300.00000000      0.99989557      0.07736162     -8.88170470      0.01331247     -8.86839223      0.09617026      0.02307593      0.09580851      0.01449821 md_running
   471    235.50000000    175.11913125      1.62917611    377.90655189    300.00000000      0.99989582      0.07719104     -8.88150694      0.01327107     -8.86823587      0.09828277      0.02304003      0.09821682      0.01481668 md_running
   472    236.00000000    175.36114128      1.62647328    376.03162086    300.00000000      0.99989729      0.07680806     -8.88109120      0.01322708     -8.86786412      0.10133471      0.02300181      0.10151749      0.01527678 md_running
   473    236.50000000    175.60626201      1.62358076    373.49333688    300.00000000      0.99989973      0.07628960     -8.88053351      0.01318007     -8.86735344      0.10512458      0.02296090      0.10550704      0.01584813 md_running
   474    237.00000000    175.84545101      1.62047652    370.90704024    300.00000000      0.99990262      0.07576132     -8.87995899      0.01312972     -8.86682926      0.10927256      0.02291700      0.10980986      0.01647346 md_running
   475    237.50000000    176.09389305      1.61714187    369.09222640    300.00000000      0.99990520      0.07539063     -8.87953720      0.01307574     -8.86646146      0.11302750      0.02286984      0.11368198      0.01703954 md_running
   476    238.00000000    176.34660557      1.61356158    368.88918444    300.00000000      0.99990646      0.07534915     -8.87944451      0.01301790     -8.86642661      0.11529915      0.02281921      0.11604403      0.01738200 md_running
   477    238.50000000    176.59798583      1.60972404    370.81845320    300.00000000      0.99990557      0.07574323     -8.87979238      0.01295606     -8.86683632      0.11515558      0.02276494      0.11597490      0.01736036 md_running
   478    239.00000000    176.84599636      1.60562131    374.76093293    300.00000000      0.99990227      0.07654851     -8.88055762      0.01289010     -8.86766753      0.11246347      0.02270691      0.11334576      0.01695451 md_running
   479    239.50000000    177.09334376      1.60124929    379.90391117    300.00000000      0.99989721      0.07759902     -8.88157033      0.01282000     -8.86875034      0.10821889      0.02264508      0.10914590      0.01631461 md_running
   480    240.00000000    177.34538365      1.59660793    385.05187004    300.00000000      0.99989163      0.07865054     -8.88257912      0.01274578     -8.86983333      0.10422754      0.02257945      0.10516195      0.01571289 md_running
   481    240.50000000    177.59565566      1.59170158    389.14602752    300.00000000      0.99988680      0.07948681     -8.88336156      0.01266757     -8.87069399      0.10215376      0.02251006      0.10303718      0.01540026 md_running
   482    241.00000000    177.84406219      1.58653918    391.69958918    300.00000000      0.99988349      0.08000840     -8.88381645      0.01258553     -8.87123092      0.10253556      0.02243705      0.10330439      0.01545782 md_running
   483    241.50000000    178.09325208      1.58113431    392.93489598    300.00000000      0.99988174      0.08026072     -8.88399151      0.01249993     -8.87149159      0.10459653      0.02236062      0.10520144      0.01576852 md_running
   484    242.00000000    178.34014443      1.57550496    393.61427003    300.00000000      0.99988099      0.08039949     -8.88404754      0.01241108     -8.87163646      0.10690071      0.02228100      0.10731077      0.01611589 md_running
   485    242.50000000    178.59052810      1.56967326    394.68937870    300.00000000      0.99988031      0.08061909     -8.88418440      0.01231937     -8.87186503      0.10811539      0.02219853      0.10830911      0.01629901 md_running
   486    243.00000000    178.84330150      1.56366499    396.91832905    300.00000000      0.99987883      0.08107438     -8.88456142      0.01222524     -8.87233618      0.10749211      0.02211356      0.10744656      0.01620505 md_running
   487    243.50000000    179.08678029      1.55750898    400.60373305    300.00000000      0.99987602      0.08182715     -8.88524124      0.01212917     -8.87311207      0.10497777      0.02202650      0.10466211      0.01582599 md_running
   488    244.00000000    179.31995858      1.55123657    405.53866590    300.00000000      0.99987193      0.08283516     -8.88618077      0.01203167     -8.87414910      0.10113081      0.02193780      0.10050658      0.01524604 md_running
   489    244.50000000    179.55296122      1.54488079    411.14324120    300.00000000      0.99986701      0.08397995     -8.88725904      0.01193328     -8.87532576      0.09682896      0.02184791      0.09585511      0.01459752 md_running
   490    245.00000000    179.78666229      1.53847571    416.70038355    300.00000000      0.99986194      0.08511505     -8.88832712      0.01183454     -8.87649258      0.09289689      0.02175733      0.09154020      0.01400473 md_running
   491    245.50000000    180.02556634      1.53205569    421.56658444    300.00000000      0.99985736      0.08610902     -8.88925276      0.01173597     -8.87751679      0.08984758      0.02166654      0.08809283      0.01354503 md_running
   492    246.00000000    180.27721172      1.52565458    425.28801476    300.00000000      0.99985368      0.08686916     -8.88994341      0.01163811     -8.87830530      0.08783540      0.02157601      0.08568867      0.01324168 md_running
   493    246.50000000    180.52964761      1.51930509    427.62797158    300.00000000      0.99985115      0.08734711     -8.89035128      0.01154144     -8.87880984      0.08685058      0.02148622      0.08434096      0.01309322 md_running
   494    247.00000000    180.77901757      1.51303799    428.55306755    300.00000000      0.99984982      0.08753607     -8.89046980      0.01144642     -8.87902338      0.08695783      0.02139759      0.08413667      0.01310939 md_running
   495    247.50000000    181.02153849      1.50688155    428.23498223    300.00000000      0.99984961      0.08747110     -8.89033356      0.01135346     -8.87898010      0.08829334      0.02131052      0.08523149      0.01331072 md_running
   496    248.00000000    181.27003261      1.50086133    427.07895915    300.00000000      0.99985029      0.08723497     -8.89002531      0.01126292     -8.87876238      0.09081602      0.02122538      0.08759098      0.01369103 md_running
   497    248.50000000    181.51951695      1.49500010    425.72134908    300.00000000      0.99985143      0.08695767     -8.88967629      0.01117513     -8.87850117      0.09391071      0.02114249      0.09057860      0.01415757 md_running
   498    249.00000000    181.76575339      1.48931771    424.90139246    300.00000000      0.99985244      0.08679018     -8.88944202      0.01109034     -8.87835169      0.09635340      0.02106213      0.09292638      0.01452582 md_running
   499    249.50000000    182.01273474      1.48383062    425.17239280    300.00000000      0.99985272      0.08684554     -8.88944059      0.01100877     -8.87843183      0.09691378      0.02098453      0.09335668      0.01461030 md_running
   500    250.00000000    182.25242711      1.47855171    426.57879088    300.00000000      0.99985198      0.08713281     -8.88968324      0.01093058     -8.87875266      0.09513936      0.02090988      0.09139148      0.01434280 md_running
   501    250.50000000    182.49679662      1.47349016    428.54283579    300.00000000      0.99985046      0.08753398     -8.89004936      0.01085587     -8.87919349      0.09180749      0.02083830      0.08782480      0.01384050 md_running
   502    251.00000000    182.74308523      1.46865145    430.07090345    300.00000000      0.99984887      0.08784611     -8.89033023      0.01078469     -8.87954555      0.08870326      0.02076987      0.08451261      0.01337252 md_running
   503    251.50000000    182.99873174      1.46403736    430.17516839    300.00000000      0.99984808      0.08786740     -8.89031821      0.01071703     -8.87960118      0.08767938      0.02070461      0.08340427      0.01321816 md_running
   504    252.00000000    183.24553774      1.45964653    428.27894510    300.00000000      0.99984877      0.08748008     -8.88989258      0.01065284     -8.87923974      0.08953031      0.02064252      0.08533650      0.01349720 md_running
   505    252.50000000    183.49670649      1.45547532    424.39927922    300.00000000      0.99985118      0.08668762     -8.88905766      0.01059204     -8.87846561      0.09368371      0.02058353      0.08968830      0.01412335 md_running
   506    253.00000000    183.73593191      1.45151837    419.08433196    300.00000000      0.99985513      0.08560199     -8.88792753      0.01053453     -8.87739301      0.09885159      0.02052757      0.09508764      0.01490244 md_running
   507    253.50000000    183.98664800      1.44776910    413.20050579    300.00000000      0.99986005      0.08440017     -8.88668291      0.01048018     -8.87620274      0.10371801      0.02047455      0.10015909      0.01563608 md_running
   508    254.00000000    184.24136089      1.44421986    407.65829553    300.00000000      0.99986521      0.08326812     -8.88551286      0.01042885     -8.87508401      0.10726619      0.02042435      0.10385901      0.01617099 md_running
   509    254.50000000    184.49237053      1.44086186    403.15151624    300.00000000      0.99986982      0.08234756     -8.88456138      0.01038041     -8.87418096      0.10891006      0.02037686      0.10559480      0.01641881 md_running
   510    255.00000000    184.74651719      1.43768514    399.98211359    300.00000000      0.99987337      0.08170018     -8.88389071      0.01033469     -8.87355602      0.10855360      0.02033194      0.10527344      0.01636507 md_running
   511    255.50000000    185.00232241      1.43467893    398.02348886    300.00000000      0.99987572      0.08130011     -8.88347357      0.01029152     -8.87318206      0.10659105      0.02028942      0.10330120      0.01606921 md_running
   512    256.00000000    185.25714732      1.43183197    396.82956057    300.00000000      0.99987711      0.08105624     -8.88321642      0.01025071     -8.87296571      0.10371867      0.02024916      0.10039384      0.01563618 md_running
   513    256.50000000    185.51888707      1.42913269    395.81839942    300.00000000      0.99987806      0.08084970     -8.88299807      0.01021210     -8.87278597      0.10064894      0.02021099      0.09728731      0.01517340 md_running
   514    257.00000000    185.77571179      1.42656890    394.44220341    300.00000000      0.99987911      0.08056860     -8.88270485      0.01017549     -8.87252936      0.09796065      0.02017473      0.09458139      0.01476812 md_running
   515    257.50000000    186.02898163      1.42412780    392.30062602    300.00000000      0.99988075      0.08013116     -8.88225425      0.01014070     -8.87211355      0.09611171      0.02014021      0.09274972      0.01448939 md_running
   516    258.00000000    186.27777116      1.42179646    389.19923641    300.00000000      0.99988329      0.07949768     -8.88160562      0.01010753     -8.87149809      0.09551508      0.02010724      0.09222267      0.01439944 md_running
   517    258.50000000    186.53099052      1.41956171    385.19241936    300.00000000      0.99988684      0.07867925     -8.88076908      0.01007578     -8.87069331      0.09649385      0.02007563      0.09333473      0.01454700 md_running
   518    259.00000000    186.79187559      1.41740995    380.62290948    300.00000000      0.99989126      0.07774588     -8.87981414      0.01004525     -8.86976889      0.09903251      0.02004520      0.09606483      0.01492971 md_running
   519    259.50000000    187.04498760      1.41532656    376.12117302    300.00000000      0.99989609      0.07682636     -8.87887045      0.01001575     -8.86885471      0.10247560      0.02001574      0.09972794      0.01544878 md_running
   520    260.00000000    187.28923879      1.41329572    372.48378081    300.00000000      0.99990056      0.07608338     -8.87810453      0.00998702     -8.86811750      0.10554397      0.01998702      0.10300636      0.01591135 md_running
   521    260.50000000    187.53169762      1.41130011    370.38484596    300.00000000      0.99990376      0.07565466     -8.87765895      0.00995884     -8.86770011      0.10693838      0.01995880      0.10457622      0.01612157 md_running
   522    261.00000000    187.77066674      1.40932075    370.04359899    300.00000000      0.99990507      0.07558495     -8.87758104      0.00993092     -8.86765012      0.10611194      0.01993081      0.10388939      0.01599698 md_running
   523    261.50000000    188.02214381      1.40733689    371.06786721    300.00000000      0.99990456      0.07579417     -8.87778856      0.00990299     -8.86788557      0.10367522      0.01990275      0.10157745      0.01562963 md_running
   524    262.00000000    188.27304670      1.40532589    372.60885686    300.00000000      0.99990296      0.07610893     -8.87810238      0.00987470     -8.86822768      0.10113098      0.01987431      0.09917693      0.01524607 md_running
   525    262.50000000    188.52438123      1.40326344    373.74743850    300.00000000      0.99990135      0.07634150     -8.87832923      0.00984574     -8.86848349      0.09996841      0.01984514      0.09820386      0.01507081 md_running
   526    263.00000000    188.77350485      1.40112368    373.86757383    300.00000000      0.99990059      0.07636604     -8.87834082      0.00981574     -8.86852508      0.10073610      0.01981488      0.09920582      0.01518654 md_running
   527    263.50000000    189.02589508      1.39887955    372.82169539    300.00000000      0.99990111      0.07615241     -8.87810686      0.00978432     -8.86832254      0.10293700      0.01978314      0.10166067      0.01551834 md_running
   528    264.00000000    189.27707164      1.39650333    370.89615853    300.00000000      0.99990280      0.07575910     -8.87768741      0.00975111     -8.86793630      0.10562158      0.01974954      0.10459441      0.01592305 md_running
   529    264.50000000    189.53140108      1.39396704    368.67464312    300.00000000      0.99990520      0.07530533     -8.87720344      0.00971572     -8.86748772      0.10786651      0.01971367      0.10706965      0.01626149 md_running
   530    265.00000000    189.78215003      1.39124308    366.85186781    300.00000000      0.99990757      0.07493301     -8.87679923      0.00967779     -8.86712144      0.10894548      0.01967515      0.10835779      0.01642415 md_running
   531    265.50000000    190.03073117      1.38830452    366.03418939    300.00000000      0.99990914      0.07476599     -8.87660048      0.00963695     -8.86696353      0.10835451      0.01963359      0.10795736      0.01633506 md_running
   532    266.00000000    190.27639616      1.38512559    366.55215511    300.00000000      0.99990934      0.07487179     -8.87667666      0.00959286     -8.86708379      0.10591191      0.01958863      0.10569640      0.01596682 md_running
   533    266.50000000    190.52159971      1.38168155    368.34579036    300.00000000      0.99990799      0.07523816     -8.87701501      0.00954522     -8.86746979      0.10191486      0.01953993      0.10187774      0.01536424 md_running
   534    267.00000000    190.76981461      1.37794916    370.98404926    300.00000000      0.99990543      0.07577705     -8.87752551      0.00949372     -8.86803179      0.09709308      0.01948714      0.09723903      0.01463733 md_running
   535    267.50000000    191.02147310      1.37390663    373.80443645    300.00000000      0.99990231      0.07635314     -8.87807021      0.00943810     -8.86863212      0.09238418      0.01942997      0.09271810      0.01392744 md_running
   536    268.00000000    191.25682072      1.36953388    376.09844192    300.00000000      0.99989943      0.07682171     -8.87850203      0.00937812     -8.86912392      0.08872322      0.01936813      0.08924540      0.01337553 md_running
   537    268.50000000    191.50302623      1.36481246    377.27570836    300.00000000      0.99989750      0.07706218     -8.87869832      0.00931357     -8.86938476      0.08688231      0.01930136      0.08758319      0.01309800 md_running
   538    269.00000000    191.75365177      1.35972521    376.98646297    300.00000000      0.99989699      0.07700310     -8.87858637      0.00924426     -8.86934210      0.08739620      0.01922942      0.08825082      0.01317547 md_running
   539    269.50000000    192.00648396      1.35425613    375.20765231    300.00000000      0.99989811      0.07663976     -8.87816005      0.00917005     -8.86899000      0.09040756      0.01915207      0.09138113      0.01362945 md_running
   540    270.00000000    192.25624199      1.34838999    372.29271807    300.00000000      0.99990071      0.07604436     -8.87749148      0.00909078     -8.86840070      0.09543364      0.01906911      0.09649143      0.01438716 md_running
   541    270.50000000    192.50822116      1.34211227    368.94177576    300.00000000      0.99990427      0.07535990     -8.87672529      0.00900633     -8.86771897      0.10129852      0.01898033      0.10241828      0.01527133 md_running
   542    271.00000000    192.76112176      1.33540917    366.02815087    300.00000000      0.99990789      0.07476476     -8.87604414      0.00891659     -8.86712755      0.10642982      0.01888554      0.10760670      0.01604490 md_running
   543    271.50000000    193.01283382      1.32826791    364.27799118    300.00000000      0.99991062      0.07440727     -8.87560137      0.00882148     -8.86677989      0.10955978      0.01878454      0.11080313      0.01651676 md_running
   544    272.00000000    193.25478932      1.32067695    363.94731059    300.00000000      0.99991178      0.07433973     -8.87545094      0.00872094     -8.86673000      0.11035880      0.01867719      0.11168250      0.01663721 md_running
   545    272.50000000    193.50430240      1.31262634    364.71380341    300.00000000      0.99991141      0.07449629     -8.87552452      0.00861494     -8.86690958      0.10956537      0.01856334      0.11097538      0.01651760 md_running
   546    273.00000000    193.75686805      1.30410825    365.86912655    300.00000000      0.99991016      0.07473228     -8.87567228      0.00850349     -8.86716879      0.10850777      0.01844288      0.10999132      0.01635816 md_running
   547    273.50000000    194.01104854      1.29511771    366.68948239    300.00000000      0.99990892      0.07489984     -8.87574214      0.00838665     -8.86735549      0.10820988      0.01831573      0.10973435      0.01631325 md_running
   548    274.00000000    194.26052234      1.28565353    366.73958997    300.00000000      0.99990839      0.07491008     -8.87564455      0.00826453     -8.86738002      0.10877822      0.01818189      0.11030340      0.01639893 md_running
   549    274.50000000    194.51293557      1.27571916    365.94954679    300.00000000      0.99990882      0.07474870     -8.87536681      0.00813730     -8.86722951      0.10966289      0.01804139      0.11115200      0.01653230 md_running
   550    275.00000000    194.75113020      1.26532348    364.52964050    300.00000000      0.99991012      0.07445867     -8.87495334      0.00800522     -8.86694812      0.11032546      0.01789438      0.11174632      0.01663219 md_running
   551    275.50000000    194.98876788      1.25448150    362.86433486    300.00000000      0.99991195      0.07411852     -8.87448351      0.00786862     -8.86661490      0.11060084      0.01774105      0.11192180      0.01667370 md_running
   552    276.00000000    195.23053978      1.24321474    361.45664924    300.00000000      0.99991381      0.07383099     -8.87406069      0.00772791     -8.86633277      0.11056418      0.01758171      0.11175281      0.01666818 md_running
   553    276.50000000    195.48064181      1.23155122    360.88603116    300.00000000      0.99991507      0.07371443     -8.87380516      0.00758359     -8.86622156      0.11018436      0.01741676      0.11120885      0.01661092 md_running
   554    277.00000000    195.73317492      1.21952542    361.70084900    300.00000000      0.99991503      0.07388087     -8.87383229      0.00743621     -8.86639608      0.10917138      0.01724669      0.11000437      0.01645820 md_running
   555    277.50000000    195.98214941      1.20717774    364.23450661    300.00000000      0.99991315      0.07439839     -8.87421337      0.00728639     -8.86692698      0.10719981      0.01707207      0.10781791      0.01616098 md_running
   556    278.00000000    196.22680204      1.19455371    368.44217232    300.00000000      0.99990930      0.07525785     -8.87494094      0.00713479     -8.86780614      0.10422842      0.01689354      0.10460697      0.01571303 md_running
   557    278.50000000    196.48197876      1.18170320    373.86540384    300.00000000      0.99990386      0.07636559     -8.87592057      0.00698211     -8.86893846      0.10065496      0.01671181      0.10076606      0.01517431 md_running
   558    279.00000000    196.73388280      1.16867947    379.74287099    300.00000000      0.99989763      0.07756612     -8.87699518      0.00682906     -8.87016612      0.09728725      0.01652762      0.09710500      0.01466660 md_running
   559    279.50000000    196.98048735      1.15553804    385.22662141    300.00000000      0.99989157      0.07868623     -8.87798855      0.00667634     -8.87131221      0.09514764      0.01634178      0.09465833      0.01434405 md_running
   560    280.00000000    197.21987942      1.14233546    389.62968512    300.00000000      0.99988648      0.07958560     -8.87875868      0.00652465     -8.87223403      0.09513325      0.01615506      0.09434898      0.01434188 md_running
   561    280.50000000    197.47009472      1.12912830    392.62829010    300.00000000      0.99988281      0.08019809     -8.87923775      0.00637465     -8.87286309      0.09762657      0.01596829      0.09658710      0.01471776 md_running
   562    281.00000000    197.71076997      1.11597238    394.37683849    300.00000000      0.99988058      0.08055525     -8.87945821      0.00622697     -8.87323124      0.10218007      0.01578223      0.10094352      0.01540423 md_running
   563    281.50000000    197.96299174      1.10292152    395.48073660    300.00000000      0.99987936      0.08078073     -8.87954640      0.00608218     -8.87346422      0.10756469      0.01559767      0.10618005      0.01621599 md_running
   564    282.00000000    198.21547612      1.09002694    396.79804761    300.00000000      0.99987837      0.08104981     -8.87968303      0.00594079     -8.87374224      0.11215953      0.01541531      0.11065328      0.01690868 md_running
   565    282.50000000    198.47141329      1.07733652    399.09229631    300.00000000      0.99987676      0.08151843     -8.88002971      0.00580327     -8.87422644      0.11466550      0.01523584      0.11304047      0.01728647 md_running
   566    283.00000000    198.71442432      1.06489453    402.68537840    300.00000000      0.99987400      0.08225235     -8.88065474      0.00567000     -8.87498474      0.11470829      0.01505988      0.11295309      0.01729292 md_running
   567    283.50000000    198.95838751      1.05274172    407.33853262    300.00000000      0.99987010      0.08320280     -8.88150669      0.00554133     -8.87596536      0.11297764      0.01488802      0.11108214      0.01703202 md_running
   568    284.00000000    199.20920253      1.04091550    412.43646221    300.00000000      0.99986558      0.08424410     -8.88245577      0.00541753     -8.87703825      0.11080211      0.01472077      0.10877032      0.01670405 md_running
   569    284.50000000    199.46226837      1.02945035    417.32605729    300.00000000      0.99986109      0.08524285     -8.88336528      0.00529884     -8.87806644      0.10931281      0.01455863      0.10716547      0.01647953 md_running
   570    285.00000000    199.71310537      1.01837851    421.57874404    300.00000000      0.99985711      0.08611150     -8.88414700      0.00518547     -8.87896152      0.10880017      0.01440205      0.10656302      0.01640224 md_running
   571    285.50000000    199.96055454      1.00773064    425.05338397    300.00000000      0.99985385      0.08682123     -8.88477363      0.00507761     -8.87969603      0.10884653      0.01425146      0.10653609      0.01640923 md_running
   572    286.00000000    200.20721020      0.99753621    427.79789281    300.00000000      0.99985128      0.08738182     -8.88525660      0.00497539     -8.88028120      0.10898013      0.01410729      0.10660068      0.01642937 md_running
   573    286.50000000    200.44509811      0.98782395    429.95801157    300.00000000      0.99984930      0.08782305     -8.88562541      0.00487898     -8.88074643      0.10912735      0.01396994      0.10667955      0.01645157 md_running
   574    287.00000000    200.69855404      0.97862203    431.77628937    300.00000000      0.99984773      0.08819445     -8.88592870      0.00478851     -8.88114020      0.10949832      0.01383981      0.10698683      0.01650749 md_running
   575    287.50000000    200.95341264      0.96995806    433.63761910    300.00000000      0.99984631      0.08857464     -8.88624519      0.00470409     -8.88154110      0.11010623      0.01371728      0.10753650      0.01659914 md_running
   576    288.00000000    201.20488977      0.96185888    436.05355899    300.00000000      0.99984469      0.08906812     -8.88668165      0.00462586     -8.88205579      0.11045843      0.01360274      0.10782513      0.01665224 md_running
   577    288.50000000    201.45217061      0.95435014    439.49753444    300.00000000      0.99984244      0.08977159     -8.88733865      0.00455392     -8.88278473      0.10980907      0.01349655      0.10708857      0.01655434 md_running
   578    289.00000000    201.70452533      0.94745584    444.16481950    300.00000000      0.99983930      0.09072492     -8.88825865      0.00448836     -8.88377029      0.10768203      0.01339905      0.10483623      0.01623368 md_running
   579    289.50000000    201.96014009      0.94119782    449.81294442    300.00000000      0.99983531      0.09187861     -8.88939221      0.00442927     -8.88496295      0.10423200      0.01331055      0.10122081      0.01571356 md_running
   580    290.00000000    202.21032311      0.93559524    455.79899588    300.00000000      0.99983090      0.09310132     -8.89060482      0.00437669     -8.88622813      0.10026311      0.01323131      0.09706284      0.01511523 md_running
   581    290.50000000    202.46629588      0.93066418    461.30672120    300.00000000      0.99982664      0.09422632     -8.89172580      0.00433068     -8.88739512      0.09690922      0.01316158      0.09353309      0.01460962 md_running
   582    291.00000000    202.72064919      0.92641716    465.64462679    300.00000000      0.99982310      0.09511238     -8.89261029      0.00429124     -8.88831905      0.09516835      0.01310152      0.09167415      0.01434717 md_running
   583    291.50000000    202.96929189      0.92286285    468.49555361    300.00000000      0.99982061      0.09569471     -8.89319167      0.00425838     -8.88893329      0.09545161      0.01305125      0.09192281      0.01438987 md_running
   584    292.00000000    203.21002872      0.92000611    470.02827340    300.00000000      0.99981917      0.09600778     -8.89350499      0.00423206     -8.88927293      0.09733926      0.01301085      0.09384434      0.01467445 md_running
   585    292.50000000    203.45349290      0.91784829    470.83594242    300.00000000      0.99981847      0.09617276     -8.89367427      0.00421223     -8.88946204      0.09968675      0.01298033      0.09624666      0.01502834 md_running
   586    293.00000000    203.70708382      0.91638768    471.69819758    300.00000000      0.99981801      0.09634888     -8.89386333      0.00419883     -8.88966449      0.10107620      0.01295968      0.09765934      0.01523781 md_running
   587    293.50000000    203.95787731      0.91562018    473.22982191    300.00000000      0.99981726      0.09666173     -8.89420220      0.00419180     -8.89001040      0.10050991      0.01294882      0.09705051      0.01515244 md_running
   588    294.00000000    204.20911282      0.91553972    475.58039259    300.00000000      0.99981595      0.09714186     -8.89472253      0.00419106     -8.89053147      0.09799721      0.01294769      0.09442465      0.01477364 md_running
   589    294.50000000    204.45928182      0.91613898    478.37387260    300.00000000      0.99981417      0.09771245     -8.89534412      0.00419655     -8.89114757      0.09470075      0.01295616      0.09097726      0.01427668 md_running
   590    295.00000000    204.70719904      0.91741004    480.94035017    300.00000000      0.99981233      0.09823668     -8.89592501      0.00420821     -8.89171681      0.09238301      0.01297414      0.08853892      0.01392726 md_running
   591    295.50000000    204.95269189      0.91934504    482.66928900    300.00000000      0.99981088      0.09858983     -8.89633688      0.00422598     -8.89211090      0.09233845      0.01300150      0.08846771      0.01392054 md_running
   592    296.00000000    205.20252164      0.92193652    483.26708039    300.00000000      0.99981012      0.09871194     -8.89651905      0.00424983     -8.89226922      0.09452194      0.01303815      0.09071923      0.01424972 md_running
   593    296.50000000    205.45316566      0.92517757    482.78560586    300.00000000      0.99981011      0.09861359     -8.89648475      0.00427977     -8.89220498      0.09782526      0.01308399      0.09413269      0.01474771 md_running
   594    297.00000000    205.71117518      0.92906161    481.45895704    300.00000000      0.99981073      0.09834261     -8.89628411      0.00431578     -8.89196833      0.10109935      0.01313892      0.09751196      0.01524130 md_running
   595    297.50000000    205.96288192      0.93358187    479.52938186    300.00000000      0.99981180      0.09794847     -8.89596669      0.00435788     -8.89160881      0.10389255      0.01320284      0.10039357      0.01566239 md_running
   596    298.00000000    206.21103282      0.93873072    477.21916917    300.00000000      0.99981321      0.09747659     -8.89557621      0.00440608     -8.89117014      0.10637500      0.01327566      0.10295982      0.01603663 md_running
   597    298.50000000    206.46446772      0.94449884    474.84086974    300.00000000      0.99981479      0.09699080     -8.89517455      0.00446039     -8.89071416      0.10875263      0.01335723      0.10542784      0.01639508 md_running
   598    299.00000000    206.72118644      0.95087444    472.88715158    300.00000000      0.99981630      0.09659174     -8.89486353      0.00452081     -8.89034271      0.11077490      0.01344740      0.10754320      0.01669995 md_running
   599    299.50000000    206.97327054      0.95784237    471.95507195    300.00000000      0.99981734      0.09640135     -8.89476826      0.00458731     -8.89018095      0.11175125      0.01354594      0.10859927      0.01684713 md_running
   600    300.00000000    207.21930991      0.96538344    472.51276340    300.00000000      0.99981751      0.09651526     -8.89498852      0.00465983     -8.89032869      0.11099796      0.01365258      0.10789836      0.01673357 md_running
   601    300.50000000    207.46606020      0.97347381    474.64835224    300.00000000      0.99981659      0.09695148     -8.89554384      0.00473826     -8.89080558      0.10829659      0.01376700      0.10521989      0.01632632 md_running
   602    301.00000000    207.70921694      0.98208461    477.96550414    300.00000000      0.99981470      0.09762904     -8.89635181      0.00482245     -8.89152936      0.10410249      0.01388877      0.10103351      0.01569404 md_running
   603    301.50000000    207.96429402      0.99118170    481.70296711    300.00000000      0.99981228      0.09839245     -8.89725316      0.00491221     -8.89234095      0.09943279      0.01401743      0.09638792      0.01499006 md_running
   604    302.00000000    208.22037631      1.00072565    485.01901782    300.00000000      0.99980991      0.09906979     -8.89807121      0.00500726     -8.89306395      0.09555250      0.01415240      0.09259113      0.01440508 md_running
   605    302.50000000    208.47726365      1.01067213    487.30355403    300.00000000      0.99980808      0.09953642     -8.89867808      0.00510729     -8.89357079      0.09349575      0.01429306      0.09071342      0.01409501 md_running
   606    303.00000000    208.73161869      1.02097221    488.38801651    300.00000000      0.99980703      0.09975794     -8.89903833      0.00521192     -8.89382641      0.09355361      0.01443873      0.09104680      0.01410374 md_running
   607    303.50000000    208.98299467      1.03157298    488.57261078    300.00000000      0.99980669      0.09979564     -8.89921491      0.00532071     -8.89389420      0.09504943      0.01458864      0.09287609      0.01432924 md_running
   608    304.00000000    209.23166524      1.04241826    488.45347149    300.00000000      0.99980675      0.09977131     -8.89933356      0.00543318     -8.89390038      0.09661491      0.01474202      0.09478488      0.01456525 md_running
   609    304.50000000    209.48425422      1.05344940    488.59832925    300.00000000      0.99980680      0.09980089     -8.89951445      0.00554878     -8.89396567      0.09691984      0.01489802      0.09541612      0.01461122 md_running
   610    305.00000000    209.73656852      1.06460626    489.22010846    300.00000000      0.99980655      0.09992790     -8.89980233      0.00566693     -8.89413540      0.09543040      0.01505581      0.09423631      0.01438667 md_running
   611    305.50000000    209.98442536      1.07582834    490.05508693    300.00000000      0.99980604      0.10009845     -8.90014023      0.00578703     -8.89435320      0.09275407      0.01521451      0.09186937      0.01398320 md_running
   612    306.00000000    210.23406350      1.08705595    490.53142227    300.00000000      0.99980555      0.10019575     -8.90040584      0.00590845     -8.89449738      0.09028825      0.01537329      0.08972611      0.01361147 md_running
   613    306.50000000    210.48309333      1.09823138    490.10345671    300.00000000      0.99980548      0.10010833     -8.90048288      0.00603056     -8.89445232      0.08929535      0.01553134      0.08906333      0.01346178 md_running
   614    307.00000000    210.73919829      1.10929997    488.53858599    300.00000000      0.99980610      0.09978869     -8.90032246      0.00615273     -8.89416973      0.08990224      0.01568787      0.08998482      0.01355327 md_running
   615    307.50000000    210.98993396      1.12021097    485.94624128    300.00000000      0.99980743      0.09925918     -8.89994926      0.00627436     -8.89367490      0.09111538      0.01584218      0.09147890      0.01373616 md_running
   616    308.00000000    211.23765429      1.13091834    482.57986931    300.00000000      0.99980935      0.09857157     -8.89941753      0.00639488     -8.89302265      0.09177725      0.01599360      0.09238696      0.01383594 md_running
   617    308.50000000    211.48735878      1.14138124    478.62168421    300.00000000      0.99981172      0.09776307     -8.89876465      0.00651376     -8.89225089      0.09141867      0.01614157      0.09224524      0.01378188 md_running
   618    309.00000000    211.73914058      1.15156448    474.10713823    300.00000000      0.99981448      0.09684093     -8.89799593      0.00663050     -8.89136543      0.09050528      0.01628558      0.09151887      0.01364418 md_running
   619    309.50000000    211.99074635      1.16143862    469.03473937    300.00000000      0.99981768      0.09580484     -8.89710742      0.00674470     -8.89036272      0.08991704      0.01642522      0.09107851      0.01355550 md_running
   620    310.00000000    212.24051330      1.17097993    463.53274069    300.00000000      0.99982131      0.09468101     -8.89612435      0.00685597     -8.88926838      0.09014667      0.01656016      0.09140843      0.01359012 md_running
   621    310.50000000    212.48828134      1.18017011    457.91137483    300.00000000      0.99982524      0.09353279     -8.89511150      0.00696401     -8.88814749      0.09091036      0.01669013      0.09222889      0.01370525 md_running
   622    311.00000000    212.73973089      1.18899586    452.52479384    300.00000000      0.99982922      0.09243253     -8.89414471      0.00706856     -8.88707615      0.09154921      0.01681494      0.09289369      0.01380156 md_running
   623    311.50000000    212.99254569      1.19744837    447.53951263    300.00000000      0.99983302      0.09141424     -8.89325984      0.00716941     -8.88609043      0.09176391      0.01693448      0.09311258      0.01383393 md_running
   624    312.00000000    213.24578222      1.20552265    442.79343685    300.00000000      0.99983661      0.09044481     -8.89242306      0.00726642     -8.88515663      0.09202802      0.01704866      0.09335718      0.01387375 md_running
   625    312.50000000    213.49325470      1.21321686    437.86637491    300.00000000      0.99984023      0.08943841     -8.89154444      0.00735948     -8.88418496      0.09341667      0.01715748      0.09469252      0.01408309 md_running
   626    313.00000000    213.74644045      1.22053170    432.34383049    300.00000000      0.99984426      0.08831037     -8.89053476      0.00744849     -8.88308627      0.09684128      0.01726092      0.09802656      0.01459937 md_running
   627    313.50000000    213.99539904      1.22746980    426.12080555    300.00000000      0.99984899      0.08703926     -8.88937023      0.00753341     -8.88183682      0.10225383      0.01735904      0.10332402      0.01541535 md_running
   628    314.00000000    214.23610123      1.23403523    419.56401164    300.00000000      0.99985435      0.08569997     -8.88812660      0.00761421     -8.88051238      0.10842465      0.01745189      0.10937872      0.01634563 md_running
   629    314.50000000    214.48687976      1.24023300    413.41473488    300.00000000      0.99985989      0.08444392     -8.88696006      0.00769089     -8.87926917      0.11348542      0.01753954      0.11434178      0.01710857 md_running
   630    315.00000000    214.74050222      1.24606861    408.44729743    300.00000000      0.99986487      0.08342928     -8.88603495      0.00776343     -8.87827151      0.11577396      0.01762207      0.11655929      0.01745358 md_running
   631    315.50000000    214.98830193      1.25154764    405.05981696    300.00000000      0.99986864      0.08273735     -8.88543600      0.00783186     -8.87760415      0.11456777      0.01769956      0.11530929      0.01727174 md_running
   632    316.00000000    215.23252319      1.25667540    403.05569379    300.00000000      0.99987102      0.08232799     -8.88512153      0.00789617     -8.87722537      0.11043146      0.01777207      0.11115255      0.01664817 md_running
   633    316.50000000    215.48443657      1.26145643    401.77683784    300.00000000      0.99987239      0.08206677     -8.88495149      0.00795636     -8.87699513      0.10505179      0.01783969      0.10576879      0.01583715 md_running
   634    317.00000000    215.73295918      1.26589399    400.50490271    300.00000000      0.99987347      0.08180697     -8.88477348      0.00801244     -8.87676104      0.10048034      0.01790244      0.10120056      0.01514798 md_running
   635    317.50000000    215.98992245      1.26998962    398.86641887    300.00000000      0.99987481      0.08147229     -8.88450871      0.00806437     -8.87644434      0.09804402      0.01796037      0.09876875      0.01478069 md_running
   636    318.00000000    216.23797918      1.27374272    396.99737799    300.00000000      0.99987653      0.08109052     -8.88418759      0.00811210     -8.87607549      0.09756332      0.01801344      0.09829864      0.01470822 md_running
   637    318.50000000    216.48906538      1.27715001    395.37727714    300.00000000      0.99987829      0.08075960     -8.88391334      0.00815556     -8.87575778      0.09768059      0.01806163      0.09844410      0.01472590 md_running
   638    319.00000000    216.74049038      1.28020533    394.45971614    300.00000000      0.99987957      0.08057218     -8.88378287      0.00819463     -8.87558824      0.09702067      0.01810484      0.09784126      0.01462642 md_running
   639    319.50000000    217.00201851      1.28289947    394.34695544    300.00000000      0.99988004      0.08054915     -8.88381853      0.00822916     -8.87558938      0.09513318      0.01814294      0.09604685      0.01434187 md_running
   640    320.00000000    217.25831119      1.28522009    394.71520585    300.00000000      0.99987982      0.08062437     -8.88395080      0.00825895     -8.87569185      0.09267963      0.01817576      0.09371939      0.01397198 md_running
   641    320.50000000    217.51076098      1.28715183    395.02598750    300.00000000      0.99987939      0.08068785     -8.88406468      0.00828380     -8.87578088      0.09087994      0.01820308      0.09206544      0.01370067 md_running
   642    321.00000000    217.75197097      1.28867657    394.85284671    300.00000000      0.99987927      0.08065248     -8.88406966      0.00830344     -8.87576623      0.09056624      0.01822464      0.09189910      0.01365337 md_running
   643    321.50000000    217.99974889      1.28977384    394.09496056    300.00000000      0.99987973      0.08049767     -8.88394523      0.00831758     -8.87562765      0.09156694      0.01824016      0.09303904      0.01380424 md_running
   644    322.00000000    218.25037526      1.29042156    392.95161224    300.00000000      0.99988071      0.08026414     -8.88373491      0.00832594     -8.87540897      0.09296021      0.01824932      0.09456649      0.01401428 md_running
   645    322.50000000    218.50176379      1.29059692    391.71178152    300.00000000      0.99988191      0.08001089     -8.88350066      0.00832820     -8.87517246      0.09385596      0.01825180      0.09559658      0.01414932 md_running
   646    323.00000000    218.75599058      1.29027769    390.53005601    300.00000000      0.99988310      0.07976951     -8.88327494      0.00832408     -8.87495086      0.09405561      0.01824728      0.09592702      0.01417942 md_running
   647    323.50000000    219.01297321      1.28944348    389.35547599    300.00000000      0.99988423      0.07952959     -8.88304505      0.00831332     -8.87473172      0.09412432      0.01823548      0.09610451      0.01418978 md_running
   648    324.00000000    219.27178262      1.28807711    388.05548905    300.00000000      0.99988543      0.07926405     -8.88278059      0.00829571     -8.87448487      0.09485105      0.01821616      0.09689218      0.01429933 md_running
   649    324.50000000    219.52466857      1.28616590    386.62398796    300.00000000      0.99988680      0.07897166     -8.88247836      0.00827111     -8.87420724      0.09645610      0.01818913      0.09849719      0.01454130 md_running
   650    325.00000000    219.76886442      1.28370291    385.29193377    300.00000000      0.99988825      0.07869957     -8.88218695      0.00823947     -8.87394748      0.09818881      0.01815430      0.10018078      0.01480252 md_running
   651    325.50000000    220.01657943      1.28068790    384.41809802    300.00000000      0.99988944      0.07852108     -8.88198377      0.00820081     -8.87378296      0.09873211      0.01811166      0.10064873      0.01488443 md_running
   652    326.00000000    220.26329717      1.27712804    384.21640247    300.00000000      0.99988999      0.07847988     -8.88191627      0.00815528     -8.87376099      0.09704845      0.01806132      0.09887690      0.01463060 md_running
   653    326.50000000    220.50973232      1.27303855    384.52051095    300.00000000      0.99988987      0.07854200     -8.88195137      0.00810314     -8.87384824      0.09306435      0.01800348      0.09478555      0.01402998 md_running
   654    327.00000000    220.75514263      1.26844295    384.77375927    300.00000000      0.99988945      0.07859373     -8.88197182      0.00804474     -8.87392708      0.08788228      0.01793849      0.08944879      0.01324875 md_running
   655    327.50000000    221.00671561      1.26337297    384.28087722    300.00000000      0.99988944      0.07849305     -8.88183090      0.00798056     -8.87385034      0.08345002      0.01786679      0.08477462      0.01258056 md_running
   656    328.00000000    221.24598026      1.25786783    382.57574767    300.00000000      0.99989051      0.07814477     -8.88143013      0.00791116     -8.87351897      0.08163669      0.01778894      0.08261133      0.01230719 md_running
   657    328.50000000    221.48475390      1.25197318    379.69081170    300.00000000      0.99989292      0.07755549     -8.88077587      0.00783718     -8.87293868      0.08307426      0.01770557      0.08362680      0.01252392 md_running
   658    329.00000000    221.72921091      1.24573930    376.18193051    300.00000000      0.99989639      0.07683877     -8.87998569      0.00775933     -8.87222636      0.08668554      0.01761741      0.08680938      0.01306834 md_running
   659    329.50000000    221.97777555      1.23921936    372.88888465    300.00000000      0.99990017      0.07616613     -8.87923731      0.00767832     -8.87155899      0.09045316      0.01752521      0.09018184      0.01363633 md_running
   660    330.00000000    222.23147238      1.23246739    370.53064236    300.00000000      0.99990332      0.07568444     -8.87868348      0.00759488     -8.87108860      0.09268354      0.01742972      0.09205189      0.01397257 md_running
   661    330.50000000    222.48270476      1.22553627    369.33974328    300.00000000      0.99990524      0.07544118     -8.87837462      0.00750970     -8.87086492      0.09275717      0.01733170      0.09178601      0.01398367 md_running
   662    331.00000000    222.72631584      1.21847592    368.94343948    300.00000000      0.99990597      0.07536024     -8.87823243      0.00742342     -8.87080901      0.09126018      0.01723185      0.08996607      0.01375799 md_running
   663    331.50000000    222.96202886      1.21133166    368.55505125    300.00000000      0.99990622      0.07528090     -8.87809157      0.00733662     -8.87075495      0.08958268      0.01713082      0.08800112      0.01350510 md_running
   664    332.00000000    223.20645162      1.20414272    367.36189909    300.00000000      0.99990694      0.07503719     -8.87778129      0.00724980     -8.87053149      0.08914559      0.01702915      0.08735013      0.01343920 md_running
   665    332.50000000    223.45683329      1.19694106    364.88887875    300.00000000      0.99990893      0.07453205     -8.87720272      0.00716334     -8.87003938      0.09058224      0.01692730      0.08867581      0.01365579 md_running
   666    333.00000000    223.71332859      1.18975055    361.14961434    300.00000000      0.99991248      0.07376827     -8.87636031      0.00707753     -8.86928278      0.09354964      0.01682561      0.09163246      0.01410314 md_running
   667    333.50000000    223.96595491      1.18258643    356.55753473    300.00000000      0.99991738      0.07283030     -8.87534169      0.00699255     -8.86834914      0.09723554      0.01672430      0.09538353      0.01465881 md_running
   668    334.00000000    224.21568015      1.17545522    351.70120307    300.00000000      0.99992308      0.07183834     -8.87426968      0.00690847     -8.86736121      0.10104309      0.01662345      0.09930950      0.01523282 md_running
   669    334.50000000    224.46291577      1.16835488    347.14613077    300.00000000      0.99992889      0.07090793     -8.87326044      0.00682527     -8.86643517      0.10484916      0.01652303      0.10327529      0.01580661 md_running
   670    335.00000000    224.71896127      1.16127534    343.37337150    300.00000000      0.99993416      0.07013730     -8.87241147      0.00674280     -8.86566867      0.10866538      0.01642291      0.10728196      0.01638192 md_running
   671    335.50000000    224.96212011      1.15419944    340.81169284    300.00000000      0.99993827      0.06961406     -8.87180997      0.00666088     -8.86514909      0.11209385      0.01632284      0.11091770      0.01689878 md_running
   672    336.00000000    225.20478632      1.14710398    339.82312927    300.00000000      0.99994064      0.06941213     -8.87153209      0.00657924     -8.86495286      0.11418944      0.01622250      0.11322279      0.01721471 md_running
   673    336.50000000    225.45641449      1.13996102    340.55956587    300.00000000      0.99994080      0.06956256     -8.87161168      0.00649756     -8.86511413      0.11393433      0.01612148      0.11317259      0.01717625 md_running
   674    337.00000000    225.70492654      1.13273919    342.76982543    300.00000000      0.99993879      0.07001402     -8.87199894      0.00641549     -8.86558345      0.11093266      0.01601935      0.11037426      0.01672373 md_running
   675    337.50000000    225.94179115      1.12540514    345.73653051    300.00000000      0.99993527      0.07062000     -8.87254444      0.00633268     -8.86621176      0.10584986      0.01591563      0.10550320      0.01595747 md_running
   676    338.00000000    226.19309548      1.11792493    348.46848809    300.00000000      0.99993146      0.07117803     -8.87304039      0.00624878     -8.86679161      0.10035835      0.01580985      0.10024024      0.01512959 md_running
   677    338.50000000    226.44500274      1.11026532    350.08805266    300.00000000      0.99992861      0.07150884     -8.87330139      0.00616345     -8.86713795      0.09657679      0.01570152      0.09669916      0.01455950 md_running
   678    339.00000000    226.68700928      1.10239503    350.21109571    300.00000000      0.99992754      0.07153397     -8.87324583      0.00607637     -8.86716946      0.09603542      0.01559022      0.09638592      0.01447788 md_running
   679    339.50000000    226.93966835      1.09428574    349.14484425    300.00000000      0.99992826      0.07131618     -8.87293678      0.00598731     -8.86694947      0.09875791      0.01547554      0.09929709      0.01488831 md_running
   680    340.00000000    227.18645428      1.08591281    347.82224018    300.00000000      0.99993000      0.07104603     -8.87256867      0.00589603     -8.86667264      0.10322642      0.01535713      0.10390495      0.01556197 md_running
   681    340.50000000    227.44023138      1.07725618    347.47164686    300.00000000      0.99993133      0.07097442     -8.87239908      0.00580240     -8.86659667      0.10724956      0.01523470      0.10802949      0.01616848 md_running
   682    341.00000000    227.69010335      1.06830102    349.12878521    300.00000000      0.99993070      0.07131290     -8.87264581      0.00570634     -8.86693948      0.10902659      0.01510806      0.10988503      0.01643638 md_running
   683    341.50000000    227.93513727      1.05903852    353.20032287    300.00000000      0.99992719      0.07214455     -8.87339484      0.00560781     -8.86778702      0.10779268      0.01497707      0.10871570      0.01625036 md_running
   684    342.00000000    228.18215499      1.04946661    359.29029234    300.00000000      0.99992092      0.07338849     -8.87456336      0.00550690     -8.86905646      0.10397668      0.01484170      0.10494961      0.01567507 md_running
   685    342.50000000    228.42852204      1.03959024    366.37282900    300.00000000      0.99991301      0.07483516     -8.87593646      0.00540374     -8.87053272      0.09896786      0.01470203      0.09996341      0.01491997 md_running
   686    343.00000000    228.67672420      1.02942167    373.21422494    300.00000000      0.99990500      0.07623258     -8.87725603      0.00529854     -8.87195748      0.09455990      0.01455822      0.09552927      0.01425544 md_running
   687    343.50000000    228.92427492      1.01898040    378.82426859    300.00000000      0.99989815      0.07737849     -8.87831634      0.00519161     -8.87312473      0.09224759      0.01441056      0.09312338      0.01390685 md_running
   688    344.00000000    229.17230092      1.00829296    382.74049320    300.00000000      0.99989315      0.07817842     -8.87902261      0.00508327     -8.87393934      0.09267760      0.01425942      0.09339132      0.01397167 md_running
   689    344.50000000    229.41950805      0.99739267    385.08497450    300.00000000      0.99989003      0.07865730     -8.87940158      0.00497396     -8.87442761      0.09553223      0.01410526      0.09603644      0.01440203 md_running
   690    345.00000000    229.66598141      0.98631897    386.44509296    300.00000000      0.99988830      0.07893512     -8.87957597      0.00486413     -8.87471185      0.09986366      0.01394866      0.10013860      0.01505501 md_running
   691    345.50000000    229.91627796      0.97511644    387.66215069    300.00000000      0.99988718      0.07918371     -8.87972111      0.00475426     -8.87496685      0.10460543      0.01379023      0.10464865      0.01576986 md_running
   692    346.00000000    230.16712061      0.96383409    389.60891317    300.00000000      0.99988576      0.07958136     -8.88001835      0.00464488     -8.87537347      0.10876546      0.01363067      0.10858157      0.01639701 md_running
   693    346.50000000    230.41750327      0.95252435    392.98975782    300.00000000      0.99988324      0.08027193     -8.88061448      0.00453651     -8.87607796      0.11144382      0.01347073      0.11103563      0.01680079 md_running
   694    347.00000000    230.67333293      0.94124202    398.16087680    300.00000000      0.99987912      0.08132818     -8.88158491      0.00442968     -8.87715523      0.11191669      0.01331117      0.11127854      0.01687208 md_running
   695    347.50000000    230.92639884      0.93004340    404.99655832    300.00000000      0.99987338      0.08272443     -8.88290557      0.00432490     -8.87858066      0.10987239      0.01315280      0.10898936      0.01656389 md_running
   696    348.00000000    231.17856385      0.91898480    412.86415320    300.00000000      0.99986652      0.08433146     -8.88444608      0.00422267     -8.88022341      0.10566843      0.01299641      0.10451715      0.01593012 md_running
   697    348.50000000    231.42169082      0.90812113    420.77118373    300.00000000      0.99985941      0.08594655     -8.88600020      0.00412342     -8.88187678      0.10039181      0.01284277      0.09894961      0.01513463 md_running
   698    349.00000000    231.65926890      0.89750481    427.66910984    300.00000000      0.99985299      0.08735552     -8.88734911      0.00402757     -8.88332154      0.09560637      0.01269263      0.09387078      0.01441320 md_running
   699    349.50000000    231.89524891      0.88718469    432.80182425    300.00000000      0.99984798      0.08840392     -8.88833517      0.00393548     -8.88439968      0.09282815      0.01254669      0.09084047      0.01399437 md_running
   700    350.00000000    232.13304598      0.87720487    435.95970439    300.00000000      0.99984468      0.08904895     -8.88891431      0.00384744     -8.88506687      0.09284613      0.01240555      0.09069274      0.01399708 md_running
   701    350.50000000    232.37912852      0.86760361    437.56509875    300.00000000      0.99984291      0.08937687     -8.88917413      0.00376368     -8.88541045      0.09532364      0.01226977      0.09310171      0.01437058 md_running
   702    351.00000000    232.62890106      0.85841245    438.56497287    300.00000000      0.99984205      0.08958110     -8.88931163      0.00368436     -8.88562727      0.09890769      0.01213979      0.09668361      0.01491090 md_running
   703    351.50000000    232.87039374      0.84965562    440.13399307    300.00000000      0.99984123      0.08990159     -8.88957261      0.00360957     -8.88596304      0.10176445      0.01201595      0.09955933      0.01534157 md_running
   704    352.00000000    233.11764815      0.84134956    443.24783388    300.00000000      0.99983953      0.09053762     -8.89016239      0.00353935     -8.88662304      0.10232261      0.01189848      0.10012207      0.01542571 md_running
   705    352.50000000    233.36988480      0.83350281    448.27596232    300.00000000      0.99983642      0.09156466     -8.89115943      0.00347363     -8.88768579      0.09981096      0.01178751      0.09758372      0.01504707 md_running
   706    353.00000000    233.62137558      0.82611592    454.78766931    300.00000000      0.99983200      0.09289474     -8.89247432      0.00341234     -8.88906198      0.09454693      0.01168304      0.09226204      0.01425349 md_running
   707    353.50000000    233.87357647      0.81918182    461.68848055    300.00000000      0.99982696      0.09430430     -8.89387774      0.00335529     -8.89052245      0.08788529      0.01158498      0.08553305      0.01324921 md_running
   708    354.00000000    234.12839770      0.81268675    467.62935389    300.00000000      0.99982227      0.09551778     -8.89508738      0.00330230     -8.89178508      0.08183130      0.01149313      0.07945160      0.01233653 md_running
   709    354.50000000    234.37898959      0.80661132    471.47450271    300.00000000      0.99981880      0.09630319     -8.89586623      0.00325311     -8.89261312      0.07832757      0.01140721      0.07602449      0.01180833 md_running
   710    355.00000000    234.62742515      0.80093166    472.64344592    300.00000000      0.99981708      0.09654196     -8.89609330      0.00320746     -8.89288585      0.07839998      0.01132688      0.07630539      0.01181924 md_running
   711    355.50000000    234.88077281      0.79562078    471.24641794    300.00000000      0.99981721      0.09625660     -8.89579116      0.00316506     -8.89262610      0.08169641      0.01125178      0.07989729      0.01231620 md_running
   712    356.00000000    235.13835283      0.79065015    468.00889229    300.00000000      0.99981890      0.09559530     -8.89511075      0.00312564     -8.89198511      0.08688320      0.01118148      0.08539222      0.01309813 md_running
   713    356.50000000    235.39194027      0.78599133    464.04077801    300.00000000      0.99982152      0.09478478     -8.89428177      0.00308891     -8.89119286      0.09246453      0.01111560      0.09124718      0.01393955 md_running
   714    357.00000000    235.64040347      0.78161753    460.54892487    300.00000000      0.99982426      0.09407153     -8.89355412      0.00305463     -8.89049949      0.09720277      0.01105374      0.09620922      0.01465387 md_running
   715    357.50000000    235.88851040      0.77750501    458.53770630    300.00000000      0.99982631      0.09366072     -8.89313673      0.00302257     -8.89011416      0.10018411      0.01099558      0.09936629      0.01510332 md_running
   716    358.00000000    236.13370391      0.77363399    458.53648297    300.00000000      0.99982706      0.09366047     -8.89314009      0.00299255     -8.89014754      0.10086770      0.01094084      0.10018396      0.01520638 md_running
   717    358.50000000    236.37378703      0.76998955    460.44805701    300.00000000      0.99982632      0.09405093     -8.89354426      0.00296442     -8.89057984      0.09919031      0.01088930      0.09860587      0.01495350 md_running
   718    359.00000000    236.62218413      0.76656226    463.56464599    300.00000000      0.99982442      0.09468752     -8.89420256      0.00293809     -8.89126447      0.09572250      0.01084083      0.09520887      0.01443071 md_running
   719    359.50000000    236.87457303      0.76334866    466.76638178    300.00000000      0.99982206      0.09534151     -8.89488181      0.00291351     -8.89196830      0.09168673      0.01079538      0.09122234      0.01382230 md_running
   720    360.00000000    237.11762348      0.76035107    468.86255885    300.00000000      0.99982009      0.09576967     -8.89533357      0.00289067     -8.89244290      0.08871049      0.01075299      0.08828136      0.01337361 md_running
   721    360.50000000    237.36972413      0.75757697    468.95627104    300.00000000      0.99981926      0.09578882     -8.89537082      0.00286961     -8.89250120      0.08827959      0.01071376      0.08787864      0.01330865 md_running
   722    361.00000000    237.61176337      0.75503803    466.71830797    300.00000000      0.99981999      0.09533169     -8.89492431      0.00285041     -8.89207390      0.09107308      0.01067785      0.09069682      0.01372978 md_running
   723    361.50000000    237.86586407      0.75274895    462.50983774    300.00000000      0.99982230      0.09447207     -8.89406803      0.00283315     -8.89123488      0.09654915      0.01064548      0.09619327      0.01455533 md_running
   724    362.00000000    238.10441598      0.75072620    457.31805552    300.00000000      0.99982575      0.09341160     -8.89300706      0.00281795     -8.89018911      0.10316292      0.01061687      0.10281952      0.01555239 md_running
   725    362.50000000    238.34555253      0.74898697    452.48617575    300.00000000      0.99982953      0.09242464     -8.89202154      0.00280491     -8.88921663      0.10896874      0.01059228      0.10862756      0.01642766 md_running
   726    363.00000000    238.59732351      0.74754794    449.28614276    300.00000000      0.99983262      0.09177100     -8.89137788      0.00279414     -8.88858374      0.11226129      0.01057192      0.11191030      0.01692403 md_running
   727    363.50000000    238.85039082      0.74642443    448.45537409    300.00000000      0.99983416      0.09160131     -8.89123142      0.00278575     -8.88844567      0.11212439      0.01055604      0.11175049      0.01690339 md_running
   728    364.00000000    239.09058013      0.74562960    449.89993468    300.00000000      0.99983386      0.09189638     -8.89156322      0.00277982     -8.88878340      0.10871811      0.01054479      0.10830725      0.01638987 md_running
   729    364.50000000    239.33955068      0.74517407    452.73429674    300.00000000      0.99983211      0.09247532     -8.89218800      0.00277642     -8.88941158      0.10323749      0.01053835      0.10277533      0.01556364 md_running
   730    365.00000000    239.58719027      0.74506606    455.63250593    300.00000000      0.99982982      0.09306731     -8.89282793      0.00277562     -8.89005232      0.09752958      0.01053683      0.09700488      0.01470314 md_running
   731    365.50000000    239.83766467      0.74531163    457.31128774    300.00000000      0.99982801      0.09341022     -8.89321619      0.00277745     -8.89043875      0.09350428      0.01054030      0.09291424      0.01409630 md_running
   732    366.00000000    240.08115617      0.74591520    456.93324293    300.00000000      0.99982748      0.09333300     -8.89317753      0.00278195     -8.89039558      0.09253791      0.01054883      0.09189036      0.01395061 md_running
   733    366.50000000    240.32818931      0.74688025    454.32466358    300.00000000      0.99982858      0.09280017     -8.89267673      0.00278915     -8.88988758      0.09496802      0.01056248      0.09427802      0.01431697 md_running
   734    367.00000000    240.58051514      0.74820988    450.00119187    300.00000000      0.99983121      0.09191706     -8.89182076      0.00279909     -8.88902167      0.10001228      0.01058129      0.09929286      0.01507742 md_running
   735    367.50000000    240.83088498      0.74990701    445.00636459    300.00000000      0.99983483      0.09089682     -8.89082628      0.00281180     -8.88801448      0.10623107      0.01060529      0.10548371      0.01601494 md_running
   736    368.00000000    241.08617993      0.75197516    440.60863803    300.00000000      0.99983856      0.08999854     -8.88995744      0.00282733     -8.88713011      0.11208437      0.01063453      0.11130144      0.01689735 md_running
   737    368.50000000    241.34170210      0.75441865    437.93967371    300.00000000      0.99984143      0.08945338     -8.88945023      0.00284574     -8.88660449      0.11630011      0.01066909      0.11546502      0.01753290 md_running
   738    369.00000000    241.59316760      0.75724303    437.65683353    300.00000000      0.99984263      0.08939561     -8.88944201      0.00286709     -8.88657492      0.11812623      0.01070903      0.11721699      0.01780820 md_running
   739    369.50000000    241.82795688      0.76045524    439.73937732    300.00000000      0.99984187      0.08982098     -8.88992939      0.00289146     -8.88703793      0.11747815      0.01075446      0.11646859      0.01771050 md_running
   740    370.00000000    242.06675365      0.76406378    443.49124531    300.00000000      0.99983947      0.09058734     -8.89076793      0.00291897     -8.88784897      0.11493592      0.01080549      0.11380055      0.01732724 md_running
   741    370.50000000    242.31745880      0.76807852    447.75904587    300.00000000      0.99983623      0.09145908     -8.89171697      0.00294972     -8.88876725      0.11160463      0.01086227      0.11032402      0.01682503 md_running
   742    371.00000000    242.57025626      0.77251048    451.31174310    300.00000000      0.99983315      0.09218475     -8.89251991      0.00298386     -8.88953605      0.10879657      0.01092495      0.10736555      0.01640170 md_running
   743    371.50000000    242.82310494      0.77737167    453.21480491    300.00000000      0.99983104      0.09257347     -8.89298278      0.00302153     -8.88996124      0.10762111      0.01099370      0.10605491      0.01622449 md_running
   744    372.00000000    243.07652407      0.78267471    453.08540846    300.00000000      0.99983039      0.09254704     -8.89302544      0.00306290     -8.88996254      0.10863546      0.01106869      0.10696684      0.01637741 md_running
   745    372.50000000    243.32817693      0.78843243    451.20784278    300.00000000      0.99983120      0.09216353     -8.89270650      0.00310813     -8.88959837      0.11160681      0.01115012      0.10987263      0.01682536 md_running
   746    373.00000000    243.57434383      0.79465734    448.47287410    300.00000000      0.99983306      0.09160489     -8.89221092      0.00315740     -8.88905352      0.11557313      0.01123815      0.11379719      0.01742331 md_running
   747    373.50000000    243.83060751      0.80136134    446.13600881    300.00000000      0.99983514      0.09112756     -8.89180039      0.00321090     -8.88858949      0.11913803      0.01133296      0.11732366      0.01796073 md_running
   748    374.00000000    244.08712260      0.80855509    445.43287705    300.00000000      0.99983644      0.09098394     -8.89173361      0.00326881     -8.88846480      0.12089831      0.01143470      0.11902961      0.01822611 md_running
   749    374.50000000    244.32983071      0.81624709    447.15239417    300.00000000      0.99983612      0.09133516     -8.89217649      0.00333130     -8.88884519      0.11994211      0.01154348      0.11798809      0.01808195 md_running
   750    375.00000000    244.57974800      0.82444321    451.33213668    300.00000000      0.99983386      0.09218892     -8.89313834      0.00339853     -8.88973980      0.11617566      0.01165939      0.11409879      0.01751414 md_running
   751    375.50000000    244.81949709      0.83314617    457.21608011    300.00000000      0.99983001      0.09339077     -8.89446157      0.00347066     -8.89099091      0.11039266      0.01178247      0.10815946      0.01664232 md_running
   752    376.00000000    245.07094668      0.84235519    463.51480610    300.00000000      0.99982545      0.09467734     -8.89587666      0.00354781     -8.89232885      0.10405746      0.01191270      0.10165545      0.01568725 md_running
   753    376.50000000    245.32200650      0.85206570    468.85279329    300.00000000      0.99982122      0.09576768     -8.89709758      0.00363008     -8.89346750      0.09886010      0.01205003      0.09631934      0.01490372 md_running
   754    377.00000000    245.56874076      0.86226884    472.17944100    300.00000000      0.99981816      0.09644718     -8.89790570      0.00371754     -8.89418816      0.09616364      0.01219432      0.09356528      0.01449721 md_running
   755    377.50000000    245.80829539      0.87295104    473.04542791    300.00000000      0.99981674      0.09662406     -8.89820731      0.00381022     -8.89439709      0.09651932      0.01234539      0.09397311      0.01455084 md_running
   756    378.00000000    246.05989896      0.88409376    471.72086962    300.00000000      0.99981697      0.09635351     -8.89805798      0.00390811     -8.89414987      0.09937022      0.01250297      0.09696672      0.01498062 md_running
   757    378.50000000    246.31120779      0.89567338    469.11418927    300.00000000      0.99981844      0.09582107     -8.89764665      0.00401115     -8.89363550      0.10332643      0.01266673      0.10110859      0.01557705 md_running
   758    379.00000000    246.56374613      0.90766125    466.50185230    300.00000000      0.99982039      0.09528748     -8.89723879      0.00411924     -8.89311955      0.10673993      0.01283627      0.10470933      0.01609165 md_running
   759    379.50000000    246.81534054      0.92002364    465.12621194    300.00000000      0.99982190      0.09500649     -8.89709370      0.00423222     -8.89286149      0.10822325      0.01301110      0.10635924      0.01631527 md_running
   760    380.00000000    247.06732382      0.93272219    465.80312428    300.00000000      0.99982221      0.09514476     -8.89738172      0.00434985     -8.89303187      0.10700449      0.01319068      0.10528126      0.01613153 md_running
   761    380.50000000    247.32209715      0.94571473    468.66658769    300.00000000      0.99982096      0.09572964     -8.89813071      0.00447188     -8.89365882      0.10309232      0.01337443      0.10149117      0.01554175 md_running
   762    381.00000000    247.57201291      0.95895620    473.13868726    300.00000000      0.99981834      0.09664311     -8.89921980      0.00459798     -8.89462181      0.09723050      0.01356169      0.09574835      0.01465805 md_running
   763    381.50000000    247.82606755      0.97239966    478.14315764    300.00000000      0.99981502      0.09766533     -8.90042404      0.00472781     -8.89569623      0.09073496      0.01375181      0.08939138      0.01367881 md_running
   764    382.00000000    248.08666196      0.98599720    482.45573881    300.00000000      0.99981182      0.09854621     -8.90148860      0.00486095     -8.89662765      0.08525999      0.01394411      0.08410081      0.01285343 md_running
   765    382.50000000    248.33858566      0.99970091    485.05012392    300.00000000      0.99980950      0.09907614     -8.90219986      0.00499701     -8.89720285      0.08242804      0.01413791      0.08151602      0.01242649 md_running
   766    383.00000000    248.58654220      1.01346342    485.36069614    300.00000000      0.99980854      0.09913958     -8.90243932      0.00513554     -8.89730378      0.08326621      0.01433254      0.08265307      0.01255285 md_running
   767    383.50000000    248.84057592      1.02723813    483.43883732    300.00000000      0.99980910      0.09874702     -8.90221601      0.00527609     -8.89693991      0.08761971      0.01452734      0.08731370      0.01320917 md_running
   768    384.00000000    249.09136070      1.04097976    479.97574153    300.00000000      0.99981094      0.09803965     -8.90167219      0.00541819     -8.89625400      0.09416294      0.01472168      0.09412535      0.01419560 md_running
   769    384.50000000    249.34251027      1.05464603    476.14032694    300.00000000      0.99981348      0.09725623     -8.90105079      0.00556139     -8.89548939      0.10091294      0.01491495      0.10108642      0.01521320 md_running
   770    385.00000000    249.58852470      1.06819974    473.22615745    300.00000000      0.99981586      0.09666098     -8.90062142      0.00570525     -8.89491617      0.10589069      0.01510663      0.10622974      0.01596362 md_running
   771    385.50000000    249.83280361      1.08160924    472.21627690    300.00000000      0.99981726      0.09645470     -8.90059045      0.00584939     -8.89474105      0.10769859      0.01529626      0.10817232      0.01623617 md_running
   772    386.00000000    250.08635244      1.09484926    473.40716154    300.00000000      0.99981719      0.09669795     -8.90102027      0.00599347     -8.89502680      0.10587332      0.01548351      0.10646057      0.01596100 md_running
   773    386.50000000    250.33647700      1.10790179    476.26534095    300.00000000      0.99981572      0.09728176     -8.90179944      0.00613723     -8.89566221      0.10099756      0.01566810      0.10167883      0.01522595 md_running
   774    387.00000000    250.59028528      1.12075664    479.60793110    300.00000000      0.99981350      0.09796452     -8.90268106      0.00628048     -8.89640058      0.09452472      0.01584989      0.09526669      0.01425014 md_running
   775    387.50000000    250.82937620      1.13341255    482.01019714    300.00000000      0.99981146      0.09845521     -8.90336736      0.00642312     -8.89694424      0.08839490      0.01602887      0.08913966      0.01332603 md_running
   776    388.00000000    251.07455341      1.14587732    482.25845415    300.00000000      0.99981048      0.09850591     -8.90360641      0.00656517     -8.89704123      0.08445998      0.01620515      0.08511788      0.01273282 md_running
   777    388.50000000    251.31803092      1.15816812    479.67913335    300.00000000      0.99981119      0.09797906     -8.90325778      0.00670677     -8.89655101      0.08388753      0.01637897      0.08435450      0.01264652 md_running
   778    389.00000000    251.56496129      1.17031150    474.30888534    300.00000000      0.99981383      0.09688214     -8.90232865      0.00684815     -8.89548050      0.08665343      0.01655070      0.08684517      0.01306350 md_running
   779    389.50000000    251.80556776      1.18234307    466.88043695    300.00000000      0.99981823      0.09536481     -8.90097139      0.00698968     -8.89398171      0.09155033      0.01672086      0.09141975      0.01380173 md_running
   780    390.00000000    252.05248512      1.19430705    458.60914436    300.00000000      0.99982380      0.09367532     -8.89943951      0.00713185     -8.89230766      0.09681020      0.01689005      0.09633220      0.01459469 md_running
   781    390.50000000    252.30649718      1.20625567    450.82437703    300.00000000      0.99982968      0.09208520     -8.89801064      0.00727526     -8.89073538      0.10084832      0.01705903      0.09999826      0.01520346 md_running
   782    391.00000000    252.54447716      1.21824805    444.55274002    300.00000000      0.99983497      0.09080416     -8.89689948      0.00742064     -8.88947884      0.10274579      0.01722863      0.10148646      0.01548951 md_running
   783    391.50000000    252.79241303      1.23034865    440.21151251    300.00000000      0.99983900      0.08991742     -8.89619381      0.00756879     -8.88862502      0.10241824      0.01739976      0.10069753      0.01544013 md_running
   784    392.00000000    253.04073229      1.24262546    437.52095714    300.00000000      0.99984162      0.08936785     -8.89583540      0.00772059     -8.88811481      0.10053288      0.01757338      0.09829415      0.01515590 md_running
   785    392.50000000    253.29435217      1.25514805    435.65505011    300.00000000      0.99984326      0.08898672     -8.89565282      0.00787698     -8.88777584      0.09822424      0.01775047      0.09542940      0.01480786 md_running
   786    393.00000000    253.54711246      1.26798539    433.54608528    300.00000000      0.99984466      0.08855595     -8.89542449      0.00803893     -8.88738555      0.09672478      0.01793202      0.09338526      0.01458181 md_running
   787    393.50000000    253.79758129      1.28120352    430.21456415    300.00000000      0.99984671      0.08787545     -8.89494753      0.00820741     -8.88674011      0.09701556      0.01811895      0.09321451      0.01462565 md_running
   788    394.00000000    254.03694963      1.29486333    425.04544178    300.00000000      0.99985009      0.08681961     -8.89409444      0.00838336     -8.88571108      0.09956754      0.01831213      0.09544972      0.01501037 md_running
   789    394.50000000    254.29635368      1.30901841    417.97970166    300.00000000      0.99985521      0.08537636     -8.89285326      0.00856765     -8.88428562      0.10416593      0.01851232      0.09989102      0.01570360 md_running
   790    395.00000000    254.55338408      1.32371326    409.56934802    300.00000000      0.99986198      0.08365847     -8.89133789      0.00876108     -8.88257681      0.10995425      0.01872013      0.10564530      0.01657623 md_running
   791    395.50000000    254.80550771      1.33898188    400.86785979    300.00000000      0.99986983      0.08188110     -8.88976809      0.00896436     -8.88080373      0.11559922      0.01893606      0.11131680      0.01742724 md_running
   792    396.00000000    255.05025004      1.35484681    393.14519099    300.00000000      0.99987771      0.08030368     -8.88840950      0.00917805     -8.87923145      0.11961431      0.01916043      0.11535961      0.01803254 md_running
   793    396.50000000    255.30154240      1.37131865    387.46567316    300.00000000      0.99988435      0.07914358     -8.88748582      0.00940257     -8.87808324      0.12082517      0.01939337      0.11655949      0.01821508 md_running
   794    397.00000000    255.54872324      1.38839588    384.28762899    300.00000000      0.99988878      0.07849443     -8.88709430      0.00963822     -8.87745608      0.11877685      0.01963488      0.11444384      0.01790628 md_running
   795    397.50000000    255.79170216      1.40606518    383.27111908    300.00000000      0.99989077      0.07828680     -8.88716427      0.00988510     -8.87727917      0.11393516      0.01988476      0.10948533      0.01717637 md_running
   796    398.00000000    256.03737628      1.42430213    383.39660769    300.00000000      0.99989098      0.07831243     -8.88748272      0.01014318     -8.87733953      0.10759535      0.02014267      0.10301569      0.01622061 md_running
   797    398.50000000    256.28671299      1.44307226    383.33312439    300.00000000      0.99989069      0.07829947     -8.88777195      0.01041229     -8.87735966      0.10151783      0.02040812      0.09686750      0.01530439 md_running
   798    399.00000000    256.53795430      1.46233208    381.88189076    300.00000000      0.99989127      0.07800304     -8.88778170      0.01069208     -8.87708962      0.09741377      0.02068050      0.09284176      0.01468568 md_running
   799    399.50000000    256.78692913      1.48203060    378.33303873    300.00000000      0.99989376      0.07727815     -8.88736384      0.01098207     -8.87638176      0.09638236      0.02095908      0.09209383      0.01453019 md_running
   800    400.00000000    257.03972644      1.50211101    372.65944027    300.00000000      0.99989865      0.07611926     -8.88651131      0.01128169     -8.87522962      0.09846751      0.02124306      0.09463506      0.01484454 md_running
   801    400.50000000    257.29574371      1.52251248    365.53554594    300.00000000      0.99990575      0.07466414     -8.88536306      0.01159022     -8.87377283      0.10257914      0.02153158      0.09927206      0.01546439 md_running
   802    401.00000000    257.54746452      1.54317207    358.16168728    300.00000000      0.99991417      0.07315796     -8.88416816      0.01190690     -8.87226126      0.10697144      0.02182375      0.10416344      0.01612655 md_running
   803    401.50000000    257.78925623      1.56402636    351.90978762    300.00000000      0.99992241      0.07188095     -8.88321154      0.01223089     -8.87098065      0.10995288      0.02211867      0.10757163      0.01657602 md_running
   804    402.00000000    258.02541206      1.58501283    347.89412030    300.00000000      0.99992880      0.07106071     -8.88272521      0.01256133     -8.87016388      0.11041920      0.02241547      0.10838662      0.01664632 md_running
   805    402.50000000    258.26986638      1.60607116    346.61963174    300.00000000      0.99993210      0.07080038     -8.88281372      0.01289732     -8.86991640      0.10809913      0.02271328      0.10635065      0.01629656 md_running
   806    403.00000000    258.52046613      1.62714427    347.84452329    300.00000000      0.99993199      0.07105058     -8.88342590      0.01323799     -8.87018791      0.10353683      0.02301130      0.10202794      0.01560876 md_running
   807    403.50000000    258.76124261      1.64817922    350.69679515    300.00000000      0.99992922      0.07163318     -8.88437892      0.01358247     -8.87079644      0.09790041      0.02330877      0.09660729      0.01475904 md_running
   808    404.00000000    259.02155328      1.66912780    353.97152808    300.00000000      0.99992520      0.07230208     -8.88542148      0.01392994     -8.87149154      0.09271543      0.02360503      0.09163346      0.01397738 md_running
   809    404.50000000    259.27707109      1.68994676    356.49217775    300.00000000      0.99992150      0.07281695     -8.88630839      0.01427960     -8.87202879      0.08955487      0.02389946      0.08869012      0.01350091 md_running
   810    405.00000000    259.51735220      1.71059780    357.43656485    300.00000000      0.99991933      0.07300985     -8.88686733      0.01463072     -8.87223661      0.08959657      0.02419151      0.08895135      0.01350719 md_running
   811    405.50000000    259.77135807      1.73104731    356.56805164    300.00000000      0.99991931      0.07283244     -8.88704803      0.01498262     -8.87206540      0.09306158      0.02448071      0.09261675      0.01402956 md_running
   812    406.00000000    260.02470718      1.75126622    354.32288143    300.00000000      0.99992131      0.07237385     -8.88693951      0.01533467     -8.87160484      0.09899895      0.02476664      0.09872062      0.01492465 md_running
   813    406.50000000    260.28044928      1.77122920    351.71382291    300.00000000      0.99992448      0.07184092     -8.88675173      0.01568626     -8.87106546      0.10561809      0.02504896      0.10547285      0.01592253 md_running
   814    407.00000000    260.52818316      1.79091363    350.03396417    300.00000000      0.99992738      0.07149779     -8.88675436      0.01603686     -8.87071750      0.11091269      0.02532734      0.11088018      0.01672072 md_running
   815    407.50000000    260.77420469      1.81029831    350.41200398    300.00000000      0.99992838      0.07157501     -8.88718363      0.01638590     -8.87079773      0.11329332      0.02560148      0.11336961      0.01707961 md_running
   816    408.00000000    261.01655755      1.82936252    353.37673214    300.00000000      0.99992638      0.07218059     -8.88815058      0.01673284     -8.87141774      0.11202037      0.02587109      0.11221956      0.01688771 md_running
   817    408.50000000    261.25653706      1.84808506    358.63034472    300.00000000      0.99992129      0.07325369     -8.88959326      0.01707709     -8.87251617      0.10737030      0.02613587      0.10772640      0.01618668 md_running
   818    409.00000000    261.50586174      1.86644360    365.14468941    300.00000000      0.99991416      0.07458430     -8.89129611      0.01741806     -8.87387805      0.10050735      0.02639550      0.10107563      0.01515205 md_running
   819    409.50000000    261.75930802      1.88441408    371.51907956    300.00000000      0.99990662      0.07588633     -8.89296686      0.01775508     -8.87521178      0.09314073      0.02664964      0.09399436      0.01404149 md_running
   820    410.00000000    262.00890692      1.90197029    376.42739924    300.00000000      0.99990026      0.07688891     -8.89432851      0.01808745     -8.87624106      0.08707230      0.02689792      0.08828589      0.01312664 md_running
   821    410.50000000    262.25546885      1.91908370    378.98527789    300.00000000      0.99989619      0.07741138     -8.89519701      0.01841441     -8.87678260      0.08369371      0.02713994      0.08531221      0.01261730 md_running
   822    411.00000000    262.50352151      1.93572373    378.96333217    300.00000000      0.99989490      0.07740689     -8.89552334      0.01873513     -8.87678821      0.08348142      0.02737527      0.08549917      0.01258530 md_running
   823    411.50000000    262.75439169      1.95185822    376.83005105    300.00000000      0.99989617      0.07697115     -8.89540374      0.01904875     -8.87635499      0.08565861      0.02760344      0.08803976      0.01291352 md_running
   824    412.00000000    263.00601661      1.96745412    373.60003353    300.00000000      0.99989924      0.07631139     -8.89504854      0.01935438     -8.87569416      0.08858792      0.02782400      0.09130755      0.01335513 md_running
   825    412.50000000    263.25536420      1.98247844    370.50891173    300.00000000      0.99990288      0.07568000     -8.89471448      0.01965110     -8.87506338      0.09058862      0.02803648      0.09365672      0.01365675 md_running
   826    413.00000000    263.50585152      1.99689933    368.61737241    300.00000000      0.99990577      0.07529363     -8.89462189      0.01993803     -8.87468386      0.09058794      0.02824042      0.09404611      0.01365665 md_running
   827    413.50000000    263.75961637      2.01068739    368.48681855    300.00000000      0.99990694      0.07526697     -8.89488665      0.02021432     -8.87467233      0.08838360      0.02843541      0.09228859      0.01332433 md_running
   828    414.00000000    264.01526470      2.02381697    370.03565608    300.00000000      0.99990607      0.07558333     -8.89549077      0.02047918     -8.87501159      0.08461733      0.02862109      0.08901349      0.01275654 md_running
   829    414.50000000    264.27110070      2.03626732    372.61570627    300.00000000      0.99990364      0.07611033     -8.89629798      0.02073192     -8.87556606      0.08057111      0.02879717      0.08544712      0.01214655 md_running
   830    415.00000000    264.52070440      2.04802347    375.25735786    300.00000000      0.99990062      0.07664991     -8.89710572      0.02097200     -8.87613372      0.07785066      0.02896343      0.08308314      0.01173643 md_running
   831    415.50000000    264.77489928      2.05907691    376.98646505    300.00000000      0.99989811      0.07700310     -8.89771060      0.02119899     -8.87651161      0.07792233      0.02911974      0.08325413      0.01174723 md_running
   832    416.00000000    265.02436660      2.06942604    377.13807322    300.00000000      0.99989704      0.07703407     -8.89797276      0.02141262     -8.87656014      0.08146073      0.02926610      0.08657815      0.01228067 md_running
   833    416.50000000    265.26407838      2.07907665    375.59473871    300.00000000      0.99989781      0.07671883     -8.89786682      0.02161280     -8.87625402      0.08791339      0.02940258      0.09258499      0.01325344 md_running
   834    417.00000000    265.51733625      2.08804189    372.87437376    300.00000000      0.99990024      0.07616317     -8.89749931      0.02179959     -8.87569972      0.09579586      0.02952937      0.09993380      0.01444177 md_running
   835    417.50000000    265.76184764      2.09634176    370.03138326    300.00000000      0.99990349      0.07558246     -8.89708963      0.02197324     -8.87511639      0.10322681      0.02964675      0.10684855      0.01556203 md_running
   836    418.00000000    266.00313215      2.10400257    368.35478740    300.00000000      0.99990622      0.07524000     -8.89690757      0.02213413     -8.87477343      0.10844152      0.02975509      0.11160956      0.01634817 md_running
   837    418.50000000    266.24417577      2.11105626    368.93015504    300.00000000      0.99990700      0.07535752     -8.89718125      0.02228279     -8.87489846      0.11020978      0.02985484      0.11298990      0.01661475 md_running
   838    419.00000000    266.49797471      2.11753947    372.23490769    300.00000000      0.99990489      0.07603255     -8.89801213      0.02241987     -8.87559226      0.10813081      0.02994653      0.11056899      0.01630133 md_running
   839    419.50000000    266.75584378      2.12349246    377.94727412    300.00000000      0.99989988      0.07719936     -8.89933401      0.02254610     -8.87678791      0.10272138      0.03003072      0.10482895      0.01548583 md_running
   840    420.00000000    267.00965897      2.12895811    385.05818568    300.00000000      0.99989291      0.07865183     -8.90093746      0.02266231     -8.87827514      0.09528958      0.03010801      0.09703212      0.01436545 md_running
   841    420.50000000    267.26618576      2.13398100    392.21604328    300.00000000      0.99988544      0.08011389     -8.90254170      0.02276937     -8.87977233      0.08764478      0.03017905      0.08893672      0.01321295 md_running
   842    421.00000000    267.51979574      2.13860668    398.13688214    300.00000000      0.99987886      0.08132328     -8.90388113      0.02286819     -8.88101294      0.08170483      0.03024447      0.08242656      0.01231747 md_running
   843    421.50000000    267.76409813      2.14288075    401.93321628    300.00000000      0.99987416      0.08209871     -8.90477296      0.02295969     -8.88181327      0.07899279      0.03030491      0.07904599      0.01190861 md_running
   844    422.00000000    268.01658909      2.14684802    403.30079160    300.00000000      0.99987176      0.08237805     -8.90515430      0.02304478     -8.88210952      0.07998945      0.03036102      0.07936073      0.01205886 md_running
   845    422.50000000    268.26824572      2.15055172    402.56651132    300.00000000      0.99987157      0.08222807     -8.90509406      0.02312436     -8.88196970      0.08376183      0.03041339      0.08252623      0.01262757 md_running
   846    423.00000000    268.51975092      2.15403285    400.56764992    300.00000000      0.99987301      0.08181978     -8.90476756      0.02319929     -8.88156827      0.08847886      0.03046262      0.08673338      0.01333869 md_running
   847    423.50000000    268.75637946      2.15732960    398.36142025    300.00000000      0.99987516      0.08136914     -8.90439623      0.02327035     -8.88112587      0.09236986      0.03050925      0.09018007      0.01392528 md_running
   848    424.00000000    269.00990862      2.16047687    396.87478485    300.00000000      0.99987704      0.08106548     -8.90417367      0.02333830     -8.88083537      0.09431852      0.03055376      0.09170772      0.01421905 md_running
   849    424.50000000    269.25515996      2.16350570    396.61688270    300.00000000      0.99987791      0.08101280     -8.90420666      0.02340378     -8.88080288      0.09401586      0.03059659      0.09097693      0.01417342 md_running
   850    425.00000000    269.50471315      2.16644281    397.54870737    300.00000000      0.99987753      0.08120314     -8.90448770      0.02346737     -8.88102033      0.09182833      0.03063813      0.08834203      0.01384364 md_running
   851    425.50000000    269.75665796      2.16931025    399.13610948    300.00000000      0.99987621      0.08152738     -8.90490525      0.02352953     -8.88137572      0.08858176      0.03067868      0.08464182      0.01335420 md_running
   852    426.00000000    270.00686704      2.17212508    400.54089891    300.00000000      0.99987464      0.08181432     -8.90528545      0.02359064     -8.88169481      0.08534086      0.03071849      0.08098501      0.01286562 md_running
   853    426.50000000    270.25629260      2.17489919    400.89314147    300.00000000      0.99987368      0.08188627     -8.90544652      0.02365093     -8.88179559      0.08324330      0.03075772      0.07858707      0.01254940 md_running
   854    427.00000000    270.50573249      2.17763907    399.58001018    300.00000000      0.99987406      0.08161805     -8.90526026      0.02371056     -8.88154970      0.08321081      0.03079647      0.07845342      0.01254450 md_running
   855    427.50000000    270.74943238      2.18034570    396.46888090    300.00000000      0.99987616      0.08098257     -8.90469829      0.02376954     -8.88092876      0.08550118      0.03083474      0.08086946      0.01288979 md_running
   856    428.00000000    270.99005159      2.18301431    391.99817678    300.00000000      0.99987991      0.08006939     -8.90385027      0.02382776     -8.88002251      0.08954814      0.03087248      0.08521170      0.01349989 md_running
   857    428.50000000    271.22963008      2.18563429    387.11095867    300.00000000      0.99988467      0.07907113     -8.90291154      0.02388499     -8.87902656      0.09410326      0.03090954      0.09013921      0.01418660 md_running
   858    429.00000000    271.47720498      2.18818898    383.00712754    300.00000000      0.99988940      0.07823288     -8.90213213      0.02394086     -8.87819128      0.09766608      0.03094567      0.09407406      0.01472372 md_running
   859    429.50000000    271.71952658      2.19065588    380.76288629    300.00000000      0.99989281      0.07777447     -8.90173661      0.02399487     -8.87774175      0.09904760      0.03098055      0.09578504      0.01493199 md_running
   860    430.00000000    271.97179611      2.19300760    380.95325113    300.00000000      0.99989391      0.07781335     -8.90184527      0.02404641     -8.87779885      0.09778268      0.03101381      0.09480404      0.01474129 md_running
   861    430.50000000    272.21983409      2.19521289    383.44128205    300.00000000      0.99989244      0.07832156     -8.90242927      0.02409480     -8.87833447      0.09431138      0.03104500      0.09159688      0.01421798 md_running
   862    431.00000000    272.47696241      2.19723738    387.43346588    300.00000000      0.99988894      0.07913700     -8.90332226      0.02413926     -8.87918300      0.08988596      0.03107363      0.08746274      0.01355082 md_running
   863    431.50000000    272.73229454      2.19904403    391.76676753    300.00000000      0.99988455      0.08002212     -8.90428071      0.02417897     -8.88010173      0.08623044      0.03109918      0.08417094      0.01299973 md_running
   864    432.00000000    272.98614764      2.20059399    395.29078342    300.00000000      0.99988053      0.08074193     -8.90506458      0.02421307     -8.88085151      0.08494547      0.03112110      0.08333672      0.01280601 md_running
   865    432.50000000    273.22575732      2.20184762    397.19643055    300.00000000      0.99987782      0.08113118     -8.90550484      0.02424066     -8.88126418      0.08683797      0.03113883      0.08572965      0.01309132 md_running
   866    433.00000000    273.47648480      2.20276540    397.21761999    300.00000000      0.99987691      0.08113551     -8.90554511      0.02426088     -8.88128423      0.09151978      0.03115181      0.09089151      0.01379713 md_running
   867    433.50000000    273.72573252      2.20330883    395.68444697    300.00000000      0.99987774      0.08082234     -8.90525306      0.02427285     -8.88098021      0.09752760      0.03115949      0.09730898      0.01470284 md_running
   868    434.00000000    273.97601366      2.20344118    393.39175505    300.00000000      0.99987974      0.08035404     -8.90479421      0.02427577     -8.88051845      0.10301764      0.03116136      0.10313154      0.01553049 md_running
   869    434.50000000    274.22017454      2.20312809    391.30612205    300.00000000      0.99988203      0.07992803     -8.90436969      0.02426887     -8.88010082      0.10646429      0.03115694      0.10685132      0.01605010 md_running
   870    435.00000000    274.46232591      2.20233808    390.22867946    300.00000000      0.99988369      0.07970795     -8.90414577      0.02425147     -8.87989431      0.10705345      0.03114576      0.10767602      0.01613891 md_running
   871    435.50000000    274.70857575      2.20104300    390.54600947    300.00000000      0.99988409      0.07977277     -8.90420212      0.02422295     -8.87997917      0.10475890      0.03112745      0.10559700      0.01579300 md_running
   872    436.00000000    274.94883767      2.19921834    392.14867329    300.00000000      0.99988308      0.08010013     -8.90451503      0.02418281     -8.88033222      0.10018344      0.03110164      0.10122719      0.01510322 md_running
   873    436.50000000    275.18510971      2.19684334    394.50709411    300.00000000      0.99988103      0.08058186     -8.90497365      0.02413060     -8.88084304      0.09431257      0.03106806      0.09555374      0.01421816 md_running
   874    437.00000000    275.42631286      2.19390107    396.84169723    300.00000000      0.99987862      0.08105872     -8.90541638      0.02406601     -8.88135038      0.08832911      0.03102645      0.08975034      0.01331611 md_running
   875    437.50000000    275.67435768      2.19037820    398.33351878    300.00000000      0.99987666      0.08136344     -8.90567218      0.02398878     -8.88168340      0.08356497      0.03097663      0.08512522      0.01259789 md_running
   876    438.00000000    275.92293739      2.18626486    398.35749872    300.00000000      0.99987587      0.08136834     -8.90561023      0.02389877     -8.88171146      0.08126186      0.03091845      0.08288717      0.01225069 md_running
   877    438.50000000    276.17013530      2.18155436    396.69178492    300.00000000      0.99987665      0.08102810     -8.90518334      0.02379590     -8.88138745      0.08204338      0.03085184      0.08364146      0.01236851 md_running
   878    439.00000000    276.41725804      2.17624286    393.63194816    300.00000000      0.99987900      0.08040310     -8.90445172      0.02368016     -8.88077156      0.08549089      0.03077672      0.08698750      0.01288824 md_running
   879    439.50000000    276.65575223      2.17032903    389.96542761    300.00000000      0.99988243      0.07965418     -8.90357857      0.02355164     -8.88002693      0.09020832      0.03069309      0.09157269      0.01359942 md_running
   880    440.00000000    276.90824182      2.16381363    386.77217023    300.00000000      0.99988602      0.07900192     -8.90278921      0.02341045     -8.87937877      0.09440799      0.03060095      0.09564768      0.01423254 md_running
   881    440.50000000    277.15040990      2.15669902    385.07265938    300.00000000      0.99988864      0.07865478     -8.90229782      0.02325675     -8.87904107      0.09662332      0.03050033      0.09776365      0.01456651 md_running
   882    441.00000000    277.39916640      2.14898898    385.45965611    300.00000000      0.99988936      0.07873383     -8.90222897      0.02309077     -8.87913820      0.09618708      0.03039129      0.09725633      0.01450075 md_running
   883    441.50000000    277.64146119      2.14068842    387.88478979    300.00000000      0.99988787      0.07922919     -8.90257294      0.02291273     -8.87966021      0.09340028      0.03027391      0.09442225      0.01408062 md_running
   884    442.00000000    277.88139400      2.13180317    391.70099945    300.00000000      0.99988460      0.08000869     -8.90319411      0.02272292     -8.88047119      0.08942856      0.03014825      0.09041747      0.01348186 md_running
   885    442.50000000    278.13086333      2.12233960    395.93034968    300.00000000      0.99988048      0.08087257     -8.90388883      0.02252163     -8.88136720      0.08593460      0.03001441      0.08689004      0.01295513 md_running
   886    443.00000000    278.37907764      2.11230446    399.60906998    300.00000000      0.99987654      0.08162398     -8.90445657      0.02230915     -8.88214742      0.08448844      0.02987250      0.08539565      0.01273711 md_running
   887    443.50000000    278.62276552      2.10170472    402.09456115    300.00000000      0.99987358      0.08213167     -8.90476350      0.02208581     -8.88267769      0.08586614      0.02972259      0.08670695      0.01294481 md_running
   888    444.00000000    278.85996729      2.09054749    403.24931049    300.00000000      0.99987191      0.08236754     -8.90478168      0.02185194     -8.88292973      0.08966271      0.02956481      0.09042927      0.01351716 md_running
   889    444.50000000    279.11487160      2.07884005    403.44017707    300.00000000      0.99987139      0.08240653     -8.90458868      0.02160788     -8.88298080      0.09449079      0.02939924      0.09518785      0.01424502 md_running
   890    445.00000000    279.36699533      2.06659015    403.35568626    300.00000000      0.99987148      0.08238927     -8.90432926      0.02135397     -8.88297528      0.09870821      0.02922600      0.09934950      0.01488082 md_running
   891    445.50000000    279.61367398      2.05380621    403.70997192    300.00000000      0.99987146      0.08246163     -8.90415340      0.02109060     -8.88306280      0.10116488      0.02904521      0.10176494      0.01525118 md_running
   892    446.00000000    279.86999893      2.04049752    404.97100912    300.00000000      0.99987076      0.08271921     -8.90415901      0.02081815     -8.88334086      0.10153505      0.02885699      0.10210523      0.01530698 md_running
   893    446.50000000    280.11653617      2.02667435    407.23751661    300.00000000      0.99986914      0.08318217     -8.90436586      0.02053704     -8.88382882      0.10022667      0.02866150      0.10077047      0.01510974 md_running
   894    447.00000000    280.36077824      2.01234814    410.28006139    300.00000000      0.99986668      0.08380364     -8.90472613      0.02024773     -8.88447840      0.09800160      0.02845890      0.09851514      0.01477430 md_running
   895    447.50000000    280.61432966      1.99753164    413.65443689    300.00000000      0.99986374      0.08449289     -8.90514846      0.01995066     -8.88519780      0.09557216      0.02824936      0.09604603      0.01440805 md_running
   896    448.00000000    280.86352090      1.98223890    416.80352801    300.00000000      0.99986079      0.08513612     -8.90551853      0.01964636     -8.88587217      0.09348277      0.02803309      0.09389936      0.01409306 md_running
   897    448.50000000    281.11152634      1.96648560    419.15101566    300.00000000      0.99985833      0.08561561     -8.90571762      0.01933533     -8.88638229      0.09220461      0.02781031      0.09253846      0.01390037 md_running
   898    449.00000000    281.36004856      1.95028949    420.23095894    300.00000000      0.99985681      0.08583620     -8.90564852      0.01901815     -8.88663037      0.09214303      0.02758126      0.09236604      0.01389108 md_running
   899    449.50000000    281.61504526      1.93367056    419.84356595    300.00000000      0.99985651      0.08575707     -8.90526911      0.01869541     -8.88657370      0.09348981      0.02734623      0.09357559      0.01409412 md_running
   900    450.00000000    281.86735777      1.91665122    418.17242293    300.00000000      0.99985745      0.08541573     -8.90461696      0.01836776     -8.88624920      0.09601004      0.02710554      0.09593706      0.01447406 md_running
   901    450.50000000    282.11834440      1.89925648    415.80347178    300.00000000      0.99985930      0.08493185     -8.90381353      0.01803588     -8.88577766      0.09895340      0.02685954      0.09870510      0.01491779 md_running
   902    451.00000000    282.36056738      1.88151397    413.59987269    300.00000000      0.99986144      0.08448174     -8.90303975      0.01770047     -8.88533928      0.10122624      0.02660863      0.10078385      0.01526043 md_running
   903    451.50000000    282.60328401      1.86345407    412.42413090    300.00000000      0.99986304      0.08424158     -8.90247701      0.01736231     -8.88511470      0.10180623      0.02635322      0.10114073      0.01534787 md_running
   904    452.00000000    282.84976984      1.84511002    412.81330723    300.00000000      0.99986344      0.08432108     -8.90223946      0.01702215     -8.88521730      0.10016260      0.02609380      0.09922895      0.01510008 md_running
   905    452.50000000    283.08927582      1.82651803    414.75877134    300.00000000      0.99986236      0.08471846     -8.90232642      0.01668084     -8.88564558      0.09651014      0.02583087      0.09524751      0.01454945 md_running
   906    453.00000000    283.33127715      1.80771706    417.70061820    300.00000000      0.99986011      0.08531936     -8.90262164      0.01633920     -8.88628244      0.09181608      0.02556498      0.09015641      0.01384179 md_running
   907    453.50000000    283.58464098      1.78874842    420.73768453    300.00000000      0.99985738      0.08593971     -8.90293778      0.01599810     -8.88693967      0.08759188      0.02529672      0.08548322      0.01320497 md_running
   908    454.00000000    283.83869580      1.76965535    422.94408267    300.00000000      0.99985503      0.08639038     -8.90308256      0.01565840     -8.88742416      0.08542439      0.02502671      0.08286820      0.01287821 md_running
   909    454.50000000    284.09238105      1.75048273    423.67461996    300.00000000      0.99985373      0.08653960     -8.90292197      0.01532095     -8.88760102      0.08627577      0.02475556      0.08334627      0.01300656 md_running
   910    455.00000000    284.34495129      1.73127669    422.76770372    300.00000000      0.99985381      0.08635436     -8.90242296      0.01498659     -8.88743636      0.08988633      0.02448395      0.08669177      0.01355087 md_running
   911    455.50000000    284.59383729      1.71208413    420.57468620    300.00000000      0.99985520      0.08590641     -8.90166029      0.01465616     -8.88700413      0.09482051      0.02421253      0.09143498      0.01429473 md_running
   912    456.00000000    284.84634906      1.69295214    417.78693020    300.00000000      0.99985744      0.08533699     -8.90077967      0.01433043     -8.88644924      0.09924495      0.02394196      0.09567734      0.01496174 md_running
   913    456.50000000    285.09512013      1.67392749    415.13299883    300.00000000      0.99985987      0.08479490     -8.89993480      0.01401017     -8.88592463      0.10179243      0.02367291      0.09800080      0.01534579 md_running
   914    457.00000000    285.33483949      1.65505615    413.10037079    300.00000000      0.99986196      0.08437971     -8.89922745      0.01369605     -8.88553140      0.10199690      0.02340603      0.09791525      0.01537661 md_running
   915    457.50000000    285.58237068      1.63638268    411.82020777    300.00000000      0.99986341      0.08411823     -8.89868382      0.01338874     -8.88529508      0.10024828      0.02314195      0.09581246      0.01511300 md_running
   916    458.00000000    285.83210824      1.61794970    411.12550497    300.00000000      0.99986423      0.08397633     -8.89826908      0.01308881     -8.88518027      0.09741882      0.02288126      0.09258944      0.01468644 md_running
   917    458.50000000    286.08380014      1.59979721    410.68570871    300.00000000      0.99986468      0.08388649     -8.89791448      0.01279676     -8.88511773      0.09439660      0.02262455      0.08917406      0.01423082 md_running
   918    459.00000000    286.33987942      1.58196192    410.11653822    300.00000000      0.99986507      0.08377024     -8.89754188      0.01251302     -8.88502886      0.09184274      0.02237232      0.08627341      0.01384581 md_running
   919    459.50000000    286.59322074      1.56447662    409.03811296    300.00000000      0.99986574      0.08354996     -8.89707293      0.01223794     -8.88483499      0.09028221      0.02212504      0.08446376      0.01361056 md_running
   920    460.00000000    286.83508944      1.54736957    407.14072196    300.00000000      0.99986704      0.08316240     -8.89644309      0.01197176     -8.88447133      0.09014867      0.02188311      0.08422799      0.01359042 md_running
   921    460.50000000    287.08477517      1.53066403    404.28629334    300.00000000      0.99986918      0.08257935     -8.89562298      0.01171466     -8.88390832      0.09171128      0.02164686      0.08586191      0.01382600 md_running
   922    461.00000000    287.33375793      1.51437786    400.61986590    300.00000000      0.99987222      0.08183045     -8.89464065      0.01146670     -8.88317395      0.09485054      0.02141654      0.08922451      0.01429926 md_running
   923    461.50000000    287.57438226      1.49852337    396.62624061    300.00000000      0.99987591      0.08101471     -8.89359592      0.01122786     -8.88236806      0.09892681      0.02119232      0.09361141      0.01491378 md_running
   924    462.00000000    287.82344541      1.48310722    393.06890666    300.00000000      0.99987966      0.08028809     -8.89264762      0.01099804     -8.88164958      0.10290887      0.02097430      0.09791642      0.01551410 md_running
   925    462.50000000    288.07566985      1.46813059    390.78768529    300.00000000      0.99988264      0.07982213     -8.89197075      0.01077704     -8.88119371      0.10569455      0.02076250      0.10098219      0.01593405 md_running
   926    463.00000000    288.32779031      1.45358933    390.40559915    300.00000000      0.99988402      0.07974409     -8.89169639      0.01056461     -8.88113178      0.10649457      0.02055686      0.10199378      0.01605466 md_running
   927    463.50000000    288.57586049      1.43947444    392.08442233    300.00000000      0.99988337      0.08008700     -8.89185895      0.01036043     -8.88149852      0.10513521      0.02035724      0.10077868      0.01584973 md_running
   928    464.00000000    288.82246308      1.42577259    395.44720690    300.00000000      0.99988080      0.08077388     -8.89237930      0.01016414     -8.88221517      0.10217460      0.02016347      0.09791892      0.01540340 md_running
   929    464.50000000    289.06609527      1.41246695    399.71648649    300.00000000      0.99987698      0.08164593     -8.89309461      0.00997531     -8.88311930      0.09878650      0.01997530      0.09463292      0.01489263 md_running
   930    465.00000000    289.31563760      1.39953804    404.01241667    300.00000000      0.99987281      0.08252341     -8.89382023      0.00979353     -8.88402670      0.09638095      0.01979246      0.09238546      0.01452997 md_running
   931    465.50000000    289.56473402      1.38696474    407.68569846    300.00000000      0.99986908      0.08327371     -8.89441979      0.00961836     -8.88480144      0.09597339      0.01961464      0.09222405      0.01446853 md_running
   932    466.00000000    289.81538765      1.37472525    410.55552242    300.00000000      0.99986614      0.08385990     -8.89485500      0.00944935     -8.88540565      0.09757486      0.01944155      0.09413689      0.01470996 md_running
   933    466.50000000    290.06588393      1.36279807    412.93987077    300.00000000      0.99986389      0.08434693     -8.89519344      0.00928609     -8.88590735      0.10004780      0.01927288      0.09692075      0.01508277 md_running
   934    467.00000000    290.31336578      1.35116286    415.44738444    300.00000000      0.99986185      0.08485911     -8.89556371      0.00912821     -8.88643551      0.10176136      0.01910833      0.09888397      0.01534110 md_running
   935    467.50000000    290.56200047      1.33980133    418.63352244    300.00000000      0.99985945      0.08550991     -8.89608294      0.00897534     -8.88710760      0.10151081      0.01894765      0.09879378      0.01530333 md_running
   936    468.00000000    290.80988647      1.32869797    422.71791613    300.00000000      0.99985634      0.08634419     -8.89679672      0.00882719     -8.88796953      0.09907111      0.01879063      0.09642596      0.01493553 md_running
   937    468.50000000    291.05001562      1.31784043    427.52214376    300.00000000      0.99985256      0.08732550     -8.89766620      0.00868352     -8.88898268      0.09517859      0.01863708      0.09253508      0.01434871 md_running
   938    469.00000000    291.29966760      1.30721979    432.61977332    300.00000000      0.99984843      0.08836674     -8.89860093      0.00854412     -8.89005681      0.09102846      0.01848688      0.08834352      0.01372306 md_running
   939    469.50000000    291.54198669      1.29683069    437.54440361    300.00000000      0.99984435      0.08937264     -8.89950418      0.00840885     -8.89109533      0.08761425      0.01833996      0.08487230      0.01320834 md_running
   940    470.00000000    291.78792437      1.28667122    441.90196443    300.00000000      0.99984067      0.09026271     -8.90029570      0.00827761     -8.89201808      0.08537785      0.01819628      0.08258191      0.01287120 md_running
   941    470.50000000    292.03388808      1.27674249    445.37120986    300.00000000      0.99983763      0.09097134     -8.90090996      0.00815036     -8.89275960      0.08435333      0.01805587      0.08151490      0.01271674 md_running
   942    471.00000000    292.27318405      1.26704821    447.67710285    300.00000000      0.99983541      0.09144234     -8.90129060      0.00802706     -8.89326355      0.08445012      0.01791877      0.08158473      0.01273133 md_running
   943    471.50000000    292.52298112      1.25759415    448.60656332    300.00000000      0.99983418      0.09163219     -8.90139259      0.00790772     -8.89348487      0.08563965      0.01778507      0.08276970      0.01291066 md_running
   944    472.00000000    292.77311504      1.24838741    448.09215892    300.00000000      0.99983403      0.09152712     -8.90120041      0.00779236     -8.89340805      0.08785219      0.01765486      0.08500312      0.01324422 md_running
   945    472.50000000    293.01431517      1.23943571    446.30381711    300.00000000      0.99983493      0.09116183     -8.90074830      0.00768100     -8.89306730      0.09077468      0.01752827      0.08796505      0.01368480 md_running
   946    473.00000000    293.25359728      1.23074670    443.67030886    300.00000000      0.99983667      0.09062392     -8.90012464      0.00757369     -8.89255095      0.09374858      0.01740539      0.09097912      0.01413313 md_running
   947    473.50000000    293.51042687      1.22232740    440.78594356    300.00000000      0.99983886      0.09003476     -8.89945369      0.00747042     -8.89198327      0.09588986      0.01728632      0.09313989      0.01445594 md_running
   948    474.00000000    293.76105700      1.21418368    438.20266699    300.00000000      0.99984104      0.08950710     -8.89885133      0.00737121     -8.89148012      0.09644080      0.01717115      0.09367176      0.01453900 md_running
   949    474.50000000    294.01331100      1.20632001    436.19774832    300.00000000      0.99984284      0.08909757     -8.89837642      0.00727604     -8.89110038      0.09513615      0.01705994      0.09230180      0.01434231 md_running
   950    475.00000000    294.26616647      1.19873947    434.64931099    300.00000000      0.99984419      0.08878129     -8.89800312      0.00718488     -8.89081824      0.09244621      0.01695274      0.08951151      0.01393679 md_running
   951    475.50000000    294.50638562      1.19144369    433.10127000    300.00000000      0.99984533      0.08846509     -8.89763502      0.00709769     -8.89053733      0.08956828      0.01684956      0.08653317      0.01350293 md_running
   952    476.00000000    294.75678327      1.18443288    431.00602460    300.00000000      0.99984671      0.08803711     -8.89715575      0.00701441     -8.89014134      0.08805663      0.01675041      0.08497962      0.01327504 md_running
   953    476.50000000    295.01003232      1.17770585    428.02196289    300.00000000      0.99984873      0.08742759     -8.89649282      0.00693496     -8.88955786      0.08901395      0.01665528      0.08599755      0.01341936 md_running
   954    477.00000000    295.25215871      1.17126012    424.22001673    300.00000000      0.99985155      0.08665101     -8.89565943      0.00685925     -8.88880018      0.09236343      0.01656412      0.08949904      0.01392431 md_running
   955    477.50000000    295.50127661      1.16509216    420.10811093    300.00000000      0.99985495      0.08581111     -8.89476243      0.00678720     -8.88797523      0.09671483      0.01647689      0.09403456      0.01458031 md_running
   956    478.00000000    295.75303307      1.15919728    416.41565497    300.00000000      0.99985838      0.08505689     -8.89395588      0.00671869     -8.88723719      0.10016420      0.01639353      0.09764305      0.01510032 md_running
   957    478.50000000    295.99012106      1.15356951    413.72380966    300.00000000      0.99986120      0.08450706     -8.89336282      0.00665361     -8.88670921      0.10134401      0.01631394      0.09893089      0.01527818 md_running
   958    479.00000000    296.22982354      1.14820169    412.17008635    300.00000000      0.99986303      0.08418969     -8.89301185      0.00659184     -8.88642001      0.10002180      0.01623802      0.09766957      0.01507885 md_running
   959    479.50000000    296.47365619      1.14308543    411.41731998    300.00000000      0.99986395      0.08403593     -8.89283061      0.00653322     -8.88629739      0.09705134      0.01616567      0.09473716      0.01463104 md_running
   960    480.00000000    296.72340884      1.13821102    410.88336002    300.00000000      0.99986442      0.08392687     -8.89269579      0.00647762     -8.88621817      0.09381144      0.01609673      0.09154738      0.01414261 md_running
   961    480.50000000    296.97613391      1.13356733    410.04317106    300.00000000      0.99986496      0.08375525     -8.89249772      0.00642487     -8.88607285      0.09144384      0.01603106      0.08927167      0.01378568 md_running
   962    481.00000000    297.22739277      1.12914173    408.59486596    300.00000000      0.99986595      0.08345942     -8.89217510      0.00637481     -8.88580029      0.09037650      0.01596848      0.08834810      0.01362477 md_running
   963    481.50000000    297.47656228      1.12492006    406.43786249    300.00000000      0.99986757      0.08301883     -8.89170871      0.00632723     -8.88538149      0.09045495      0.01590877      0.08861391      0.01363660 md_running
   964    482.00000000    297.72304109      1.12088665    403.56277597    300.00000000      0.99986985      0.08243157     -8.89109762      0.00628193     -8.88481568      0.09135579      0.01585173      0.08973086      0.01377240 md_running
   965    482.50000000    297.97182561      1.11702443    399.96788100    300.00000000      0.99987282      0.08169728     -8.89034093      0.00623872     -8.88410221      0.09291680      0.01579711      0.09152592      0.01400773 md_running
   966    483.00000000    298.21955473      1.11331515    395.66840509    300.00000000      0.99987653      0.08081907     -8.88944007      0.00619735     -8.88324272      0.09512819      0.01574465      0.09398055      0.01434111 md_running
   967    483.50000000    298.46834238      1.10973970    390.77916111    300.00000000      0.99988096      0.07982039     -8.88841701      0.00615761     -8.88225939      0.09788930      0.01569409      0.09698276      0.01475737 md_running
   968    484.00000000    298.72277778      1.10627895    385.57584394    300.00000000      0.99988598      0.07875756     -8.88732829      0.00611927     -8.88120902      0.10078842      0.01564515      0.10010951      0.01519443 md_running
   969    484.50000000    298.97527921      1.10291443    380.45854316    300.00000000      0.99989126      0.07771231     -8.88625731      0.00608210     -8.88017521      0.10313444      0.01559757      0.10266274      0.01554810 md_running
   970    485.00000000    299.22242373      1.09962909    375.80717586    300.00000000      0.99989638      0.07676222     -8.88528448      0.00604592     -8.87923856      0.10425697      0.01555110      0.10397199      0.01571733 md_running
   971    485.50000000    299.47808636      1.09640767    371.79135753    300.00000000      0.99990098      0.07594195     -8.88444579      0.00601055     -8.87843524      0.10389681      0.01550555      0.10378275      0.01566303 md_running
   972    486.00000000    299.73085393      1.09323695    368.25779446    300.00000000      0.99990500      0.07522019     -8.88370957      0.00597584     -8.87773373      0.10246278      0.01546071      0.10250956      0.01544684 md_running
   973    486.50000000    299.98257865      1.09010574    364.78637028    300.00000000      0.99990876      0.07451111     -8.88298671      0.00594165     -8.87704506      0.10102321      0.01541642      0.10122156      0.01522982 md_running
   974    487.00000000    300.23331479      1.08700496    360.91298032    300.00000000      0.99991280      0.07371994     -8.88217825      0.00590790     -8.87627035      0.10091370      0.01537257      0.10124766      0.01521331 md_running
   975    487.50000000    300.48803454      1.08392757    356.41643600    300.00000000      0.99991760      0.07280147     -8.88123575      0.00587449     -8.87536125      0.10299481      0.01532905      0.10343811      0.01552705 md_running
   976    488.00000000    300.74103697      1.08086849    351.52903313    300.00000000      0.99992324      0.07180318     -8.88020641      0.00584138     -8.87436503      0.10698049      0.01528579      0.10750258      0.01612792 md_running
   977    488.50000000    300.99025101      1.07782433    346.93038615    300.00000000      0.99992918      0.07086386     -8.87923283      0.00580853     -8.87342430      0.11136009      0.01524274      0.11193854      0.01678817 md_running
   978    489.00000000    301.24483004      1.07479283    343.45779078    300.00000000      0.99993438      0.07015455     -8.87849245      0.00577590     -8.87271655      0.11420237      0.01519987      0.11482879      0.01721665 md_running
   979    489.50000000    301.49502810      1.07177208    341.66418214    300.00000000      0.99993779      0.06978819     -8.87810311      0.00574348     -8.87235963      0.11421283      0.01515715      0.11489133      0.01721823 md_running
   980    490.00000000    301.74454935      1.06875974    341.50183566    300.00000000      0.99993894      0.06975502     -8.87805499      0.00571124     -8.87234375      0.11137369      0.01511455      0.11211530      0.01679022 md_running
   981    490.50000000    301.99826924      1.06575212    342.35294022    300.00000000      0.99993830      0.06992887     -8.87821709      0.00567914     -8.87253795      0.10689946      0.01507201      0.10771455      0.01611570 md_running
   982    491.00000000    302.24015230      1.06274353    343.37756184    300.00000000      0.99993690      0.07013816     -8.87841184      0.00564712     -8.87276472      0.10256750      0.01502946      0.10345873      0.01546263 md_running
   983    491.50000000    302.49317630      1.05972559    343.92911854    300.00000000      0.99993580      0.07025082     -8.87850390      0.00561509     -8.87288881      0.09977771      0.01498678      0.10073669      0.01504206 md_running
   984    492.00000000    302.73294479      1.05668686    343.77650401    300.00000000      0.99993555      0.07021965     -8.87844719      0.00558294     -8.87286425      0.09890783      0.01494381      0.09992001      0.01491092 md_running
   985    492.50000000    302.98490020      1.05361270    343.05332192    300.00000000      0.99993617      0.07007193     -8.87827148      0.00555050     -8.87272098      0.09946939      0.01490033      0.10052258      0.01499557 md_running
   986    493.00000000    303.23883937      1.05048540    342.06033453    300.00000000      0.99993735      0.06986910     -8.87804071      0.00551760     -8.87252311      0.10066113      0.01485611      0.10174969      0.01517524 md_running
   987    493.50000000    303.49223123      1.04728469    341.07070247    300.00000000      0.99993867      0.06966696     -8.87781160      0.00548403     -8.87232757      0.10187244      0.01481084      0.10299589      0.01535785 md_running
   988    494.00000000    303.73294385      1.04398832    340.23082066    300.00000000      0.99993987      0.06949541     -8.87761354      0.00544956     -8.87216398      0.10282738      0.01476422      0.10398698      0.01550181 md_running
   989    494.50000000    303.98511280      1.04057277    339.58222982    300.00000000      0.99994084      0.06936293     -8.87745344      0.00541396     -8.87203948      0.10343610      0.01471592      0.10463268      0.01559358 md_running
   990    495.00000000    304.22554619      1.03701410    339.13820987    300.00000000      0.99994155      0.06927223     -8.87733336      0.00537699     -8.87195637      0.10358301      0.01466559      0.10481687      0.01561573 md_running
   991    495.50000000    304.48099237      1.03328877    338.92026439    300.00000000      0.99994199      0.06922771     -8.87725812      0.00533843     -8.87191969      0.10303411      0.01461291      0.10430614      0.01553298 md_running
   992    496.00000000    304.73299147      1.02937465    338.91899807    300.00000000      0.99994213      0.06922746     -8.87722676      0.00529806     -8.87192870      0.10155253      0.01455756      0.10286640      0.01530962 md_running
   993    496.50000000    304.98686241      1.02525160    339.01518817    300.00000000      0.99994202      0.06924710     -8.87721556      0.00525570     -8.87195986      0.09916791      0.01449925      0.10052787      0.01495012 md_running
   994    497.00000000    305.23866019      1.02090180    338.93798125    300.00000000      0.99994192      0.06923133     -8.87716848      0.00521120     -8.87195727      0.09643853      0.01443773      0.09784154      0.01453866 md_running
   995    497.50000000    305.49159080      1.01631022    338.33655379    300.00000000      0.99994227      0.06910849     -8.87701071      0.00516443     -8.87184628      0.09447008      0.01437280      0.09589702      0.01424190 md_running
   996    498.00000000    305.74536562      1.01146474    336.97200932    300.00000000      0.99994352      0.06882976     -8.87669015      0.00511530     -8.87157485      0.09449754      0.01430427      0.09590965      0.01424604 md_running
   997    498.50000000    305.98521707      1.00635619    334.94276883    300.00000000      0.99994583      0.06841527     -8.87622470      0.00506376     -8.87116093      0.09707472      0.01423203      0.09842875      0.01463457 md_running
   998    499.00000000    306.23166363      1.00097804    332.80409049    300.00000000      0.99994880      0.06797843     -8.87572898      0.00500979     -8.87071919      0.10141289      0.01415597      0.10268562      0.01528857 md_running
   999    499.50000000    306.48362521      0.99532591    331.44013670    300.00000000      0.99995141      0.06769983     -8.87538920      0.00495337     -8.87043583      0.10560641      0.01407603      0.10680405      0.01592077 md_running
  1000    500.00000000    306.74049198      0.98939720    331.66966753    300.00000000      0.99995235      0.06774671     -8.87537947      0.00489453     -8.87048494      0.10771076      0.01399219      0.10886034      0.01623801 max_step
