  step         time_fs     wall_time_s        rti_dist          temp_K     temp_bath_K   thermo_lambda          kin_Ha     pot_real_Ha     pot_rtip_Ha    pot_total_Ha          f_real          f_rtip         f_total      rms_f_real state_decision
     1      0.50000000      8.99627966      5.25091658    301.28716119    300.00000000      1.00000000      0.05438489     -8.08351174      0.27572125     -7.80779049      0.07211949      0.14851835      0.17024376      0.01154836 md_running
     2      1.00000000     20.21080054      5.23888824    305.31855685    300.00000000      0.99999445      0.05511259     -8.08297815      0.27445950     -7.80851865      0.07533928      0.14817814      0.16860925      0.01206394 md_running
     3      1.50000000     39.26994992      5.22281815    310.73944914    300.00000000      0.99998689      0.05609110     -8.08227466      0.27277829     -7.80949636      0.07845382      0.14772361      0.16584267      0.01256267 md_running
     4      2.00000000     44.49607110      5.20282247    317.74446491    300.00000000      0.99997733      0.05735557     -8.08145402      0.27069362     -7.81076041      0.08135514      0.14715804      0.16195249      0.01302725 md_running
     5      2.50000000     51.20231014      5.17904907    326.58320994    300.00000000      0.99996565      0.05895104     -8.08058365      0.26822549     -7.81235816      0.08384733      0.14648563      0.15690590      0.01342632 md_running
     6      3.00000000     55.15345596      5.15167409    337.38952911    300.00000000      0.99995187      0.06090167     -8.07971351      0.26539746     -7.81431605      0.08585923      0.14571135      0.15072244      0.01374848 md_running
     7      3.50000000     55.41777125      5.12089797    350.02627451    300.00000000      0.99993638      0.06318271     -8.07884658      0.26223596     -7.81661062      0.08765798      0.14484087      0.14361507      0.01403651 md_running
     8      4.00000000     60.31381036      5.08694097    364.02462985    300.00000000      0.99991996      0.06570953     -8.07792618      0.25876968     -7.81915650      0.08992257      0.14388042      0.13609910      0.01439913 md_running
     9      4.50000000     60.56408897      5.05003877    378.65265706    300.00000000      0.99990360      0.06835001     -8.07684868      0.25502892     -7.82181976      0.09356105      0.14283667      0.12900843      0.01498176 md_running
    10      5.00000000     60.79692905      5.01043794    393.09105847    300.00000000      0.99988825      0.07095627     -8.07549483      0.25104488     -7.82444995      0.09933480      0.14171659      0.12338147      0.01590630 md_running
    11      5.50000000     61.02905578      4.96839130    406.64126302    300.00000000      0.99987457      0.07340219     -8.07376843      0.24684912     -7.82691930      0.10753298      0.14052733      0.12018871      0.01721906 md_running
    12      6.00000000     61.25595060      4.92415368    418.88377656    300.00000000      0.99986283      0.07561207     -8.07162352      0.24247289     -7.82915063      0.11789458      0.13927610      0.11999977      0.01887824 md_running
    13      6.50000000     61.47515370      4.87797886    429.75289760    300.00000000      0.99985298      0.07757404     -8.06907905      0.23794678     -7.83113228      0.12975048      0.13797008      0.12278007      0.02077670 md_running
    14      7.00000000     61.71130464      4.83011668    439.52233756    300.00000000      0.99984466      0.07933751     -8.06621475      0.23330027     -7.83291448      0.14224731      0.13661633      0.12789639      0.02277780 md_running
    15      7.50000000     61.95047298      4.78081026    448.71486162    300.00000000      0.99983740      0.08099684     -8.06315424      0.22856147     -7.83459277      0.15452118      0.13522173      0.13435784      0.02474319 md_running
    16      8.00000000     62.18769136      4.73029304    457.96784802    300.00000000      0.99983062      0.08266708     -8.06004084      0.22375672     -7.83628412      0.16580193      0.13379289      0.14109569      0.02654956 md_running
    17      8.50000000     62.42137993      4.67878607    467.88583742    300.00000000      0.99982385      0.08445736     -8.05700946      0.21891039     -7.83809907      0.17544726      0.13233605      0.14714355      0.02809405 md_running
    18      9.00000000     62.65417570      4.62649525    478.90708562    300.00000000      0.99981672      0.08644679     -8.05416273      0.21404458     -7.84011815      0.18298196      0.13085705      0.15170871      0.02930056 md_running
    19      9.50000000     62.89752546      4.57361029    491.21439569    300.00000000      0.99980911      0.08866836     -8.05155376      0.20917911     -7.84237465      0.18809985      0.12936123      0.15424916      0.03012008 md_running
    20     10.00000000     63.13373101      4.52030360    504.71194005    300.00000000      0.99980107      0.09110478     -8.04918278      0.20433145     -7.84485134      0.19069497      0.12785349      0.15450500      0.03053563 md_running
    21     10.50000000     63.36815051      4.46672893    519.06145279    300.00000000      0.99979283      0.09369499     -8.04700280      0.19951667     -7.84748613      0.19091491      0.12633817      0.15250807      0.03057085 md_running
    22     11.00000000     63.60763527      4.41302155    533.77976464    300.00000000      0.99978469      0.09635177     -8.04493782      0.19474759     -7.85019023      0.18915024      0.12481910      0.14862970      0.03028828 md_running
    23     11.50000000     63.84461291      4.35929786    548.38619639    300.00000000      0.99977694      0.09898836     -8.04290975      0.19003478     -7.85287497      0.18600617      0.12329956      0.14357226      0.02978482 md_running
    24     12.00000000     64.08144560      4.30565435    562.54737732    300.00000000      0.99976974      0.10154457     -8.04086580      0.18538659     -7.85547921      0.18225528      0.12178230      0.13828670      0.02918420 md_running
    25     12.50000000     64.32354672      4.25216746    576.17208231    300.00000000      0.99976317      0.10400394     -8.03879526      0.18080928     -7.85798598      0.17869076      0.12026946      0.13380868      0.02861342 md_running
    26     13.00000000     64.55967497      4.19889382    589.42595082    300.00000000      0.99975712      0.10639638     -8.03673317      0.17630709     -7.86042608      0.17593945      0.11876265      0.13099437      0.02817286 md_running
    27     13.50000000     64.79770528      4.14587085    602.65234207    300.00000000      0.99975144      0.10878385     -8.03474559      0.17188245     -7.86286314      0.17432089      0.11726294      0.13025764      0.02791368 md_running
    28     14.00000000     65.03784900      4.09311784    616.22589597    300.00000000      0.99974594      0.11123400     -8.03290293      0.16753614     -7.86536680      0.17378716      0.11577086      0.13144765      0.02782822 md_running
    29     14.50000000     65.27461210      4.04063756    630.40282155    300.00000000      0.99974047      0.11379305     -8.03125187      0.16326752     -7.86798435      0.17397180      0.11428649      0.13392739      0.02785778 md_running
    30     15.00000000     65.51008919      3.98841856    645.23426189    300.00000000      0.99973500      0.11647025     -8.02979985      0.15907483     -7.87072503      0.17427889      0.11280951      0.13676647      0.02790696 md_running
    31     15.50000000     65.74240622      3.93643807    660.56689143    300.00000000      0.99972955      0.11923792     -8.02851599      0.15495545     -7.87356054      0.17402602      0.11133928      0.13897207      0.02786646 md_running
    32     16.00000000     65.97305490      3.88466555    676.11015049    300.00000000      0.99972423      0.12204361     -8.02734380      0.15090626     -7.87643753      0.17258269      0.10987493      0.13968169      0.02763535 md_running
    33     16.50000000     66.20771091      3.83306655    691.52782275    300.00000000      0.99971913      0.12482663     -8.02621814      0.14692399     -7.87929415      0.16951536      0.10841549      0.13831671      0.02714418 md_running
    34     17.00000000     66.44831757      3.78160637    706.51517609    300.00000000      0.99971435      0.12753198     -8.02508066      0.14300547     -7.88207519      0.16469114      0.10695998      0.13467348      0.02637169 md_running
    35     17.50000000     66.68412674      3.73025330    720.84078128    300.00000000      0.99970994      0.13011787     -8.02388649      0.13914790     -7.88473859      0.15837090      0.10550750      0.12900647      0.02535964 md_running
    36     18.00000000     66.92334216      3.67898120    734.35209303    300.00000000      0.99970591      0.13255678     -8.02260584      0.13534903     -7.88725681      0.15122369      0.10405730      0.12204715      0.02421517 md_running
    37     18.50000000     67.15668995      3.62777157    746.95909472    300.00000000      0.99970228      0.13483245     -8.02122095      0.13160727     -7.88961368      0.14424406      0.10260888      0.11494791      0.02309753 md_running
    38     19.00000000     67.37298170      3.57661464    758.60850452    300.00000000      0.99969901      0.13693526     -8.01972152      0.12792172     -7.89179980      0.13856872      0.10116194      0.10911564      0.02218875 md_running
    39     19.50000000     67.60374450      3.52550948    769.25642320    300.00000000      0.99969611      0.13885730     -8.01809948      0.12429217     -7.89380731      0.13521868      0.09971647      0.10589997      0.02165232 md_running
    40     20.00000000     67.83444741      3.47446349    778.84423656    300.00000000      0.99969354      0.14058799     -8.01634437      0.12071897     -7.89562540      0.13481707      0.09827267      0.10616246      0.02158801 md_running
    41     20.50000000     68.05859942      3.42349155    787.28573631    300.00000000      0.99969130      0.14211175     -8.01444150      0.11720294     -7.89723855      0.13742432      0.09683096      0.10996905      0.02200550 md_running
    42     21.00000000     68.29013666      3.37261517    794.47611562    300.00000000      0.99968941      0.14340967     -8.01237235      0.11374533     -7.89862702      0.14258503      0.09539196      0.11666852      0.02283188 md_running
    43     21.50000000     68.52030488      3.32186140    800.32745042    300.00000000      0.99968786      0.14446589     -8.01012153      0.11034763     -7.89977390      0.14954622      0.09395643      0.12526036      0.02394656 md_running
    44     22.00000000     68.73899375      3.27126160    804.82829087    300.00000000      0.99968665      0.14527833     -8.00768784      0.10701152     -7.90067632      0.15748812      0.09252525      0.13473480      0.02521828 md_running
    45     22.50000000     68.96727958      3.22085069    808.11396854    300.00000000      0.99968575      0.14587142     -8.00509640      0.10373879     -7.90135761      0.16566390      0.09109941      0.14423915      0.02652745 md_running
    46     23.00000000     69.17165151      3.17066666    810.51837574    300.00000000      0.99968512      0.14630544     -8.00240931      0.10053127     -7.90187804      0.17340899      0.08968000      0.15305855      0.02776766 md_running
    47     23.50000000     69.37095414      3.12075051    812.57806978    300.00000000      0.99968464      0.14667723     -7.99972546      0.09739084     -7.90233463      0.18011352      0.08826815      0.16056766      0.02884124 md_running
    48     24.00000000     69.60203883      3.07114597    814.96822615    300.00000000      0.99968416      0.14710867     -7.99717043      0.09431938     -7.90285105      0.18522323      0.08686513      0.16621578      0.02965945 md_running
    49     24.50000000     69.83336475      3.02189890    818.36499535    300.00000000      0.99968353      0.14772182     -7.99487050      0.09131873     -7.90355177      0.18828127      0.08547221      0.16955450      0.03014913 md_running
    50     25.00000000     70.06275075      2.97305639    823.27210920    300.00000000      0.99968262      0.14860759     -7.99292045      0.08839064     -7.90452980      0.18900799      0.08409073      0.17031980      0.03026550 md_running
    51     25.50000000     70.29725702      2.92466564    829.86986797    300.00000000      0.99968135      0.14979854     -7.99135544      0.08553669     -7.90581875      0.18737256      0.08272204      0.16849786      0.03000362 md_running
    52     26.00000000     70.52997981      2.87677281    837.96283156    300.00000000      0.99967973      0.15125939     -7.99014037      0.08275822     -7.90738215      0.18359985      0.08136742      0.16435637      0.02939950 md_running
    53     26.50000000     70.75988600      2.82942104    847.08128827    300.00000000      0.99967788      0.15290535     -7.98918922      0.08005623     -7.90913298      0.17810653      0.08002811      0.15840708      0.02851987 md_running
    54     27.00000000     70.98758042      2.78264637    856.66147478    300.00000000      0.99967590      0.15463466     -7.98839919      0.07743121     -7.91096798      0.17144483      0.07870512      0.15132263      0.02745314 md_running
    55     27.50000000     71.21924235      2.73647358    866.18343145    300.00000000      0.99967393      0.15635345     -7.98767603      0.07488288     -7.91279315      0.16423924      0.07739916      0.14383364      0.02629933 md_running
    56     28.00000000     71.44951950      2.69091413    875.26766581    300.00000000      0.99967207      0.15799323     -7.98694855      0.07241019     -7.91453836      0.15711586      0.07611055      0.13669283      0.02515867 md_running
    57     28.50000000     71.68095945      2.64596451    883.74475550    300.00000000      0.99967035      0.15952342     -7.98618448      0.07001128     -7.91617320      0.15065747      0.07483918      0.13062411      0.02412450 md_running
    58     29.00000000     71.91105370      2.60160467    891.67387210    300.00000000      0.99966878      0.16095469     -7.98539137      0.06768347     -7.91770790      0.14537966      0.07358449      0.12628000      0.02327938 md_running
    59     29.50000000     72.12770789      2.55779670    899.31405030    300.00000000      0.99966732      0.16233381     -7.98461373      0.06542324     -7.91919049      0.14170384      0.07234542      0.12415268      0.02269078 md_running
    60     30.00000000     72.35984489      2.51448455    907.04055603    300.00000000      0.99966591      0.16372851     -7.98391654      0.06322633     -7.92069022      0.13989523      0.07112036      0.12443505      0.02240117 md_running
    61     30.50000000     72.58347541      2.47159638    915.23806534    300.00000000      0.99966447      0.16520823     -7.98336510      0.06108789     -7.92227721      0.13995892      0.06990730      0.12693292      0.02241136 md_running
    62     31.00000000     72.81823821      2.42904851    924.22084594    300.00000000      0.99966295      0.16682970     -7.98301178      0.05900277     -7.92400901      0.14160791      0.06870387      0.13110079      0.02267541 md_running
    63     31.50000000     73.05616043      2.38675029    934.19374041    300.00000000      0.99966129      0.16862989     -7.98288825      0.05696577     -7.92592248      0.14430464      0.06750749      0.13615799      0.02310724 md_running
    64     32.00000000     73.29105965      2.34460978    945.24643731    300.00000000      0.99965948      0.17062499     -7.98300590      0.05497195     -7.92803395      0.14737159      0.06631558      0.14124877      0.02359834 md_running
    65     32.50000000     73.52725535      2.30254018    957.37893892    300.00000000      0.99965754      0.17281501     -7.98335961      0.05301691     -7.93034270      0.15010526      0.06512567      0.14556870      0.02403608 md_running
    66     33.00000000     73.76028306      2.26046597    970.55453101    300.00000000      0.99965547      0.17519332     -7.98393906      0.05109706     -7.93284199      0.15193122      0.06393563      0.14851059      0.02432847 md_running
    67     33.50000000     73.99838295      2.21832810    984.73491829    300.00000000      0.99965329      0.17775300     -7.98473523      0.04920980     -7.93552544      0.15249219      0.06274379      0.14972398      0.02441829 md_running
    68     34.00000000     74.23680267      2.17608761    999.88745421    300.00000000      0.99965102      0.18048816     -7.98574069      0.04735357     -7.93838712      0.15169428      0.06154905      0.14913577      0.02429053 md_running
    69     34.50000000     74.46667066      2.13372777   1015.98167700    300.00000000      0.99964868      0.18339330     -7.98695000      0.04552794     -7.94142205      0.14967582      0.06035093      0.14690722      0.02396731 md_running
    70     35.00000000     74.67965082      2.09125482   1032.99271188    300.00000000      0.99964627      0.18646394     -7.98835820      0.04373347     -7.94462473      0.14675104      0.05914962      0.14338278      0.02349897 md_running
    71     35.50000000     74.89393141      2.04869724   1050.87096735    300.00000000      0.99964382      0.18969112     -7.98996085      0.04197160     -7.94798925      0.14337409      0.05794591      0.13907305      0.02295823 md_running
    72     36.00000000     75.13365326      2.00610271   1069.43622056    300.00000000      0.99964134      0.19304230     -7.99172796      0.04024448     -7.95148348      0.14015930      0.05674115      0.13466528      0.02244345 md_running
    73     36.50000000     75.37370962      1.96353463   1088.32521855    300.00000000      0.99963887      0.19645193     -7.99359533      0.03855468     -7.95504065      0.13780546      0.05553715      0.13096382      0.02206653 md_running
    74     37.00000000     75.61049580      1.92106811   1107.05965567    300.00000000      0.99963648      0.19983365     -7.99547835      0.03690503     -7.95857332      0.13694372      0.05433601      0.12874642      0.02192855 md_running
    75     37.50000000     75.84963394      1.87878551   1125.16298449    300.00000000      0.99963422      0.20310145     -7.99729242      0.03529835     -7.96199407      0.13793648      0.05314008      0.12853579      0.02208751 md_running
    76     38.00000000     76.05332118      1.83677166   1142.26749584    300.00000000      0.99963212      0.20618896     -7.99897273      0.03373730     -7.96523542      0.14073550      0.05195175      0.13040179      0.02253572 md_running
    77     38.50000000     76.28950894      1.79510949   1158.20150032    300.00000000      0.99963022      0.20906519     -8.00048983      0.03222418     -7.96826565      0.14487446      0.05077336      0.13391386      0.02319848 md_running
    78     39.00000000     76.52814519      1.75387635   1173.03177175    300.00000000      0.99962851      0.21174218     -8.00185770      0.03076082     -7.97109688      0.14967999      0.04960711      0.13836446      0.02396798 md_running
    79     39.50000000     76.76909627      1.71314140   1187.03097308    300.00000000      0.99962694      0.21426915     -8.00312817      0.02934853     -7.97377964      0.15440930      0.04845496      0.14295599      0.02472528 md_running
    80     40.00000000     77.00619414      1.67296274   1200.58643175    300.00000000      0.99962549      0.21671603     -8.00437231      0.02798804     -7.97638427      0.15844574      0.04731853      0.14700621      0.02537162 md_running
    81     40.50000000     77.24286134      1.63338589   1214.11806837    300.00000000      0.99962409      0.21915860     -8.00566676      0.02667949     -7.97898727      0.16129535      0.04619913      0.14997966      0.02582793 md_running
    82     41.00000000     77.47924103      1.59444194   1228.00156318    300.00000000      0.99962270      0.22166469     -8.00708073      0.02542245     -7.98165828      0.16265397      0.04509763      0.15154467      0.02604548 md_running
    83     41.50000000     77.71668935      1.55614634   1242.45993231    300.00000000      0.99962129      0.22427455     -8.00865408      0.02421591     -7.98443816      0.16248390      0.04401447      0.15163845      0.02601825 md_running
    84     42.00000000     77.95561907      1.51850008   1257.50715258    300.00000000      0.99961986      0.22699070     -8.01038737      0.02305843     -7.98732895      0.16091351      0.04294967      0.15037111      0.02576678 md_running
    85     42.50000000     78.19433971      1.48149171   1272.97094209    300.00000000      0.99961841      0.22978204     -8.01224768      0.02194818     -7.99029951      0.15814919      0.04190291      0.14795017      0.02532414 md_running
    86     43.00000000     78.42966342      1.44509847   1288.53237487    300.00000000      0.99961696      0.23259101     -8.01417463      0.02088310     -7.99329153      0.15453015      0.04087356      0.14471599      0.02474463 md_running
    87     43.50000000     78.65773741      1.40928869   1303.79887072    300.00000000      0.99961557      0.23534675     -8.01609293      0.01986095     -7.99623199      0.15049012      0.03986070      0.14111111      0.02409771 md_running
    88     44.00000000     78.89396909      1.37402404   1318.41500087    300.00000000      0.99961424      0.23798508     -8.01793651      0.01887942     -7.99905709      0.14645632      0.03886327      0.13756731      0.02345178 md_running
    89     44.50000000     79.13155827      1.33926215   1332.13133358    300.00000000      0.99961302      0.24046099     -8.01965689      0.01793623     -8.00172066      0.14269020      0.03788005      0.13433296      0.02284872 md_running
    90     45.00000000     79.36802858      1.30495969   1344.83102772    300.00000000      0.99961190      0.24275340     -8.02123062      0.01702920     -8.00420142      0.13924068      0.03690983      0.13143438      0.02229635 md_running
    91     45.50000000     79.59227595      1.27107487   1356.54558926    300.00000000      0.99961089      0.24486797     -8.02266101      0.01615631     -8.00650470      0.13598129      0.03595143      0.12870535      0.02177443 md_running
    92     46.00000000     79.82794888      1.23757073   1367.41389145    300.00000000      0.99960997      0.24682980     -8.02397331      0.01531581     -8.00865750      0.13261225      0.03500379      0.12581067      0.02123495 md_running
    93     46.50000000     80.06314235      1.20441721   1377.54330720    300.00000000      0.99960913      0.24865824     -8.02518708      0.01450621     -8.01068087      0.12890468      0.03406606      0.12249129      0.02064127 md_running
    94     47.00000000     80.29899635      1.17159334   1386.89365898    300.00000000      0.99960836      0.25034606     -8.02629317      0.01372631     -8.01256686      0.12488010      0.03313766      0.11875790      0.01999682 md_running
    95     47.50000000     80.54121076      1.13908879   1395.24177410    300.00000000      0.99960767      0.25185296     -8.02725146      0.01297523     -8.01427623      0.12090231      0.03221830      0.11498370      0.01935986 md_running
    96     48.00000000     80.78024384      1.10690498   1402.21387866    300.00000000      0.99960707      0.25311149     -8.02799052      0.01225239     -8.01573813      0.11755065      0.03130800      0.11177979      0.01882317 md_running
    97     48.50000000     81.01789302      1.07505508   1407.44059140    300.00000000      0.99960660      0.25405495     -8.02844128      0.01155743     -8.01688384      0.11542061      0.03040715      0.10978020      0.01848209 md_running
    98     49.00000000     81.24857350      1.04356358   1410.70419619    300.00000000      0.99960628      0.25464406     -8.02856394      0.01089025     -8.01767369      0.11487140      0.02951644      0.10937600      0.01839414 md_running
    99     49.50000000     81.48400438      1.01246537   1411.98358668    300.00000000      0.99960611      0.25487500     -8.02835472      0.01025086     -8.01810386      0.11583912      0.02863685      0.11051556      0.01854910 md_running
   100     50.00000000     81.71237401      0.98180445   1411.42539137    300.00000000      0.99960608      0.25477424     -8.02784066      0.00963940     -8.01820126      0.11785213      0.02776962      0.11272138      0.01887144 md_running
   101     50.50000000     81.95145945      0.95163212   1409.29478317    300.00000000      0.99960619      0.25438965     -8.02706922      0.00905604     -8.01801318      0.12025059      0.02691622      0.11531951      0.01925550 md_running
   102     51.00000000     82.19137536      0.92200535   1405.93748021    300.00000000      0.99960640      0.25378363     -8.02610425      0.00850094     -8.01760331      0.12240692      0.02607825      0.11766783      0.01960079 md_running
   103     51.50000000     82.42732448      0.89298581   1401.68696194    300.00000000      0.99960669      0.25301638     -8.02500725      0.00797424     -8.01703301      0.12386796      0.02525745      0.11930656      0.01983475 md_running
   104     52.00000000     82.66331418      0.86463923   1396.74199444    300.00000000      0.99960705      0.25212377     -8.02381541      0.00747601     -8.01633940      0.12446255      0.02445569      0.12006052      0.01992996 md_running
   105     52.50000000     82.89297926      0.83703615   1391.11431903    300.00000000      0.99960745      0.25110792     -8.02252963      0.00700630     -8.01552334      0.12433520      0.02367496      0.12007798      0.01990957 md_running
   106     53.00000000     83.13210905      0.81025318   1384.67748364    300.00000000      0.99960791      0.24994602     -8.02112544      0.00656510     -8.01456034      0.12389246      0.02291742      0.11978935      0.01983867 md_running
   107     53.50000000     83.36921527      0.78437288   1377.23865997    300.00000000      0.99960845      0.24860325     -8.01956771      0.00615241     -8.01341530      0.12367565      0.02218542      0.11976344      0.01980395 md_running
   108     54.00000000     83.59719436      0.75948349   1368.62731946    300.00000000      0.99960908      0.24704883     -8.01782305      0.00576815     -8.01205490      0.12421123      0.02148144      0.12053436      0.01988971 md_running
   109     54.50000000     83.80247885      0.73568043   1358.78483379    300.00000000      0.99960982      0.24527218     -8.01588144      0.00541226     -8.01046918      0.12585946      0.02080818      0.12245454      0.02015364 md_running
   110     55.00000000     84.02926664      0.71306851   1347.79093273    300.00000000      0.99961067      0.24328769     -8.01375709      0.00508467     -8.00867243      0.12864266      0.02016862      0.12551998      0.02059931 md_running
   111     55.50000000     84.25780412      0.69176488   1335.83987628    300.00000000      0.99961162      0.24113042     -8.01148408      0.00478539     -8.00669870      0.13226560      0.01956607      0.12941610      0.02117945 md_running
   112     56.00000000     84.49073439      0.67189982   1323.30248997    300.00000000      0.99961266      0.23886731     -8.00912842      0.00451449     -8.00461392      0.13622386      0.01900420      0.13361961      0.02181328 md_running
   113     56.50000000     84.73128411      0.65361702   1310.63364431    300.00000000      0.99961374      0.23658048     -8.00677874      0.00427215     -8.00250659      0.13989248      0.01848708      0.13749316      0.02240072 md_running
   114     57.00000000     84.97745016      0.63707248   1298.17825059    300.00000000      0.99961484      0.23433218     -8.00449500      0.00405861     -8.00043639      0.14282387      0.01801913      0.14058676      0.02287012 md_running
   115     57.50000000     85.21838972      0.62243198   1286.12187037    300.00000000      0.99961594      0.23215590     -8.00231293      0.00387422     -7.99843871      0.14483066      0.01760503      0.14271032      0.02319147 md_running
   116     58.00000000     85.44766854      0.60986817   1274.44984911    300.00000000      0.99961701      0.23004900     -8.00022934      0.00371939     -7.99650995      0.14603003      0.01724968      0.14398551      0.02338352 md_running
   117     58.50000000     85.68460756      0.59955580   1263.00836240    300.00000000      0.99961807      0.22798371     -7.99821547      0.00359467     -7.99462079      0.14670748      0.01695800      0.14470533      0.02349200 md_running
   118     59.00000000     85.92093694      0.59166496   1251.61868272    300.00000000      0.99961914      0.22592778     -7.99623882      0.00350067     -7.99273814      0.14718029      0.01673481      0.14519196      0.02356771 md_running
   119     59.50000000     86.15639358      0.58635384   1240.16476893    300.00000000      0.99962024      0.22386025     -7.99427866      0.00343811     -7.99084055      0.14768401      0.01658459      0.14568599      0.02364837 md_running
   120     60.00000000     86.38513801      0.58376046   1228.64433824    300.00000000      0.99962136      0.22178072     -7.99233538      0.00340776     -7.98892761      0.14830884      0.01651124      0.14628664      0.02374842 md_running
   121     60.50000000     86.61600053      0.58399379   1217.17727393    300.00000000      0.99962250      0.21971081     -7.99043180      0.00341049     -7.98702131      0.14896254      0.01651784      0.14690558      0.02385310 md_running
   122     61.00000000     86.84739737      0.58712659   1205.97245977    300.00000000      0.99962365      0.21768825     -7.98860715      0.00344718     -7.98515998      0.14944030      0.01660645      0.14733744      0.02392960 md_running
   123     61.50000000     87.07825431      0.59319124   1195.26383062    300.00000000      0.99962479      0.21575525     -7.98690572      0.00351876     -7.98338696      0.14951598      0.01677798      0.14735585      0.02394172 md_running
   124     62.00000000     87.31765620      0.60217822   1185.23481263    300.00000000      0.99962588      0.21394493     -7.98536242      0.00362619     -7.98173624      0.14899625      0.01703217      0.14676925      0.02385849 md_running
   125     62.50000000     87.55593422      0.61403693   1175.95934319    300.00000000      0.99962691      0.21227063     -7.98399179      0.00377041     -7.98022138      0.14777632      0.01736759      0.14547361      0.02366315 md_running
   126     63.00000000     87.79157985      0.62867947   1167.38021112    300.00000000      0.99962787      0.21072202     -7.98278439      0.00395238     -7.97883201      0.14588048      0.01778174      0.14349729      0.02335957 md_running
   127     63.50000000     88.02860304      0.64598574   1159.32041292    300.00000000      0.99962878      0.20926716     -7.98170882      0.00417298     -7.97753585      0.14349201      0.01827124      0.14103254      0.02297711 md_running
   128     64.00000000     88.26654267      0.66580898   1151.51267513    300.00000000      0.99962966      0.20785780     -7.98071751      0.00443302     -7.97628449      0.14097784      0.01883192      0.13846309      0.02257452 md_running
   129     64.50000000     88.50411848      0.68798091   1143.64468201    300.00000000      0.99963054      0.20643756     -7.97975367      0.00473318     -7.97502050      0.13885257      0.01945904      0.13633094      0.02223421 md_running
   130     65.00000000     88.74253403      0.71231554   1135.43255507    300.00000000      0.99963146      0.20495520     -7.97876550      0.00507393     -7.97369157      0.13766669      0.02014733      0.13521395      0.02204431 md_running
   131     65.50000000     88.98269470      0.73861288   1126.71143428    300.00000000      0.99963244      0.20338096     -7.97772231      0.00545549     -7.97226682      0.13786809      0.02089113      0.13558050      0.02207656 md_running
   132     66.00000000     89.21761277      0.76666230   1117.50157212    300.00000000      0.99963350      0.20171850     -7.97662746      0.00587771     -7.97074975      0.13964978      0.02168448      0.13763277      0.02236186 md_running
   133     66.50000000     89.45518900      0.79624535   1108.02688227    300.00000000      0.99963463      0.20000824     -7.97552123      0.00634007     -7.96918117      0.14282024      0.02252122      0.14117049      0.02286954 md_running
   134     67.00000000     89.69407007      0.82713852   1098.67120577    300.00000000      0.99963579      0.19831946     -7.97447317      0.00684158     -7.96763159      0.14683975      0.02339501      0.14563458      0.02351318 md_running
   135     67.50000000     89.93220480      0.85911597   1089.87358925    300.00000000      0.99963693      0.19673142     -7.97356269      0.00738080     -7.96618189      0.15099720      0.02429947      0.15029152      0.02417890 md_running
   136     68.00000000     90.17051234      0.89195282   1082.00678397    300.00000000      0.99963799      0.19531139     -7.97285644      0.00795580     -7.96490064      0.15462623      0.02522824      0.15445967      0.02476001 md_running
   137     68.50000000     90.40417046      0.92542824   1075.28098384    300.00000000      0.99963892      0.19409733     -7.97239055      0.00856417     -7.96382638      0.15726586      0.02617506      0.15766624      0.02518269 md_running
   138     69.00000000     90.63136844      0.95932895   1069.70465959    300.00000000      0.99963972      0.19309076     -7.97216370      0.00920312     -7.96296058      0.15871567      0.02713392      0.15970424      0.02541485 md_running
   139     69.50000000     90.86739085      0.99345213   1065.12734119    300.00000000      0.99964038      0.19226451     -7.97214437      0.00986947     -7.96227490      0.15899848      0.02809907      0.16058898      0.02546013 md_running
   140     70.00000000     91.10275347      1.02760804   1061.33923827    300.00000000      0.99964093      0.19158073     -7.97229030      0.01055978     -7.96173052      0.15827632      0.02906514      0.16047212      0.02534449 md_running
   141     70.50000000     91.34049020      1.06162216   1058.16976684    300.00000000      0.99964139      0.19100861     -7.97256647      0.01127042     -7.96129606      0.15676258      0.03002721      0.15955437      0.02510210 md_running
   142     71.00000000     91.57986596      1.09533681   1055.54735870    300.00000000      0.99964178      0.19053524     -7.97295626      0.01199763     -7.96095863      0.15466651      0.03098080      0.15802982      0.02476646 md_running
   143     71.50000000     91.81413154      1.12861215   1053.50236426    300.00000000      0.99964209      0.19016610     -7.97346205      0.01273765     -7.96072439      0.15216837      0.03192197      0.15606105      0.02436644 md_running
   144     72.00000000     92.02933905      1.16132683   1052.12078623    300.00000000      0.99964233      0.18991672     -7.97409674      0.01348680     -7.96060994      0.14942222      0.03284728      0.15378389      0.02392670 md_running
   145     72.50000000     92.26692309      1.19337820   1051.47830048    300.00000000      0.99964247      0.18980074     -7.97487108      0.01424152     -7.96062957      0.14657568      0.03375383      0.15132883      0.02347089 md_running
   146     73.00000000     92.50747206      1.22468193   1051.58711677    300.00000000      0.99964250      0.18982039     -7.97578424      0.01499846     -7.96078578      0.14379418      0.03463924      0.14884706      0.02302550 md_running
   147     73.50000000     92.74755856      1.25517094   1052.36534727    300.00000000      0.99964244      0.18996086     -7.97681882      0.01575454     -7.96106428      0.14125610      0.03550160      0.14650388      0.02261908 md_running
   148     74.00000000     92.98141907      1.28479408   1053.63050816    300.00000000      0.99964229      0.19018924     -7.97793871      0.01650696     -7.96143175      0.13917660      0.03633946      0.14450462      0.02228609 md_running
   149     74.50000000     93.20780102      1.31351442   1055.13316158    300.00000000      0.99964210      0.19046048     -7.97909550      0.01725320     -7.96184230      0.13778298      0.03715180      0.14307286      0.02206293 md_running
   150     75.00000000     93.45095454      1.34130712   1056.61898510    300.00000000      0.99964189      0.19072868     -7.98024056      0.01799105     -7.96224952      0.13728785      0.03793789      0.14242815      0.02198365 md_running
   151     75.50000000     93.69209472      1.36815683   1057.89257014    300.00000000      0.99964170      0.19095857     -7.98133571      0.01871853     -7.96261718      0.13781294      0.03869732      0.14270829      0.02206773 md_running
   152     76.00000000     93.93597619      1.39405536   1058.88099015    300.00000000      0.99964155      0.19113699     -7.98236541      0.01943390     -7.96293151      0.13932582      0.03942984      0.14391302      0.02230999 md_running
   153     76.50000000     94.17808787      1.41899888   1059.68410068    300.00000000      0.99964144      0.19128196     -7.98334602      0.02013558     -7.96321044      0.14159607      0.04013535      0.14585504      0.02267352 md_running
   154     77.00000000     94.41740994      1.44298510   1060.57622983    300.00000000      0.99964133      0.19144300     -7.98432615      0.02082206     -7.96350409      0.14419972      0.04081378      0.14815849      0.02309044 md_running
   155     77.50000000     94.65666647      1.46601046   1061.95529700    300.00000000      0.99964119      0.19169193     -7.98537743      0.02149187     -7.96388556      0.14658504      0.04146504      0.15031846      0.02347239 md_running
   156     78.00000000     94.89714062      1.48806720   1064.24826240    300.00000000      0.99964096      0.19210583     -7.98657686      0.02214344     -7.96443342      0.14816513      0.04208890      0.15178924      0.02372541 md_running
   157     78.50000000     95.13829782      1.50914083   1067.79011820    300.00000000      0.99964058      0.19274517     -7.98798459      0.02277506     -7.96520953      0.14845820      0.04268495      0.15212385      0.02377234 md_running
   158     79.00000000     95.37604937      1.52920783   1072.71492044    300.00000000      0.99964003      0.19363413     -7.98962415      0.02338477     -7.96623938      0.14718390      0.04325253      0.15107178      0.02356829 md_running
   159     79.50000000     95.60451985      1.54823408   1078.89998025    300.00000000      0.99963930      0.19475059     -7.99147074      0.02397029     -7.96750045      0.14436282      0.04379067      0.14867767      0.02311655 md_running
   160     80.00000000     95.83408543      1.56617405   1085.99464203    300.00000000      0.99963843      0.19603124     -7.99345748      0.02452901     -7.96892847      0.14030685      0.04429809      0.14527084      0.02246708 md_running
   161     80.50000000     96.07074052      1.58297083   1093.52298159    300.00000000      0.99963749      0.19739017     -7.99549403      0.02505797     -7.97043606      0.13554178      0.04477318      0.14138014      0.02170405 md_running
   162     81.00000000     96.31040463      1.59855707   1101.01860604    300.00000000      0.99963654      0.19874319     -7.99749163      0.02555385     -7.97193779      0.13068394      0.04521402      0.13760097      0.02092618 md_running
   163     81.50000000     96.54714783      1.61285694   1108.13478973    300.00000000      0.99963563      0.20002772     -7.99938353      0.02601307     -7.97337045      0.12629806      0.04561848      0.13444279      0.02022388 md_running
   164     82.00000000     96.78558977      1.62578929   1114.68842404    300.00000000      0.99963479      0.20121071     -8.00113289      0.02643191     -7.97470098      0.12281724      0.04598427      0.13225076      0.01966650 md_running
   165     82.50000000     97.02353737      1.63727171   1120.64727398    300.00000000      0.99963403      0.20228633     -8.00273094      0.02680659     -7.97592435      0.12054588      0.04630904      0.13121998      0.01930279 md_running
   166     83.00000000     97.25132570      1.64722489   1126.07669591    300.00000000      0.99963336      0.20326639     -8.00418619      0.02713350     -7.97705269      0.11964036      0.04659056      0.13139457      0.01915779 md_running
   167     83.50000000     97.48692271      1.65557696   1131.06939841    300.00000000      0.99963274      0.20416761     -8.00551295      0.02740935     -7.97810360      0.12011791      0.04682679      0.13270269      0.01923426 md_running
   168     84.00000000     97.71528007      1.66226732   1135.69636731    300.00000000      0.99963218      0.20500282     -8.00672110      0.02763133     -7.97908977      0.12190070      0.04701602      0.13499068      0.01951973 md_running
   169     84.50000000     97.95302030      1.66725127   1139.98448094    300.00000000      0.99963166      0.20577686     -8.00781340      0.02779727     -7.98001613      0.12477467      0.04715699      0.13801280      0.01997994 md_running
   170     85.00000000     98.19053313      1.67050392   1143.91966938    300.00000000      0.99963118      0.20648719     -8.00878523      0.02790583     -7.98087940      0.12839234      0.04724899      0.14143456      0.02055923 md_running
   171     85.50000000     98.41460662      1.67202318   1147.47363151    300.00000000      0.99963075      0.20712871     -8.00963085      0.02795662     -7.98167423      0.13231576      0.04729196      0.14485081      0.02118748 md_running
   172     86.00000000     98.65659339      1.67183237   1150.63661605    300.00000000      0.99963037      0.20769966     -8.01034879      0.02795023     -7.98239855      0.13608518      0.04728656      0.14784120      0.02179107 md_running
   173     86.50000000     98.89688875      1.66998243   1153.44785151    300.00000000      0.99963004      0.20820711     -8.01094720      0.02788841     -7.98305878      0.13926791      0.04723424      0.15001581      0.02230071 md_running
   174     87.00000000     99.13612744      1.66655269   1156.02403081    300.00000000      0.99962974      0.20867213     -8.01144986      0.02777398     -7.98367588      0.14148821      0.04713723      0.15102542      0.02265625 md_running
   175     87.50000000     99.37623694      1.66165117   1158.57415209    300.00000000      0.99962945      0.20913245     -8.01189860      0.02761085     -7.98428776      0.14244170      0.04699859      0.15056301      0.02280893 md_running
   176     88.00000000     99.61474966      1.65541535   1161.37296219    300.00000000      0.99962916      0.20963766     -8.01234894      0.02740400     -7.98494494      0.14195153      0.04682222      0.14844939      0.02273044 md_running
   177     88.50000000     99.85229773      1.64801078   1164.70326574    300.00000000      0.99962883      0.21023881     -8.01285844      0.02715940     -7.98569904      0.13994524      0.04661278      0.14459833      0.02240917 md_running
   178     89.00000000    100.07881966      1.63962846   1168.79133289    300.00000000      0.99962842      0.21097674     -8.01347603      0.02688381     -7.98659221      0.13651758      0.04637570      0.13908408      0.02186031 md_running
   179     89.50000000    100.30813021      1.63048076   1173.73514439    300.00000000      0.99962793      0.21186914     -8.01422733      0.02658468     -7.98764266      0.13196842      0.04611696      0.13218695      0.02113186 md_running
   180     90.00000000    100.53682495      1.62079594   1179.44816812    300.00000000      0.99962735      0.21290039     -8.01510495      0.02626979     -7.98883515      0.12686149      0.04584303      0.12446240      0.02031410 md_running
   181     90.50000000    100.76442921      1.61081181   1185.66095323    300.00000000      0.99962670      0.21402185     -8.01606730      0.02594715     -7.99012015      0.12204436      0.04556064      0.11680671      0.01954274 md_running
   182     91.00000000    101.00101909      1.60076851   1191.99425753    300.00000000      0.99962602      0.21516507     -8.01705263      0.02562460     -7.99142803      0.11851506      0.04527657      0.11038435      0.01897760 md_running
   183     91.50000000    101.23764449      1.59090027   1198.07784111    300.00000000      0.99962536      0.21626320     -8.01799992      0.02530964     -7.99269028      0.11714399      0.04499745      0.10636718      0.01875805 md_running
   184     92.00000000    101.47310623      1.58142712   1203.67682153    300.00000000      0.99962475      0.21727387     -8.01887276      0.02500912     -7.99386364      0.11826830      0.04472951      0.10544285      0.01893808 md_running
   185     92.50000000    101.71087234      1.57254643   1208.77542431    300.00000000      0.99962420      0.21819421     -8.01967400      0.02472902     -7.99494498      0.12146403      0.04447833      0.10739777      0.01944981 md_running
   186     93.00000000    101.94747100      1.56442481   1213.58008234    300.00000000      0.99962370      0.21906149     -8.02044691      0.02447425     -7.99597266      0.12570246      0.04424862      0.11117508      0.02012850 md_running
   187     93.50000000    102.18492865      1.55719194   1218.43885633    300.00000000      0.99962321      0.21993854     -8.02125974      0.02424847     -7.99701127      0.12974006      0.04404404      0.11536498      0.02077504 md_running
   188     94.00000000    102.42244216      1.55093635   1223.70508289    300.00000000      0.99962271      0.22088914     -8.02218032      0.02405404     -7.99812629      0.13249417      0.04386710      0.11871691      0.02121605 md_running
   189     94.50000000    102.66387734      1.54570372   1229.60864401    300.00000000      0.99962215      0.22195478     -8.02325174      0.02389200     -7.99935974      0.13329086      0.04371910      0.12045471      0.02134362 md_running
   190     95.00000000    102.88952141      1.54149790   1236.16428594    300.00000000      0.99962153      0.22313813     -8.02447818      0.02376216     -8.00071602      0.13194020      0.04360014      0.12035958      0.02112734 md_running
   191     95.50000000    103.11793709      1.53828429   1243.11907447    300.00000000      0.99962086      0.22439353     -8.02581164      0.02366319     -8.00214846      0.12874373      0.04350925      0.11875371      0.02061550 md_running
   192     96.00000000    103.34706167      1.53599566   1249.99697930    300.00000000      0.99962017      0.22563505     -8.02716242      0.02359283     -8.00356960      0.12443728      0.04344452      0.11641630      0.01992591 md_running
   193     96.50000000    103.58425576      1.53453948   1256.21158627    300.00000000      0.99961953      0.22675684     -8.02842050      0.02354811     -8.00487239      0.12003451      0.04340333      0.11438788      0.01922090 md_running
   194     97.00000000    103.81928335      1.53380555   1261.15923228    300.00000000      0.99961899      0.22764993     -8.02947247      0.02352559     -8.00594687      0.11664303      0.04338257      0.11372135      0.01867783 md_running
   195     97.50000000    104.05723607      1.53367380   1264.33336624    300.00000000      0.99961860      0.22822289     -8.03022038      0.02352155     -8.00669883      0.11520208      0.04337885      0.11519645      0.01844710 md_running
   196     98.00000000    104.29401232      1.53402071   1265.44138992    300.00000000      0.99961839      0.22842289     -8.03060745      0.02353220     -8.00707525      0.11623047      0.04338866      0.11909195      0.01861177 md_running
   197     98.50000000    104.53001838      1.53472444   1264.45410636    300.00000000      0.99961839      0.22824468     -8.03062396      0.02355379     -8.00707017      0.11967998      0.04340856      0.12513625      0.01916413 md_running
   198     99.00000000    104.76745675      1.53566880   1261.59521876    300.00000000      0.99961857      0.22772863     -8.03030727      0.02358279     -8.00672448      0.12502295      0.04343527      0.13268074      0.02001969 md_running
   199     99.50000000    105.00561323      1.53674602   1257.27294924    300.00000000      0.99961891      0.22694842     -8.02972854      0.02361588     -8.00611266      0.13152479      0.04346574      0.14098553      0.02106082 md_running
   200    100.00000000    105.24275702      1.53785816   1251.96270718    300.00000000      0.99961938      0.22598988     -8.02897238      0.02365008     -8.00532230      0.13846083      0.04349720      0.14938287      0.02217148 md_running
   201    100.50000000    105.48006476      1.53891766   1246.08980442    300.00000000      0.99961992      0.22492977     -8.02811306      0.02368268     -8.00443038      0.14531382      0.04352716      0.15742247      0.02326883 md_running
   202    101.00000000    105.71982919      1.53984757   1239.94736070    300.00000000      0.99962050      0.22382101     -8.02720184      0.02371131     -8.00349053      0.15182255      0.04355347      0.16489359      0.02431106 md_running
   203    101.50000000    105.96193471      1.54058157   1233.67262753    300.00000000      0.99962111      0.22268836     -8.02626087      0.02373392     -8.00252696      0.15786347      0.04357423      0.17170147      0.02527839 md_running
   204    102.00000000    106.20326081      1.54106458   1227.28942758    300.00000000      0.99962173      0.22153614     -8.02529141      0.02374880     -8.00154261      0.16334063      0.04358789      0.17777169      0.02615543 md_running
   205    102.50000000    106.44034508      1.54125354   1220.81229535    300.00000000      0.99962237      0.22036697     -8.02429355      0.02375462     -8.00053893      0.16805018      0.04359323      0.18292243      0.02690956 md_running
   206    103.00000000    106.67125328      1.54111864   1214.35464101    300.00000000      0.99962303      0.21920130     -8.02328612      0.02375047     -7.99953566      0.17162838      0.04358942      0.18682616      0.02748254 md_running
   207    103.50000000    106.90050699      1.54064423   1208.17226730    300.00000000      0.99962367      0.21808533     -8.02231494      0.02373585     -7.99857909      0.17361615      0.04357600      0.18906233      0.02780083 md_running
   208    104.00000000    107.13655136      1.53983003   1202.64953131    300.00000000      0.99962428      0.21708843     -8.02145090      0.02371077     -7.99774013      0.17357080      0.04355297      0.18923319      0.02779357 md_running
   209    104.50000000    107.36401165      1.53869136   1198.21238487    300.00000000      0.99962481      0.21628749     -8.02077294      0.02367571     -7.99709723      0.17119159      0.04352076      0.18707502      0.02741259 md_running
   210    105.00000000    107.59103341      1.53725896   1195.19958010    300.00000000      0.99962520      0.21574365     -8.02034461      0.02363165     -7.99671296      0.16640935      0.04348025      0.18254665      0.02664682 md_running
   211    105.50000000    107.82703758      1.53557801   1193.76153877    300.00000000      0.99962544      0.21548407     -8.02019542      0.02358000     -7.99661542      0.15949620      0.04343270      0.17593603      0.02553983 md_running
   212    106.00000000    108.04334673      1.53370577   1193.79375349    300.00000000      0.99962551      0.21548989     -8.02030883      0.02352253     -7.99678630      0.15105463      0.04337975      0.16783733      0.02418810 md_running
   213    106.50000000    108.28323350      1.53170877   1194.93539912    300.00000000      0.99962544      0.21569597     -8.02062098      0.02346132     -7.99715966      0.14199250      0.04332327      0.15911552      0.02273700 md_running
   214    107.00000000    108.52418746      1.52965970   1196.64128461    300.00000000      0.99962528      0.21600389     -8.02103457      0.02339859     -7.99763598      0.13344110      0.04326531      0.15081464      0.02136768 md_running
   215    107.50000000    108.76433414      1.52763433   1198.30472538    300.00000000      0.99962509      0.21630416     -8.02144069      0.02333667     -7.99810403      0.12660720      0.04320802      0.14401978      0.02027338 md_running
   216    108.00000000    109.00213384      1.52570799   1199.40975340    300.00000000      0.99962494      0.21650362     -8.02174674      0.02327785     -7.99846889      0.12248450      0.04315354      0.13960961      0.01961322 md_running
   217    108.50000000    109.22202634      1.52395231   1199.65622281    300.00000000      0.99962487      0.21654811     -8.02190023      0.02322431     -7.99867593      0.12150340      0.04310388      0.13797516      0.01945611 md_running
   218    109.00000000    109.44295065      1.52243317   1199.01689919    300.00000000      0.99962489      0.21643271     -8.02189793      0.02317803     -7.99871991      0.12338042      0.04306091      0.13891737      0.01975668 md_running
   219    109.50000000    109.68047463      1.52120886   1197.74460383    300.00000000      0.99962500      0.21620305     -8.02178747      0.02314076     -7.99864670      0.12724177      0.04302628      0.14172922      0.02037499 md_running
   220    110.00000000    109.91811835      1.52032864   1196.33075808    300.00000000      0.99962515      0.21594784     -8.02166024      0.02311399     -7.99854625      0.13192526      0.04300139      0.14541047      0.02112495 md_running
   221    110.50000000    110.15487039      1.51983229   1195.37306905    300.00000000      0.99962529      0.21577497     -8.02162788      0.02309890     -7.99852898      0.13632953      0.04298735      0.14897890      0.02183020 md_running
   222    111.00000000    110.39307654      1.51974898   1195.40351572    300.00000000      0.99962534      0.21578047     -8.02178879      0.02309637     -7.99869242      0.13961543      0.04298499      0.15166255      0.02235636 md_running
   223    111.50000000    110.63048143      1.52009563   1196.76963715    300.00000000      0.99962528      0.21602706     -8.02220679      0.02310691     -7.99909989      0.14128790      0.04299480      0.15296421      0.02262417 md_running
   224    112.00000000    110.86553741      1.52087858   1199.53149342    300.00000000      0.99962506      0.21652560     -8.02289571      0.02313072     -7.99976499      0.14127497      0.04301694      0.15281280      0.02262210 md_running
   225    112.50000000    111.10141899      1.52209257   1203.42692265    300.00000000      0.99962470      0.21722876     -8.02380486      0.02316766     -8.00063720      0.13982617      0.04305128      0.15144199      0.02239011 md_running
   226    113.00000000    111.33651490      1.52372017   1207.95616188    300.00000000      0.99962425      0.21804632     -8.02484238      0.02321723     -8.00162515      0.13740645      0.04309731      0.14927679      0.02200264 md_running
   227    113.50000000    111.57434068      1.52573298   1212.55826380    300.00000000      0.99962378      0.21887704     -8.02590514      0.02327861     -8.00262653      0.13460545      0.04315425      0.14683738      0.02155412 md_running
   228    114.00000000    111.80413145      1.52809485   1216.76054919    300.00000000      0.99962332      0.21963559     -8.02690524      0.02335074     -8.00355450      0.13200239      0.04322105      0.14465567      0.02113730 md_running
   229    114.50000000    112.03133452      1.53076276   1220.24218380    300.00000000      0.99962292      0.22026406     -8.02778327      0.02343235     -8.00435093      0.13003955      0.04329651      0.14311122      0.02082299 md_running
   230    115.00000000    112.27009759      1.53368928   1222.88566741    300.00000000      0.99962262      0.22074123     -8.02851634      0.02352203     -8.00499431      0.12898859      0.04337928      0.14242993      0.02065470 md_running
   231    115.50000000    112.49103147      1.53682421   1224.75295418    300.00000000      0.99962239      0.22107829     -8.02911509      0.02361829     -8.00549681      0.12892839      0.04346795      0.14265393      0.02064507 md_running
   232    116.00000000    112.71907798      1.54011695   1226.01637767    300.00000000      0.99962224      0.22130635     -8.02960939      0.02371960     -8.00588979      0.12980194      0.04356109      0.14370476      0.02078494 md_running
   233    116.50000000    112.95559192      1.54351874   1226.89083511    300.00000000      0.99962213      0.22146419     -8.03003783      0.02382450     -8.00621333      0.13147592      0.04365730      0.14544141      0.02105300 md_running
   234    117.00000000    113.17969526      1.54698483   1227.54798120    300.00000000      0.99962206      0.22158281     -8.03043064      0.02393162     -8.00649901      0.13380650      0.04375534      0.14772839      0.02142619 md_running
   235    117.50000000    113.41560299      1.55047549   1228.05640866    300.00000000      0.99962200      0.22167459     -8.03079909      0.02403974     -8.00675935      0.13662550      0.04385407      0.15040393      0.02187759 md_running
   236    118.00000000    113.65229948      1.55395770   1228.38084491    300.00000000      0.99962196      0.22173315     -8.03113480      0.02414785     -8.00698695      0.13972082      0.04395256      0.15326475      0.02237324 md_running
   237    118.50000000    113.88215868      1.55740676   1228.42693164    300.00000000      0.99962194      0.22174147     -8.03141934      0.02425516     -8.00716418      0.14279283      0.04405012      0.15604306      0.02286515 md_running
   238    119.00000000    114.12373274      1.56080657   1228.10097939    300.00000000      0.99962195      0.22168263     -8.03163468      0.02436117     -8.00727351      0.14543418      0.04414628      0.15836372      0.02328811 md_running
   239    119.50000000    114.36438524      1.56415024   1227.37373239    300.00000000      0.99962200      0.22155136     -8.03177449      0.02446566     -8.00730883      0.14717562      0.04424085      0.15978570      0.02356696 md_running
   240    120.00000000    114.60395154      1.56744093   1226.31308623    300.00000000      0.99962210      0.22135990     -8.03185187      0.02456871     -8.00728316      0.14754352      0.04433392      0.15985976      0.02362587 md_running
   241    120.50000000    114.84707882      1.57069264   1225.06971042    300.00000000      0.99962221      0.22113546     -8.03189411      0.02467075     -8.00722336      0.14614599      0.04442590      0.15821178      0.02340209 md_running
   242    121.00000000    115.09030731      1.57393066   1223.83825271    300.00000000      0.99962234      0.22091318     -8.03193872      0.02477258     -8.00716614      0.14276399      0.04451748      0.15462863      0.02286053 md_running
   243    121.50000000    115.32756391      1.57719185   1222.78037697    300.00000000      0.99962246      0.22072222     -8.03201655      0.02487534     -8.00714121      0.13748868      0.04460972      0.14919119      0.02201581 md_running
   244    122.00000000    115.56539627      1.58052449   1221.95534169    300.00000000      0.99962255      0.22057329     -8.03214032      0.02498058     -8.00715974      0.13074261      0.04470398      0.14228937      0.02093557 md_running
   245    122.50000000    115.80460756      1.58398774   1221.26042330    300.00000000      0.99962263      0.22044786     -8.03229407      0.02509017     -8.00720390      0.12335977      0.04480194      0.13467326      0.01975337 md_running
   246    123.00000000    116.03144415      1.58765200   1220.42163107    300.00000000      0.99962270      0.22029645     -8.03242917      0.02520639     -8.00722278      0.11660163      0.04490558      0.12748334      0.01867120 md_running
   247    123.50000000    116.26702802      1.59159805   1219.07085361    300.00000000      0.99962280      0.22005262     -8.03248063      0.02533184     -8.00714879      0.11195930      0.04501719      0.12206976      0.01792784 md_running
   248    124.00000000    116.50151544      1.59591552   1216.84293832    300.00000000      0.99962297      0.21965046     -8.03238477      0.02546946     -8.00691531      0.11067419      0.04513931      0.11959421      0.01772205 md_running
   249    124.50000000    116.72959344      1.60070091   1213.47750578    300.00000000      0.99962326      0.21904297     -8.03209567      0.02562243     -8.00647324      0.11316836      0.04527466      0.12055268      0.01812144 md_running
   250    125.00000000    116.97392025      1.60605490   1208.91273071    300.00000000      0.99962366      0.21821899     -8.03160538      0.02579412     -8.00581126      0.11882261      0.04542609      0.12452410      0.01902685 md_running
   251    125.50000000    117.20632070      1.61207953   1203.33593906    300.00000000      0.99962419      0.21721233     -8.03095113      0.02598800     -8.00496312      0.12630344      0.04559649      0.13038885      0.02022474 md_running
   252    126.00000000    117.44843124      1.61887403   1197.12831358    300.00000000      0.99962481      0.21609181     -8.03020713      0.02620753     -8.00399960      0.13408098      0.04578867      0.13674717      0.02147014 md_running
   253    126.50000000    117.68950946      1.62652982   1190.75609059    300.00000000      0.99962547      0.21494157     -8.02946073      0.02645599     -8.00300474      0.14088289      0.04600521      0.14236184      0.02255932 md_running
   254    127.00000000    117.92842223      1.63512575   1184.66807037    300.00000000      0.99962614      0.21384263     -8.02879872      0.02673636     -8.00206236      0.14582212      0.04624834      0.14634284      0.02335023 md_running
   255    127.50000000    118.16028843      1.64472294   1179.16429938    300.00000000      0.99962676      0.21284915     -8.02827872      0.02705114     -8.00122758      0.14841159      0.04651979      0.14818534      0.02376487 md_running
   256    128.00000000    118.39679460      1.65536038   1174.28474436    300.00000000      0.99962732      0.21196835     -8.02791030      0.02740218     -8.00050812      0.14854678      0.04682066      0.14777052      0.02378652 md_running
   257    128.50000000    118.62354186      1.66705174   1169.79384007    300.00000000      0.99962782      0.21115770     -8.02765103      0.02779062     -7.99986041      0.14646304      0.04715134      0.14532937      0.02345286 md_running
   258    129.00000000    118.86166160      1.67978335   1165.23375731    300.00000000      0.99962831      0.21033457     -8.02741829      0.02821672     -7.99920157      0.14268469      0.04751145      0.14139312      0.02284784 md_running
   259    129.50000000    119.09926867      1.69351390   1160.00207128    300.00000000      0.99962883      0.20939020     -8.02710154      0.02867989     -7.99842165      0.13797545      0.04789981      0.13673403      0.02209375 md_running
   260    130.00000000    119.33333538      1.70817602   1153.46207676    300.00000000      0.99962947      0.20820968     -8.02658036      0.02917865     -7.99740171      0.13319719      0.04831451      0.13221736      0.02132862 md_running
   261    130.50000000    119.57076923      1.72367954   1145.13367854    300.00000000      0.99963030      0.20670633     -8.02576571      0.02971071     -7.99605500      0.12923752      0.04875302      0.12871570      0.02069456 md_running
   262    131.00000000    119.79738209      1.73991623   1134.78988911    300.00000000      0.99963136      0.20483919     -8.02461221      0.03027308     -7.99433913      0.12684067      0.04921226      0.12692633      0.02031076 md_running
   263    131.50000000    120.02628018      1.75676539   1122.45688767    300.00000000      0.99963269      0.20261298     -8.02312176      0.03086225     -7.99225952      0.12643380      0.04968883      0.12720030      0.02024561 md_running
   264    132.00000000    120.26203483      1.77409983   1108.39291480    300.00000000      0.99963426      0.20007431     -8.02133733      0.03147430     -7.98986303      0.12804759      0.05017912      0.12947597      0.02050402 md_running
   265    132.50000000    120.48228879      1.79179184   1093.02017877    300.00000000      0.99963607      0.19729941     -8.01933119      0.03210518     -7.98722601      0.13133747      0.05067953      0.13332742      0.02103083 md_running
   266    133.00000000    120.71439888      1.80971883   1076.84194688    300.00000000      0.99963806      0.19437910     -8.01719202      0.03275082     -7.98444120      0.13568915      0.05118658      0.13809302      0.02172765 md_running
   267    133.50000000    120.95245164      1.82776783   1060.31693370    300.00000000      0.99964019      0.19139619     -8.01499959      0.03340735     -7.98159224      0.14040565      0.05169708      0.14304954      0.02248290 md_running
   268    134.00000000    121.19280903      1.84583967   1043.77339282    300.00000000      0.99964240      0.18840994     -8.01281003      0.03407124     -7.97873879      0.14481915      0.05220823      0.14751899      0.02318962 md_running
   269    134.50000000    121.42811912      1.86385236   1027.38111243    300.00000000      0.99964467      0.18545100     -8.01064987      0.03473946     -7.97591041      0.14838135      0.05271771      0.15095634      0.02376003 md_running
   270    135.00000000    121.66615432      1.88174298   1011.18378762    300.00000000      0.99964698      0.18252724     -8.00852511      0.03540957     -7.97311554      0.15066562      0.05322373      0.15294502      0.02412581 md_running
   271    135.50000000    121.90357936      1.89946787    995.14697677    300.00000000      0.99964934      0.17963246     -8.00642626      0.03607978     -7.97034648      0.15143296      0.05372506      0.15323922      0.02424868 md_running
   272    136.00000000    122.13854928      1.91700304    979.20993657    300.00000000      0.99965176      0.17675569     -8.00434170      0.03674901     -7.96759269      0.15071672      0.05422103      0.15186047      0.02413399 md_running
   273    136.50000000    122.37361822      1.93434354    963.32369776    300.00000000      0.99965425      0.17388809     -8.00226175      0.03741685     -7.96484491      0.14887797      0.05471150      0.14916099      0.02383955 md_running
   274    137.00000000    122.60921863      1.95150163    947.49327166    300.00000000      0.99965682      0.17103057     -8.00018644      0.03808359     -7.96210286      0.14659232      0.05519680      0.14582927      0.02347356 md_running
   275    137.50000000    122.85557252      1.96850310    931.81962751    300.00000000      0.99965945      0.16820134     -7.99813555      0.03875004     -7.95938550      0.14474122      0.05567768      0.14279251      0.02317714 md_running
   276    138.00000000    123.09300202      1.98538270    916.51176139    300.00000000      0.99966214      0.16543814     -7.99614749      0.03941744     -7.95673005      0.14415692      0.05615510      0.14096710      0.02308358 md_running
   277    138.50000000    123.32881283      2.00217935    901.87056006    300.00000000      0.99966482      0.16279528     -7.99427935      0.04008722     -7.95419213      0.14531351      0.05663018      0.14094723      0.02326878 md_running
   278    139.00000000    123.56406523      2.01893095    888.23502654    300.00000000      0.99966744      0.16033395     -7.99259469      0.04076082     -7.95183387      0.14811234      0.05710399      0.14275153      0.02371696 md_running
   279    139.50000000    123.80203086      2.03566905    875.91116176    300.00000000      0.99966991      0.15810939     -7.99115120      0.04143948     -7.94971171      0.15188582      0.05757742      0.14578426      0.02432120 md_running
   280    140.00000000    124.04080504      2.05241400    865.09624808    300.00000000      0.99967218      0.15615720     -7.98998577      0.04212403     -7.94786174      0.15566332      0.05805103      0.14908904      0.02492608 md_running
   281    140.50000000    124.27502194      2.06917125    855.85093494    300.00000000      0.99967418      0.15448835     -7.98910974      0.04281470     -7.94629504      0.15849320      0.05852500      0.15168961      0.02537922 md_running
   282    141.00000000    124.50514923      2.08592945    848.09189754    300.00000000      0.99967592      0.15308777     -7.98850790      0.04351102     -7.94499688      0.15969808      0.05899899      0.15288431      0.02557216 md_running
   283    141.50000000    124.74205975      2.10265948    841.61752224    300.00000000      0.99967739      0.15191910     -7.98814142      0.04421177     -7.94392965      0.15899218      0.05947219      0.15237493      0.02545912 md_running
   284    142.00000000    124.97524900      2.11931449    836.19316333    300.00000000      0.99967863      0.15093995     -7.98796538      0.04491494     -7.94305044      0.15650489      0.05994327      0.15028321      0.02506084 md_running
   285    142.50000000    125.21042363      2.13583193    831.60145810    300.00000000      0.99967970      0.15011111     -7.98793787      0.04561778     -7.94232009      0.15270806      0.06041045      0.14707688      0.02445286 md_running
   286    143.00000000    125.44499184      2.15213676    827.68316711    300.00000000      0.99968061      0.14940383     -7.98802627      0.04631693     -7.94170934      0.14821478      0.06087162      0.14337648      0.02373336 md_running
   287    143.50000000    125.68452380      2.16814420    824.34005660    300.00000000      0.99968140      0.14880037     -7.98821052      0.04700849     -7.94120202      0.14365232      0.06132438      0.13980538      0.02300278 md_running
   288    144.00000000    125.92224025      2.18376265    821.46428453    300.00000000      0.99968208      0.14828126     -7.98846741      0.04768819     -7.94077922      0.13962057      0.06176614      0.13690249      0.02235718 md_running
   289    144.50000000    126.14902266      2.19889918    818.89322830    300.00000000      0.99968268      0.14781717     -7.98876300      0.04835158     -7.94041142      0.13655915      0.06219426      0.13500886      0.02186696 md_running
   290    145.00000000    126.38322197      2.21346539    816.41644250    300.00000000      0.99968324      0.14737009     -7.98905455      0.04899429     -7.94006026      0.13463230      0.06260626      0.13419665      0.02155842 md_running
   291    145.50000000    126.61585383      2.22738118    813.80136316    300.00000000      0.99968380      0.14689804     -7.98929583      0.04961227     -7.93968356      0.13376013      0.06299985      0.13431167      0.02141876 md_running
   292    146.00000000    126.85328031      2.24057709    810.80979466    300.00000000      0.99968442      0.14635804     -7.98944012      0.05020186     -7.93923827      0.13372305      0.06337309      0.13508506      0.02141282 md_running
   293    146.50000000    127.09454312      2.25299561    807.22837343    300.00000000      0.99968517      0.14571156     -7.98944485      0.05075989     -7.93868495      0.13424653      0.06372434      0.13621407      0.02149665 md_running
   294    147.00000000    127.33386111      2.26459213    802.91838189    300.00000000      0.99968607      0.14493357     -7.98928186      0.05128377     -7.93799808      0.13506104      0.06405234      0.13741796      0.02162708 md_running
   295    147.50000000    127.56993683      2.27533544    797.84828501    300.00000000      0.99968716      0.14401838     -7.98894336      0.05177151     -7.93717185      0.13595336      0.06435620      0.13848414      0.02176996 md_running
   296    148.00000000    127.80641846      2.28520794    792.10691316    300.00000000      0.99968844      0.14298201     -7.98844370      0.05222175     -7.93622195      0.13677036      0.06463544      0.13926897      0.02190079 md_running
   297    148.50000000    128.04721497      2.29420520    785.89992592    300.00000000      0.99968988      0.14186160     -7.98781979      0.05263377     -7.93518601      0.13741615      0.06488992      0.13969256      0.02200420 md_running
   298    149.00000000    128.27503985      2.30233515    779.49435598    300.00000000      0.99969143      0.14070534     -7.98712108      0.05300747     -7.93411361      0.13784939      0.06511987      0.13973417      0.02207357 md_running
   299    149.50000000    128.51168845      2.30961664    773.14279239    300.00000000      0.99969301      0.13955883     -7.98639378      0.05334329     -7.93305049      0.13810803      0.06532582      0.13945481      0.02211498 md_running
   300    150.00000000    128.75034205      2.31607773    767.02187460    300.00000000      0.99969458      0.13845395     -7.98567172      0.05364216     -7.93202956      0.13832919      0.06550857      0.13901571      0.02215040 md_running
   301    150.50000000    128.99261500      2.32175379    761.18775720    300.00000000      0.99969611      0.13740084     -7.98496604      0.05390541     -7.93106063      0.13875066      0.06566911      0.13867989      0.02221789 md_running
   302    151.00000000    129.22919196      2.32668572    755.56911047    300.00000000      0.99969758      0.13638663     -7.98426543      0.05413466     -7.93013076      0.13967672      0.06580861      0.13878576      0.02236618 md_running
   303    151.50000000    129.46650760      2.33091800    749.99637585    300.00000000      0.99969904      0.13538070     -7.98354065      0.05433179     -7.92920886      0.14139154      0.06592832      0.13965851      0.02264077 md_running
   304    152.00000000    129.70454421      2.33449690    744.26298764    300.00000000      0.99970054      0.13434578     -7.98275516      0.05449876     -7.92825640      0.14409642      0.06602954      0.14154815      0.02307389 md_running
   305    152.50000000    129.94111425      2.33746858    738.21279806    300.00000000      0.99970212      0.13325367     -7.98188184      0.05463759     -7.92724425      0.14778861      0.06611360      0.14449483      0.02366512 md_running
   306    153.00000000    130.17672491      2.33987750    731.82462428    300.00000000      0.99970384      0.13210055     -7.98091794      0.05475027     -7.92616767      0.15224878      0.06618173      0.14831160      0.02437932 md_running
   307    153.50000000    130.40399021      2.34176480    725.25813391    300.00000000      0.99970566      0.13091524     -7.97989456      0.05483862     -7.92505594      0.15706452      0.06623511      0.15260631      0.02515045 md_running
   308    154.00000000    130.64021450      2.34316658    718.83762264    300.00000000      0.99970753      0.12975628     -7.97887259      0.05490430     -7.92396830      0.16170957      0.06627476      0.15686498      0.02589425 md_running
   309    154.50000000    130.87886351      2.34411189    712.97971711    300.00000000      0.99970934      0.12869888     -7.97792982      0.05494861     -7.92298121      0.16565045      0.06630150      0.16055553      0.02652530 md_running
   310    155.00000000    131.11656249      2.34462111    708.09926765    300.00000000      0.99971094      0.12781792     -7.97714306      0.05497248     -7.92217058      0.16841482      0.06631590      0.16320283      0.02696795 md_running
   311    155.50000000    131.35586341      2.34470459    704.51378137    300.00000000      0.99971222      0.12717071     -7.97657162      0.05497640     -7.92159522      0.16966453      0.06631826      0.16446254      0.02716807 md_running
   312    156.00000000    131.59518876      2.34436222    702.36304444    300.00000000      0.99971308      0.12678248     -7.97624127      0.05496034     -7.92128093      0.16924922      0.06630858      0.16417814      0.02710156 md_running
   313    156.50000000    131.82904049      2.34358367    701.57319414    300.00000000      0.99971352      0.12663991     -7.97613801      0.05492384     -7.92121416      0.16724184      0.06628656      0.16242018      0.02678013 md_running
   314    157.00000000    132.06470344      2.34234933    701.88040596    300.00000000      0.99971357      0.12669536     -7.97621291      0.05486600     -7.92134691      0.16393274      0.06625164      0.15947616      0.02625025 md_running
   315    157.50000000    132.30146215      2.34063199    702.90228381    300.00000000      0.99971334      0.12687982     -7.97639444      0.05478558     -7.92160886      0.15981823      0.06620307      0.15583994      0.02559140 md_running
   316    158.00000000    132.54266867      2.33839886    704.23566426    300.00000000      0.99971297      0.12712051     -7.97660739      0.05468109     -7.92192630      0.15553082      0.06613991      0.15213837      0.02490486 md_running
   317    158.50000000    132.77980028      2.33561375    705.55663903    300.00000000      0.99971255      0.12735895     -7.97679083      0.05455092     -7.92223992      0.15172278      0.06606113      0.14900528      0.02429509 md_running
   318    159.00000000    133.02245035      2.33223935    706.69695898    300.00000000      0.99971218      0.12756479     -7.97691219      0.05439340     -7.92251879      0.14892057      0.06596569      0.14693717      0.02384638 md_running
   319    159.50000000    133.24452016      2.32823912    707.67337461    300.00000000      0.99971187      0.12774104     -7.97697330      0.05420697     -7.92276632      0.14740262      0.06585255      0.14617503      0.02360331 md_running
   320    160.00000000    133.48165150      2.32357856    708.66340692    300.00000000      0.99971159      0.12791975     -7.97700569      0.05399017     -7.92301552      0.14714023      0.06572073      0.14665320      0.02356129 md_running
   321    160.50000000    133.71867512      2.31822590    709.93224429    300.00000000      0.99971127      0.12814879     -7.97705713      0.05374171     -7.92331542      0.14783287      0.06556933      0.14804897      0.02367220 md_running
   322    161.00000000    133.95553558      2.31215189    711.74722505    300.00000000      0.99971082      0.12847641     -7.97717541      0.05346046     -7.92371495      0.14905065      0.06539753      0.14992176      0.02386721 md_running
   323    161.50000000    134.19984160      2.30532952    714.30689646    300.00000000      0.99971018      0.12893845     -7.97739620      0.05314544     -7.92425076      0.15035806      0.06520457      0.15183359      0.02407656 md_running
   324    162.00000000    134.43651348      2.29773383    717.68279410    300.00000000      0.99970931      0.12954783     -7.97773226      0.05279581     -7.92493645      0.15141088      0.06498973      0.15344198      0.02424514 md_running
   325    162.50000000    134.66601293      2.28934200    721.81023098    300.00000000      0.99970821      0.13029286     -7.97817044      0.05241087     -7.92575957      0.15198249      0.06475237      0.15452189      0.02433667 md_running
   326    163.00000000    134.89288122      2.28013362    726.52979895    300.00000000      0.99970693      0.13114479     -7.97868102      0.05199009     -7.92669093      0.15195304      0.06449192      0.15495033      0.02433196 md_running
   327    163.50000000    135.12096452      2.27009140    731.64552276    300.00000000      0.99970552      0.13206822     -7.97922754      0.05153315     -7.92769439      0.15127285      0.06420788      0.15466746      0.02422304 md_running
   328    164.00000000    135.35710631      2.25920223    736.98053521    300.00000000      0.99970405      0.13303123     -7.97977789      0.05103995     -7.92873795      0.14993463      0.06389989      0.15365325      0.02400876 md_running
   329    164.50000000    135.58123059      2.24745846    742.40670002    300.00000000      0.99970256      0.13401070     -7.98030929      0.05051070     -7.92979859      0.14795615      0.06356772      0.15190736      0.02369195 md_running
   330    165.00000000    135.79419764      2.23485928    747.84754792    300.00000000      0.99970108      0.13499282     -7.98080820      0.04994596     -7.93086224      0.14539438      0.06321137      0.14946905      0.02328173 md_running
   331    165.50000000    136.03623999      2.22141184    753.25847085    300.00000000      0.99969962      0.13596954     -7.98126844      0.04934671     -7.93192173      0.14238338      0.06283102      0.14645277      0.02279959 md_running
   332    166.00000000    136.27819453      2.20713222    758.57622937    300.00000000      0.99969820      0.13692944     -7.98168070      0.04871433     -7.93296637      0.13916816      0.06242713      0.14307796      0.02228474 md_running
   333    166.50000000    136.51617592      2.19204617    763.66171864    300.00000000      0.99969683      0.13784741     -7.98202177      0.04805066     -7.93397111      0.13615049      0.06200043      0.13971584      0.02180153 md_running
   334    167.00000000    136.75125175      2.17618983    768.28013730    300.00000000      0.99969557      0.13868108     -7.98225117      0.04735802     -7.93489314      0.13389824      0.06155194      0.13690776      0.02144088 md_running
   335    167.50000000    136.98200984      2.15960994    772.12258250    300.00000000      0.99969448      0.13937467     -7.98231505      0.04663915     -7.93567590      0.13310481      0.06108299      0.13534493      0.02131383 md_running
   336    168.00000000    137.20698882      2.14236330    774.85509025    300.00000000      0.99969364      0.13986791     -7.98215554      0.04589721     -7.93625834      0.13442877      0.06059518      0.13571689      0.02152583 md_running
   337    168.50000000    137.44217980      2.12451570    776.18946116    300.00000000      0.99969312      0.14010878     -7.98172289      0.04513567     -7.93658722      0.13827722      0.06009038      0.13850538      0.02214208 md_running
   338    169.00000000    137.67843819      2.10614027    775.97266820    300.00000000      0.99969298      0.14006964     -7.98099134      0.04435827     -7.93663307      0.14459878      0.05957064      0.14376106      0.02315434 md_running
   339    169.50000000    137.92005225      2.08731503    774.27145084    300.00000000      0.99969323      0.13976256     -7.97997711      0.04356884     -7.93640827      0.15275050      0.05903818      0.15093831      0.02445965 md_running
   340    170.00000000    138.16155132      2.06811960    771.39632687    300.00000000      0.99969382      0.13924357     -7.97873931      0.04277119     -7.93596812      0.16162320      0.05849526      0.15898679      0.02588042 md_running
   341    170.50000000    138.40054609      2.04863116    767.87594888    300.00000000      0.99969466      0.13860812     -7.97737817      0.04196890     -7.93540927      0.16985918      0.05794404      0.16656468      0.02719924 md_running
   342    171.00000000    138.63755388      2.02892051    764.38202363    300.00000000      0.99969558      0.13797743     -7.97601954      0.04116518     -7.93485436      0.17611123      0.05738654      0.17231637      0.02820037 md_running
   343    171.50000000    138.87505853      2.00904809    761.59372244    300.00000000      0.99969642      0.13747412     -7.97479073      0.04036274     -7.93442799      0.17927783      0.05682446      0.17512073      0.02870743 md_running
   344    172.00000000    139.11727486      1.98906080    760.04920893    300.00000000      0.99969700      0.13719532     -7.97379242      0.03956363     -7.93422879      0.17869290      0.05625914      0.17429434      0.02861376 md_running
   345    172.50000000    139.34753419      1.96898982    760.02969338    300.00000000      0.99969721      0.13719180     -7.97307778      0.03876921     -7.93430857      0.17424378      0.05569144      0.16971398      0.02790133 md_running
   346    173.00000000    139.58918202      1.94884986    761.50517141    300.00000000      0.99969701      0.13745814     -7.97264209      0.03798016     -7.93466194      0.16643432      0.05512180      0.16188590      0.02665082 md_running
   347    173.50000000    139.82953497      1.92863975    764.15324851    300.00000000      0.99969646      0.13793614     -7.97242648      0.03719651     -7.93522997      0.15636558      0.05455017      0.15192810      0.02503853 md_running
   348    174.00000000    140.05777469      1.90834441    767.45334461    300.00000000      0.99969567      0.13853183     -7.97233480      0.03641778     -7.93591701      0.14563752      0.05397613      0.14147061      0.02332067 md_running
   349    174.50000000    140.29518829      1.88793789    770.84161003    300.00000000      0.99969479      0.13914344     -7.97226216      0.03564309     -7.93661907      0.13609658      0.05339895      0.13239160      0.02179289 md_running
   350    175.00000000    140.53102533      1.86738707    773.89626702    300.00000000      0.99969396      0.13969483     -7.97212900      0.03487134     -7.93725766      0.12941773      0.05281768      0.12637001      0.02072342 md_running
   351    175.50000000    140.75940187      1.84665537    776.47763932    300.00000000      0.99969326      0.14016079     -7.97190945      0.03410136     -7.93780809      0.12655676      0.05223130      0.12430334      0.02026530 md_running
   352    176.00000000    140.99168082      1.82570625    778.74086965    300.00000000      0.99969267      0.14056933     -7.97163068      0.03333203     -7.93829865      0.12740159      0.05163877      0.12596417      0.02040058 md_running
   353    176.50000000    141.22455868      1.80450615    781.08621953    300.00000000      0.99969212      0.14099268     -7.97136498      0.03256242     -7.93880255      0.13093019      0.05103914      0.13021874      0.02096561 md_running
   354    177.00000000    141.44863012      1.78302698    784.06062950    300.00000000      0.99969149      0.14152959     -7.97121312      0.03179185     -7.93942127      0.13574242      0.05043162      0.13560864      0.02173618 md_running
   355    177.50000000    141.69215705      1.76124779    788.18951931    300.00000000      0.99969065      0.14227489     -7.97127072      0.03101994     -7.94025078      0.14054546      0.04981561      0.14083008      0.02250529 md_running
   356    178.00000000    141.93255893      1.73915602    793.85969257    300.00000000      0.99968948      0.14329840     -7.97160822      0.03024664     -7.94136159      0.14441469      0.04919076      0.14497393      0.02312486 md_running
   357    178.50000000    142.17790932      1.71674800    801.25189744    300.00000000      0.99968793      0.14463276     -7.97225956      0.02947224     -7.94278733      0.14680833      0.04855697      0.14752102      0.02350815 md_running
   358    179.00000000    142.41980366      1.69402891    810.29755804    300.00000000      0.99968600      0.14626558     -7.97321280      0.02869734     -7.94451546      0.14754600      0.04791437      0.14831015      0.02362627 md_running
   359    179.50000000    142.66307850      1.67101219    820.71398256    300.00000000      0.99968376      0.14814583     -7.97441704      0.02792282     -7.94649422      0.14671741      0.04726336      0.14744655      0.02349359 md_running
   360    180.00000000    142.90043258      1.64771854    832.06105148    300.00000000      0.99968132      0.15019407     -7.97579458      0.02714976     -7.94864481      0.14460363      0.04660452      0.14522468      0.02315511 md_running
   361    180.50000000    143.14791947      1.62417444    843.79844960    300.00000000      0.99967880      0.15231277     -7.97724701      0.02637943     -7.95086759      0.14161372      0.04593859      0.14206367      0.02267634 md_running
   362    181.00000000    143.39127888      1.60041061    855.35126552    300.00000000      0.99967633      0.15439815     -7.97867277      0.02561314     -7.95305963      0.13822367      0.04526645      0.13845144      0.02213350 md_running
   363    181.50000000    143.62634931      1.57646017    866.17683469    300.00000000      0.99967402      0.15635226     -7.97997302      0.02485227     -7.95512075      0.13496262      0.04458903      0.13493180      0.02161131 md_running
   364    182.00000000    143.85617561      1.55235695    875.85621660    300.00000000      0.99967196      0.15809947     -7.98107222      0.02409812     -7.95697410      0.13233857      0.04390729      0.13203026      0.02119113 md_running
   365    182.50000000    144.08762988      1.52813391    884.13355210    300.00000000      0.99967019      0.15959360     -7.98192727      0.02335193     -7.95857534      0.13077762      0.04322215      0.13019166      0.02094118 md_running
   366    183.00000000    144.31916061      1.50382205    890.85703127    300.00000000      0.99966875      0.16080724     -7.98251131      0.02261481     -7.95989651      0.13061241      0.04253451      0.12976975      0.02091472 md_running
   367    183.50000000    144.54957999      1.47944965    895.93296200    300.00000000      0.99966763      0.16172349     -7.98280972      0.02188771     -7.96092200      0.13199961      0.04184516      0.13094101      0.02113685 md_running
   368    184.00000000    144.78273267      1.45504167    899.31142232    300.00000000      0.99966684      0.16233333     -7.98281085      0.02117146     -7.96163938      0.13488986      0.04115479      0.13366756      0.02159966 md_running
   369    184.50000000    145.01373379      1.43061979    901.08157971    300.00000000      0.99966637      0.16265286     -7.98253079      0.02046673     -7.96206406      0.13899895      0.04046404      0.13766715      0.02225764 md_running
   370    185.00000000    145.24919440      1.40620271    901.51335531    300.00000000      0.99966618      0.16273080     -7.98202162      0.01977406     -7.96224756      0.14388755      0.03977342      0.14249706      0.02304045 md_running
   371    185.50000000    145.49144174      1.38180644    900.95076549    300.00000000      0.99966620      0.16262925     -7.98134379      0.01909389     -7.96224990      0.14905608      0.03908339      0.14764761      0.02386808 md_running
   372    186.00000000    145.72971213      1.35744503    899.83954013    300.00000000      0.99966638      0.16242866     -7.98057783      0.01842657     -7.96215126      0.15402121      0.03839434      0.15262526      0.02466313 md_running
   373    186.50000000    145.96693237      1.33313121    898.71716537    300.00000000      0.99966660      0.16222606     -7.97982386      0.01777239     -7.96205147      0.15835536      0.03770664      0.15699444      0.02535715 md_running
   374    187.00000000    146.20290125      1.30887688    898.13336002    300.00000000      0.99966678      0.16212068     -7.97917976      0.01713159     -7.96204817      0.16175419      0.03702063      0.16044571      0.02590140 md_running
   375    187.50000000    146.43665593      1.28469331    898.62002213    300.00000000      0.99966680      0.16220853     -7.97874394      0.01650437     -7.96223957      0.16407130      0.03633661      0.16283103      0.02627243 md_running
   376    188.00000000    146.67624532      1.26059120    900.62111192    300.00000000      0.99966658      0.16256974     -7.97859719      0.01589090     -7.96270629      0.16531897      0.03565490      0.16416770      0.02647222 md_running
   377    188.50000000    146.91194345      1.23657997    904.43648277    300.00000000      0.99966605      0.16325845     -7.97879375      0.01529130     -7.96350245      0.16562491      0.03497576      0.16458145      0.02652121 md_running
   378    189.00000000    147.14921234      1.21266797    910.20192051    300.00000000      0.99966518      0.16429916     -7.97935926      0.01470564     -7.96465362      0.16518749      0.03429943      0.16427477      0.02645117 md_running
   379    189.50000000    147.39225480      1.18886181    917.89156316    300.00000000      0.99966396      0.16568721     -7.98028870      0.01413392     -7.96615478      0.16424448      0.03362609      0.16348884      0.02630017 md_running
   380    190.00000000    147.63366660      1.16516582    927.34837227    300.00000000      0.99966243      0.16739424     -7.98155395      0.01357611     -7.96797784      0.16304511      0.03295587      0.16246978      0.02610811 md_running
   381    190.50000000    147.87041967      1.14158231    938.31100666    300.00000000      0.99966064      0.16937309     -7.98310780      0.01303210     -7.97007569      0.16183271      0.03228882      0.16146145      0.02591397 md_running
   382    191.00000000    148.10760026      1.11811109    950.45105354    300.00000000      0.99965866      0.17156447     -7.98488993      0.01250172     -7.97238821      0.16082643      0.03162496      0.16068859      0.02575284 md_running
   383    191.50000000    148.34794746      1.09474803    963.45552424    300.00000000      0.99965657      0.17391189     -7.98684253      0.01198473     -7.97485780      0.16017567      0.03096415      0.16029641      0.02564863 md_running
   384    192.00000000    148.59086260      1.07148492    977.07592682    300.00000000      0.99965441      0.17637049     -7.98892110      0.01148080     -7.97744030      0.15994411      0.03030617      0.16034067      0.02561155 md_running
   385    192.50000000    148.82997108      1.04830974    991.14405925    300.00000000      0.99965224      0.17890990     -7.99109444      0.01098953     -7.98010491      0.16007123      0.02965068      0.16074732      0.02563191 md_running
   386    193.00000000    149.06811788      1.02520784   1005.57483698    300.00000000      0.99965006      0.18151478     -7.99334789      0.01051051     -7.98283738      0.16039844      0.02899726      0.16134702      0.02568431 md_running
   387    193.50000000    149.31017821      1.00216316   1020.31402550    300.00000000      0.99964790      0.18417533     -7.99567181      0.01004331     -7.98562850      0.16071770      0.02834545      0.16191966      0.02573543 md_running
   388    194.00000000    149.54596863      0.97916013   1035.29302089    300.00000000      0.99964576      0.18687916     -7.99805356      0.00958755     -7.98846602      0.16081291      0.02769483      0.16224291      0.02575067 md_running
   389    194.50000000    149.78306143      0.95618530   1050.40321386    300.00000000      0.99964365      0.18960668     -8.00047350      0.00914290     -7.99133060      0.16050472      0.02704500      0.16213482      0.02570132 md_running
   390    195.00000000    150.01341686      0.93322888   1065.46698493    300.00000000      0.99964160      0.19232582     -8.00289991      0.00870916     -7.99419075      0.15968848      0.02639570      0.16148778      0.02557062 md_running
   391    195.50000000    150.25077917      0.91028634   1080.22617282    300.00000000      0.99963962      0.19498998     -8.00528544      0.00828621     -7.99699923      0.15836174      0.02574679      0.16029893      0.02535817 md_running
   392    196.00000000    150.48699618      0.88735957   1094.36667376    300.00000000      0.99963776      0.19754246     -8.00757278      0.00787407     -7.99969871      0.15662716      0.02509832      0.15867583      0.02508042 md_running
   393    196.50000000    150.71563497      0.86445691   1107.57654181    300.00000000      0.99963604      0.19992695     -8.00970482      0.00747286     -8.00223196      0.15464360      0.02445053      0.15678103      0.02476279 md_running
   394    197.00000000    150.95256183      0.84159296   1119.60738708    300.00000000      0.99963449      0.20209862     -8.01163623      0.00708279     -8.00455344      0.15261340      0.02380384      0.15482007      0.02443770 md_running
   395    197.50000000    151.18586112      0.81878813   1130.32907798    300.00000000      0.99963313      0.20403398     -8.01334269      0.00670414     -8.00663855      0.15074378      0.02315883      0.15300431      0.02413832 md_running
   396    198.00000000    151.42435176      0.79606771   1139.76920560    300.00000000      0.99963195      0.20573800     -8.01482931      0.00633724     -8.00849208      0.14921531      0.02251620      0.15152186      0.02389357 md_running
   397    198.50000000    151.66216324      0.77346023   1148.11544978    300.00000000      0.99963093      0.20724457     -8.01613024      0.00598241     -8.01014783      0.14813069      0.02187676      0.15049013      0.02371989 md_running
   398    199.00000000    151.88942048      0.75099462   1155.67631642    300.00000000      0.99963003      0.20860937     -8.01730293      0.00563993     -8.01166300      0.14750973      0.02124134      0.14994576      0.02362046 md_running
   399    199.50000000    152.13147616      0.72869690   1162.79007840    300.00000000      0.99962921      0.20989346     -8.01840983      0.00530999     -8.01309984      0.14726421      0.02061066      0.14980297      0.02358115 md_running
   400    200.00000000    152.37184255      0.70658934   1169.72315092    300.00000000      0.99962844      0.21114494     -8.01949893      0.00499268     -8.01450625      0.14719626      0.01998536      0.14988392      0.02357026 md_running
   401    200.50000000    152.60067951      0.68468659   1176.63036807    300.00000000      0.99962768      0.21239175     -8.02059855      0.00468796     -8.01591059      0.14697177      0.01936586      0.14985168      0.02353432 md_running
   402    201.00000000    152.84095533      0.66299675   1183.55247931    300.00000000      0.99962693      0.21364125     -8.02171577      0.00439565     -8.01732012      0.14621208      0.01875238      0.14931931      0.02341267 md_running
   403    201.50000000    153.08109370      0.64152442   1190.39661621    300.00000000      0.99962620      0.21487668     -8.02283441      0.00411554     -8.01871888      0.14460572      0.01814505      0.14797255      0.02315545 md_running
   404    202.00000000    153.31905223      0.62027355   1196.94839718    300.00000000      0.99962548      0.21605933     -8.02391315      0.00384739     -8.02006575      0.14197424      0.01754399      0.14563807      0.02273407 md_running
   405    202.50000000    153.55991819      0.59924890   1202.95395381    300.00000000      0.99962482      0.21714338     -8.02490621      0.00359099     -8.02131522      0.13832532      0.01694932      0.14232474      0.02214978 md_running
   406    203.00000000    153.79879365      0.57845878   1208.17101217    300.00000000      0.99962424      0.21808511     -8.02576912      0.00334615     -8.02242297      0.13386483      0.01636128      0.13822409      0.02143553 md_running
   407    203.50000000    154.03568373      0.55792105   1212.38170616    300.00000000      0.99962375      0.21884517     -8.02646222      0.00311276     -8.02334946      0.12900067      0.01578039      0.13371109      0.02065664 md_running
   408    204.00000000    154.27310535      0.53767232   1215.41999236    300.00000000      0.99962338      0.21939361     -8.02695511      0.00289092     -8.02406419      0.12428183      0.01520767      0.12928795      0.01990102 md_running
   409    204.50000000    154.51581609      0.51777854   1217.18169815    300.00000000      0.99962313      0.21971161     -8.02722959      0.00268095     -8.02454864      0.12028653      0.01464499      0.12547920      0.01926126 md_running
   410    205.00000000    154.75794195      0.49834572   1217.61104872    300.00000000      0.99962302      0.21978911     -8.02727564      0.00248348     -8.02479215      0.11749226      0.01409535      0.12271135      0.01881382 md_running
   411    205.50000000    154.99974624      0.47953051   1216.66474963    300.00000000      0.99962305      0.21961830     -8.02708744      0.00229950     -8.02478795      0.11615987      0.01356317      0.12121020      0.01860047 md_running
   412    206.00000000    155.24002472      0.46155022   1214.26857373    300.00000000      0.99962321      0.21918577     -8.02665250      0.00213029     -8.02452221      0.11628511      0.01305461      0.12096741      0.01862052 md_running
   413    206.50000000    155.47858149      0.44468999   1210.29998130    300.00000000      0.99962353      0.21846940     -8.02594962      0.00197749     -8.02397212      0.11763881      0.01257773      0.12178015      0.01883728 md_running
   414    207.00000000    155.71863221      0.42930490   1204.62028362    300.00000000      0.99962403      0.21744417     -8.02495464      0.00184303     -8.02311161      0.11984120      0.01214258      0.12331578      0.01918995 md_running
   415    207.50000000    155.95559926      0.41581348   1197.13545730    300.00000000      0.99962471      0.21609310     -8.02365211      0.00172901     -8.02192310      0.12244667      0.01176098      0.12518247      0.01960716 md_running
   416    208.00000000    156.19426145      0.40467954   1187.84442963    300.00000000      0.99962558      0.21441599     -8.02204298      0.00163766     -8.02040532      0.12498670      0.01144607      0.12696191      0.02001389 md_running
   417    208.50000000    156.43218768      0.39637960   1176.87482659    300.00000000      0.99962666      0.21243588     -8.02015201      0.00157117     -8.01858084      0.12702833      0.01121131      0.12826046      0.02034081 md_running
   418    209.00000000    156.66066355      0.39135742   1164.50748867    300.00000000      0.99962793      0.21020347     -8.01803179      0.00153161     -8.01650018      0.12822448      0.01106926      0.12875774      0.02053235 md_running
   419    209.50000000    156.88982225      0.38997161   1151.14756124    300.00000000      0.99962937      0.20779189     -8.01575832      0.00152078     -8.01423754      0.12834298      0.01103006      0.12823607      0.02055132 md_running
   420    210.00000000    157.11298926      0.39244797   1137.24235844    300.00000000      0.99963092      0.20528188     -8.01341459      0.00154015     -8.01187443      0.12730581      0.01110010      0.12662292      0.02038524 md_running
   421    210.50000000    157.35249465      0.39884939   1123.19240197    300.00000000      0.99963255      0.20274575     -8.01107484      0.00159081     -8.00948403      0.12523613      0.01128116      0.12404329      0.02005383 md_running
   422    211.00000000    157.59375858      0.40907190   1109.27626104    300.00000000      0.99963421      0.20023377     -8.00879076      0.00167340     -8.00711736      0.12246858      0.01157030      0.12083392      0.01961067 md_running
   423    211.50000000    157.83572278      0.42286720   1095.61247355    300.00000000      0.99963589      0.19776734     -8.00658334      0.00178817     -8.00479517      0.11955632      0.01196049      0.11755301      0.01914433 md_running
   424    212.00000000    158.07380917      0.43988354   1082.17522913    300.00000000      0.99963758      0.19534180     -8.00444757      0.00193498     -8.00251260      0.11722080      0.01244179      0.11493395      0.01877035 md_running
   425    212.50000000    158.30627595      0.45971220   1068.84033379    300.00000000      0.99963929      0.19293474     -8.00236000      0.00211335     -8.00024665      0.11624602      0.01300262      0.11377638      0.01861426 md_running
   426    213.00000000    158.55727651      0.48192928   1055.45971122    300.00000000      0.99964104      0.19051942     -8.00029126      0.00232256     -7.99796871      0.11727791      0.01363102      0.11473599      0.01877950 md_running
   427    213.50000000    158.79562144      0.50612694   1041.96041057    300.00000000      0.99964285      0.18808268     -7.99822717      0.00256164     -7.99566553      0.12057136      0.01431543      0.11805919      0.01930687 md_running
   428    214.00000000    159.03544033      0.53193307   1028.41857430    300.00000000      0.99964472      0.18563827     -7.99617942      0.00282953     -7.99334989      0.12585556      0.01504534      0.12344607      0.02015302 md_running
   429    214.50000000    159.26082134      0.55902092   1015.10126405    300.00000000      0.99964664      0.18323438     -7.99419538      0.00312504     -7.99107034      0.13236874      0.01581150      0.13009680      0.02119596 md_running
   430    215.00000000    159.50214079      0.58711139   1002.44873463    300.00000000      0.99964854      0.18095049     -7.99235429      0.00344700     -7.98890730      0.13903827      0.01660602      0.13690746      0.02226394 md_running
   431    215.50000000    159.74181499      0.61597022    990.99532264    300.00000000      0.99965035      0.17888305     -7.99075315      0.00379419     -7.98695895      0.14473462      0.01742227      0.14272952      0.02317609 md_running
   432    216.00000000    159.98113871      0.64540252    981.24973959    300.00000000      0.99965198      0.17712389     -7.98948422      0.00416544     -7.98531877      0.14846907      0.01825474      0.14656797      0.02377408 md_running
   433    216.50000000    160.21808594      0.67524595    973.54978007    300.00000000      0.99965335      0.17573399     -7.98860950      0.00455957     -7.98404993      0.14954338      0.01909884      0.14772728      0.02394611 md_running
   434    217.00000000    160.44572830      0.70536365    967.92813262    300.00000000      0.99965440      0.17471923     -7.98813494      0.00497538     -7.98315956      0.14763674      0.01995070      0.14589571      0.02364080 md_running
   435    217.50000000    160.68380209      0.73563775    964.03468563    300.00000000      0.99965514      0.17401643     -7.98799659      0.00541163     -7.98258496      0.14286333      0.02080698      0.14120688      0.02287644 md_running
   436    218.00000000    160.92515036      0.76596292    961.18584809    300.00000000      0.99965566      0.17350219     -7.98806737      0.00586699     -7.98220038      0.13578329      0.02166470      0.13424570      0.02174273 md_running
   437    218.50000000    161.16519806      0.79624162    958.51774507    300.00000000      0.99965608      0.17302058     -7.98818818      0.00634001     -7.98184817      0.12735271      0.02252111      0.12600235      0.02039275 md_running
   438    219.00000000    161.40454348      0.82638038    955.15945325    300.00000000      0.99965655      0.17241438     -7.98819815      0.00682905     -7.98136911      0.11885382      0.02337357      0.11779794      0.01903184 md_running
   439    219.50000000    161.64209873      0.85628759    950.40135129    300.00000000      0.99965720      0.17155550     -7.98796546      0.00733228     -7.98063317      0.11174265      0.02421947      0.11112472      0.01789314 md_running
   440    220.00000000    161.87953477      0.88587205    943.82752018    300.00000000      0.99965813      0.17036887     -7.98741212      0.00784769     -7.97956442      0.10737603      0.02505625      0.10734502      0.01719393 md_running
   441    220.50000000    162.11495424      0.91504263    935.36043660    300.00000000      0.99965939      0.16884049     -7.98652216      0.00837303     -7.97814913      0.10661303      0.02588131      0.10727267      0.01707175 md_running
   442    221.00000000    162.32187276      0.94370855    925.22389263    300.00000000      0.99966100      0.16701075     -7.98533394      0.00890586     -7.97642808      0.10950289      0.02669211      0.11087591      0.01753450 md_running
   443    221.50000000    162.56463195      0.97177988    913.85664918    300.00000000      0.99966290      0.16495887     -7.98392530      0.00944356     -7.97448174      0.11530566      0.02748609      0.11734415      0.01846368 md_running
   444    222.00000000    162.80679077      0.99916827    901.80362880    300.00000000      0.99966501      0.16278320     -7.98239269      0.00998337     -7.97240932      0.12287730      0.02826075      0.12550026      0.01967612 md_running
   445    222.50000000    163.05020161      1.02578801    889.60877775    300.00000000      0.99966727      0.16058192     -7.98083249      0.01052241     -7.97031007      0.13107066      0.02901367      0.13419531      0.02098810 md_running
   446    223.00000000    163.28821959      1.05155740    877.72249713    300.00000000      0.99966956      0.15843635     -7.97932364      0.01105773     -7.96826591      0.13894273      0.02974253      0.14250391      0.02224864 md_running
   447    223.50000000    163.52991882      1.07639943    866.45181606    300.00000000      0.99967182      0.15640190     -7.97791863      0.01158636     -7.96633228      0.14581283      0.03044517      0.14975945      0.02334874 md_running
   448    224.00000000    163.74937529      1.10024301    855.96180168    300.00000000      0.99967400      0.15450836     -7.97664421      0.01210535     -7.96453886      0.15122166      0.03111957      0.15551638      0.02421484 md_running
   449    224.50000000    163.96986041      1.12302382    846.30390311    300.00000000      0.99967606      0.15276503     -7.97550623      0.01261183     -7.96289440      0.15490997      0.03176391      0.15952113      0.02480545 md_running
   450    225.00000000    164.20815745      1.14468549    837.46401265    300.00000000      0.99967799      0.15116935     -7.97449919      0.01310305     -7.96139614      0.15677764      0.03237659      0.16167214      0.02510451 md_running
   451    225.50000000    164.44726758      1.16518108    829.41605588    300.00000000      0.99967980      0.14971663     -7.97361543      0.01357647     -7.96003896      0.15687908      0.03295630      0.16201752      0.02512076 md_running
   452    226.00000000    164.68514937      1.18447437    822.16653439    300.00000000      0.99968147      0.14840803     -7.97285357      0.01402980     -7.95882377      0.15540488      0.03350199      0.16073679      0.02488470 md_running
   453    226.50000000    164.92768041      1.20254090    815.77410914    300.00000000      0.99968298      0.14725414     -7.97222279      0.01446105     -7.95776174      0.15269646      0.03401299      0.15815476      0.02445100 md_running
   454    227.00000000    165.16930123      1.21936861    810.34065445    300.00000000      0.99968432      0.14627336     -7.97174020      0.01486860     -7.95687161      0.14922992      0.03448895      0.15472608      0.02389591 md_running
   455    227.50000000    165.40609828      1.23495796    805.98198780    300.00000000      0.99968544      0.14548658     -7.97142617      0.01525121     -7.95617495      0.14560696      0.03492989      0.15102412      0.02331577 md_running
   456    228.00000000    165.63432624      1.24932185    802.78430508    300.00000000      0.99968632      0.14490937     -7.97129634      0.01560805     -7.95568829      0.14252720      0.03533616      0.14772081      0.02282262 md_running
   457    228.50000000    165.86494022      1.26248478    800.75726261    300.00000000      0.99968693      0.14454347     -7.97135255      0.01593868     -7.95541387      0.14071077      0.03570846      0.14552040      0.02253176 md_running
   458    229.00000000    166.10534197      1.27448132    799.81237231    300.00000000      0.99968727      0.14437291     -7.97157854      0.01624303     -7.95533551      0.14073684      0.03604778      0.14500852      0.02253593 md_running
   459    229.50000000    166.34307310      1.28535408    799.79432969    300.00000000      0.99968737      0.14436965     -7.97194570      0.01652135     -7.95542434      0.14287726      0.03635530      0.14650025      0.02287867 md_running
   460    230.00000000    166.58167473      1.29515071    800.56169908    300.00000000      0.99968728      0.14450817     -7.97242813      0.01677415     -7.95565398      0.14695616      0.03663239      0.14988963      0.02353182 md_running
   461    230.50000000    166.80557491      1.30392040    802.06958922    300.00000000      0.99968701      0.14478036     -7.97301796      0.01700208     -7.95601587      0.15230620      0.03688044      0.15459082      0.02438851 md_running
   462    231.00000000    167.00832366      1.31170957    804.42106286    300.00000000      0.99968657      0.14520482     -7.97373436      0.01720582     -7.95652854      0.15790632      0.03710075      0.15965033      0.02528525 md_running
   463    231.50000000    167.23943947      1.31855731    807.87427328    300.00000000      0.99968591      0.14582815     -7.97462541      0.01738593     -7.95723948      0.16262521      0.03729443      0.16398161      0.02604087 md_running
   464    232.00000000    167.47938074      1.32449081    812.77338479    300.00000000      0.99968497      0.14671248     -7.97575591      0.01754276     -7.95821315      0.16542972      0.03746226      0.16657862      0.02648995 md_running
   465    232.50000000    167.72066751      1.32952137    819.40727847    300.00000000      0.99968367      0.14790996     -7.97717956      0.01767627     -7.95950329      0.16557002      0.03760454      0.16671013      0.02651242 md_running
   466    233.00000000    167.95440098      1.33364141    827.88680120    300.00000000      0.99968198      0.14944058     -7.97891682      0.01778599     -7.96113083      0.16273144      0.03772108      0.16407883      0.02605789 md_running
   467    233.50000000    168.19313159      1.33682288    838.08261240    300.00000000      0.99967993      0.15128101     -7.98094382      0.01787095     -7.96307287      0.15705248      0.03781106      0.15884631      0.02514852 md_running
   468    234.00000000    168.43514932      1.33901720    849.61201859    300.00000000      0.99967759      0.15336217     -7.98318975      0.01792967     -7.96526008      0.14912066      0.03787313      0.15162525      0.02387842 md_running
   469    234.50000000    168.67693480      1.34015677    861.89820888    300.00000000      0.99967509      0.15557993     -7.98554708      0.01796020     -7.96758688      0.13991237      0.03790536      0.14341304      0.02240391 md_running
   470    235.00000000    168.91881314      1.34015770    874.28246852    300.00000000      0.99967258      0.15781539     -7.98789324      0.01796023     -7.96993301      0.13067597      0.03790538      0.13544732      0.02092490 md_running
   471    235.50000000    169.16075342      1.33892379    886.14233101    300.00000000      0.99967018      0.15995620     -7.99011236      0.01792717     -7.97218519      0.12273591      0.03787048      0.12898114      0.01965347 md_running
   472    236.00000000    169.39619912      1.33635138    896.98210155    300.00000000      0.99966800      0.16191287     -7.99211138      0.01785835     -7.97425303      0.11726176      0.03779772      0.12503113      0.01877691 md_running
   473    236.50000000    169.62990279      1.33233441    906.48084270    300.00000000      0.99966610      0.16362747     -7.99382962      0.01775115     -7.97607848      0.11498918      0.03768411      0.12412698      0.01841301 md_running
   474    237.00000000    169.86161171      1.32676948    914.50341621    300.00000000      0.99966450      0.16507562     -7.99524002      0.01760317     -7.97763685      0.11601515      0.03752671      0.12619760      0.01857729 md_running
   475    237.50000000    170.10452578      1.31956019    921.09838459    300.00000000      0.99966319      0.16626606     -7.99634929      0.01741239     -7.97893690      0.11981277      0.03732280      0.13065359      0.01918540 md_running
   476    238.00000000    170.34790826      1.31062047    926.47521711    300.00000000      0.99966214      0.16723663     -7.99719386      0.01717726     -7.98001660      0.12548152      0.03706994      0.13661970      0.02009312 md_running
   477    238.50000000    170.59029740      1.29987886    930.95879064    300.00000000      0.99966130      0.16804595     -7.99783226      0.01689685     -7.98093541      0.13203224      0.03676613      0.14318458      0.02114208 md_running
   478    239.00000000    170.82531647      1.28728155    934.93805210    300.00000000      0.99966058      0.16876424     -7.99833455      0.01657094     -7.98176361      0.13857290      0.03640982      0.14953526      0.02218942 md_running
   479    239.50000000    171.06706935      1.27279494    938.81165811    300.00000000      0.99965992      0.16946346     -7.99877401      0.01620007     -7.98257394      0.14435410      0.03600008      0.15498408      0.02311516 md_running
   480    240.00000000    171.30066874      1.25640748    942.93923014    300.00000000      0.99965925      0.17020852     -7.99921750      0.01578560     -7.98343191      0.14877778      0.03553657      0.15897714      0.02382351 md_running
   481    240.50000000    171.53591284      1.23813059    947.59151181    300.00000000      0.99965851      0.17104830     -7.99971652      0.01532967     -7.98438685      0.15141189      0.03501962      0.16110281      0.02424531 md_running
   482    241.00000000    171.76364624      1.21799996    952.92058571    300.00000000      0.99965768      0.17201024     -8.00030141      0.01483524     -7.98546617      0.15200943      0.03445024      0.16112049      0.02434099 md_running
   483    241.50000000    171.99040979      1.19607603    958.96603028    300.00000000      0.99965675      0.17310150     -8.00098301      0.01430598     -7.98667703      0.15052867      0.03383014      0.15898038      0.02410388 md_running
   484    242.00000000    172.23028796      1.17244424    965.68037566    300.00000000      0.99965570      0.17431349     -8.00175652      0.01374625     -7.98801027      0.14718017      0.03316173      0.15487208      0.02356769 md_running
   485    242.50000000    172.45810231      1.14721483    972.96627982    300.00000000      0.99965457      0.17562866     -8.00260929      0.01316102     -7.98944827      0.14247119      0.03244814      0.14927563      0.02281365 md_running
   486    243.00000000    172.69624884      1.12052119    980.70046891    300.00000000      0.99965338      0.17702475     -8.00352446      0.01255568     -7.99096878      0.13723173      0.03169313      0.14298763      0.02197466 md_running
   487    243.50000000    172.93517051      1.09251782    988.75038552    300.00000000      0.99965215      0.17847782     -8.00448364      0.01193595     -7.99254769      0.13256430      0.03090107      0.13709523      0.02122728 md_running
   488    244.00000000    173.17686724      1.06337669    997.00219720    300.00000000      0.99965090      0.17996735     -8.00547150      0.01130770     -7.99416380      0.12962452      0.03007683      0.13278693      0.02075653 md_running
   489    244.50000000    173.41829082      1.03328208   1005.39321747    300.00000000      0.99964964      0.18148200     -8.00648257      0.01067672     -7.99580585      0.12922822      0.02922563      0.13097853      0.02069308 md_running
   490    245.00000000    173.65596825      1.00242490   1013.92292593    300.00000000      0.99964839      0.18302168     -8.00752226      0.01004856     -7.99747370      0.13146687      0.02835286      0.13191149      0.02105155 md_running
   491    245.50000000    173.89341641      0.97099620   1022.64671192    300.00000000      0.99964713      0.18459640     -8.00860590      0.00942834     -7.99917757      0.13560258      0.02746392      0.13498134      0.02171379 md_running
   492    246.00000000    174.13115064      0.93918028   1031.66831509    300.00000000      0.99964586      0.18622487     -8.00975719      0.00882060     -8.00093659      0.14035582      0.02656403      0.13897376      0.02247492 md_running
   493    246.50000000    174.36969436      0.90714815   1041.10721146    300.00000000      0.99964457      0.18792867     -8.01100238      0.00822918     -8.00277320      0.14436572      0.02565802      0.14252940      0.02311702 md_running
   494    247.00000000    174.60587155      0.87505163   1051.01590759    300.00000000      0.99964323      0.18971728     -8.01235547      0.00765715     -8.00469832      0.14659523      0.02475020      0.14457396      0.02347402 md_running
   495    247.50000000    174.83857839      0.84302043   1061.31323108    300.00000000      0.99964185      0.19157603     -8.01380372      0.00710683     -8.00669689      0.14654354      0.02384422      0.14456561      0.02346575 md_running
   496    248.00000000    175.05373326      0.81116227   1071.77349298    300.00000000      0.99964046      0.19346420     -8.01530828      0.00657984     -8.00872844      0.14429316      0.02294313      0.14254939      0.02310540 md_running
   497    248.50000000    175.29172502      0.77956668   1082.03571059    300.00000000      0.99963910      0.19531662     -8.01680466      0.00607724     -8.01072741      0.14038677      0.02204948      0.13904188      0.02247988 md_running
   498    249.00000000    175.52644358      0.74831090   1091.62943763    300.00000000      0.99963782      0.19704836     -8.01820767      0.00559969     -8.01260798      0.13570363      0.02116543      0.13488965      0.02172997 md_running
   499    249.50000000    175.74867010      0.71746916   1100.05599780    300.00000000      0.99963667      0.19856943     -8.01942551      0.00514762     -8.01427789      0.13128251      0.02029309      0.13108885      0.02102203 md_running
   500    250.00000000    175.98316160      0.68712357   1106.90113403    300.00000000      0.99963572      0.19980504     -8.02038374      0.00472139     -8.01566235      0.12804088      0.01943479      0.12850036      0.02050295 md_running
   501    250.50000000    176.22058983      0.65737552   1111.87456130    300.00000000      0.99963499      0.20070278     -8.02103030      0.00432143     -8.01670888      0.12653526      0.01859339      0.12760737      0.02026186 md_running
   502    251.00000000    176.44493234      0.62835856   1114.78679295    300.00000000      0.99963451      0.20122846     -8.02133184      0.00394834     -8.01738349      0.12687366      0.01777266      0.12845151      0.02031604 md_running
   503    251.50000000    176.68141883      0.60025121   1115.55540042    300.00000000      0.99963429      0.20136720     -8.02127249      0.00360302     -8.01766948      0.12876765      0.01697767      0.13070776      0.02061933 md_running
   504    252.00000000    176.91789652      0.57328826   1114.24679443    300.00000000      0.99963432      0.20113099     -8.02086497      0.00328659     -8.01757838      0.13169456      0.01621504      0.13385080      0.02108801 md_running
   505    252.50000000    177.16113412      0.54776954   1111.10512633    300.00000000      0.99963460      0.20056389     -8.02015432      0.00300051     -8.01715381      0.13506207      0.01549326      0.13730854      0.02162724 md_running
   506    253.00000000    177.40234715      0.52406502   1106.52319227    300.00000000      0.99963507      0.19973681     -8.01921438      0.00274644     -8.01646794      0.13831387      0.01482280      0.14054965      0.02214794 md_running
   507    253.50000000    177.63997910      0.50261555   1100.96779524    300.00000000      0.99963570      0.19873402     -8.01813138      0.00252622     -8.01560515      0.14100832      0.01421611      0.14315699      0.02257940 md_running
   508    254.00000000    177.86644307      0.48392524   1094.90614442    300.00000000      0.99963643      0.19763984     -8.01699279      0.00234184     -8.01465096      0.14281893      0.01368747      0.14482419      0.02286933 md_running
   509    254.50000000    178.09478435      0.46854204   1088.73722732    300.00000000      0.99963720      0.19652630     -8.01587265      0.00219532     -8.01367733      0.14356910      0.01325237      0.14539051      0.02298946 md_running
   510    255.00000000    178.33763734      0.45702276   1082.73305588    300.00000000      0.99963798      0.19544249     -8.01482303      0.00208870     -8.01273433      0.14325955      0.01292656      0.14486799      0.02293989 md_running
   511    255.50000000    178.57910284      0.44988279   1077.00788872    300.00000000      0.99963873      0.19440905     -8.01386612      0.00202395     -8.01184218      0.14204716      0.01272461      0.14342453      0.02274575 md_running
   512    256.00000000    178.81983019      0.44753539   1071.53846824    300.00000000      0.99963945      0.19342177     -8.01299882      0.00200288     -8.01099594      0.14025517      0.01265821      0.14139811      0.02245880 md_running
   513    256.50000000    179.06254984      0.45023264   1066.21915990    300.00000000      0.99964015      0.19246159     -8.01220340      0.00202709     -8.01017631      0.13830844      0.01273450      0.13923008      0.02214708 md_running
   514    257.00000000    179.30178301      0.45802567   1060.91935103    300.00000000      0.99964084      0.19150493     -8.01145579      0.00209788     -8.00935791      0.13665464      0.01295492      0.13738823      0.02188225 md_running
   515    257.50000000    179.54764700      0.47075623   1055.55020731    300.00000000      0.99964155      0.19053576     -8.01074203      0.00221611     -8.00852591      0.13566246      0.01331500      0.13626648      0.02172338 md_running
   516    258.00000000    179.79833500      0.48808075   1050.09414149    300.00000000      0.99964228      0.18955089     -8.01005792      0.00238223     -8.00767569      0.13557428      0.01380501      0.13613731      0.02170926 md_running
   517    258.50000000    180.04316393      0.50951616   1044.61730967    300.00000000      0.99964303      0.18856228     -8.00941617      0.00259607     -8.00682010      0.13644420      0.01441129      0.13707598      0.02184856 md_running
   518    259.00000000    180.29165772      0.53449542   1039.26189501    300.00000000      0.99964378      0.18759558     -8.00884180      0.00285685     -8.00598494      0.13811053      0.01511781      0.13892703      0.02211538 md_running
   519    259.50000000    180.53818950      0.56241981   1034.20425716    300.00000000      0.99964450      0.18668263     -8.00836569      0.00316316     -8.00520253      0.14021122      0.01590763      0.14132369      0.02245176 md_running
   520    260.00000000    180.78715532      0.59269941   1029.61469876    300.00000000      0.99964518      0.18585418     -8.00801741      0.00351293     -8.00450449      0.14224281      0.01676407      0.14375492      0.02277708 md_running
   521    260.50000000    181.03088956      0.62477903   1025.61234286    300.00000000      0.99964579      0.18513172     -8.00781624      0.00390349     -8.00391276      0.14364985      0.01767142      0.14565417      0.02300239 md_running
   522    261.00000000    181.27194439      0.65815330   1022.22034027    300.00000000      0.99964632      0.18451943     -8.00776385      0.00433166     -8.00343219      0.14393529      0.01861539      0.14651675      0.02304809 md_running
   523    261.50000000    181.51762324      0.69237306   1019.33309313    300.00000000      0.99964677      0.18399826     -8.00783733      0.00479380     -8.00304353      0.14277929      0.01958327      0.14600937      0.02286298 md_running
   524    262.00000000    181.76069994      0.72704842   1016.71159687    300.00000000      0.99964716      0.18352506     -8.00798991      0.00528599     -8.00270392      0.14015905      0.02056403      0.14408717      0.02244341 md_running
   525    262.50000000    182.00330834      0.76185001   1013.98530910    300.00000000      0.99964753      0.18303294     -8.00815044      0.00580415     -8.00234628      0.13644683      0.02154837      0.14110524      0.02184898 md_running
   526    263.00000000    182.23666945      0.79650517   1010.71267038    300.00000000      0.99964796      0.18244220     -8.00823248      0.00634420     -8.00188827      0.13231771      0.02252857      0.13769491      0.02118779 md_running
   527    263.50000000    182.47553691      0.83079462   1006.50039718    300.00000000      0.99964850      0.18168185     -8.00816091      0.00690220     -8.00125871      0.12861310      0.02349842      0.13462069      0.02059458 md_running
   528    264.00000000    182.71770202      0.86455042   1001.09195279    300.00000000      0.99964921      0.18070558     -8.00788446      0.00747447     -8.00040998      0.12616385      0.02445318      0.13262749      0.02020238 md_running
   529    264.50000000    182.95800774      0.89765227    994.40801932    300.00000000      0.99965011      0.17949907     -8.00738568      0.00805780     -7.99932788      0.12553820      0.02538944      0.13221568      0.02010220 md_running
   530    265.00000000    183.19967901      0.93002252    986.54573874    300.00000000      0.99965122      0.17807987     -8.00667968      0.00864942     -7.99803026      0.12688589      0.02630501      0.13351839      0.02031800 md_running
   531    265.50000000    183.44763258      0.96161947    977.74068703    300.00000000      0.99965251      0.17649048     -8.00580722      0.00924712     -7.99656010      0.12993751      0.02719871      0.13630166      0.02080665 md_running
   532    266.00000000    183.69310578      0.99243026    968.31514852    300.00000000      0.99965395      0.17478909     -8.00482492      0.00984918     -7.99497574      0.13414761      0.02807017      0.14008639      0.02148081 md_running
   533    266.50000000    183.94368059      1.02246400    958.63326639    300.00000000      0.99965549      0.17304143     -8.00379774      0.01045433     -7.99334342      0.13886693      0.02891965      0.14429474      0.02223650 md_running
   534    267.00000000    184.18956377      1.05174529    949.06574091    300.00000000      0.99965707      0.17131441     -8.00279185      0.01106168     -7.99173016      0.14347307      0.02974785      0.14836649      0.02297408 md_running
   535    267.50000000    184.43540152      1.08030805    939.96274034    300.00000000      0.99965863      0.16967124     -8.00187025      0.01167065     -7.99019960      0.14741234      0.03055573      0.15179529      0.02360487 md_running
   536    268.00000000    184.67990961      1.10818985    931.63143499    300.00000000      0.99966012      0.16816737     -8.00108839      0.01228085     -7.98880754      0.15021422      0.03134434      0.15414369      0.02405353 md_running
   537    268.50000000    184.92395201      1.13542726    924.30802126    300.00000000      0.99966147      0.16684543     -8.00048911      0.01289195     -7.98759716      0.15153114      0.03211473      0.15508593      0.02426440 md_running
   538    269.00000000    185.17131739      1.16205215    918.12668019    300.00000000      0.99966266      0.16572965     -8.00009676      0.01350365     -7.98659311      0.15113424      0.03286780      0.15441219      0.02420085 md_running
   539    269.50000000    185.39925518      1.18808847    913.09302075    300.00000000      0.99966366      0.16482103     -7.99991251      0.01411554     -7.98579697      0.14891914      0.03360422      0.15203235      0.02384615 md_running
   540    270.00000000    185.63336341      1.21355024    909.07717537    300.00000000      0.99966446      0.16409613     -7.99991183      0.01472704     -7.98518479      0.14494812      0.03432438      0.14801938      0.02321028 md_running
   541    270.50000000    185.86952159      1.23844062    905.83278956    300.00000000      0.99966511      0.16351050     -8.00004968      0.01533735     -7.98471232      0.13945742      0.03502839      0.14262487      0.02233106 md_running
   542    271.00000000    186.11386528      1.26275125    903.02157023    300.00000000      0.99966565      0.16300305     -8.00026374      0.01594541     -7.98431833      0.13284524      0.03571600      0.13626479      0.02127226 md_running
   543    271.50000000    186.35404856      1.28646217    900.23710518    300.00000000      0.99966615      0.16250043     -8.00047872      0.01654985     -7.98392887      0.12571237      0.03638664      0.12956155      0.02013009 md_running
   544    272.00000000    186.59735056      1.30954169    897.03579182    300.00000000      0.99966669      0.16192256     -8.00061267      0.01714899     -7.98346368      0.11886513      0.03703943      0.12333000      0.01903365 md_running
   545    272.50000000    186.83541249      1.33194691    892.97092051    300.00000000      0.99966735      0.16118882     -8.00058237      0.01774083     -7.98284154      0.11329932      0.03767315      0.11853985      0.01814241 md_running
   546    273.00000000    187.05769650      1.35362497    887.62743396    300.00000000      0.99966823      0.16022427     -8.00031000      0.01832301     -7.98198699      0.11007424      0.03828630      0.11616520      0.01762598 md_running
   547    273.50000000    187.28961926      1.37451552    880.66586743    300.00000000      0.99966939      0.15896765     -7.99973045      0.01889293     -7.98083752      0.11000057      0.03887717      0.11688722      0.01761419 md_running
   548    274.00000000    187.52782818      1.39455393    871.88844810    300.00000000      0.99967091      0.15738325     -7.99880446      0.01944781     -7.97935666      0.11328603      0.03944394      0.12078288      0.01814028 md_running
   549    274.50000000    187.76692507      1.41367603    861.29718192    300.00000000      0.99967282      0.15547144     -7.99752854      0.01998480     -7.97754374      0.11934956      0.03998480      0.12721635      0.01911123 md_running
   550    275.00000000    187.99679092      1.43182309    849.12096789    300.00000000      0.99967513      0.15327353     -7.99594130      0.02050117     -7.97544013      0.12699423      0.04049807      0.13500414      0.02033535 md_running
   551    275.50000000    188.23480072      1.44894766    835.80063500    300.00000000      0.99967781      0.15086910     -7.99412088      0.02099449     -7.97312638      0.13476317      0.04098243      0.14274281      0.02157938 md_running
   552    276.00000000    188.46341008      1.46501844    821.91096847    300.00000000      0.99968075      0.14836190     -7.99216990      0.02146279     -7.97070711      0.14132619      0.04143698      0.14915596      0.02263030 md_running
   553    276.50000000    188.69875895      1.48002367    808.04850611    300.00000000      0.99968385      0.14585960     -7.99019606      0.02190470     -7.96829136      0.14569727      0.04186139      0.15327883      0.02333024 md_running
   554    277.00000000    188.94054512      1.49397405    794.71989393    300.00000000      0.99968699      0.14345368     -7.98829113      0.02231958     -7.96597155      0.14738145      0.04225597      0.15462683      0.02359992 md_running
   555    277.50000000    189.18091317      1.50690283    782.25590437    300.00000000      0.99969006      0.14120382     -7.98651552      0.02270756     -7.96380796      0.14639668      0.04262165      0.15321223      0.02344223 md_running
   556    278.00000000    189.42496842      1.51886413    770.78654899    300.00000000      0.99969299      0.13913350     -7.98489331      0.02306948     -7.96182383      0.14323634      0.04295997      0.14950685      0.02293617 md_running
   557    278.50000000    189.66264276      1.52993002    760.27374447    300.00000000      0.99969576      0.13723585     -7.98341817      0.02340686     -7.96001131      0.13879499      0.04327296      0.14437807      0.02222499 md_running
   558    279.00000000    189.89020022      1.54018643    750.57886812    300.00000000      0.99969837      0.13548585     -7.98206662      0.02372174     -7.95834488      0.13422059      0.04356305      0.13895218      0.02149249 md_running
   559    279.50000000    190.12360529      1.54972848    741.52939709    300.00000000      0.99970085      0.13385234     -7.98080995      0.02401658     -7.95679337      0.13069030      0.04383294      0.13440818      0.02092720 md_running
   560    280.00000000    190.36582778      1.55865576    732.95957224    300.00000000      0.99970325      0.13230541     -7.97962043      0.02429408     -7.95532636      0.12916645      0.04408544      0.13175183      0.02068319 md_running
   561    280.50000000    190.60392893      1.56706796    724.74702715    300.00000000      0.99970558      0.13082298     -7.97847837      0.02455702     -7.95392135      0.13014986      0.04432338      0.13157028      0.02084066 md_running
   562    281.00000000    190.83724168      1.57506131    716.84022557    300.00000000      0.99970788      0.12939574     -7.97737722      0.02480818     -7.95256904      0.13358381      0.04454946      0.13391446      0.02139053 md_running
   563    281.50000000    191.06342607      1.58272532    709.27349459    300.00000000      0.99971014      0.12802988     -7.97632620      0.02505019     -7.95127600      0.13893720      0.04476623      0.13833664      0.02224776 md_running
   564    282.00000000    191.31167523      1.59014034    702.16683080    300.00000000      0.99971234      0.12674706     -7.97534931      0.02528546     -7.95006384      0.14540465      0.04497596      0.14407008      0.02328338 md_running
   565    282.50000000    191.54393423      1.59737589    695.70372980    300.00000000      0.99971441      0.12558042     -7.97448261      0.02551610     -7.94896651      0.15211032      0.04518061      0.15023679      0.02435714 md_running
   566    283.00000000    191.78211369      1.60448964    690.09047641    300.00000000      0.99971629      0.12456718     -7.97376567      0.02574387     -7.94802180      0.15826087      0.04538182      0.15601836      0.02534202 md_running
   567    283.50000000    192.00871741      1.61152732    685.49639365    300.00000000      0.99971791      0.12373791     -7.97323158      0.02597020     -7.94726138      0.16322286      0.04558088      0.16074648      0.02613657 md_running
   568    284.00000000    192.24484338      1.61852359    681.99055234    300.00000000      0.99971920      0.12310507     -7.97289479      0.02619619     -7.94669860      0.16656887      0.04577876      0.16396189      0.02667237 md_running
   569    284.50000000    192.48137149      1.62550348    679.50431126    300.00000000      0.99972016      0.12265629     -7.97274366      0.02642262     -7.94632104      0.16808907      0.04597618      0.16542459      0.02691579 md_running
   570    285.00000000    192.71128674      1.63248464    677.84068335    300.00000000      0.99972081      0.12235599     -7.97274246      0.02665006     -7.94609240      0.16777740      0.04617364      0.16510028      0.02686589 md_running
   571    285.50000000    192.95056486      1.63948016    676.72508500    300.00000000      0.99972125      0.12215461     -7.97284147      0.02687895     -7.94596252      0.16578023      0.04637150      0.16311235      0.02654608 md_running
   572    286.00000000    193.19363101      1.64650133    675.87044857    300.00000000      0.99972155      0.12200034     -7.97298893      0.02710967     -7.94587926      0.16237152      0.04657009      0.15970952      0.02600025 md_running
   573    286.50000000    193.43470548      1.65356059    675.03616338    300.00000000      0.99972182      0.12184975     -7.97314115      0.02734263     -7.94579852      0.15792048      0.04676976      0.15524348      0.02528752 md_running
   574    287.00000000    193.66880300      1.66067352    674.06469173    300.00000000      0.99972210      0.12167439     -7.97327026      0.02757837     -7.94569189      0.15289568      0.04697094      0.15016733      0.02448290 md_running
   575    287.50000000    193.90533418      1.66786027    672.88561888    300.00000000      0.99972246      0.12146156     -7.97336427      0.02781758     -7.94554669      0.14786918      0.04717421      0.14504528      0.02367802 md_running
   576    288.00000000    194.13498555      1.67514621    671.51418077    300.00000000      0.99972288      0.12121400     -7.97342663      0.02806115     -7.94536548      0.14348476      0.04738029      0.14051606      0.02297595 md_running
   577    288.50000000    194.37664848      1.68256212    670.04785550    300.00000000      0.99972336      0.12094932     -7.97347597      0.02831015     -7.94516582      0.14035281      0.04759004      0.13719648      0.02247444 md_running
   578    289.00000000    194.61431890      1.69014373    668.66853056    300.00000000      0.99972385      0.12070034     -7.97354650      0.02856586     -7.94498064      0.13887265      0.04780448      0.13549943      0.02223742 md_running
   579    289.50000000    194.85814040      1.69793058    667.62767252    300.00000000      0.99972427      0.12051245     -7.97368606      0.02882968     -7.94485637      0.13904355      0.04802473      0.13543376      0.02226479 md_running
   580    290.00000000    195.09608917      1.70596488    667.22993813    300.00000000      0.99972453      0.12044066     -7.97395010      0.02910316     -7.94484694      0.14041930      0.04825197      0.13656001      0.02248508 md_running
   581    290.50000000    195.34392875      1.71428981    667.83113864    300.00000000      0.99972452      0.12054918     -7.97440566      0.02938790     -7.94501777      0.14221767      0.04848744      0.13809239      0.02277305 md_running
   582    291.00000000    195.59072129      1.72294774    669.78107678    300.00000000      0.99972411      0.12090116     -7.97511846      0.02968549     -7.94543297      0.14355944      0.04873232      0.13914377      0.02298791 md_running
   583    291.50000000    195.83124764      1.73197827    673.34743248    300.00000000      0.99972321      0.12154492     -7.97613977      0.02999749     -7.94614228      0.14369265      0.04898774      0.13895465      0.02300924 md_running
   584    292.00000000    196.07198640      1.74141626    678.65024397    300.00000000      0.99972175      0.12250212     -7.97749351      0.03032531     -7.94716820      0.14218965      0.04925469      0.13709405      0.02276857 md_running
   585    292.50000000    196.30850693      1.75128998    685.61272266    300.00000000      0.99971974      0.12375891     -7.97916741      0.03067017     -7.94849725      0.13902286      0.04953396      0.13353809      0.02226147 md_running
   586    293.00000000    196.54178504      1.76161971    693.97361622    300.00000000      0.99971728      0.12526812     -7.98111456      0.03103304     -7.95008152      0.13456945      0.04982613      0.12867928      0.02154836 md_running
   587    293.50000000    196.77888173      1.77241685    703.34806336    300.00000000      0.99971450      0.12696029     -7.98326566      0.03141462     -7.95185105      0.12952809      0.05013152      0.12324187      0.02074109 md_running
   588    294.00000000    197.01352747      1.78368418    713.29028908    300.00000000      0.99971155      0.12875494     -7.98554023      0.03181529     -7.95372494      0.12476627      0.05045021      0.11812346      0.01997859 md_running
   589    294.50000000    197.24759153      1.79541749    723.34642189    300.00000000      0.99970858      0.13057016     -7.98785604      0.03223524     -7.95562080      0.12111984      0.05078208      0.11419434      0.01939470 md_running
   590    295.00000000    197.48771513      1.80760807    733.08886939    300.00000000      0.99970573      0.13232875     -7.99013638      0.03267447     -7.95746191      0.11918096      0.05112688      0.11207834      0.01908423 md_running
   591    295.50000000    197.73165259      1.82024497    742.11934626    300.00000000      0.99970309      0.13395883     -7.99230852      0.03313292     -7.95917561      0.11918707      0.05148430      0.11201168      0.01908521 md_running
   592    296.00000000    197.97365812      1.83331791    750.09146218    300.00000000      0.99970076      0.13539787     -7.99430933      0.03361055     -7.96069879      0.12103102      0.05185406      0.11384875      0.01938047 md_running
   593    296.50000000    198.21247777      1.84682018    756.76029960    300.00000000      0.99969880      0.13660165     -7.99609388      0.03410745     -7.96198643      0.12430072      0.05223596      0.11712700      0.01990405 md_running
   594    297.00000000    198.44775163      1.86075071    762.00156323    300.00000000      0.99969723      0.13754774     -7.99764023      0.03462393     -7.96301630      0.12841745      0.05262998      0.12122660      0.02056325 md_running
   595    297.50000000    198.68381293      1.87511473    765.79968075    300.00000000      0.99969607      0.13823333     -7.99894605      0.03516055     -7.96378550      0.13277868      0.05303625      0.12551827      0.02126160 md_running
   596    298.00000000    198.92262390      1.88992350    768.22033517    300.00000000      0.99969528      0.13867028     -8.00002440      0.03571811     -7.96430629      0.13685716      0.05345511      0.12946377      0.02191468 md_running
   597    298.50000000    199.16399372      1.90519315    769.36644266    300.00000000      0.99969483      0.13887716     -8.00089512      0.03629761     -7.96459751      0.14028293      0.05388700      0.13269447      0.02246325 md_running
   598    299.00000000    199.39864190      1.92094304    769.33643429    300.00000000      0.99969469      0.13887175     -8.00157663      0.03690022     -7.96467641      0.14284239      0.05433247      0.13501078      0.02287309 md_running
   599    299.50000000    199.63529796      1.93719342    768.21317576    300.00000000      0.99969484      0.13866899     -8.00208515      0.03752718     -7.96455797      0.14448538      0.05479210      0.13637929      0.02313618 md_running
   600    300.00000000    199.87435005      1.95396319    766.06106322    300.00000000      0.99969525      0.13828051     -8.00243335      0.03817972     -7.96425363      0.14529752      0.05526642      0.13691025      0.02326622 md_running
   601    300.50000000    200.11633423      1.97126751    762.92417989    300.00000000      0.99969593      0.13771428     -8.00263018      0.03885896     -7.96377122      0.14545938      0.05575586      0.13681283      0.02329214 md_running
   602    301.00000000    200.36524197      1.98911548    758.84124339    300.00000000      0.99969686      0.13697728     -8.00268281      0.03956580     -7.96311701      0.14521287      0.05626068      0.13636424      0.02325267 md_running
   603    301.50000000    200.60265556      2.00750791    753.86310291    300.00000000      0.99969804      0.13607868     -8.00260095      0.04030088     -7.96230007      0.14483424      0.05678090      0.13588159      0.02319204 md_running
   604    302.00000000    200.83730186      2.02643511    748.05521533    300.00000000      0.99969947      0.13503031     -8.00239659      0.04106439     -7.96133219      0.14463228      0.05731624      0.13571659      0.02315970 md_running
   605    302.50000000    201.06916042      2.04587498    741.49521897    300.00000000      0.99970112      0.13384617     -8.00208327      0.04185604     -7.96022723      0.14493295      0.05786608      0.13623675      0.02320785 md_running
   606    303.00000000    201.30725153      2.06579150    734.27699021    300.00000000      0.99970301      0.13254322     -8.00167687      0.04267495     -7.95900192      0.14602514      0.05842941      0.13775581      0.02338274 md_running
   607    303.50000000    201.54203843      2.08613392    726.51030865    300.00000000      0.99970510      0.13114127     -8.00119555      0.04351955     -7.95767600      0.14807814      0.05900478      0.14044155      0.02371148 md_running
   608    304.00000000    201.78354458      2.10683685    718.33120999    300.00000000      0.99970737      0.12966487     -8.00066123      0.04438762     -7.95627361      0.15105197      0.05959034      0.14422488      0.02418767 md_running
   609    304.50000000    202.02553714      2.12782109    709.92860753    300.00000000      0.99970979      0.12814813     -8.00010463      0.04527623     -7.95482841      0.15464187      0.06018387      0.14874672      0.02476252 md_running
   610    305.00000000    202.26530921      2.14899545    701.55828771    300.00000000      0.99971229      0.12663722     -7.99956887      0.04618181     -7.95338706      0.15828619      0.06078277      0.15338141      0.02534608 md_running
   611    305.50000000    202.50186672      2.17025960    693.51882606    300.00000000      0.99971481      0.12518603     -7.99910436      0.04710027     -7.95200409      0.16126913      0.06138421      0.15735710      0.02582373 md_running
   612    306.00000000    202.74581794      2.19150756    686.08454092    300.00000000      0.99971723      0.12384407     -7.99875741      0.04802705     -7.95073035      0.16288755      0.06198519      0.15993762      0.02608288 md_running
   613    306.50000000    202.98560626      2.21263132    679.42228623    300.00000000      0.99971948      0.12264148     -7.99855419      0.04895737     -7.94959681      0.16264174      0.06258266      0.16061632      0.02604352 md_running
   614    307.00000000    203.21996499      2.23352384    673.52774325    300.00000000      0.99972151      0.12157747     -7.99848922      0.04988629     -7.94860293      0.16037158      0.06317359      0.15925072      0.02568000 md_running
   615    307.50000000    203.44833114      2.25408098    668.20303337    300.00000000      0.99972334      0.12061631     -7.99852176      0.05080881     -7.94771295      0.15633431      0.06375504      0.15613697      0.02503352 md_running
   616    308.00000000    203.68853026      2.27420190    663.09069558    300.00000000      0.99972507      0.11969349     -7.99858109      0.05171994     -7.94686114      0.15120833      0.06432414      0.15199867      0.02421271 md_running
   617    308.50000000    203.93065420      2.29378846    657.74904192    300.00000000      0.99972682      0.11872928     -7.99858218      0.05261466     -7.94596753      0.14600760      0.06487814      0.14788479      0.02337993 md_running
   618    309.00000000    204.16570002      2.31274406    651.74408253    300.00000000      0.99972875      0.11764533     -7.99843913      0.05348785     -7.94495128      0.14189436      0.06541428      0.14496247      0.02272128 md_running
   619    309.50000000    204.40619253      2.33097230    644.75185285    300.00000000      0.99973103      0.11638317     -7.99808795      0.05433432     -7.94375363      0.13988525      0.06592985      0.14420298      0.02239957 md_running
   620    310.00000000    204.64122728      2.34837633    636.63042682    300.00000000      0.99973375      0.11491719     -7.99749696      0.05514871     -7.94234825      0.14055867      0.06642211      0.14610105      0.02250740 md_running
   621    310.50000000    204.87122029      2.36485899    627.45374522    300.00000000      0.99973696      0.11326072     -7.99667368      0.05592558     -7.94074809      0.14386502      0.06688831      0.15052763      0.02303684 md_running
   622    311.00000000    205.11241242      2.38032336    617.51530728    300.00000000      0.99974062      0.11146675     -7.99566597      0.05665939     -7.93900657      0.14917214      0.06732571      0.15681068      0.02388666 md_running
   623    311.50000000    205.35698782      2.39467378    607.28866579    300.00000000      0.99974462      0.10962075     -7.99455455      0.05734463     -7.93720993      0.15551557      0.06773160      0.16399216      0.02490242 md_running
   624    312.00000000    205.59702509      2.40781696    597.36312740    300.00000000      0.99974876      0.10782911     -7.99344092      0.05797583     -7.93546510      0.16186841      0.06810335      0.17107955      0.02591969 md_running
   625    312.50000000    205.84010583      2.41966306    588.37040547    300.00000000      0.99975278      0.10620584     -7.99243502      0.05854769     -7.93388733      0.16731163      0.06843841      0.17719797      0.02679130 md_running
   626    313.00000000    206.06842848      2.43012663    580.89552026    300.00000000      0.99975639      0.10485656     -7.99163897      0.05905515     -7.93258381      0.17113318      0.06873436      0.18167638      0.02740324 md_running
   627    313.50000000    206.29725122      2.43912744    575.39769584    300.00000000      0.99975930      0.10386416     -7.99113131      0.05949343     -7.93163789      0.17285544      0.06898894      0.18407124      0.02767902 md_running
   628    314.00000000    206.52560476      2.44659117    572.15847290    300.00000000      0.99976129      0.10327945     -7.99095954      0.05985808     -7.93110146      0.17225043      0.06920005      0.18417867      0.02758214 md_running
   629    314.50000000    206.74673877      2.45245019    571.26001809    300.00000000      0.99976224      0.10311727     -7.99113430      0.06014512     -7.93098918      0.16933720      0.06936577      0.18202597      0.02711565 md_running
   630    315.00000000    206.98864594      2.45664476    572.60701886    300.00000000      0.99976212      0.10336042     -7.99163511      0.06035103     -7.93128408      0.16438807      0.06948441      0.17787150      0.02632316 md_running
   631    315.50000000    207.21978478      2.45912481    575.97759281    300.00000000      0.99976102      0.10396884     -7.99241824      0.06047295     -7.93194530      0.15794206      0.06955455      0.17220229      0.02529097 md_running
   632    316.00000000    207.45727984      2.45985261    581.09354103    300.00000000      0.99975909      0.10489231     -7.99343110      0.06050875     -7.93292235      0.15078753      0.06957514      0.16570139      0.02414533 md_running
   633    316.50000000    207.70144114      2.45880662    587.68241832    300.00000000      0.99975647      0.10608166     -7.99462334      0.06045730     -7.93416604      0.14391946      0.06954555      0.15920241      0.02304556 md_running
   634    317.00000000    207.93902378      2.45598550    595.50908122    300.00000000      0.99975333      0.10749444     -7.99595261      0.06031865     -7.93563396      0.13846371      0.06946576      0.15362887      0.02217194 md_running
   635    317.50000000    208.17535739      2.45141185    604.37844606    300.00000000      0.99974979      0.10909543     -7.99738587      0.06009420     -7.93729167      0.13548112      0.06933640      0.14985977      0.02169434 md_running
   636    318.00000000    208.41863546      2.44513443    614.11856559    300.00000000      0.99974596      0.11085361     -7.99889483      0.05978682     -7.93910801      0.13568901      0.06915885      0.14854744      0.02172763 md_running
   637    318.50000000    208.66094389      2.43722835    624.57827610    300.00000000      0.99974194      0.11274167     -8.00045669      0.05940082     -7.94105587      0.13917242      0.06893523      0.14990144      0.02228542 md_running
   638    319.00000000    208.89973264      2.42779259    635.64061033    300.00000000      0.99973780      0.11473852     -8.00205603      0.05894177     -7.94311426      0.14528302      0.06866834      0.15354910      0.02326390 md_running
   639    319.50000000    209.14385460      2.41694518    647.23707182    300.00000000      0.99973359      0.11683178     -8.00368649      0.05841624     -7.94527025      0.15283647      0.06836153      0.15860508      0.02447342 md_running
   640    320.00000000    209.38058461      2.40481655    659.35613521    300.00000000      0.99972935      0.11901937     -8.00535379      0.05783143     -7.94752237      0.16046133      0.06801848      0.16391113      0.02569438 md_running
   641    320.50000000    209.62515707      2.39154223    672.02650189    300.00000000      0.99972508      0.12130648     -8.00707099      0.05719474     -7.94987625      0.16693259      0.06764303      0.16833953      0.02673061 md_running
   642    321.00000000    209.86779858      2.37725605    685.27588649    300.00000000      0.99972078      0.12369810     -8.00885106      0.05651346     -7.95233760      0.17138091      0.06723895      0.17103879      0.02744291 md_running
   643    321.50000000    210.11344355      2.36208441    699.09199877    300.00000000      0.99971646      0.12619203     -8.01069885      0.05579443     -7.95490442      0.17336595      0.06680984      0.17155368      0.02776077 md_running
   644    322.00000000    210.35389208      2.34614145    713.40458711    300.00000000      0.99971214      0.12877557     -8.01260791      0.05504380     -7.95756411      0.17284076      0.06635890      0.16981658      0.02767667 md_running
   645    322.50000000    210.59438501      2.32952539    728.08541275    300.00000000      0.99970786      0.13142559     -8.01456025      0.05426689     -7.96029337      0.17008843      0.06588893      0.16609860      0.02723595 md_running
   646    323.00000000    210.82794989      2.31231605    742.96147738    300.00000000      0.99970368      0.13411084     -8.01652873      0.05346806     -7.96306067      0.16561220      0.06540217      0.16090531      0.02651918 md_running
   647    323.50000000    211.06839983      2.29457349    757.82707998    300.00000000      0.99969963      0.13679421     -8.01847969      0.05265068     -7.96582901      0.16003325      0.06490034      0.15487267      0.02562583 md_running
   648    324.00000000    211.28717486      2.27633776    772.44665098    300.00000000      0.99969577      0.13943317     -8.02037294      0.05181714     -7.96855580      0.15398084      0.06438455      0.14865638      0.02465667 md_running
   649    324.50000000    211.50788565      2.25762924    786.55275074    300.00000000      0.99969215      0.14197944     -8.02216167      0.05096890     -7.97119278      0.14804483      0.06385540      0.14287618      0.02370615 md_running
   650    325.00000000    211.74937998      2.23844954    799.84498080    300.00000000      0.99968882      0.14437880     -8.02379205      0.05010656     -7.97368548      0.14274067      0.06331291      0.13806617      0.02285680 md_running
   651    325.50000000    211.98606260      2.21878301    812.00244496    300.00000000      0.99968583      0.14657332     -8.02520517      0.04922998     -7.97597519      0.13852505      0.06275666      0.13466773      0.02218176 md_running
   652    326.00000000    212.22716826      2.19859932    822.72087790    300.00000000      0.99968322      0.14850809     -8.02634468      0.04833839     -7.97800629      0.13575494      0.06218578      0.13297859      0.02173819 md_running
   653    326.50000000    212.46443016      2.17785684    831.77705677    300.00000000      0.99968102      0.15014281     -8.02716778      0.04743060     -7.97973718      0.13460646      0.06159909      0.13307286      0.02155428 md_running
   654    327.00000000    212.70435175      2.15650664    839.09874091    300.00000000      0.99967925      0.15146443     -8.02765918      0.04650521     -7.98115397      0.13498835      0.06099522      0.13472486      0.02161544 md_running
   655    327.50000000    212.94831091      2.13449726    844.81591812    300.00000000      0.99967788      0.15249643     -8.02784041      0.04556079     -7.98227962      0.13649253      0.06037270      0.13739823      0.02185630 md_running
   656    328.00000000    213.18240414      2.11177976    849.26477087    300.00000000      0.99967683      0.15329949     -8.02777183      0.04459614     -7.98317570      0.13844871      0.05973015      0.14032181      0.02216954 md_running
   657    328.50000000    213.42450167      2.08831311    852.92459228    300.00000000      0.99967601      0.15396012     -8.02753994      0.04361052     -7.98392943      0.14007504      0.05906641      0.14265180      0.02242996 md_running
   658    329.00000000    213.66730382      2.06406947    856.31365399    300.00000000      0.99967530      0.15457187     -8.02724008      0.04260383     -7.98463626      0.14064029      0.05838070      0.14363876      0.02252047 md_running
   659    329.50000000    213.90498712      2.03903785    859.86339693    300.00000000      0.99967461      0.15521263     -8.02695177      0.04157675     -7.98537502      0.13961499      0.05767270      0.14275358      0.02235629 md_running
   660    330.00000000    214.15188028      2.01322634    863.80157636    300.00000000      0.99967386      0.15592350     -8.02671871      0.04053080     -7.98618791      0.13679851      0.05694264      0.13980043      0.02190529 md_running
   661    330.50000000    214.39430766      1.98666259    868.10521908    300.00000000      0.99967302      0.15670035     -8.02653875      0.03946828     -7.98707047      0.13240169      0.05619130      0.13499324      0.02120124 md_running
   662    331.00000000    214.63608252      1.95939249    872.51335588    300.00000000      0.99967214      0.15749605     -8.02636696      0.03839219     -7.98797477      0.12706489      0.05541999      0.12897015      0.02034667 md_running
   663    331.50000000    214.88193267      1.93147755    876.58424152    300.00000000      0.99967129      0.15823088     -8.02612606      0.03730606     -7.98882001      0.12183972      0.05463043      0.12279087      0.01950997 md_running
   664    332.00000000    215.12799592      1.90299111    879.79453028    300.00000000      0.99967056      0.15881037     -8.02572391      0.03621375     -7.98951016      0.11805743      0.05382472      0.11782957      0.01890432 md_running
   665    332.50000000    215.38046397      1.87401431    881.66377182    300.00000000      0.99967005      0.15914778     -8.02507600      0.03511930     -7.98995671      0.11695648      0.05300513      0.11543833      0.01872802 md_running
   666    333.00000000    215.62936139      1.84463193    881.88224563    300.00000000      0.99966984      0.15918722     -8.02412906      0.03402667     -7.99010239      0.11913764      0.05217407      0.11639256      0.01907729 md_running
   667    333.50000000    215.87708944      1.81492819    880.38679771    300.00000000      0.99966997      0.15891728     -8.02287527      0.03293964     -7.98993563      0.12428997      0.05133392      0.12052756      0.01990232 md_running
   668    334.00000000    216.09942416      1.78498340    877.36768299    300.00000000      0.99967041      0.15837230     -8.02135240      0.03186166     -7.98949074      0.13133244      0.05048695      0.12681458      0.02103002 md_running
   669    334.50000000    216.33752357      1.75487134    873.22140679    300.00000000      0.99967113      0.15762386     -8.01963619      0.03079573     -7.98884045      0.13886238      0.04963526      0.13382525      0.02223578 md_running
   670    335.00000000    216.57451547      1.72465704    868.44005696    300.00000000      0.99967202      0.15676079     -8.01781973      0.02974442     -7.98807531      0.14559539      0.04878067      0.14021287      0.02331392 md_running
   671    335.50000000    216.81078765      1.69439539    863.47197627    300.00000000      0.99967300      0.15586401     -8.01598700      0.02870976     -7.98727724      0.15063203      0.04792474      0.14502227      0.02412043 md_running
   672    336.00000000    217.03511195      1.66413030    858.60057179    300.00000000      0.99967400      0.15498468     -8.01419193      0.02769330     -7.98649863      0.15357078      0.04706871      0.14780631      0.02459100 md_running
   673    336.50000000    217.27478350      1.63389532    853.88092179    300.00000000      0.99967497      0.15413274     -8.01244488      0.02669614     -7.98574874      0.15450717      0.04621354      0.14864117      0.02474095 md_running
   674    337.00000000    217.51325660      1.60371436    849.15726048    300.00000000      0.99967593      0.15328008     -8.01071801      0.02571900     -7.98499902      0.15394172      0.04535989      0.14802414      0.02465040 md_running
   675    337.50000000    217.75599216      1.57360290    844.13855418    300.00000000      0.99967693      0.15237416     -8.00895745      0.02476226     -7.98419519      0.15263493      0.04450821      0.14671801      0.02444115 md_running
   676    338.00000000    217.99043957      1.54357019    838.52327479    300.00000000      0.99967804      0.15136056     -8.00710728      0.02382609     -7.98328119      0.15141281      0.04365876      0.14555392      0.02424545 md_running
   677    338.50000000    218.22816320      1.51362154    832.13365541    300.00000000      0.99967932      0.15020718     -8.00513416      0.02291050     -7.98222366      0.15093204      0.04281168      0.14518393      0.02416847 md_running
   678    339.00000000    218.46847925      1.48376129    825.00363430    300.00000000      0.99968079      0.14892015     -8.00304394      0.02201548     -7.98102847      0.15151781      0.04196711      0.14591008      0.02426227 md_running
   679    339.50000000    218.70759344      1.45399595    817.39685023    300.00000000      0.99968242      0.14754706     -8.00088496      0.02114104     -7.97974391      0.15309159      0.04112522      0.14762458      0.02451427 md_running
   680    340.00000000    218.94629699      1.42433676    809.74813940    300.00000000      0.99968416      0.14616640     -7.99873679      0.02028735     -7.97844944      0.15527452      0.04028633      0.14991629      0.02486382 md_running
   681    340.50000000    219.18396343      1.39480157    802.56255771    300.00000000      0.99968587      0.14486934     -7.99669264      0.01945471     -7.97723792      0.15754116      0.03945095      0.15224161      0.02522678 md_running
   682    341.00000000    219.42775813      1.36541535    796.29109077    300.00000000      0.99968746      0.14373729     -7.99483594      0.01864359     -7.97619235      0.15944630      0.03861978      0.15414669      0.02553184 md_running
   683    341.50000000    219.67116895      1.33621005    791.21720568    300.00000000      0.99968881      0.14282141     -7.99321965      0.01785457     -7.97536507      0.16067548      0.03779373      0.15532488      0.02572867 md_running
   684    342.00000000    219.91520565      1.30722307    787.39522746    300.00000000      0.99968987      0.14213151     -7.99185386      0.01708832     -7.97476553      0.16110952      0.03697385      0.15566362      0.02579817 md_running
   685    342.50000000    220.16170443      1.27849599    784.66398372    300.00000000      0.99969065      0.14163850     -7.99070965      0.01634552     -7.97436412      0.16076395      0.03616133      0.15520318      0.02574283 md_running
   686    343.00000000    220.40873319      1.25007171    782.74103154    300.00000000      0.99969120      0.14129139     -7.98973495      0.01562679     -7.97410816      0.15976468      0.03535737      0.15410075      0.02558282 md_running
   687    343.50000000    220.65797058      1.22199086    781.32467703    300.00000000      0.99969159      0.14103573     -7.98887538      0.01493262     -7.97394276      0.15831756      0.03456312      0.15258909      0.02535110 md_running
   688    344.00000000    220.90531810      1.19428902    780.18187055    300.00000000      0.99969189      0.14082944     -7.98808790      0.01426326     -7.97382464      0.15664611      0.03377959      0.15091224      0.02508345 md_running
   689    344.50000000    221.15418821      1.16699468    779.18973209    300.00000000      0.99969215      0.14065035     -7.98735178      0.01361877     -7.97373301      0.15493186      0.03300759      0.14926500      0.02480895 md_running
   690    345.00000000    221.39595294      1.14012798    778.32832755    300.00000000      0.99969238      0.14049486     -7.98666226      0.01299892     -7.97366335      0.15328636      0.03224769      0.14776405      0.02454546 md_running
   691    345.50000000    221.64219539      1.11370009    777.67583655    300.00000000      0.99969257      0.14037708     -7.98603391      0.01240328     -7.97363063      0.15172821      0.03150020      0.14641648      0.02429596 md_running
   692    346.00000000    221.88678548      1.08771413    777.37461505    300.00000000      0.99969270      0.14032271     -7.98549193      0.01183122     -7.97366071      0.15017535      0.03076520      0.14512093      0.02404730 md_running
   693    346.50000000    222.12454442      1.06216672    777.56441935    300.00000000      0.99969272      0.14035697     -7.98506284      0.01128198     -7.97378086      0.14854096      0.03004261      0.14377135      0.02378559 md_running
   694    347.00000000    222.36866082      1.03704963    778.28393308    300.00000000      0.99969260      0.14048685     -7.98475347      0.01075472     -7.97399875      0.14681448      0.02933219      0.14233634      0.02350913 md_running
   695    347.50000000    222.61635835      1.01235221    779.41013771    300.00000000      0.99969237      0.14069014     -7.98453994      0.01024857     -7.97429137      0.14512456      0.02863364      0.14092942      0.02323853 md_running
   696    348.00000000    222.86404113      0.98806381    780.70635606    300.00000000      0.99969206      0.14092411     -7.98437828      0.00976270     -7.97461558      0.14372069      0.02794666      0.13978595      0.02301373 md_running
   697    348.50000000    223.10679286      0.96417648    781.87423861    300.00000000      0.99969174      0.14113493     -7.98421344      0.00929636     -7.97491708      0.14290165      0.02727103      0.13919461      0.02288258 md_running
   698    349.00000000    223.34170152      0.94068739    782.59635175    300.00000000      0.99969149      0.14126527     -7.98398650      0.00884893     -7.97513757      0.14295628      0.02660666      0.13943129      0.02289132 md_running
   699    349.50000000    223.58196509      0.91760147    782.61326929    300.00000000      0.99969139      0.14126833     -7.98364918      0.00841992     -7.97522925      0.14404687      0.02595369      0.14064425      0.02306596 md_running
   700    350.00000000    223.82015372      0.89493409    781.81608369    300.00000000      0.99969149      0.14112443     -7.98318029      0.00800907     -7.97517122      0.14614571      0.02531256      0.14280268      0.02340204 md_running
   701    350.50000000    224.05717602      0.87271178    780.31479385    300.00000000      0.99969178      0.14085343     -7.98259961      0.00761626     -7.97498336      0.14908537      0.02468402      0.14574082      0.02387276 md_running
   702    351.00000000    224.29851613      0.85097226    778.43187300    300.00000000      0.99969222      0.14051355     -7.98196623      0.00724154     -7.97472469      0.15264762      0.02406913      0.14924549      0.02444318 md_running
   703    351.50000000    224.52845896      0.82976391    776.62803757    300.00000000      0.99969270      0.14018794     -7.98136476      0.00688508     -7.97447967      0.15661006      0.02346927      0.15310637      0.02507768 md_running
   704    352.00000000    224.76492818      0.80914425    775.40419637    300.00000000      0.99969309      0.13996703     -7.98088691      0.00654714     -7.97433977      0.16076883      0.02288606      0.15713534      0.02574362 md_running
   705    352.50000000    225.00324169      0.78917738    775.20819855    300.00000000      0.99969329      0.13993165     -7.98061478      0.00622801     -7.97438677      0.16491571      0.02232131      0.16114075      0.02640765 md_running
   706    353.00000000    225.24229499      0.76993082    776.35767416    300.00000000      0.99969318      0.14013914     -7.98060690      0.00592793     -7.97467897      0.16880305      0.02177693      0.16489087      0.02703012 md_running
   707    353.50000000    225.47152053      0.75147157    778.99435311    300.00000000      0.99969271      0.14061508     -7.98088910      0.00564710     -7.97524201      0.17215399      0.02125483      0.16812056      0.02756670 md_running
   708    354.00000000    225.70836101      0.73386225    783.08855598    300.00000000      0.99969187      0.14135412     -7.98145572      0.00538554     -7.97607018      0.17469633      0.02075676      0.17056567      0.02797380 md_running
   709    354.50000000    225.93850254      0.71715754    788.48599334    300.00000000      0.99969071      0.14232840     -7.98227855      0.00514315     -7.97713540      0.17616694      0.02028428      0.17197272      0.02820929 md_running
   710    355.00000000    226.18485672      0.70139980    794.96912602    300.00000000      0.99968926      0.14349866     -7.98331733      0.00491962     -7.97839771      0.17635635      0.01983858      0.17214064      0.02823962 md_running
   711    355.50000000    226.42936831      0.68661497    802.32355518    300.00000000      0.99968761      0.14482620     -7.98453237      0.00471440     -7.97981797      0.17516272      0.01942040      0.17097269      0.02804848 md_running
   712    356.00000000    226.66979478      0.67281001    810.38037229    300.00000000      0.99968581      0.14628052     -7.98589271      0.00452673     -7.98136597      0.17261315      0.01902994      0.16849795      0.02764022 md_running
   713    356.50000000    226.89947773      0.65997226    819.01232172    300.00000000      0.99968390      0.14783866     -7.98737496      0.00435563     -7.98301932      0.16885668      0.01866683      0.16486835      0.02703871 md_running
   714    357.00000000    227.12947159      0.64806986    828.09763983    300.00000000      0.99968192      0.14947864     -7.98895636      0.00419995     -7.98475641      0.16414690      0.01833018      0.16034241      0.02628454 md_running
   715    357.50000000    227.34911189      0.63705289    837.47013818    300.00000000      0.99967989      0.15117046     -7.99060655      0.00405836     -7.98654818      0.15882434      0.01801858      0.15526822      0.02543225 md_running
   716    358.00000000    227.58410034      0.62685474    846.86898430    300.00000000      0.99967787      0.15286703     -7.99227708      0.00392947     -7.98834762      0.15332656      0.01773013      0.15009361      0.02455190 md_running
   717    358.50000000    227.81888802      0.61739354    855.90580889    300.00000000      0.99967593      0.15449825     -7.99389673      0.00381175     -7.99008499      0.14813446      0.01746253      0.14530813      0.02372050 md_running
   718    359.00000000    228.06238770      0.60857400    864.06947711    300.00000000      0.99967415      0.15597186     -7.99537017      0.00370362     -7.99166654      0.14373566      0.01721307      0.14140376      0.02301613 md_running
   719    359.50000000    228.30672118      0.60028927    870.79218120    300.00000000      0.99967264      0.15718537     -7.99659233      0.00360347     -7.99298886      0.14053506      0.01697874      0.13877951      0.02250362 md_running
   720    360.00000000    228.54838902      0.59242278    875.53480507    300.00000000      0.99967149      0.15804145     -7.99746306      0.00350965     -7.99395341      0.13878220      0.01675625      0.13766545      0.02222294 md_running
   721    360.50000000    228.78503767      0.58485030    877.87762124    300.00000000      0.99967078      0.15846435     -7.99790326      0.00342050     -7.99448276      0.13853426      0.01654206      0.13809229      0.02218323 md_running
   722    361.00000000    229.02387626      0.57744149    877.61189497    300.00000000      0.99967058      0.15841638     -7.99787245      0.00333439     -7.99453806      0.13964672      0.01633251      0.13988253      0.02236137 md_running
   723    361.50000000    229.25597102      0.57006204    874.81446918    300.00000000      0.99967089      0.15791143     -7.99738176      0.00324971     -7.99413205      0.14182739      0.01612379      0.14271678      0.02271056 md_running
   724    362.00000000    229.49274321      0.56257553    869.85329635    300.00000000      0.99967167      0.15701589     -7.99649752      0.00316491     -7.99333261      0.14472985      0.01591204      0.14622827      0.02317532 md_running
   725    362.50000000    229.72203589      0.55484551    863.33163065    300.00000000      0.99967283      0.15583868     -7.99532658      0.00307854     -7.99224805      0.14799744      0.01569340      0.15004453      0.02369856 md_running
   726    363.00000000    229.95415535      0.54673862    856.00361329    300.00000000      0.99967426      0.15451591     -7.99400632      0.00298923     -7.99101709      0.15126409      0.01546410      0.15378912      0.02422164 md_running
   727    363.50000000    230.19578801      0.53812825    848.65352498    300.00000000      0.99967579      0.15318915     -7.99267725      0.00289582     -7.98978143      0.15415306      0.01522057      0.15708103      0.02468424 md_running
   728    364.00000000    230.43304690      0.52889832    841.99176541    300.00000000      0.99967727      0.15198665     -7.99146790      0.00279733     -7.98867057      0.15629802      0.01495950      0.15955177      0.02502771 md_running
   729    364.50000000    230.67006793      0.51894756    836.56457185    300.00000000      0.99967857      0.15100699     -7.99047756      0.00269307     -7.98778449      0.15741168      0.01467805      0.16091531      0.02520604 md_running
   730    365.00000000    230.90763718      0.50819325    832.68670256    300.00000000      0.99967957      0.15030701     -7.98976268      0.00258260     -7.98718008      0.15739731      0.01437388      0.16107698      0.02520374 md_running
   731    365.50000000    231.14562628      0.49657372    830.42834147    300.00000000      0.99968023      0.14989935     -7.98933581      0.00246585     -7.98686995      0.15636821      0.01404523      0.16014672      0.02503895 md_running
   732    366.00000000    231.37576622      0.48405088    829.66408036    300.00000000      0.99968055      0.14976140     -7.98917349      0.00234305     -7.98683044      0.15463708      0.01369103      0.15843025      0.02476175 md_running
   733    366.50000000    231.61752724      0.47061218    830.17024280    300.00000000      0.99968057      0.14985276     -7.98923512      0.00221476     -7.98702036      0.15270810      0.01331092      0.15642648      0.02445287 md_running
   734    367.00000000    231.85224940      0.45627044    831.71952281    300.00000000      0.99968034      0.15013242     -7.98948010      0.00208183     -7.98739827      0.15113804      0.01290528      0.15469080      0.02420146 md_running
   735    367.50000000    232.09167647      0.44106253    834.14473935    300.00000000      0.99967990      0.15057019     -7.98987891      0.00194536     -7.98793355      0.15036053      0.01247513      0.15366629      0.02407695 md_running
   736    368.00000000    232.33189893      0.42504655    837.36544138    300.00000000      0.99967929      0.15115156     -7.99041896      0.00180665     -7.98861232      0.15055532      0.01202213      0.15354801      0.02410815 md_running
   737    368.50000000    232.57278442      0.40830050    841.36362926    300.00000000      0.99967852      0.15187327     -7.99109916      0.00166709     -7.98943207      0.15162112      0.01154848      0.15425918      0.02427881 md_running
   738    369.00000000    232.81025259      0.39092060    846.13032444    300.00000000      0.99967759      0.15273369     -7.99191987      0.00152819     -7.99039168      0.15325259      0.01105690      0.15552659      0.02454005 md_running
   739    369.50000000    233.04929080      0.37301785    851.61418206    300.00000000      0.99967651      0.15372358     -7.99287392      0.00139142     -7.99148250      0.15503120      0.01055054      0.15695952      0.02482486 md_running
   740    370.00000000    233.28663568      0.35471471    857.68279592    300.00000000      0.99967531      0.15481901     -7.99393950      0.00125823     -7.99268128      0.15653215      0.01003285      0.15814939      0.02506520 md_running
   741    370.50000000    233.53179407      0.33614393    864.09738258    300.00000000      0.99967403      0.15597690     -7.99507479      0.00112993     -7.99394487      0.15739697      0.00950759      0.15874560      0.02520369 md_running
   742    371.00000000    233.77395114      0.31744876    870.52560655    300.00000000      0.99967273      0.15713725     -7.99622011      0.00100774     -7.99521237      0.15736840      0.00897881      0.15849074      0.02519911 md_running
   743    371.50000000    234.01491965      0.29878581    876.59886282    300.00000000      0.99967148      0.15823352     -7.99730915      0.00089273     -7.99641642      0.15630598      0.00845094      0.15724209      0.02502899 md_running
   744    372.00000000    234.25664596      0.28032916    881.97967829    300.00000000      0.99967035      0.15920481     -7.99828146      0.00078584     -7.99749562      0.15416684      0.00792891      0.15495300      0.02468645 md_running
   745    372.50000000    234.49868134      0.26227647    886.41583851    300.00000000      0.99966940      0.16000557     -7.99909144      0.00068789     -7.99840355      0.15100390      0.00741830      0.15167133      0.02417998 md_running
   746    373.00000000    234.74081755      0.24485777    889.77681916    300.00000000      0.99966865      0.16061226     -7.99971617      0.00059955     -7.99911662      0.14695059      0.00692562      0.14752447      0.02353093 md_running
   747    373.50000000    234.97961041      0.22834705    892.05842708    300.00000000      0.99966812      0.16102411     -8.00015569      0.00052142     -7.99963427      0.14223538      0.00645863      0.14273364      0.02277589 md_running
   748    374.00000000    235.21779862      0.21307594    893.35293543    300.00000000      0.99966779      0.16125778     -8.00042737      0.00045401     -7.99997336      0.13717530      0.00602670      0.13760895      0.02196563 md_running
   749    374.50000000    235.45697328      0.19944549    893.80378691    300.00000000      0.99966763      0.16133916     -8.00055823      0.00039779     -8.00016044      0.13218280      0.00564117      0.13255453      0.02116619 md_running
   750    375.00000000    235.69225308      0.18793058    893.54264794    300.00000000      0.99966762      0.16129202     -8.00057300      0.00035318     -8.00021982      0.12782304      0.00531548      0.12812402      0.02046807 md_running
   751    375.50000000    235.93279717      0.17906727    892.63788471    300.00000000      0.99966773      0.16112870     -8.00048435      0.00032065     -8.00016370      0.12482225      0.00506479      0.12503211      0.01998756 md_running
   752    376.00000000    236.17703787      0.17340864    891.09753205    300.00000000      0.99966796      0.16085066     -8.00029355      0.00030071     -7.99999284      0.12395645      0.00490474      0.12404546      0.01984892 md_running
   753    376.50000000    236.41889212      0.17144459    888.91448894    300.00000000      0.99966831      0.16045660     -7.99999884      0.00029393     -7.99970490      0.12580601      0.00484919      0.12574232      0.02014508 md_running
   754    377.00000000    236.65965588      0.17350313    886.15290404    300.00000000      0.99966878      0.15995811     -7.99961116      0.00030103     -7.99931012      0.13043675      0.00490741      0.13019545      0.02088660 md_running
   755    377.50000000    236.90115627      0.17967738    883.03970967    300.00000000      0.99966935      0.15939615     -7.99917158      0.00032284     -7.99884874      0.13723356      0.00508204      0.13680168      0.02197496 md_running
   756    378.00000000    237.13978715      0.18981933    880.00144273    300.00000000      0.99966996      0.15884772     -7.99875879      0.00036031     -7.99839848      0.14498222      0.00536890      0.14435971      0.02321574 md_running
   757    378.50000000    237.37681372      0.20359933    877.61776076    300.00000000      0.99967051      0.15841744     -7.99848021      0.00041453     -7.99806568      0.15223653      0.00575866      0.15143411      0.02437735 md_running
   758    379.00000000    237.61909466      0.22059170    876.50584438    300.00000000      0.99967087      0.15821673     -7.99844964      0.00048661     -7.99796304      0.15764588      0.00623928      0.15668305      0.02524354 md_running
   759    379.50000000    237.86116967      0.24034585    877.17498214    300.00000000      0.99967093      0.15833752     -7.99876298      0.00057766     -7.99818532      0.16015375      0.00679801      0.15906105      0.02564512 md_running
   760    380.00000000    238.09968529      0.26242523    879.87100919    300.00000000      0.99967060      0.15882417     -7.99946695      0.00068867     -7.99877828      0.15914952      0.00742251      0.15797320      0.02548432 md_running
   761    380.50000000    238.33476683      0.28641978    884.47926461    300.00000000      0.99966989      0.15965600     -8.00054158      0.00082036     -7.99972122      0.15457834      0.00810117      0.15338889      0.02475234 md_running
   762    381.00000000    238.56565026      0.31194352    890.52076130    300.00000000      0.99966884      0.16074654     -8.00190030      0.00097309     -8.00092721      0.14694525      0.00882310      0.14584854      0.02353007 md_running
   763    381.50000000    238.79934482      0.33862782    897.24432598    300.00000000      0.99966761      0.16196020     -8.00340522      0.00114669     -8.00225853      0.13730561      0.00957784      0.13645557      0.02198649 md_running
   764    382.00000000    239.03771401      0.36611595    903.77805132    300.00000000      0.99966634      0.16313960     -8.00489715      0.00134041     -8.00355675      0.12721510      0.01035532      0.12682438      0.02037072 md_running
   765    382.50000000    239.27540099      0.39405995    909.28326862    300.00000000      0.99966521      0.16413334     -8.00622077      0.00155283     -8.00466794      0.11855780      0.01114570      0.11888423      0.01898444 md_running
   766    383.00000000    239.52025928      0.42212070    913.10484810    300.00000000      0.99966435      0.16482316     -8.00725447      0.00178186     -8.00547261      0.11316626      0.01193938      0.11444693      0.01812110 md_running
   767    383.50000000    239.76137052      0.44997125    914.87143859    300.00000000      0.99966384      0.16514205     -8.00792787      0.00202474     -8.00590313      0.11214488      0.01272711      0.11450165      0.01795755 md_running
   768    384.00000000    239.99745337      0.47730110    914.52763456    300.00000000      0.99966371      0.16507999     -8.00822756      0.00227816     -8.00594940      0.11539050      0.01350011      0.11878267      0.01847727 md_running
   769    384.50000000    240.23969460      0.50382119    912.29236936    300.00000000      0.99966396      0.16467650     -8.00819033      0.00253836     -8.00565197      0.12172362      0.01425022      0.12600123      0.01949138 md_running
   770    385.00000000    240.47863694      0.52926874    908.56130791    300.00000000      0.99966451      0.16400302     -8.00788426      0.00280125     -8.00508300      0.12953964      0.01496998      0.13452884      0.02074294 md_running
   771    385.50000000    240.72262813      0.55341134    903.79853430    300.00000000      0.99966530      0.16314329     -8.00739061      0.00306264     -8.00432797      0.13736058      0.01565284      0.14290992      0.02199530 md_running
   772    386.00000000    240.95890007      0.57605058    898.42012574    300.00000000      0.99966624      0.16217245     -8.00678043      0.00331834     -8.00346209      0.14410162      0.01629317      0.15008952      0.02307473 md_running
   773    386.50000000    241.19597942      0.59702474    892.71612444    300.00000000      0.99966728      0.16114283     -8.00610282      0.00356439     -8.00253843      0.14908663      0.01688641      0.15540934      0.02387297 md_running
   774    387.00000000    241.43727628      0.61621158    886.83258203    300.00000000      0.99966837      0.16008080     -8.00537998      0.00379717     -8.00158282      0.15200746      0.01742910      0.15856588      0.02434067 md_running
   775    387.50000000    241.67364055      0.63353023    880.77413868    300.00000000      0.99966950      0.15898720     -8.00460955      0.00401361     -8.00059595      0.15287705      0.01791894      0.15956649      0.02447992 md_running
   776    388.00000000    241.91794440      0.64894153    874.45328778    300.00000000      0.99967069      0.15784623     -8.00377189      0.00421125     -7.99956064      0.15192013      0.01835484      0.15861755      0.02432669 md_running
   777    388.50000000    242.16077487      0.66244841    867.77100056    300.00000000      0.99967196      0.15664002     -8.00284643      0.00438838     -7.99845805      0.14950171      0.01873687      0.15605787      0.02393943 md_running
   778    389.00000000    242.39880909      0.67409540    860.68965316    300.00000000      0.99967333      0.15536178     -8.00182526      0.00454405     -7.99728121      0.14610451      0.01906630      0.15233744      0.02339545 md_running
   779    389.50000000    242.64153518      0.68396743    853.24740835    300.00000000      0.99967480      0.15401839     -8.00071558      0.00467811     -7.99603746      0.14234996      0.01934552      0.14804278      0.02279424 md_running
   780    390.00000000    242.88153192      0.69218734    845.51901874    300.00000000      0.99967636      0.15262335     -7.99953202      0.00479123     -7.99474079      0.13899782      0.01957801      0.14390475      0.02225747 md_running
   781    390.50000000    243.11873169      0.69891193    837.59106434    300.00000000      0.99967801      0.15119229     -7.99829108      0.00488478     -7.99340630      0.13687254      0.01976821      0.14074351      0.02191715 md_running
   782    391.00000000    243.35954550      0.70432633    829.53772973    300.00000000      0.99967972      0.14973859     -7.99700897      0.00496076     -7.99204821      0.13672645      0.01992136      0.13935459      0.02189375 md_running
   783    391.50000000    243.60070485      0.70863658    821.40141089    300.00000000      0.99968148      0.14826992     -7.99569537      0.00502166     -7.99067371      0.13902212      0.02004327      0.14030147      0.02226136 md_running
   784    392.00000000    243.83068220      0.71206026    813.19761253    300.00000000      0.99968330      0.14678906     -7.99435576      0.00507030     -7.98928546      0.14370301      0.02014011      0.14366573      0.02301090 md_running
   785    392.50000000    244.07253675      0.71481550    804.94556231    300.00000000      0.99968516      0.14529950     -7.99299596      0.00510961     -7.98788635      0.15012916      0.02021804      0.14893388      0.02403991 md_running
   786    393.00000000    244.31596380      0.71710879    796.70118868    300.00000000      0.99968708      0.14381132     -7.99162932      0.00514245     -7.98648687      0.15721974      0.02028290      0.15510208      0.02517531 md_running
   787    393.50000000    244.56095962      0.71912253    788.58338870    300.00000000      0.99968902      0.14234598     -7.99027826      0.00517137     -7.98510689      0.16373573      0.02033986      0.16095473      0.02621870 md_running
   788    394.00000000    244.80805938      0.72100356    780.80941316    300.00000000      0.99969094      0.14094272     -7.98898531      0.00519846     -7.98378685      0.16854591      0.02039306      0.16535288      0.02698895 md_running
   789    394.50000000    245.05866233      0.72285370    773.67253229    300.00000000      0.99969279      0.13965445     -7.98780540      0.00522517     -7.98258023      0.17082472      0.02044539      0.16745265      0.02735385 md_running
   790    395.00000000    245.29869148      0.72472373    767.47870790    300.00000000      0.99969448      0.13853641     -7.98679586      0.00525224     -7.98154362      0.17015741      0.02049828      0.16682456      0.02724699 md_running
   791    395.50000000    245.54551685      0.72661142    762.48118871    300.00000000      0.99969591      0.13763432     -7.98600279      0.00527964     -7.98072314      0.16656891      0.02055167      0.16348872      0.02667237 md_running
   792    396.00000000    245.79150206      0.72846365    758.81052142    300.00000000      0.99969703      0.13697173     -7.98545039      0.00530659     -7.98014379      0.16051400      0.02060406      0.15790132      0.02570281 md_running
   793    396.50000000    246.04224357      0.73018289    756.42420413    300.00000000      0.99969782      0.13654098     -7.98512966      0.00533167     -7.97979799      0.15282296      0.02065269      0.15089801      0.02447126 md_running
   794    397.00000000    246.28431402      0.73163668    755.08711096    300.00000000      0.99969829      0.13629962     -7.98499627      0.00535292     -7.97964335      0.14460222      0.02069381      0.14358297      0.02315489 md_running
   795    397.50000000    246.52474934      0.73266872    754.40372542    300.00000000      0.99969853      0.13617627     -7.98497578      0.00536803     -7.97960774      0.13709885      0.02072300      0.13717293      0.02195339 md_running
   796    398.00000000    246.76378745      0.73311079    753.89590920    300.00000000      0.99969866      0.13608460     -7.98497809      0.00537451     -7.97960358      0.13148754      0.02073550      0.13276404      0.02105486 md_running
   797    398.50000000    247.00275960      0.73279420    753.10743483    300.00000000      0.99969881      0.13594227     -7.98491693      0.00536987     -7.97954706      0.12860445      0.02072655      0.13106597      0.02059319 md_running
   798    399.00000000    247.24178730      0.73155988    751.71887217    300.00000000      0.99969909      0.13569163     -7.98473127      0.00535180     -7.97937948      0.12868549      0.02069164      0.13217716      0.02060617 md_running
   799    399.50000000    247.48249606      0.72926654    749.63656202    300.00000000      0.99969955      0.13531575     -7.98440191      0.00531830     -7.97908362      0.13128169      0.02062677      0.13555727      0.02102190 md_running
   800    400.00000000    247.72903890      0.72579685    747.01599578    300.00000000      0.99970019      0.13484272     -7.98395517      0.00526781     -7.97868736      0.13547519      0.02052863      0.14026619      0.02169339 md_running
   801    400.50000000    247.95776505      0.72106184    744.23043736    300.00000000      0.99970094      0.13433990     -7.98345867      0.00519930     -7.97825936      0.14017859      0.02039471      0.14524577      0.02244654 md_running
   802    401.00000000    248.19449640      0.71500375    741.77768625    300.00000000      0.99970167      0.13389716     -7.98300381      0.00511230     -7.97789151      0.14440105      0.02022336      0.14955152      0.02312267 md_running
   803    401.50000000    248.44344262      0.70759779    740.13273852    300.00000000      0.99970225      0.13360023     -7.98267752      0.00500695     -7.97767057      0.14741215      0.02001389      0.15249513      0.02360484 md_running
   804    402.00000000    248.68315541      0.69885247    739.63282785    300.00000000      0.99970256      0.13350999     -7.98254242      0.00488395     -7.97765847      0.14880406      0.01976653      0.15369664      0.02382772 md_running
   805    402.50000000    248.92417830      0.68880914    740.39161751    300.00000000      0.99970252      0.13364696     -7.98262178      0.00474458     -7.97787720      0.14849822      0.01948246      0.15308921      0.02377875 md_running
   806    403.00000000    249.16636789      0.67754085    742.25827199    300.00000000      0.99970214      0.13398391     -7.98288907      0.00459062     -7.97829846      0.14672612      0.01916375      0.15090523      0.02349498 md_running
   807    403.50000000    249.40721603      0.66515046    744.85094725    300.00000000      0.99970151      0.13445191     -7.98327705      0.00442425     -7.97885280      0.14401821      0.01881330      0.14767105      0.02306137 md_running
   808    404.00000000    249.65023034      0.65176739    747.64590396    300.00000000      0.99970076      0.13495642     -7.98369217      0.00424801     -7.97944417      0.14114098      0.01843477      0.14415214      0.02260064 md_running
   809    404.50000000    249.89084042      0.63754322    750.10024674    300.00000000      0.99970003      0.13539945     -7.98403779      0.00406461     -7.97997318      0.13896599      0.01803245      0.14123366      0.02225237 md_running
   810    405.00000000    250.13111293      0.62264617    751.76806708    300.00000000      0.99969946      0.13570051     -7.98423541      0.00387688     -7.98035853      0.13828153      0.01761109      0.13974347      0.02214277 md_running
   811    405.50000000    250.36630478      0.60725424    752.39051442    300.00000000      0.99969916      0.13581286     -7.98424014      0.00368758     -7.98055256      0.13955499      0.01717574      0.14021646      0.02234668 md_running
   812    406.00000000    250.59893707      0.59154716    751.95966963    300.00000000      0.99969914      0.13573509     -7.98405276      0.00349928     -7.98055348      0.14272142      0.01673148      0.14266528      0.02285372 md_running
   813    406.50000000    250.83763567      0.57569752    750.71336386    300.00000000      0.99969938      0.13551012     -7.98371902      0.00331428     -7.98040475      0.14712767      0.01628318      0.14649609      0.02355928 md_running
   814    407.00000000    251.07584590      0.55986199    749.07717810    300.00000000      0.99969979      0.13521478     -7.98331849      0.00313445     -7.98018404      0.15172044      0.01583529      0.15068131      0.02429471 md_running
   815    407.50000000    251.30658410      0.54417357    747.55946494    300.00000000      0.99970024      0.13494082     -7.98294680      0.00296125     -7.97998555      0.15532918      0.01539155      0.15404707      0.02487258 md_running
   816    408.00000000    251.51236738      0.52873566    746.59320315    300.00000000      0.99970059      0.13476640     -7.98268482      0.00279561     -7.97988920      0.15694938      0.01495490      0.15557308      0.02513201 md_running
   817    408.50000000    251.74412718      0.51361826    746.39833043    300.00000000      0.99970075      0.13473122     -7.98257335      0.00263804     -7.97993531      0.15596345      0.01452732      0.15462294      0.02497414 md_running
   818    409.00000000    251.98182759      0.49885769    746.92196956    300.00000000      0.99970070      0.13482575     -7.98260275      0.00248859     -7.98011416      0.15227139      0.01410983      0.15108245      0.02438294 md_running
   819    409.50000000    252.22243331      0.48445979    747.85887233    300.00000000      0.99970048      0.13499486     -7.98271709      0.00234701     -7.98037007      0.14634180      0.01370259      0.14541059      0.02343344 md_running
   820    410.00000000    252.46355816      0.47040671    748.73952504    300.00000000      0.99970021      0.13515383     -7.98282892      0.00221282     -7.98061609      0.13916779      0.01330511      0.13859182      0.02228468 md_running
   821    410.50000000    252.69372248      0.45666680    749.09185869    300.00000000      0.99970002      0.13521743     -7.98285044      0.00208545     -7.98076500      0.13211900      0.01291649      0.13198102      0.02115597 md_running
   822    411.00000000    252.93458206      0.44320622    748.59206690    300.00000000      0.99970003      0.13512721     -7.98272164      0.00196432     -7.98075732      0.12665484      0.01253576      0.12700285      0.02028101 md_running
   823    411.50000000    253.17449564      0.43000211    747.15813202    300.00000000      0.99970029      0.13486837     -7.98242646      0.00184902     -7.98057745      0.12390668      0.01216230      0.12473084      0.01984095 md_running
   824    412.00000000    253.41851571      0.41705625    744.97437506    300.00000000      0.99970079      0.13447419     -7.98199878      0.00173936     -7.98025942      0.12426746      0.01179613      0.12549419      0.01989872 md_running
   825    412.50000000    253.65540774      0.40440831    742.43835052    300.00000000      0.99970145      0.13401641     -7.98151158      0.00163546     -7.97987612      0.12727342      0.01143839      0.12878965      0.02038006 md_running
   826    413.00000000    253.88557507      0.39214775    740.05537336    300.00000000      0.99970214      0.13358627     -7.98105797      0.00153780     -7.97952018      0.13188366      0.01109161      0.13357293      0.02111829 md_running
   827    413.50000000    254.12979262      0.38042406    738.30884693    300.00000000      0.99970273      0.13327100     -7.98072760      0.00144722     -7.97928037      0.13693442      0.01076002      0.13869968      0.02192706 md_running
   828    414.00000000    254.37292095      0.36945493    737.54832822    300.00000000      0.99970309      0.13313372     -7.98058546      0.00136497     -7.97922049      0.14146945      0.01044976      0.14323967      0.02265324 md_running
   829    414.50000000    254.60498986      0.35953064    737.93499360    300.00000000      0.99970314      0.13320352     -7.98066259      0.00129262     -7.97936997      0.14487016      0.01016906      0.14659786      0.02319779 md_running
   830    415.00000000    254.83369693      0.35101235    739.43486520    300.00000000      0.99970287      0.13347426     -7.98095443      0.00123210     -7.97972234      0.14686021      0.00992813      0.14851388      0.02351645 md_running
   831    415.50000000    255.07211041      0.34432260    741.85507903    300.00000000      0.99970232      0.13391113     -7.98142788      0.00118558     -7.98024230      0.14743467      0.00973891      0.14899213      0.02360844 md_running
   832    416.00000000    255.30722785      0.33992565    744.91571454    300.00000000      0.99970156      0.13446360     -7.98203375      0.00115549     -7.98087825      0.14676882      0.00961455      0.14821270      0.02350182 md_running
   833    416.50000000    255.55029040      0.33829637    748.33976449    300.00000000      0.99970068      0.13508167     -7.98272380      0.00114444     -7.98157936      0.14514523      0.00956847      0.14646198      0.02324184 md_running
   834    417.00000000    255.79570361      0.33987837    751.91966426    300.00000000      0.99969973      0.13572787     -7.98346343      0.00115517     -7.98230826      0.14288471      0.00961321      0.14406233      0.02287987 md_running
   835    417.50000000    256.03315328      0.34503872    755.54018876    300.00000000      0.99969877      0.13638141     -7.98423479      0.00119052     -7.98304428      0.14031834      0.00975917      0.14134604      0.02246892 md_running
   836    418.00000000    256.27157632      0.35402909    759.16315274    300.00000000      0.99969782      0.13703538     -7.98503453      0.00125337     -7.98378116      0.13775688      0.01001345      0.13862565      0.02205875 md_running
   837    418.50000000    256.50831032      0.36696327    762.77228133    300.00000000      0.99969688      0.13768686     -7.98586323      0.00134662     -7.98451661      0.13552097      0.01037929      0.13622587      0.02170072 md_running
   838    419.00000000    256.74802794      0.38381619    766.31024339    300.00000000      0.99969596      0.13832549     -7.98671433      0.00147315     -7.98524118      0.13398146      0.01085596      0.13452544      0.02145420 md_running
   839    419.50000000    256.98929543      0.40444195    769.64622504    300.00000000      0.99969507      0.13892767     -7.98756598      0.00163573     -7.98593024      0.13351882      0.01143935      0.13391640      0.02138012 md_running
   840    420.00000000    257.22757092      0.42860348    772.58351258    300.00000000      0.99969427      0.13945787     -7.98838543      0.00183701     -7.98654842      0.13442441      0.01212274      0.13470271      0.02152513 md_running
   841    420.50000000    257.46197133      0.45600541    774.90418313    300.00000000      0.99969360      0.13987677     -7.98913501      0.00207941     -7.98705560      0.13674643      0.01289778      0.13694375      0.02189695 md_running
   842    421.00000000    257.69907041      0.48632293    776.42774533    300.00000000      0.99969311      0.14015179     -7.98978249      0.00236510     -7.98741739      0.14018902      0.01375529      0.14034747      0.02244821 md_running
   843    421.50000000    257.93570476      0.51922432    777.10209907    300.00000000      0.99969284      0.14027351     -7.99031995      0.00269594     -7.98762401      0.14414042      0.01468588      0.14428242      0.02308094 md_running
   844    422.00000000    258.16491107      0.55439114    777.07855956    300.00000000      0.99969277      0.14026927     -7.99077573      0.00307350     -7.98770223      0.14769521      0.01568055      0.14781431      0.02365016 md_running
   845    422.50000000    258.39602821      0.59153305    776.67337772    300.00000000      0.99969284      0.14019613     -7.99121059      0.00349911     -7.98771148      0.14978062      0.01673108      0.14986330      0.02398409 md_running
   846    423.00000000    258.63863188      0.63039070    776.24050231    300.00000000      0.99969295      0.14011799     -7.99169096      0.00397392     -7.98771704      0.14948699      0.01783014      0.14952073      0.02393708 md_running
   847    423.50000000    258.87674488      0.67073272    776.07036889    300.00000000      0.99969304      0.14008728     -7.99226877      0.00449882     -7.98776994      0.14632313      0.01897119      0.14626689      0.02343045 md_running
   848    424.00000000    259.12049739      0.71235748    776.32119434    300.00000000      0.99969303      0.14013255     -7.99297792      0.00507453     -7.98790339      0.14028058      0.02014851      0.14004942      0.02246287 md_running
   849    424.50000000    259.36214531      0.75509530    776.88630572    300.00000000      0.99969291      0.14023456     -7.99379864      0.00570169     -7.98809695      0.13176609      0.02135732      0.13130314      0.02109946 md_running
   850    425.00000000    259.60188982      0.79879471    777.36435097    300.00000000      0.99969276      0.14032085     -7.99465740      0.00638073     -7.98827667      0.12184647      0.02259333      0.12108594      0.01951105 md_running
   851    425.50000000    259.83954934      0.84331762    777.15806471    300.00000000      0.99969269      0.14028362     -7.99544595      0.00711185     -7.98833410      0.11218165      0.02385262      0.11106901      0.01796344 md_running
   852    426.00000000    260.07919068      0.88853418    775.57647578    300.00000000      0.99969288      0.13999813     -7.99603733      0.00789493     -7.98814240      0.10485304      0.02513154      0.10339921      0.01678992 md_running
   853    426.50000000    260.31601708      0.93431646    771.96900955    300.00000000      0.99969350      0.13934695     -7.99631180      0.00872947     -7.98758232      0.10185174      0.02642646      0.10018331      0.01630933 md_running
   854    427.00000000    260.54615858      0.98053335    765.86584284    300.00000000      0.99969470      0.13824528     -7.99618164      0.00961446     -7.98656718      0.10420455      0.02773367      0.10254712      0.01668608 md_running
   855    427.50000000    260.78180710      1.02704763    757.07700866    300.00000000      0.99969661      0.13665882     -7.99561035      0.01054827     -7.98506209      0.11139520      0.02904929      0.10998148      0.01783751 md_running
   856    428.00000000    261.01781613      1.07371504    745.72587837    300.00000000      0.99969925      0.13460984     -7.99461791      0.01152864     -7.98308927      0.12176531      0.03036925      0.12076502      0.01949805 md_running
   857    428.50000000    261.25790141      1.12038414    732.22422538    300.00000000      0.99970263      0.13217268     -7.99327582      0.01255261     -7.98072321      0.13342788      0.03168925      0.13295042      0.02136556 md_running
   858    429.00000000    261.50965488      1.16689663    717.20788602    300.00000000      0.99970666      0.12946210     -7.99169616      0.01361648     -7.97807968      0.14478010      0.03300482      0.14490015      0.02318337 md_running
   859    429.50000000    261.75563334      1.21308894    701.43815545    300.00000000      0.99971118      0.12661553     -7.99001324      0.01471585     -7.97529740      0.15463482      0.03431134      0.15541640      0.02476139 md_running
   860    430.00000000    261.99782019      1.25879457    685.67999977    300.00000000      0.99971603      0.12377105     -7.98836146      0.01584564     -7.97251582      0.16219654      0.03560409      0.16370942      0.02597223 md_running
   861    430.50000000    262.24503085      1.30384649    670.58663018    300.00000000      0.99972097      0.12104657     -7.98685398      0.01700016     -7.96985382      0.16699274      0.03687835      0.16932164      0.02674024 md_running
   862    431.00000000    262.48838057      1.34807958    656.62121185    300.00000000      0.99972583      0.11852569     -7.98556859      0.01817319     -7.96739540      0.16884636      0.03812945      0.17209537      0.02703706 md_running
   863    431.50000000    262.72574489      1.39133309    644.02792011    300.00000000      0.99973045      0.11625250     -7.98454290      0.01935808     -7.96518482      0.16785533      0.03935284      0.17215010      0.02687836 md_running
   864    432.00000000    262.96601604      1.43345290    632.84242616    300.00000000      0.99973474      0.11423342     -7.98377615      0.02054787     -7.96322827      0.16439228      0.04054417      0.16987752      0.02632383 md_running
   865    432.50000000    263.20667908      1.47429361    622.94856155    300.00000000      0.99973867      0.11244749     -7.98323896      0.02173542     -7.96150354      0.15909768      0.04169932      0.16592675      0.02547602 md_running
   866    433.00000000    263.44187702      1.51372032    614.17326285    300.00000000      0.99974226      0.11086348     -7.98289219      0.02291349     -7.95997870      0.15284790      0.04281448      0.16115913      0.02447525 md_running
   867    433.50000000    263.67013526      1.55161014    606.37960777    300.00000000      0.99974553      0.10945666     -7.98270323      0.02407494     -7.95862829      0.14668643      0.04388616      0.15656100      0.02348863 md_running
   868    434.00000000    263.89952398      1.58785363    599.53308485    300.00000000      0.99974852      0.10822080     -7.98265902      0.02521279     -7.95744623      0.14168107      0.04491128      0.15308906      0.02268713 md_running
   869    434.50000000    264.13852669      1.62235611    593.72248569    300.00000000      0.99975116      0.10717194     -7.98276905      0.02632039     -7.95644866      0.13871854      0.04588716      0.15147830      0.02221274 md_running
   870    435.00000000    264.37806932      1.65503917    589.14354373    300.00000000      0.99975339      0.10634540     -7.98306344      0.02739155     -7.95567189      0.13823108      0.04681158      0.15201843      0.02213469 md_running
   871    435.50000000    264.62339631      1.68584208    586.04967692    300.00000000      0.99975506      0.10578693     -7.98358325      0.02842064     -7.95516261      0.14004011      0.04768281      0.15445873      0.02242436 md_running
   872    436.00000000    264.86814638      1.71472336    584.67755472    300.00000000      0.99975605      0.10553925     -7.98436755      0.02940276     -7.95496479      0.14342120      0.04849970      0.15809062      0.02296577 md_running
   873    436.50000000    265.10838753      1.74166226    585.18670957    300.00000000      0.99975625      0.10563116     -7.98544189      0.03033387     -7.95510801      0.14736074      0.04926165      0.16197401      0.02359660 md_running
   874    437.00000000    265.35340237      1.76665992    587.60811931    300.00000000      0.99975560      0.10606825     -7.98680994      0.03121087     -7.95559907      0.15084485      0.04996869      0.16517830      0.02415451 md_running
   875    437.50000000    265.59366296      1.78973998    591.81534810    300.00000000      0.99975415      0.10682769     -7.98844540      0.03203169     -7.95641371      0.15311715      0.05062149      0.16700500      0.02451837 md_running
   876    438.00000000    265.83667252      1.81094857    597.54995627    300.00000000      0.99975200      0.10786283     -7.99030209      0.03279535     -7.95750675      0.15381351      0.05122136      0.16711186      0.02462987 md_running
   877    438.50000000    266.06981151      1.83035346    604.44441255    300.00000000      0.99974931      0.10910734     -7.99231327      0.03350194     -7.95881134      0.15295692      0.05177021      0.16551508      0.02449271 md_running
   878    439.00000000    266.30877683      1.84804247    612.04281755    300.00000000      0.99974631      0.11047892     -7.99439733      0.03415261     -7.96024472      0.15090513      0.05227053      0.16254717      0.02416416 md_running
   879    439.50000000    266.54696391      1.86412093    619.85852082    300.00000000      0.99974319      0.11188972     -7.99646762      0.03474947     -7.96171815      0.14825063      0.05272530      0.15876827      0.02373910 md_running
   880    440.00000000    266.78906532      1.87870867    627.42275212    300.00000000      0.99974016      0.11325512     -7.99844337      0.03529546     -7.96314791      0.14566523      0.05313791      0.15483127      0.02332510 md_running
   881    440.50000000    267.02629232      1.89193633    634.29272254    300.00000000      0.99973738      0.11449521     -8.00024697      0.03579423     -7.96445274      0.14373810      0.05351204      0.15133778      0.02301652 md_running
   882    441.00000000    267.26711565      1.90394128    640.07387281    300.00000000      0.99973500      0.11553876     -8.00181095      0.03624992     -7.96556103      0.14288927      0.05385159      0.14875880      0.02288059 md_running
   883    441.50000000    267.50822662      1.91486337    644.42757227    300.00000000      0.99973313      0.11632464     -8.00308048      0.03666702     -7.96641346      0.14331191      0.05416051      0.14737635      0.02294827 md_running
   884    442.00000000    267.74763538      1.92484049    647.05480293    300.00000000      0.99973185      0.11679888     -8.00400327      0.03705011     -7.96695316      0.14500385      0.05444271      0.14729793      0.02321920 md_running
   885    442.50000000    267.99121088      1.93400407    647.72680704    300.00000000      0.99973124      0.11692018     -8.00454259      0.03740372     -7.96713887      0.14783871      0.05470190      0.14849803      0.02367314 md_running
   886    443.00000000    268.23333397      1.94247527    646.35109856    300.00000000      0.99973137      0.11667185     -8.00468483      0.03773210     -7.96695272      0.15163008      0.05494150      0.15087367      0.02428025 md_running
   887    443.50000000    268.47865059      1.95036140    643.00487988    300.00000000      0.99973222      0.11606783     -8.00444747      0.03803910     -7.96640838      0.15612824      0.05516455      0.15423052      0.02500053 md_running
   888    444.00000000    268.71815659      1.95775281    637.93088474    300.00000000      0.99973377      0.11515193     -8.00387720      0.03832796     -7.96554924      0.16103244      0.05537361      0.15828190      0.02578583 md_running
   889    444.50000000    268.94807645      1.96472148    631.55471181    300.00000000      0.99973591      0.11400098     -8.00305295      0.03860130     -7.96445164      0.16595400      0.05557072      0.16263623      0.02657391 md_running
   890    445.00000000    269.18617799      1.97131960    624.45531849    300.00000000      0.99973849      0.11271948     -8.00208281      0.03886101     -7.96322180      0.17040750      0.05575734      0.16679661      0.02728704 md_running
   891    445.50000000    269.43015877      1.97757806    617.26685372    300.00000000      0.99974128      0.11142190     -8.00108318      0.03910815     -7.96197503      0.17386740      0.05593435      0.17020921      0.02784107 md_running
   892    446.00000000    269.66574588      1.98350626    610.59073785    300.00000000      0.99974404      0.11021680     -8.00016314      0.03934297     -7.96082017      0.17582672      0.05610203      0.17233317      0.02815481 md_running
   893    446.50000000    269.90320254      1.98909328    604.92158464    300.00000000      0.99974655      0.10919347     -7.99941373      0.03956492     -7.95984881      0.17590685      0.05626005      0.17276446      0.02816764 md_running
   894    447.00000000    270.14868845      1.99430964    600.55990737    300.00000000      0.99974862      0.10840615     -7.99888758      0.03977271     -7.95911488      0.17394155      0.05640759      0.17132642      0.02785294 md_running
   895    447.50000000    270.39700493      1.99910915    597.58279413    300.00000000      0.99975014      0.10786876     -7.99859768      0.03996437     -7.95863330      0.17006442      0.05654335      0.16816281      0.02723210 md_running
   896    448.00000000    270.64506682      2.00343054    595.86739825    300.00000000      0.99975111      0.10755912     -7.99851717      0.04013734     -7.95837983      0.16474677      0.05666557      0.16375809      0.02638060 md_running
   897    448.50000000    270.89167714      2.00719964    595.18322177    300.00000000      0.99975160      0.10743562     -7.99860084      0.04028850     -7.95831234      0.15873259      0.05677218      0.15885920      0.02541756 md_running
   898    449.00000000    271.11946839      2.01033242    595.29930996    300.00000000      0.99975170      0.10745657     -7.99880286      0.04041436     -7.95838850      0.15297641      0.05686079      0.15439367      0.02449583 md_running
   899    449.50000000    271.34799714      2.01273899    596.05890054    300.00000000      0.99975151      0.10759368     -7.99908991      0.04051118     -7.95857873      0.14839395      0.05692886      0.15121208      0.02376205 md_running
   900    450.00000000    271.58865610      2.01432753    597.45677657    300.00000000      0.99975106      0.10784601     -7.99945784      0.04057515     -7.95888269      0.14554498      0.05697379      0.14976334      0.02330585 md_running
   901    450.50000000    271.81893841      2.01500895    599.64913682    300.00000000      0.99975033      0.10824175     -7.99993168      0.04060261     -7.95932907      0.14442065      0.05699306      0.14991975      0.02312581 md_running
   902    451.00000000    272.05931253      2.01470157    602.89349589    300.00000000      0.99974922      0.10882739     -8.00055589      0.04059022     -7.95996566      0.14446215      0.05698437      0.15103846      0.02313246 md_running
   903    451.50000000    272.30567933      2.01333520    607.43680786    300.00000000      0.99974764      0.10964749     -8.00137458      0.04053519     -7.96083940      0.14477772      0.05694572      0.15219662      0.02318299 md_running
   904    452.00000000    272.54859928      2.01085454    613.38279806    300.00000000      0.99974551      0.11072079     -8.00240560      0.04043536     -7.96197024      0.14449398      0.05687556      0.15253312      0.02313755 md_running
   905    452.50000000    272.79378849      2.00722101    620.60055621    300.00000000      0.99974288      0.11202366     -8.00362454      0.04028936     -7.96333518      0.14306478      0.05677278      0.15153032      0.02290870 md_running
   906    453.00000000    273.03745126      2.00241290    628.70578747    300.00000000      0.99973986      0.11348672     -8.00496065      0.04009657     -7.96486408      0.14043384      0.05663679      0.14915201      0.02248741 md_running
   907    453.50000000    273.28663936      1.99642414    637.12362291    300.00000000      0.99973668      0.11500621     -8.00630930      0.03985709     -7.96645220      0.13701725      0.05646740      0.14581554      0.02194032 md_running
   908    454.00000000    273.53129998      1.98926187    645.20753218    300.00000000      0.99973359      0.11646543     -8.00755232      0.03957163     -7.96798069      0.13359853      0.05626482      0.14228817      0.02139289 md_running
   909    454.50000000    273.77916903      1.98094352    652.37619059    300.00000000      0.99973081      0.11775943     -8.00858479      0.03924137     -7.96934342      0.13110590      0.05602954      0.13947519      0.02099375 md_running
   910    455.00000000    274.02886724      1.97149364    658.23192479    300.00000000      0.99972850      0.11881644     -8.00933520      0.03886787     -7.97046732      0.13030971      0.05576226      0.13815032      0.02086625 md_running
   911    455.50000000    274.26772922      1.96094074    662.63790822    300.00000000      0.99972672      0.11961176     -8.00978003      0.03845289     -7.97132714      0.13156220      0.05546378      0.13871015      0.02106681 md_running
   912    456.00000000    274.50232469      1.94931446    665.72234679    300.00000000      0.99972545      0.12016853     -8.00994483      0.03799827     -7.97194656      0.13467932      0.05513494      0.14104715      0.02156595 md_running
   913    456.50000000    274.73922012      1.93664375    667.80683040    300.00000000      0.99972460      0.12054479     -8.00989104      0.03750589     -7.97238515      0.13900585      0.05477656      0.14460078      0.02225875 md_running
   914    457.00000000    274.97647453      1.92295513    669.29677080    300.00000000      0.99972403      0.12081374     -8.00969426      0.03697756     -7.97271669      0.14370961      0.05438938      0.14860744      0.02301195 md_running
   915    457.50000000    275.21832391      1.90827166    670.57830558    300.00000000      0.99972358      0.12104507     -8.00942683      0.03641501     -7.97301182      0.14802513      0.05397407      0.15233820      0.02370299 md_running
   916    458.00000000    275.46216623      1.89261253    671.94445346    300.00000000      0.99972316      0.12129167     -8.00914350      0.03581982     -7.97332368      0.15139356      0.05353117      0.15524263      0.02424237 md_running
   917    458.50000000    275.70211573      1.87599322    673.56941585    300.00000000      0.99972267      0.12158499     -8.00887677      0.03519351     -7.97368326      0.15349312      0.05306110      0.15699111      0.02457857 md_running
   918    459.00000000    275.94437405      1.85842615    675.50006793    300.00000000      0.99972208      0.12193349     -8.00863790      0.03453748     -7.97410042      0.15420075      0.05256423      0.15744746      0.02469188 md_running
   919    459.50000000    276.18375890      1.83992160    677.63974859    300.00000000      0.99972141      0.12231972     -8.00840956      0.03385312     -7.97455645      0.15357028      0.05204084      0.15664981      0.02459093 md_running
   920    460.00000000    276.42857032      1.82048879    679.79869303    300.00000000      0.99972070      0.12270943     -8.00815819      0.03314179     -7.97501639      0.15181812      0.05149120      0.15479698      0.02431036 md_running
   921    460.50000000    276.66803316      1.80013707    681.77187070    300.00000000      0.99972002      0.12306560     -8.00784802      0.03240493     -7.97544308      0.14928720      0.05091557      0.15221508      0.02390508 md_running
   922    461.00000000    276.90931799      1.77887701    683.40218702    300.00000000      0.99971944      0.12335989     -8.00745002      0.03164403     -7.97580599      0.14640382      0.05031424      0.14931441      0.02344337 md_running
   923    461.50000000    277.14369420      1.75672136    684.64577928    300.00000000      0.99971898      0.12358437     -8.00695901      0.03086070     -7.97609831      0.14358968      0.04968758      0.14649958      0.02299275 md_running
   924    462.00000000    277.38492602      1.73368595    685.56798296    300.00000000      0.99971865      0.12375083     -8.00638906      0.03005667     -7.97633239      0.14121268      0.04903604      0.14411647      0.02261213 md_running
   925    462.50000000    277.61260131      1.70979089    686.28692166    300.00000000      0.99971840      0.12388061     -8.00576408      0.02923385     -7.97653023      0.13956492      0.04836019      0.14243649      0.02234827 md_running
   926    463.00000000    277.84955189      1.68506152    686.91019982    300.00000000      0.99971819      0.12399311     -8.00510585      0.02839432     -7.97671153      0.13883865      0.04766074      0.14163396      0.02223198 md_running
   927    463.50000000    278.08497717      1.65952928    687.49728006    300.00000000      0.99971800      0.12409909     -8.00442796      0.02754037     -7.97688758      0.13911980      0.04693858      0.14177440      0.02227700 md_running
   928    464.00000000    278.32416005      1.63323290    688.02811146    300.00000000      0.99971782      0.12419490     -8.00372920      0.02667450     -7.97705471      0.14038235      0.04619480      0.14280889      0.02247917 md_running
   929    464.50000000    278.56784727      1.60622040    688.38942706    300.00000000      0.99971767      0.12426013     -8.00299141      0.02579944     -7.97719197      0.14249134      0.04543077      0.14458070      0.02281687 md_running
   930    465.00000000    278.80500991      1.57855128    688.44313494    300.00000000      0.99971760      0.12426982     -8.00219105      0.02491824     -7.97727281      0.14517739      0.04464817      0.14680376      0.02324699 md_running
   931    465.50000000    279.03677826      1.55029905    688.09877203    300.00000000      0.99971764      0.12420766     -8.00131533      0.02403427     -7.97728105      0.14805249      0.04384908      0.14908146      0.02370737 md_running
   932    466.00000000    279.27362443      1.52155310    687.34750274    300.00000000      0.99971782      0.12407205     -8.00036604      0.02315124     -7.97721480      0.15066460      0.04303602      0.15095486      0.02412564 md_running
   933    466.50000000    279.51570728      1.49242037    686.28039761    300.00000000      0.99971811      0.12387943     -7.99936329      0.02227319     -7.97709011      0.15257334      0.04221202      0.15197537      0.02443129 md_running
   934    467.00000000    279.76346250      1.46302633    685.08352734    300.00000000      0.99971849      0.12366338     -7.99834554      0.02140446     -7.97694108      0.15347583      0.04138063      0.15182914      0.02457580 md_running
   935    467.50000000    280.00736965      1.43351540    683.98508382    300.00000000      0.99971886      0.12346510     -7.99736034      0.02054966     -7.97681068      0.15330934      0.04054594      0.15044427      0.02454914 md_running
   936    468.00000000    280.25273736      1.40405026    683.17676698    300.00000000      0.99971918      0.12331920     -7.99644643      0.01971357     -7.97673285      0.15231045      0.03971254      0.14805808      0.02438919 md_running
   937    468.50000000    280.49788384      1.37481018    682.77870797    300.00000000      0.99971937      0.12324734     -7.99563094      0.01890103     -7.97672991      0.15099056      0.03888550      0.14520799      0.02417784 md_running
   938    469.00000000    280.73239809      1.34598803    682.83328849    300.00000000      0.99971943      0.12325720     -7.99492621      0.01811684     -7.97680937      0.15003307      0.03807029      0.14264385      0.02402452 md_running
   939    469.50000000    280.96841013      1.31778590    683.31508494    300.00000000      0.99971934      0.12334416     -7.99433202      0.01736560     -7.97696643      0.15009829      0.03727261      0.14113252      0.02403496 md_running
   940    470.00000000    281.21671813      1.29040976    684.17508196    300.00000000      0.99971912      0.12349940     -7.99384289      0.01665157     -7.97719131      0.15161656      0.03649830      0.14122832      0.02427808 md_running
   941    470.50000000    281.44649565      1.26406337    685.39912625    300.00000000      0.99971879      0.12372035     -7.99345951      0.01597856     -7.97748094      0.15464121      0.03575311      0.14308519      0.02476241 md_running
   942    471.00000000    281.68780420      1.23894196    687.05173880    300.00000000      0.99971834      0.12401866     -7.99319712      0.01534977     -7.97784734      0.15885050      0.03504257      0.14642613      0.02543644 md_running
   943    471.50000000    281.93058023      1.21522587    689.28669147    300.00000000      0.99971773      0.12442209     -7.99308587      0.01476774     -7.97831813      0.16365963      0.03437178      0.15065336      0.02620651 md_running
   944    472.00000000    282.17548019      1.19307458    692.34446344    300.00000000      0.99971692      0.12497404     -7.99317135      0.01423427     -7.97893708      0.16837338      0.03374525      0.15502294      0.02696132 md_running
   945    472.50000000    282.42214587      1.17262130    696.53556741    300.00000000      0.99971581      0.12573057     -7.99351135      0.01375041     -7.97976094      0.17231214      0.03316674      0.15879687      0.02759202 md_running
   946    473.00000000    282.66424111      1.15396819    702.19539527    300.00000000      0.99971431      0.12675222     -7.99416780      0.01331643     -7.98085137      0.17490004      0.03263915      0.16134785      0.02800642 md_running
   947    473.50000000    282.91747981      1.13718243    709.61116513    300.00000000      0.99971234      0.12809083     -7.99519333      0.01293184     -7.98226149      0.17571264      0.03216438      0.16221521      0.02813654 md_running
   948    474.00000000    283.16741271      1.12229320    718.93326682    300.00000000      0.99970985      0.12977355     -7.99661542      0.01259542     -7.98402000      0.17451965      0.03174325      0.16114995      0.02794551 md_running
   949    474.50000000    283.40668028      1.10928958    730.09725464    300.00000000      0.99970688      0.13178874     -7.99842114      0.01230523     -7.98611590      0.17131532      0.03137545      0.15814600      0.02743241 md_running
   950    475.00000000    283.64488222      1.09811986    742.77857075    300.00000000      0.99970350      0.13407783     -8.00054975      0.01205867     -7.98849108      0.16633953      0.03105952      0.15346336      0.02663564 md_running
   951    475.50000000    283.88878110      1.08869215    756.40799680    300.00000000      0.99969990      0.13653805     -8.00289413      0.01185251     -7.99104163      0.16007540      0.03079286      0.14762600      0.02563258 md_running
   952    476.00000000    284.13857420      1.08087658    770.26237311    300.00000000      0.99969626      0.13903889     -8.00531878      0.01168294     -7.99363584      0.15320917      0.03057181      0.14137996      0.02453310 md_running
   953    476.50000000    284.38848394      1.07450896    783.59445057    300.00000000      0.99969279      0.14144544     -8.00768269      0.01154570     -7.99613700      0.14654174      0.03039170      0.13559123      0.02346546 md_running
   954    477.00000000    284.63683165      1.06939608    795.77149141    300.00000000      0.99968965      0.14364350     -8.00986524      0.01143608     -7.99842916      0.14084879      0.03024709      0.13108399      0.02255386 md_running
   955    477.50000000    284.86692717      1.06532184    806.38755889    300.00000000      0.99968694      0.14555979     -8.01178759      0.01134911     -8.00043848      0.13673771      0.03013185      0.12846483      0.02189556 md_running
   956    478.00000000    285.10498447      1.06205423    815.30367325    300.00000000      0.99968469      0.14716922     -8.01341950      0.01127959     -8.00213991      0.13450502      0.03003943      0.12795826      0.02153804 md_running
   957    478.50000000    285.35011472      1.05935295    822.61680155    300.00000000      0.99968287      0.14848930     -8.01477391      0.01122229     -8.00355162      0.13410434      0.02996303      0.12938904      0.02147388 md_running
   958    479.00000000    285.59869021      1.05697732    828.58319307    300.00000000      0.99968141      0.14956629     -8.01589244      0.01117201     -8.00472042      0.13520465      0.02989583      0.13228765      0.02165007 md_running
   959    479.50000000    285.85260778      1.05469377    833.52405370    300.00000000      0.99968023      0.15045816     -8.01682912      0.01112379     -8.00570533      0.13731356      0.02983124      0.13605020      0.02198777 md_running
   960    480.00000000    286.09609468      1.05228262    837.74467858    300.00000000      0.99967925      0.15122001     -8.01763459      0.01107299     -8.00656161      0.13988071      0.02976305      0.14005778      0.02239884 md_running
   961    480.50000000    286.34488287      1.04954416    841.47713913    300.00000000      0.99967841      0.15189375     -8.01834719      0.01101543     -8.00733176      0.14234301      0.02968559      0.14371730      0.02279312 md_running
   962    481.00000000    286.58742516      1.04630362    844.85130650    300.00000000      0.99967766      0.15250282     -8.01898620      0.01094751     -8.00803869      0.14418986      0.02959394      0.14651522      0.02308886 md_running
   963    481.50000000    286.83070314      1.04241506    847.90080539    300.00000000      0.99967699      0.15305328     -8.01955475      0.01086629     -8.00868846      0.14502370      0.02948395      0.14806640      0.02322238 md_running
   964    482.00000000    287.06766056      1.03776384    850.58264803    300.00000000      0.99967639      0.15353738     -8.02004235      0.01076954     -8.00927281      0.14461832      0.02935239      0.14816532      0.02315746 md_running
   965    482.50000000    287.31058990      1.03226716    852.80786748    300.00000000      0.99967588      0.15393905     -8.02043097      0.01065575     -8.00977522      0.14297067      0.02919692      0.14682822      0.02289363 md_running
   966    483.00000000    287.54959960      1.02587306    854.48697096    300.00000000      0.99967547      0.15424214     -8.02070268      0.01052416     -8.01017853      0.14032618      0.02901607      0.14431817      0.02247017 md_running
   967    483.50000000    287.78798312      1.01855752    855.58018603    300.00000000      0.99967519      0.15443947     -8.02085025      0.01037459     -8.01047566      0.13716606      0.02880916      0.14112990      0.02196415 md_running
   968    484.00000000    288.03414995      1.01032038    856.11985580    300.00000000      0.99967503      0.15453689     -8.02087979      0.01020747     -8.01067232      0.13412922      0.02857618      0.13791656      0.02147786 md_running
   969    484.50000000    288.27507736      1.00118027    856.20645825    300.00000000      0.99967497      0.15455252     -8.02081001      0.01002362     -8.01078639      0.13189597      0.02831765      0.13537931      0.02112026 md_running
   970    485.00000000    288.51447770      0.99116914    856.00333207    300.00000000      0.99967499      0.15451586     -8.02067204      0.00982416     -8.01084788      0.13100138      0.02803450      0.13408445      0.02097701 md_running
   971    485.50000000    288.75378954      0.98032707    855.70707536    300.00000000      0.99967505      0.15446238     -8.02050306      0.00961041     -8.01089265      0.13170351      0.02772784      0.13433790      0.02108944 md_running
   972    486.00000000    288.99280737      0.96869727    855.49276143    300.00000000      0.99967511      0.15442369     -8.02033708      0.00938374     -8.01095334      0.13392342      0.02739890      0.13611227      0.02144491 md_running
   973    486.50000000    289.23095947      0.95632194    855.46097049    300.00000000      0.99967513      0.15441795     -8.02019359      0.00914552     -8.01104807      0.13731525      0.02704887      0.13910604      0.02198804 md_running
   974    487.00000000    289.47090189      0.94323896    855.61791389    300.00000000      0.99967512      0.15444628     -8.02007492      0.00889700     -8.01117792      0.14137471      0.02667883      0.14284533      0.02263807 md_running
   975    487.50000000    289.70469877      0.92947940    855.89390536    300.00000000      0.99967507      0.15449610     -8.01996902      0.00863932     -8.01132970      0.14555762      0.02628965      0.14679825      0.02330787 md_running
   976    488.00000000    289.94260134      0.91506604    856.17840586    300.00000000      0.99967501      0.15454746     -8.01985696      0.00837346     -8.01148350      0.14936222      0.02588198      0.15046095      0.02391710 md_running
   977    488.50000000    290.17210392      0.90001307    856.35098648    300.00000000      0.99967495      0.15457861     -8.01971686      0.00810024     -8.01161662      0.15234907      0.02545621      0.15338254      0.02439537 md_running
   978    489.00000000    290.41477155      0.88432691    856.31493904    300.00000000      0.99967494      0.15457210     -8.01953231      0.00782034     -8.01171197      0.15417163      0.02501254      0.15520364      0.02468722 md_running
   979    489.50000000    290.65435789      0.86800754    856.00190813    300.00000000      0.99967497      0.15451560     -8.01929166      0.00753437     -8.01175729      0.15458099      0.02455096      0.15566063      0.02475277 md_running
   980    490.00000000    290.88811247      0.85105057    855.36248964    300.00000000      0.99967506      0.15440018     -8.01898594      0.00724287     -8.01174307      0.15348448      0.02407135      0.15465036      0.02457719 md_running
   981    490.50000000    291.12085025      0.83344903    854.35038479    300.00000000      0.99967523      0.15421748     -8.01860845      0.00694637     -8.01166208      0.15095946      0.02357350      0.15224154      0.02417286 md_running
   982    491.00000000    291.36165002      0.81519509    852.87743672    300.00000000      0.99967548      0.15395161     -8.01814388      0.00664543     -8.01149845      0.14727063      0.02305720      0.14868837      0.02358217 md_running
   983    491.50000000    291.59740136      0.79628193    850.77327204    300.00000000      0.99967583      0.15357179     -8.01756222      0.00634065     -8.01122157      0.14289636      0.02252225      0.14445589      0.02288173 md_running
   984    492.00000000    291.83738438      0.77670563    847.79479714    300.00000000      0.99967635      0.15303415     -8.01681938      0.00603272     -8.01078666      0.13852983      0.02196855      0.14022243      0.02218253 md_running
   985    492.50000000    292.07694406      0.75646641    843.67975989    300.00000000      0.99967708      0.15229135     -8.01586757      0.00572241     -8.01014516      0.13503875      0.02139610      0.13683541      0.02162351 md_running
   986    493.00000000    292.30935997      0.73556969    838.20100076    300.00000000      0.99967808      0.15130238     -8.01466604      0.00541063     -8.00925541      0.13332873      0.02080505      0.13517813      0.02134968 md_running
   987    493.50000000    292.54127142      0.71402676    831.22346828    300.00000000      0.99967940      0.15004288     -8.01319036      0.00509834     -8.00809202      0.13411965      0.02019573      0.13595001      0.02147633 md_running
   988    494.00000000    292.78040953      0.69185570    822.76179078    300.00000000      0.99968108      0.14851548     -8.01144372      0.00478664     -8.00665708      0.13770142      0.01956863      0.13943491      0.02204987 md_running
   989    494.50000000    293.02696188      0.66908211    813.02929463    300.00000000      0.99968311      0.14675868     -8.00946503      0.00447671     -8.00498832      0.14378218      0.01892450      0.14535288      0.02302357 md_running
   990    495.00000000    293.26460546      0.64573967    802.46529344    300.00000000      0.99968543      0.14485179     -8.00733468      0.00416980     -8.00316488      0.15155266      0.01826428      0.15291764      0.02426785 md_running
   991    495.50000000    293.50404419      0.62187031    791.71477275    300.00000000      0.99968795      0.14291123     -8.00517168      0.00386723     -8.00130445      0.15987357      0.01758915      0.16101174      0.02560026 md_running
   992    496.00000000    293.74034951      0.59752447    781.55075080    300.00000000      0.99969048      0.14107653     -8.00311806      0.00357035     -7.99954770      0.16755665      0.01690054      0.16846024      0.02683054 md_running
   993    496.50000000    293.97227041      0.57276154    772.76351419    300.00000000      0.99969284      0.13949036     -8.00131969      0.00328056     -7.99803913      0.17356889      0.01620014      0.17423834      0.02779327 md_running
   994    497.00000000    294.20891257      0.54764946    766.02856687    300.00000000      0.99969482      0.13827465     -7.99990171      0.00299920     -7.99690251      0.17715849      0.01548987      0.17759696      0.02836806 md_running
   995    497.50000000    294.44979818      0.52226407    761.77700346    300.00000000      0.99969623      0.13750720     -7.99894494      0.00272760     -7.99621734      0.17794230      0.01477186      0.17815715      0.02849357 md_running
   996    498.00000000    294.68870699      0.49668652    760.11537135    300.00000000      0.99969699      0.13720727     -7.99846998      0.00246697     -7.99600300      0.17593489      0.01404842      0.17593442      0.02817213 md_running
   997    498.50000000    294.93098866      0.47100100    760.82247809    300.00000000      0.99969710      0.13733490     -7.99843803      0.00221842     -7.99621961      0.17153712      0.01332192      0.17133277      0.02746792 md_running
   998    499.00000000    295.17388451      0.44529172    763.40100052    300.00000000      0.99969665      0.13780035     -7.99875948      0.00198285     -7.99677663      0.16549150      0.01259475      0.16509113      0.02649985 md_running
   999    499.50000000    295.41497674      0.41964286    767.18452770    300.00000000      0.99969579      0.13848331     -7.99931301      0.00176100     -7.99755200      0.15877482      0.01186929      0.15818617      0.02542432 md_running
  1000    500.00000000    295.65755346      0.39413879    771.47989470    300.00000000      0.99969473      0.13925866     -7.99997310      0.00155345     -7.99841964      0.15243803      0.01114793      0.15167533      0.02440962 max_step
