  step         time_fs     wall_time_s        rti_dist          temp_K     temp_bath_K   thermo_lambda          kin_Ha     pot_real_Ha     pot_rtip_Ha    pot_total_Ha          f_real          f_rtip         f_total      rms_f_real state_decision
     1      0.50000000      0.15262457      2.07343078   1033.85995181    300.00000000      0.99964533      0.12768770     -5.78764294      0.04299115     -5.74465179      0.13688499      0.05864548      0.15601557      0.02634353 md_running
     2      1.00000000      0.35874225      2.07585482   1041.17534974    300.00000000      0.99964444      0.12859119     -5.78874099      0.04309173     -5.74564926      0.13386117      0.05871404      0.15280797      0.02576159 md_running
     3      1.50000000      0.57410700      2.07591368   1050.11685624    300.00000000      0.99964330      0.12969552     -5.78994529      0.04309418     -5.74685111      0.12805409      0.05871571      0.14609799      0.02464402 md_running
     4      2.00000000      0.78329915      2.07372179   1060.08522446    300.00000000      0.99964200      0.13092667     -5.79118576      0.04300322     -5.74818254      0.12090657      0.05865371      0.13709988      0.02326848 md_running
     5      2.50000000      0.98915465      2.06945848   1070.30600188    300.00000000      0.99964063      0.13218900     -5.79237318      0.04282658     -5.74954660      0.11445864      0.05853312      0.12756042      0.02202758 md_running
     6      3.00000000      1.17922321      2.06335863   1079.98742127    300.00000000      0.99963931      0.13338471     -5.79341861      0.04257449     -5.75084412      0.11092242      0.05836060      0.11952823      0.02134703 md_running
     7      3.50000000      1.39418332      2.05570100   1088.46590223    300.00000000      0.99963813      0.13443185     -5.79425153      0.04225907     -5.75199247      0.11190998      0.05814400      0.11489244      0.02153709 md_running
     8      4.00000000      1.61065310      2.04679535   1095.30818717    300.00000000      0.99963715      0.13527691     -5.79483096      0.04189371     -5.75293725      0.11768260      0.05789211      0.11471395      0.02264803 md_running
     9      4.50000000      1.82888011      2.03696969   1100.36273609    300.00000000      0.99963641      0.13590118     -5.79515213      0.04149246     -5.75365968      0.12714596      0.05761420      0.11876906      0.02446925 md_running
    10      5.00000000      2.03474108      2.02655791   1103.75523187    300.00000000      0.99963589      0.13632017     -5.79524484      0.04106937     -5.75417547      0.13860745      0.05731971      0.12580080      0.02667502 md_running
    11      5.50000000      2.24964579      2.01588869   1105.83736025    300.00000000      0.99963556      0.13657733     -5.79516657      0.04063807     -5.75452850      0.15047185      0.05701794      0.13420689      0.02895832 md_running
    12      6.00000000      2.46769449      2.00527607   1107.11073385    300.00000000      0.99963537      0.13673460     -5.79499263      0.04021132     -5.75478131      0.16152354      0.05671777      0.14256175      0.03108522 md_running
    13      6.50000000      2.68798867      1.99501231   1108.13216207    300.00000000      0.99963524      0.13686075     -5.79480409      0.03980074     -5.75500335      0.17093827      0.05642747      0.14981382      0.03289709 md_running
    14      7.00000000      2.91006801      1.98536263   1109.42841266    300.00000000      0.99963511      0.13702084     -5.79467699      0.03941665     -5.75526034      0.17821993      0.05615454      0.15528454      0.03429844 md_running
    15      7.50000000      3.13252489      1.97656138   1111.42740292    300.00000000      0.99963492      0.13726773     -5.79467341      0.03906795     -5.75560547      0.18313731      0.05590560      0.15860603      0.03524479 md_running
    16      8.00000000      3.34781583      1.96880996   1114.40975557    300.00000000      0.99963462      0.13763607     -5.79483572      0.03876213     -5.75607360      0.18563661      0.05568636      0.15963923      0.03572578 md_running
    17      8.50000000      3.56459524      1.96227493   1118.50166443    300.00000000      0.99963419      0.13814144     -5.79518530      0.03850523     -5.75668007      0.18582765      0.05550152      0.15844880      0.03576255 md_running
    18      9.00000000      3.77830822      1.95708651   1123.68376145    300.00000000      0.99963364      0.13878146     -5.79572472      0.03830188     -5.75742284      0.18399887      0.05535477      0.15531366      0.03541060 md_running
    19      9.50000000      4.00170037      1.95333806   1129.78436383    300.00000000      0.99963296      0.13953492     -5.79643646      0.03815530     -5.75828116      0.18066979      0.05524874      0.15077162      0.03476992 md_running
    20     10.00000000      4.21915430      1.95108843   1136.48926522    300.00000000      0.99963220      0.14036301     -5.79728288      0.03806746     -5.75921542      0.17656098      0.05518511      0.14561036      0.03397918 md_running
    21     10.50000000      4.43495074      1.95036609   1143.42379759    300.00000000      0.99963140      0.14121947     -5.79821801      0.03803928     -5.76017873      0.17247718      0.05516468      0.14076940      0.03319325 md_running
    22     11.00000000      4.64093709      1.95117235   1150.25254056    300.00000000      0.99963061      0.14206286     -5.79919940      0.03807074     -5.76112867      0.16921626      0.05518749      0.13720688      0.03256568 md_running
    23     11.50000000      4.86237876      1.95348541   1156.73836426    300.00000000      0.99962985      0.14286390     -5.80019730      0.03816105     -5.76203624      0.16743590      0.05525291      0.13568602      0.03222305 md_running
    24     12.00000000      5.08140755      1.95726659   1162.77305035    300.00000000      0.99962915      0.14360921     -5.80119665      0.03830892     -5.76288772      0.16737707      0.05535986      0.13642355      0.03221173 md_running
    25     12.50000000      5.29541494      1.96246643   1168.39627824    300.00000000      0.99962851      0.14430372     -5.80220089      0.03851274     -5.76368815      0.16873613      0.05550693      0.13893425      0.03247328 md_running
    26     13.00000000      5.49673656      1.96902992   1173.77727154    300.00000000      0.99962791      0.14496830     -5.80322948      0.03877079     -5.76445869      0.17076873      0.05569258      0.14219001      0.03286446 md_running
    27     13.50000000      5.69678414      1.97690200   1179.14063729    300.00000000      0.99962733      0.14563071     -5.80430966      0.03908142     -5.76522824      0.17246083      0.05591523      0.14490401      0.03319010 md_running
    28     14.00000000      5.91575376      1.98603125   1184.66599500    300.00000000      0.99962674      0.14631312     -5.80546291      0.03944320     -5.76601971      0.17282127      0.05617345      0.14588941      0.03325947 md_running
    29     14.50000000      6.13255880      1.99637176   1190.39275569    300.00000000      0.99962614      0.14702041     -5.80669331      0.03985500     -5.76683831      0.17113615      0.05646592      0.14432261      0.03293517 md_running
    30     15.00000000      6.34961429      2.00788271   1196.15082767    300.00000000      0.99962553      0.14773156     -5.80797955      0.04031593     -5.76766362      0.16713231      0.05679150      0.13990335      0.03216463 md_running
    31     15.50000000      6.56939748      2.02052555   1201.53772387    300.00000000      0.99962493      0.14839688     -5.80927053      0.04082523     -5.76844530      0.16104598      0.05714909      0.13291784      0.03099331 md_running
    32     16.00000000      6.78900263      2.03425915   1205.96403267    300.00000000      0.99962441      0.14894355     -5.81049176      0.04138210     -5.76910966      0.15359560      0.05753754      0.12423742      0.02955949 md_running
    33     16.50000000      7.00231282      2.04903367   1208.75165966    300.00000000      0.99962402      0.14928784     -5.81155716      0.04198539     -5.76957177      0.14585588      0.05795542      0.11524985      0.02806998 md_running
    34     17.00000000      7.21850515      2.06478367   1209.23782769    300.00000000      0.99962384      0.14934788     -5.81238224      0.04263332     -5.76974893      0.13908569      0.05840090      0.10771668      0.02676705 md_running
    35     17.50000000      7.41956341      2.08142206   1206.87913728    300.00000000      0.99962393      0.14905657     -5.81289594      0.04332318     -5.76957276      0.13442916      0.05887151      0.10338911      0.02587090 md_running
    36     18.00000000      7.63486934      2.09883551   1201.34337490    300.00000000      0.99962433      0.14837287     -5.81305268      0.04405111     -5.76900157      0.13259733      0.05936403      0.10339095      0.02551837 md_running
    37     18.50000000      7.84832437      2.11688194   1192.55404818    300.00000000      0.99962508      0.14728734     -5.81283723      0.04481189     -5.76802534      0.13364410      0.05987446      0.10769291      0.02571982 md_running
    38     19.00000000      8.06197143      2.13539006   1180.69250916    300.00000000      0.99962617      0.14582237     -5.81226537      0.04559891     -5.76666646      0.13700623      0.06039795      0.11523148      0.02636686 md_running
    39     19.50000000      8.28041290      2.15416100   1166.15903409    300.00000000      0.99962760      0.14402740     -5.81137874      0.04640410     -5.76497464      0.14176306      0.06092887      0.12454616      0.02728231 md_running
    40     20.00000000      8.50152599      2.17297109   1149.51323726    300.00000000      0.99962933      0.14197155     -5.81023716      0.04721803     -5.76301913      0.14694545      0.06146090      0.13431797      0.02827966 md_running
    41     20.50000000      8.70995395      2.19157591   1131.42178254    300.00000000      0.99963132      0.13973715     -5.80891220      0.04803005     -5.76088216      0.15172059      0.06198713      0.14355774      0.02919864 md_running
    42     21.00000000      8.92918350      2.20971547   1112.61712474    300.00000000      0.99963349      0.13741467     -5.80748315      0.04882842     -5.75865473      0.15545706      0.06250019      0.15159003      0.02991773 md_running
    43     21.50000000      9.15162505      2.22712070   1093.85956807    300.00000000      0.99963578      0.13509800     -5.80603141      0.04960067     -5.75643075      0.15771301      0.06299249      0.15798956      0.03035188 md_running
    44     22.00000000      9.37512948      2.24352036   1075.88978690    300.00000000      0.99963810      0.13287863     -5.80463621      0.05033384     -5.75430238      0.15820892      0.06345634      0.16250730      0.03044732 md_running
    45     22.50000000      9.59433116      2.25864841   1059.37216540    300.00000000      0.99964035      0.13083861     -5.80336731      0.05101493     -5.75235238      0.15681408      0.06388422      0.16503747      0.03017888 md_running
    46     23.00000000      9.80152914      2.27225191   1044.83180499    300.00000000      0.99964243      0.12904279     -5.80227761      0.05163129     -5.75064632      0.15355470      0.06426899      0.16562008      0.02955162 md_running
    47     23.50000000     10.02031872      2.28409870   1032.60569723    300.00000000      0.99964427      0.12753279     -5.80139706      0.05217107     -5.74922599      0.14864336      0.06460407      0.16445652      0.02860643 md_running
    48     24.00000000     10.24614633      2.29398453   1022.83629128    300.00000000      0.99964582      0.12632621     -5.80073301      0.05262365     -5.74810936      0.14249811      0.06488368      0.16190818      0.02742377 md_running
    49     24.50000000     10.46843696      2.30173952   1015.47982532    300.00000000      0.99964704      0.12541765     -5.80027094      0.05298005     -5.74729089      0.13578383      0.06510302      0.15850738      0.02613161 md_running
    50     25.00000000     10.68559474      2.30723394   1010.34694845    300.00000000      0.99964794      0.12478371     -5.79997991      0.05323328     -5.74674663      0.12935014      0.06525843      0.15486939      0.02489345 md_running
    51     25.50000000     10.90233866      2.31038342   1007.18912335    300.00000000      0.99964855      0.12439370     -5.79982432      0.05337872     -5.74644560      0.12411306      0.06534751      0.15158662      0.02388557 md_running
    52     26.00000000     11.12121952      2.31115355   1005.77097723    300.00000000      0.99964888      0.12421855     -5.79977317      0.05341431     -5.74635886      0.12086692      0.06536929      0.14912415      0.02326085 md_running
    53     26.50000000     11.33426230      2.30956294   1005.90446223    300.00000000      0.99964897      0.12423503     -5.79980412      0.05334081     -5.74646331      0.11997112      0.06532430      0.14764567      0.02308845 md_running
    54     27.00000000     11.54668634      2.30568437   1007.45257338    300.00000000      0.99964884      0.12442623     -5.79990414      0.05316180     -5.74674234      0.12115202      0.06521460      0.14691484      0.02331572 md_running
    55     27.50000000     11.76641956      2.29964411   1010.31111741    300.00000000      0.99964852      0.12477928     -5.80006734      0.05288363     -5.74718371      0.12361316      0.06504376      0.14636170      0.02378936 md_running
    56     28.00000000     11.98204541      2.29161918   1014.38210521    300.00000000      0.99964801      0.12528207     -5.80029045      0.05251518     -5.74777527      0.12638071      0.06481678      0.14528228      0.02432198 md_running
    57     28.50000000     12.19944429      2.28183307   1019.54137672    300.00000000      0.99964733      0.12591927     -5.80057018      0.05206762     -5.74850256      0.12866958      0.06453999      0.14308567      0.02476247 md_running
    58     29.00000000     12.41601246      2.27054971   1025.56388353    300.00000000      0.99964652      0.12666309     -5.80089263      0.05155396     -5.74933867      0.13013933      0.06422084      0.13957118      0.02504533 md_running
    59     29.50000000     12.63481532      2.25806352   1032.10119609    300.00000000      0.99964562      0.12747048     -5.80122864      0.05098851     -5.75024014      0.13090173      0.06386768      0.13491314      0.02519205 md_running
    60     30.00000000     12.85445492      2.24468947   1038.67064960    300.00000000      0.99964468      0.12828185     -5.80153369      0.05038631     -5.75114738      0.13145530      0.06348941      0.12974035      0.02529858 md_running
    61     30.50000000     13.07278140      2.23075056   1044.69395826    300.00000000      0.99964379      0.12902576     -5.80174996      0.04976248     -5.75198748      0.13250650      0.06309515      0.12496210      0.02550089 md_running
    62     31.00000000     13.28792026      2.21656674   1049.63450026    300.00000000      0.99964302      0.12963595     -5.80182554      0.04913168     -5.75269385      0.13472444      0.06269397      0.12159664      0.02592773 md_running
    63     31.50000000     13.50998663      2.20244413   1053.06901616    300.00000000      0.99964244      0.13006013     -5.80172101      0.04850760     -5.75321341      0.13860324      0.06229453      0.12055542      0.02667421 md_running
    64     32.00000000     13.72673214      2.18866719   1054.72732500    300.00000000      0.99964209      0.13026494     -5.80141515      0.04790264     -5.75351251      0.14429613      0.06190486      0.12235454      0.02776980 md_running
    65     32.50000000     13.94652255      2.17549249   1054.53019197    300.00000000      0.99964199      0.13024059     -5.80090865      0.04732768     -5.75358097      0.15159942      0.06153222      0.12694508      0.02917532 md_running
    66     33.00000000     14.16142001      2.16314450   1052.60057724    300.00000000      0.99964214      0.13000227     -5.80022598      0.04679194     -5.75343403      0.16004625      0.06118297      0.13378397      0.03080091 md_running
    67     33.50000000     14.37835796      2.15181281   1049.24164022    300.00000000      0.99964251      0.12958743     -5.79941213      0.04630298     -5.75310914      0.16906793      0.06086246      0.14208170      0.03253714 md_running
    68     34.00000000     14.59005253      2.14165113   1044.91257570    300.00000000      0.99964304      0.12905276     -5.79852931      0.04586670     -5.75266262      0.17807032      0.06057504      0.15099039      0.03426965 md_running
    69     34.50000000     14.78306701      2.13277747   1040.19471165    300.00000000      0.99964368      0.12847008     -5.79765456      0.04548740     -5.75216716      0.18650621      0.06032406      0.15974613      0.03589314 md_running
    70     35.00000000     14.99303522      2.12527521   1035.72452934    300.00000000      0.99964433      0.12791798     -5.79686972      0.04516795     -5.75170177      0.19389340      0.06011186      0.16771287      0.03731480 md_running
    71     35.50000000     15.19772974      2.11919415   1032.13210114    300.00000000      0.99964490      0.12747430     -5.79625438      0.04490984     -5.75134454      0.19982941      0.05993986      0.17438809      0.03845719 md_running
    72     36.00000000     15.40768661      2.11455173   1029.99619673    300.00000000      0.99964532      0.12721050     -5.79588107      0.04471329     -5.75116778      0.20399041      0.05980855      0.17939395      0.03925797 md_running
    73     36.50000000     15.61225723      2.11133390   1029.79131128    300.00000000      0.99964549      0.12718520     -5.79580782      0.04457731     -5.75123051      0.20614860      0.05971754      0.18248242      0.03967332 md_running
    74     37.00000000     15.81724492      2.10949588   1031.84828062    300.00000000      0.99964537      0.12743925     -5.79607363      0.04449973     -5.75157390      0.20618373      0.05966555      0.18353973      0.03968008 md_running
    75     37.50000000     16.03029864      2.10896283   1036.34123836    300.00000000      0.99964491      0.12799415     -5.79669709      0.04447724     -5.75221985      0.20409838      0.05965048      0.18259853      0.03927875 md_running
    76     38.00000000     16.23318484      2.10963045   1043.28408333    300.00000000      0.99964411      0.12885163     -5.79767569      0.04450541     -5.75317028      0.20003901      0.05966936      0.17985440      0.03849753 md_running
    77     38.50000000     16.44959832      2.11136600   1052.54178482    300.00000000      0.99964299      0.12999501     -5.79898735      0.04457866     -5.75440869      0.19430208      0.05971845      0.17566973      0.03739345 md_running
    78     39.00000000     16.66301559      2.11400984   1063.84299406    300.00000000      0.99964159      0.13139078     -5.80059205      0.04469038     -5.75590168      0.18731178      0.05979323      0.17054408      0.03604817 md_running
    79     39.50000000     16.86631997      2.11737764   1076.80711684    300.00000000      0.99963998      0.13299192     -5.80243494      0.04483288     -5.75760206      0.17958357      0.05988848      0.16506197      0.03456087 md_running
    80     40.00000000     17.07090246      2.12126372   1090.98719421    300.00000000      0.99963821      0.13474324     -5.80445219      0.04499760     -5.75945459      0.17161172      0.05999840      0.15975695      0.03302669 md_running
    81     40.50000000     17.27776524      2.12544536   1105.91382669    300.00000000      0.99963637      0.13658677     -5.80657596      0.04517518     -5.76140078      0.16374719      0.06011667      0.15497034      0.03151316 md_running
    82     41.00000000     17.48747002      2.12968797   1121.12749137    300.00000000      0.99963451      0.13846575     -5.80873993      0.04535571     -5.76338422      0.15609243      0.06023667      0.15075179      0.03004000 md_running
    83     41.50000000     17.67544707      2.13375010   1136.18497353    300.00000000      0.99963270      0.14032543     -5.81087884      0.04552889     -5.76534994      0.14852572      0.06035157      0.14690207      0.02858379 md_running
    84     42.00000000     17.88019647      2.13738839   1150.65436202    300.00000000      0.99963098      0.14211249     -5.81292908      0.04568429     -5.76724479      0.14079871      0.06045447      0.14311517      0.02709672 md_running
    85     42.50000000     18.08410752      2.14036140   1164.11580346    300.00000000      0.99962939      0.14377505     -5.81482800      0.04581147     -5.76901653      0.13278219      0.06053856      0.13922442      0.02555394 md_running
    86     43.00000000     18.28811290      2.14243323   1176.18790794    300.00000000      0.99962797      0.14526603     -5.81651781      0.04590020     -5.77061761      0.12467590      0.06059716      0.13539580      0.02399389 md_running
    87     43.50000000     18.49286754      2.14337635   1186.56828593    300.00000000      0.99962675      0.14654806     -5.81795063      0.04594062     -5.77201001      0.11712089      0.06062384      0.13216799      0.02253993 md_running
    88     44.00000000     18.69557954      2.14297410   1195.09371682    300.00000000      0.99962574      0.14760100     -5.81909609      0.04592338     -5.77317271      0.11114331      0.06061246      0.13030365      0.02138954 md_running
    89     44.50000000     18.89892316      2.14102404   1201.80086041    300.00000000      0.99962495      0.14842937     -5.81994987      0.04583984     -5.77411003      0.10779675      0.06055730      0.13043974      0.02074549 md_running
    90     45.00000000     19.09904733      2.13734251   1206.93781219    300.00000000      0.99962434      0.14906382     -5.82053541      0.04568233     -5.77485308      0.10763502      0.06045318      0.13274250      0.02071437 md_running
    91     45.50000000     19.28736224      2.13176974   1210.93111526    300.00000000      0.99962388      0.14955701     -5.82089874      0.04544442     -5.77545432      0.11038666      0.06029555      0.13679082      0.02124392 md_running
    92     46.00000000     19.49207494      2.12417585   1214.31456992    300.00000000      0.99962352      0.14997489     -5.82110205      0.04512123     -5.77598082      0.11507987      0.06008077      0.14173280      0.02214713 md_running
    93     46.50000000     19.70447506      2.11446713   1217.63003984    300.00000000      0.99962319      0.15038437     -5.82120990      0.04470971     -5.77650019      0.12051071      0.05980616      0.14660494      0.02319230 md_running
    94     47.00000000     19.90913197      2.10259196   1221.32581826    300.00000000      0.99962284      0.15084082     -5.82127763      0.04420893     -5.77706870      0.12566255      0.05947028      0.15059845      0.02418377 md_running
    95     47.50000000     20.11321440      2.08854525   1225.67155743    300.00000000      0.99962244      0.15137754     -5.82133977      0.04362021     -5.77771956      0.12989540      0.05907298      0.15319970      0.02499838 md_running
    96     48.00000000     20.32122994      2.07237083   1230.74920373    300.00000000      0.99962197      0.15200466     -5.82140988      0.04294721     -5.77846267      0.13292254      0.05861550      0.15418455      0.02558095 md_running
    97     48.50000000     20.50912016      2.05416112   1236.49940163    300.00000000      0.99962143      0.15271485     -5.82148628      0.04219578     -5.77929050      0.13472066      0.05810045      0.15355952      0.02592700 md_running
    98     49.00000000     20.71817343      2.03405414   1242.75328281    300.00000000      0.99962083      0.15348724     -5.82155556      0.04137376     -5.78018180      0.13542001      0.05753174      0.15147497      0.02606159 md_running
    99     49.50000000     20.93417049      2.01222842   1249.27233137    300.00000000      0.99962021      0.15429238     -5.82159751      0.04049063     -5.78110688      0.13524173      0.05691441      0.14817677      0.02602728 md_running
   100     50.00000000     21.14197214      1.98889621   1255.77992241    300.00000000      0.99961958      0.15509610     -5.82158841      0.03955708     -5.78203132      0.13446040      0.05625448      0.14398121      0.02587692 md_running
   101     50.50000000     21.35746890      1.96429558   1261.96731896    300.00000000      0.99961897      0.15586028     -5.82150191      0.03858457     -5.78291734      0.13341498      0.05555867      0.13928383      0.02567572 md_running
   102     51.00000000     21.56257938      1.93868226   1267.47849979    300.00000000      0.99961841      0.15654094     -5.82130591      0.03758489     -5.78372102      0.13253716      0.05483422      0.13460021      0.02550679 md_running
   103     51.50000000     21.76714579      1.91232182   1271.91314220    300.00000000      0.99961794      0.15708865     -5.82096187      0.03656975     -5.78439213      0.13236628      0.05408863      0.13058881      0.02547390 md_running
   104     52.00000000     21.97213773      1.88548307   1274.87222750    300.00000000      0.99961759      0.15745411     -5.82043155      0.03555046     -5.78488108      0.13350738      0.05332951      0.12801746      0.02569351 md_running
   105     52.50000000     22.17728546      1.85843347   1276.01364216    300.00000000      0.99961739      0.15759508     -5.81968239      0.03453775     -5.78514464      0.13648650      0.05256444      0.12762879      0.02626684 md_running
   106     53.00000000     22.38283936      1.83143546   1275.12908717    300.00000000      0.99961738      0.15748584     -5.81869760      0.03354156     -5.78515604      0.14158929      0.05180082      0.12990136      0.02724887 md_running
   107     53.50000000     22.59227754      1.80474478   1272.22489906    300.00000000      0.99961756      0.15712715     -5.81748682      0.03257104     -5.78491578      0.14867555      0.05104589      0.13478209      0.02861262 md_running
   108     54.00000000     22.81627353      1.77861020   1267.56767490    300.00000000      0.99961791      0.15655196     -5.81609070      0.03163454     -5.78445616      0.15714443      0.05030669      0.14162035      0.03024246 md_running
   109     54.50000000     23.03308126      1.75327370   1261.66612103    300.00000000      0.99961842      0.15582308     -5.81458069      0.03073969     -5.78384101      0.16603964      0.04959007      0.14930532      0.03195434 md_running
   110     55.00000000     23.25076309      1.72897053   1255.19519436    300.00000000      0.99961901      0.15502388     -5.81304741      0.02989339     -5.78315401      0.17426292      0.04890267      0.15654494      0.03353691 md_running
   111     55.50000000     23.46391466      1.70592953   1248.88767041    300.00000000      0.99961963      0.15424487     -5.81158881      0.02910196     -5.78248685      0.18076893      0.04825097      0.16210887      0.03478900 md_running
   112     56.00000000     23.67954809      1.68437345   1243.41247862    300.00000000      0.99962021      0.15356865     -5.81029426      0.02837114     -5.78192312      0.18474960      0.04764128      0.16504011      0.03555508 md_running
   113     56.50000000     23.89514959      1.66451859   1239.25145407    300.00000000      0.99962069      0.15305474     -5.80922964      0.02770622     -5.78152342      0.18575893      0.04707970      0.16478924      0.03574932 md_running
   114     57.00000000     24.10985111      1.64657278   1236.59831275    300.00000000      0.99962102      0.15272706     -5.80842428      0.02711202     -5.78131226      0.18380623      0.04657211      0.16130099      0.03537353 md_running
   115     57.50000000     24.33022903      1.63073211   1235.32690849    300.00000000      0.99962121      0.15257004     -5.80786655      0.02659287     -5.78127368      0.17936657      0.04612407      0.15503689      0.03451911 md_running
   116     58.00000000     24.55177541      1.61717633   1235.02990837    300.00000000      0.99962128      0.15253335     -5.80750929      0.02615259     -5.78135670      0.17333811      0.04574065      0.14694570      0.03335893 md_running
   117     58.50000000     24.76340198      1.60606414   1235.14312830    300.00000000      0.99962128      0.15254734     -5.80728452      0.02579442     -5.78149010      0.16695322      0.04542635      0.13841294      0.03213016 md_running
   118     59.00000000     24.97541494      1.59752920   1235.11913206    300.00000000      0.99962126      0.15254437     -5.80712634      0.02552100     -5.78160535      0.16144139      0.04518495      0.13093493      0.03106941 md_running
   119     59.50000000     25.19648088      1.59167638   1234.54475747    300.00000000      0.99962129      0.15247344     -5.80698558      0.02533434     -5.78165125      0.15771133      0.04501941      0.12573856      0.03035156 md_running
   120     60.00000000     25.41678357      1.58857880   1233.21262302    300.00000000      0.99962138      0.15230891     -5.80683720      0.02523583     -5.78160137      0.15612378      0.04493179      0.12342522      0.03004604 md_running
   121     60.50000000     25.62829757      1.58827528   1231.15796989    300.00000000      0.99962155      0.15205515     -5.80668666      0.02522618     -5.78146047      0.15642718      0.04492321      0.12376969      0.03010443 md_running
   122     61.00000000     25.84708633      1.59076888   1228.62531490    300.00000000      0.99962179      0.15174235     -5.80656480      0.02530546     -5.78125934      0.15791437      0.04499374      0.12588951      0.03039063 md_running
   123     61.50000000     26.06097840      1.59602645   1225.97180885    300.00000000      0.99962205      0.15141463     -5.80651623      0.02547300     -5.78104323      0.15967856      0.04514245      0.12862050      0.03073015 md_running
   124     62.00000000     26.27856074      1.60397923   1223.53896306    300.00000000      0.99962231      0.15111416     -5.80658244      0.02572749     -5.78085495      0.16085680      0.04536738      0.13088056      0.03095691 md_running
   125     62.50000000     26.49755989      1.61452417   1221.55108632    300.00000000      0.99962254      0.15086864     -5.80679022      0.02606688     -5.78072333      0.16076276      0.04566564      0.13185407      0.03093881 md_running
   126     63.00000000     26.71011665      1.62752523   1220.02644835    300.00000000      0.99962271      0.15068034     -5.80713910      0.02648838     -5.78065072      0.15892870      0.04603337      0.13103924      0.03058584 md_running
   127     63.50000000     26.92230970      1.64281355   1218.73959140    300.00000000      0.99962284      0.15052141     -5.80759746      0.02698836     -5.78060910      0.15519977      0.04646578      0.12832306      0.02986821 md_running
   128     64.00000000     27.14211650      1.66018789   1217.25417893    300.00000000      0.99962297      0.15033795     -5.80810624      0.02756224     -5.78054400      0.14969650      0.04695720      0.12393486      0.02880911 md_running
   129     64.50000000     27.36537274      1.67941522   1214.98080238    300.00000000      0.99962315      0.15005717     -5.80858634      0.02820435     -5.78038199      0.14281195      0.04750104      0.11844811      0.02748417 md_running
   130     65.00000000     27.58218237      1.70023146   1211.26127967    300.00000000      0.99962344      0.14959779     -5.80894876      0.02890787     -5.78004089      0.13522689      0.04808981      0.11280992      0.02602443 md_running
   131     65.50000000     27.79390346      1.72234246   1205.46107688    300.00000000      0.99962391      0.14888143     -5.80910579      0.02966464     -5.77944115      0.12793251      0.04871520      0.10835251      0.02462062 md_running
   132     66.00000000     28.00990130      1.74542509   1197.07421563    300.00000000      0.99962464      0.14784561     -5.80898444      0.03046509     -5.77851935      0.12224038      0.04936808      0.10666496      0.02352517 md_running
   133     66.50000000     28.22587424      1.76913047   1185.81650069    300.00000000      0.99962566      0.14645521     -5.80853768      0.03129823     -5.77723945      0.11953550      0.05003857      0.10911799      0.02300462 md_running
   134     67.00000000     28.44526487      1.79308780   1171.69396514    300.00000000      0.99962701      0.14471100     -5.80775306      0.03215164     -5.77560142      0.12078737      0.05071618      0.11623527      0.02324554 md_running
   135     67.50000000     28.66095541      1.81690690   1155.04960034    300.00000000      0.99962870      0.14265532     -5.80665875      0.03301151     -5.77364725      0.12610874      0.05138989      0.12741320      0.02426964 md_running
   136     68.00000000     28.87551695      1.84018299   1136.57118931    300.00000000      0.99963069      0.14037313     -5.80532460      0.03386273     -5.77146187      0.13459314      0.05204823      0.14118352      0.02590246 md_running
   137     68.50000000     29.09905160      1.86250473   1117.24738422    300.00000000      0.99963291      0.13798653     -5.80385717      0.03468924     -5.76916793      0.14463777      0.05267959      0.15577047      0.02783555 md_running
   138     69.00000000     29.31854567      1.88346335   1098.26446870    300.00000000      0.99963523      0.13564203     -5.80238761      0.03547434     -5.76691327      0.15448789      0.05327239      0.16947442      0.02973121 md_running
   139     69.50000000     29.53548802      1.90266551   1080.85559902    300.00000000      0.99963752      0.13349193     -5.80105292      0.03620136     -5.76485156      0.16258397      0.05381551      0.18087358      0.03128930 md_running
   140     70.00000000     29.75664132      1.91974816   1066.13487110    300.00000000      0.99963960      0.13167384     -5.79997628      0.03685433     -5.76312195      0.16774969      0.05429868      0.18891930      0.03228344 md_running
   141     70.50000000     29.97035176      1.93439381   1054.94536663    300.00000000      0.99964133      0.13029187     -5.79924844      0.03741879     -5.76182965      0.16927306      0.05471292      0.19298979      0.03257662 md_running
   142     71.00000000     30.18634501      1.94634454   1047.76500903    300.00000000      0.99964257      0.12940505     -5.79891720      0.03788257     -5.76103463      0.16692200      0.05505094      0.19289551      0.03212415 md_running
   143     71.50000000     30.40450363      1.95541307   1044.67547965    300.00000000      0.99964327      0.12902348     -5.79898353      0.03823640     -5.76074713      0.16091705      0.05530743      0.18883008      0.03096850 md_running
   144     72.00000000     30.62653833      1.96149214   1045.37165932    300.00000000      0.99964342      0.12910946     -5.79940440      0.03847451     -5.76092988      0.15186574      0.05547938      0.18130811      0.02922658 md_running
   145     72.50000000     30.84160347      1.96456027   1049.20311680    300.00000000      0.99964309      0.12958267     -5.80009730      0.03859497     -5.76150233      0.14070230      0.05556616      0.17108758      0.02707817 md_running
   146     73.00000000     31.04749025      1.96468367   1055.25341706    300.00000000      0.99964240      0.13032992     -5.80095048      0.03859982     -5.76235066      0.12866008      0.05556965      0.15912468      0.02476064 md_running
   147     73.50000000     31.26060961      1.96201347   1062.44722278    300.00000000      0.99964148      0.13121839     -5.80183651      0.03849497     -5.76334154      0.11725061      0.05549412      0.14652840      0.02256489 md_running
   148     74.00000000     31.47837508      1.95677873   1069.65916889    300.00000000      0.99964050      0.13210911     -5.80262489      0.03828983     -5.76433506      0.10819624      0.05534606      0.13453170      0.02082238 md_running
   149     74.50000000     31.69554733      1.94927580   1075.82974984    300.00000000      0.99963960      0.13287121     -5.80319622      0.03799676     -5.76519946      0.10311940      0.05513385      0.12439035      0.01984534 md_running
   150     75.00000000     31.90786960      1.93985519   1080.09544413    300.00000000      0.99963890      0.13339805     -5.80345695      0.03763038     -5.76582657      0.10295875      0.05486739      0.11718524      0.01981442 md_running
   151     75.50000000     32.12559512      1.92890741   1081.90903764    300.00000000      0.99963851      0.13362204     -5.80335514      0.03720684     -5.76614830      0.10745638      0.05455774      0.11352692      0.02067999 md_running
   152     76.00000000     32.34072243      1.91684768   1081.08296727    300.00000000      0.99963844      0.13352001     -5.80288449      0.03674305     -5.76614144      0.11533006      0.05421664      0.11329434      0.02219528 md_running
   153     76.50000000     32.55518322      1.90410126   1077.76521237    300.00000000      0.99963872      0.13311025     -5.80208052      0.03625602     -5.76582451      0.12494601      0.05385612      0.11567603      0.02404587 md_running
   154     77.00000000     32.77327829      1.89109003   1072.36828488    300.00000000      0.99963929      0.13244370     -5.80101112      0.03576222     -5.76524891      0.13488435      0.05348810      0.11952965      0.02595850 md_running
   155     77.50000000     32.98993031      1.87822083   1065.46299592    300.00000000      0.99964011      0.13159086     -5.79976311      0.03527714     -5.76448597      0.14415182      0.05312411      0.12378434      0.02774203 md_running
   156     78.00000000     33.21155474      1.86587602   1057.66588211    300.00000000      0.99964110      0.13062787     -5.79842726      0.03481493     -5.76361233      0.15220563      0.05277494      0.12769874      0.02929199 md_running
   157     78.50000000     33.42774909      1.85440648   1049.54160940    300.00000000      0.99964218      0.12962447     -5.79708668      0.03438823     -5.76269845      0.15889007      0.05245054      0.13094365      0.03057841 md_running
   158     79.00000000     33.63667738      1.84412656   1041.54205860    300.00000000      0.99964328      0.12863648     -5.79580800      0.03400803     -5.76179997      0.16435647      0.05215978      0.13358285      0.03163042 md_running
   159     79.50000000     33.84655516      1.83531011   1033.99133824    300.00000000      0.99964436      0.12770393     -5.79464057      0.03368363     -5.76095694      0.16900243      0.05191041      0.13601052      0.03252453 md_running
   160     80.00000000     34.05492292      1.82818796   1027.09670393    300.00000000      0.99964538      0.12685240     -5.79361741      0.03342271     -5.76019470      0.17335038      0.05170896      0.13881070      0.03336130 md_running
   161     80.50000000     34.27040796      1.82294625   1020.99640681    300.00000000      0.99964630      0.12609898     -5.79276106      0.03323133     -5.75952973      0.17790694      0.05156071      0.14256462      0.03423821 md_running
   162     81.00000000     34.48710195      1.81972537   1015.82826012    300.00000000      0.99964712      0.12546068     -5.79209307      0.03311400     -5.75897907      0.18297256      0.05146961      0.14759047      0.03521309 md_running
   163     81.50000000     34.70350799      1.81861918   1011.79157251    300.00000000      0.99964779      0.12496213     -5.79164025      0.03307376     -5.75856650      0.18848733      0.05143832      0.15374519      0.03627440 md_running
   164     82.00000000     34.92214886      1.81967424   1009.19816418    300.00000000      0.99964828      0.12464182     -5.79144306      0.03311214     -5.75833092      0.19397914      0.05146816      0.16038357      0.03733130 md_running
   165     82.50000000     35.13562592      1.82288904   1008.47098660    300.00000000      0.99964854      0.12455201     -5.79155488      0.03322924     -5.75832563      0.19864885      0.05155909      0.16650229      0.03822999 md_running
   166     83.00000000     35.34368259      1.82821371   1010.06194743    300.00000000      0.99964849      0.12474851     -5.79203115      0.03342365     -5.75860750      0.20153437      0.05170969      0.17096931      0.03878531 md_running
   167     83.50000000     35.55607605      1.83554970   1014.33185374    300.00000000      0.99964806      0.12527587     -5.79291436      0.03369243     -5.75922193      0.20172314      0.05191719      0.17276980      0.03882164 md_running
   168     84.00000000     35.77997468      1.84474994   1021.43683034    300.00000000      0.99964723      0.12615337     -5.79422133      0.03403102     -5.76019031      0.19852147      0.05217741      0.17118536      0.03820547 md_running
   169     84.50000000     35.99990381      1.85561927   1031.19053243    300.00000000      0.99964601      0.12735801     -5.79592365      0.03443323     -5.76149042      0.19163075      0.05248484      0.16598042      0.03687935 md_running
   170     85.00000000     36.22126875      1.86791507   1042.99040244    300.00000000      0.99964447      0.12881536     -5.79793836      0.03489107     -5.76304729      0.18117067      0.05283262      0.15743814      0.03486631 md_running
   171     85.50000000     36.44293763      1.88134719   1055.87724882    300.00000000      0.99964274      0.13040696     -5.80013655      0.03539467     -5.76474188      0.16772882      0.05321253      0.14641826      0.03227943 md_running
   172     86.00000000     36.66181195      1.89557902   1068.65554883    300.00000000      0.99964098      0.13198516     -5.80235752      0.03593220     -5.76642532      0.15238880      0.05361507      0.13441814      0.02932724 md_running
   173     86.50000000     36.88048045      1.91023024   1080.07599852    300.00000000      0.99963936      0.13339565     -5.80443062      0.03648980     -5.76794082      0.13669012      0.05402947      0.12350214      0.02630603 md_running
   174     87.00000000     37.09238015      1.92488198   1089.09750208    300.00000000      0.99963803      0.13450986     -5.80620896      0.03705171     -5.76915725      0.12255629      0.05444388      0.11601928      0.02358597 md_running
   175     87.50000000     37.30891343      1.93908563   1095.09580803    300.00000000      0.99963707      0.13525068     -5.80759786      0.03760053     -5.76999733      0.11208157      0.05484562      0.11392028      0.02157011 md_running
   176     88.00000000     37.52627288      1.95237387   1097.92868767    300.00000000      0.99963652      0.13560056     -5.80856109      0.03811764     -5.77044346      0.10697610      0.05522147      0.11783713      0.02058756 md_running
   177     88.50000000     37.74311812      1.96427263   1097.92097446    300.00000000      0.99963636      0.13559961     -5.80911887      0.03858367     -5.77053520      0.10776154      0.05555802      0.12672142      0.02073872 md_running
   178     89.00000000     37.96639327      1.97431714   1095.81535216    300.00000000      0.99963651      0.13533955     -5.80934428      0.03897928     -5.77036500      0.11333278      0.05584212      0.13848814      0.02181090 md_running
   179     89.50000000     38.18704926      1.98207224   1092.66950413    300.00000000      0.99963687      0.13495102     -5.80935075      0.03928610     -5.77006465      0.12150285      0.05606147      0.15089010      0.02338323 md_running
   180     90.00000000     38.40564388      1.98715466   1089.69950577    300.00000000      0.99963728      0.13458421     -5.80927351      0.03948784     -5.76978567      0.12998562      0.05620522      0.16202110      0.02501574 md_running
   181     90.50000000     38.62000776      1.98925476   1088.09297782    300.00000000      0.99963760      0.13438579     -5.80924786      0.03957134     -5.76967651      0.13694081      0.05626462      0.17042550      0.02635427 md_running
   182     91.00000000     38.84061304      1.98815619   1088.80679822    300.00000000      0.99963768      0.13447395     -5.80938514      0.03952765     -5.76985749      0.14110445      0.05623355      0.17509332      0.02715556 md_running
   183     91.50000000     39.06333241      1.98375135   1092.39233257    300.00000000      0.99963741      0.13491679     -5.80975025      0.03935269     -5.77039756      0.14180545      0.05610896      0.17547550      0.02729047 md_running
   184     92.00000000     39.28226312      1.97605024   1098.90144193    300.00000000      0.99963678      0.13572070     -5.81035125      0.03904775     -5.77130350      0.13893196      0.05589114      0.17147071      0.02673747 md_running
   185     92.50000000     39.50255927      1.96518173   1107.90133348    300.00000000      0.99963580      0.13683224     -5.81114061      0.03861939     -5.77252122      0.13292704      0.05558373      0.16342886      0.02558182 md_running
   186     93.00000000     39.72191370      1.95138693   1118.58514933    300.00000000      0.99963458      0.13815175     -5.81202904      0.03807911     -5.77394993      0.12476627      0.05519356      0.15211556      0.02401128 md_running
   187     93.50000000     39.93914765      1.93500604   1129.93934108    300.00000000      0.99963323      0.13955406     -5.81290536      0.03744248     -5.77546288      0.11596666      0.05473024      0.13871481      0.02231779 md_running
   188     94.00000000     40.15991952      1.91646021   1140.93127246    300.00000000      0.99963190      0.14091163     -5.81365939      0.03672820     -5.77693119      0.10852493      0.05420568      0.12483822      0.02088563 md_running
   189     94.50000000     40.37377416      1.89623071   1150.66627283    300.00000000      0.99963069      0.14211396     -5.81420069      0.03595691     -5.77824378      0.10458903      0.05363350      0.11250282      0.02012817 md_running
   190     95.00000000     40.59008643      1.87483676   1158.44958316    300.00000000      0.99962968      0.14307524     -5.81446525      0.03515013     -5.77931512      0.10567590      0.05302839      0.10384841      0.02033734 md_running
   191     95.50000000     40.79768245      1.85281602   1163.80588034    300.00000000      0.99962894      0.14373677     -5.81441424      0.03432927     -5.78008497      0.11192404      0.05240555      0.10052014      0.02153979 md_running
   192     96.00000000     41.01075402      1.83070762   1166.50003866    300.00000000      0.99962850      0.14406952     -5.81404012      0.03351490     -5.78052522      0.12209237      0.05178023      0.10275556      0.02349669 md_running
   193     96.50000000     41.22783479      1.80903869   1166.48464894    300.00000000      0.99962835      0.14406762     -5.81335607      0.03272621     -5.78062986      0.13431829      0.05116734      0.10919522      0.02584957 md_running
   194     97.00000000     41.44364099      1.78831275   1163.81592400    300.00000000      0.99962850      0.14373801     -5.81238668      0.03198062     -5.78040605      0.14691871      0.05058112      0.11779929      0.02827452 md_running
   195     97.50000000     41.66003347      1.76900121   1158.64188479    300.00000000      0.99962894      0.14309899     -5.81116524      0.03129365     -5.77987159      0.15872290      0.05003491      0.12681232      0.03054624 md_running
   196     98.00000000     41.87591174      1.75153807   1151.21229453    300.00000000      0.99962965      0.14218139     -5.80973589      0.03067886     -5.77905703      0.16910069      0.04954098      0.13514083      0.03254344 md_running
   197     98.50000000     42.08366823      1.73631731   1141.85315120    300.00000000      0.99963060      0.14102549     -5.80815088      0.03014798     -5.77800290      0.17786480      0.04911047      0.14233479      0.03423010 md_running
   198     99.00000000     42.28821895      1.72369066   1130.94664897    300.00000000      0.99963177      0.13967847     -5.80646688      0.02971109     -5.77675579      0.18518719      0.04875333      0.14845357      0.03563929 md_running
   199     99.50000000     42.50082270      1.71396581   1118.93331715    300.00000000      0.99963313      0.13819475     -5.80474695      0.02937679     -5.77537017      0.19141985      0.04847827      0.15382455      0.03683877 md_running
   200    100.00000000     42.71236068      1.70740482   1106.30008117    300.00000000      0.99963461      0.13663447     -5.80305854      0.02915231     -5.77390622      0.19691105      0.04829270      0.15880314      0.03789555 md_running
   201    100.50000000     42.92639168      1.70422187   1093.55067025    300.00000000      0.99963618      0.13505985     -5.80147012      0.02904372     -5.77242640      0.20186196      0.04820267      0.16358452      0.03884835 md_running
   202    101.00000000     43.13558380      1.70458070   1081.18728417    300.00000000      0.99963776      0.13353290     -5.80004877      0.02905595     -5.77099282      0.20627972      0.04821282      0.16814068      0.03969855 md_running
   203    101.50000000     43.33970223      1.70859193   1069.66999775    300.00000000      0.99963930      0.13211045     -5.79885606      0.02919286     -5.76966319      0.20997064      0.04832628      0.17221390      0.04040887 md_running
   204    102.00000000     43.54553548      1.71631057   1059.36070362    300.00000000      0.99964074      0.13083719     -5.79793937      0.02945722     -5.76848215      0.21261611      0.04854459      0.17541696      0.04091799 md_running
   205    102.50000000     43.75907581      1.72773371   1050.50410902    300.00000000      0.99964202      0.12974335     -5.79733099      0.02985064     -5.76748036      0.21385307      0.04886769      0.17733119      0.04115604 md_running
   206    103.00000000     43.97685722      1.74279875   1043.21204756    300.00000000      0.99964312      0.12884274     -5.79704531      0.03037347     -5.76667183      0.21331122      0.04929379      0.17755107      0.04105176 md_running
   207    103.50000000     44.19560942      1.76138229   1037.45026595    300.00000000      0.99964401      0.12813112     -5.79707715      0.03102468     -5.76605248      0.21068525      0.04981941      0.17576677      0.04054640 md_running
   208    104.00000000     44.41023002      1.78329976   1033.04808625    300.00000000      0.99964472      0.12758743     -5.79740315      0.03180158     -5.76560157      0.20576822      0.05043933      0.17180016      0.03960011 md_running
   209    104.50000000     44.62681337      1.80830621   1029.69986563    300.00000000      0.99964525      0.12717390     -5.79798095      0.03269971     -5.76528124      0.19845148      0.05114662      0.16560866      0.03819200 md_running
   210    105.00000000     44.84864472      1.83609796   1026.98304037    300.00000000      0.99964567      0.12683836     -5.79875168      0.03371256     -5.76503913      0.18873084      0.05193269      0.15730398      0.03632127 md_running
   211    105.50000000     45.06810934      1.86631495   1024.39684890    300.00000000      0.99964603      0.12651895     -5.79964461      0.03483131     -5.76481330      0.17674400      0.05278736      0.14720575      0.03401440 md_running
   212    106.00000000     45.28797750      1.89854452   1021.39449938    300.00000000      0.99964642      0.12614814     -5.80058042      0.03604471     -5.76453571      0.16281157      0.05369895      0.13592255      0.03133310 md_running
   213    106.50000000     45.50417457      1.93232628   1017.41748145    300.00000000      0.99964691      0.12565696     -5.80147610      0.03733885     -5.76413725      0.14751754      0.05465444      0.12447720      0.02838976 md_running
   214    107.00000000     45.71588056      1.96715846   1011.94206325    300.00000000      0.99964758      0.12498071     -5.80224957      0.03869712     -5.76355245      0.13190439      0.05563964      0.11449662      0.02538501 md_running
   215    107.50000000     45.93315955      2.00250763   1004.54721349    300.00000000      0.99964851      0.12406741     -5.80282855      0.04010037     -5.76272818      0.11759973      0.05663947      0.10813937      0.02263208 md_running
   216    108.00000000     46.14956557      2.03782128    994.99778969    300.00000000      0.99964977      0.12288800     -5.80316185      0.04152716     -5.76163470      0.10683826      0.05763829      0.10749326      0.02056103 md_running
   217    108.50000000     46.36328967      2.07254301    983.32643762    300.00000000      0.99965138      0.12144652     -5.80322952      0.04295435     -5.76027517      0.10193760      0.05862037      0.11340340      0.01961790 md_running
   218    109.00000000     46.57773807      2.10612933    969.90160485    300.00000000      0.99965334      0.11978847     -5.80305240      0.04435781     -5.75869459      0.10394983      0.05957033      0.12477332      0.02000515 md_running
   219    109.50000000     46.79143457      2.13806865    955.44874563    300.00000000      0.99965559      0.11800346     -5.80269620      0.04571338     -5.75698282      0.11162476      0.06047371      0.13921546      0.02148220 md_running
   220    110.00000000     46.99475654      2.16790118    940.98081534    300.00000000      0.99965799      0.11621659     -5.80226444      0.04699796     -5.75526649      0.12210952      0.06131751      0.15408246      0.02349999 md_running
   221    110.50000000     47.20171444      2.19523973    927.63773755    300.00000000      0.99966038      0.11456864     -5.80187872      0.04819077     -5.75368794      0.13238485      0.06209076      0.16703474      0.02547748 md_running
   222    111.00000000     47.40778936      2.21979015    916.46496359    300.00000000      0.99966255      0.11318874     -5.80165336      0.04927468     -5.75237868      0.14008623      0.06278515      0.17628637      0.02695961 md_running
   223    111.50000000     47.62183309      2.24136743    908.18303978    300.00000000      0.99966430      0.11216587     -5.80166695      0.05023728     -5.75142967      0.14367790      0.06339544      0.18064244      0.02765082 md_running
   224    112.00000000     47.84802524      2.25990634    902.99991385    300.00000000      0.99966552      0.11152573     -5.80193923      0.05107177     -5.75086747      0.14247104      0.06391980      0.17955601      0.02741856 md_running
   225    112.50000000     48.07308941      2.27546475    900.54393330    300.00000000      0.99966620      0.11122240     -5.80242323      0.05177740     -5.75064584      0.13664482      0.06435986      0.17318625      0.02629731 md_running
   226    113.00000000     48.27857038      2.28821820    899.91366279    300.00000000      0.99966644      0.11114456     -5.80301221      0.05235943     -5.75065279      0.12724693      0.06472058      0.16237206      0.02448868 md_running
   227    113.50000000     48.49227911      2.29844715    899.84607916    300.00000000      0.99966645      0.11113621     -5.80355845      0.05282859     -5.75072986      0.11625388      0.06500990      0.14863578      0.02237307 md_running
   228    114.00000000     48.71091447      2.30651782    898.97336120    300.00000000      0.99966649      0.11102842     -5.80390668      0.05320024     -5.75070644      0.10654111      0.06523818      0.13412728      0.02050385 md_running
   229    114.50000000     48.92953687      2.31285926    896.05763399    300.00000000      0.99966680      0.11066831     -5.80392087      0.05349318     -5.75042769      0.10148875      0.06541754      0.12153515      0.01953152 md_running
   230    115.00000000     49.15209458      2.31793881    890.18858138    300.00000000      0.99966760      0.10994345     -5.80350833      0.05372840     -5.74977992      0.10358215      0.06556121      0.11364019      0.01993439 md_running
   231    115.50000000     49.37554506      2.32223811    880.90491330    300.00000000      0.99966902      0.10879686     -5.80263359      0.05392790     -5.74870569      0.11282643      0.06568281      0.11229448      0.02171346 md_running
   232    116.00000000     49.59690811      2.32623205    868.23232666    300.00000000      0.99967115      0.10723173     -5.80132135      0.05411356     -5.74720779      0.12705113      0.06579578      0.11740303      0.02445100 md_running
   233    116.50000000     49.82770626      2.33037083    852.64141303    300.00000000      0.99967398      0.10530616     -5.79965109      0.05430628     -5.74534480      0.14363866      0.06591284      0.12713305      0.02764327 md_running
   234    117.00000000     50.04746122      2.33506684    834.95279561    300.00000000      0.99967745      0.10312151     -5.79774375      0.05452537     -5.74321838      0.16052847      0.06604566      0.13915026      0.03089372 md_running
   235    117.50000000     50.26729034      2.34068532    816.21687617    300.00000000      0.99968141      0.10080752     -5.79574796      0.05478808     -5.74095988      0.17632870      0.06620458      0.15149655      0.03393447 md_running
   236    118.00000000     50.48647054      2.34753867    797.56705008    300.00000000      0.99968566      0.09850416     -5.79381954      0.05510938     -5.73871016      0.19018646      0.06639842      0.16284081      0.03660140 md_running
   237    118.50000000     50.70455472      2.35588377    780.08298231    300.00000000      0.99968996      0.09634477     -5.79210520      0.05550188     -5.73660331      0.20160925      0.06663446      0.17236519      0.03879972 md_running
   238    119.00000000     50.92103945      2.36592165    764.69973721    300.00000000      0.99969404      0.09444485     -5.79073125      0.05597585     -5.73475540      0.21035573      0.06691837      0.17963265      0.04048298 md_running
   239    119.50000000     51.13534675      2.37779802    752.16451831    300.00000000      0.99969764      0.09289668     -5.78979844      0.05653923     -5.73325921      0.21633736      0.06725428      0.18443179      0.04163414 md_running
   240    120.00000000     51.34160830      2.39160528    743.01479562    300.00000000      0.99970053      0.09176664     -5.78937946      0.05719776     -5.73218170      0.21956945      0.06764481      0.18671099      0.04225616 md_running
   241    120.50000000     51.55767431      2.40738477    737.55525047    300.00000000      0.99970252      0.09109235     -5.78951606      0.05795501     -5.73156104      0.22014711      0.06809112      0.18655182      0.04236733 md_running
   242    121.00000000     51.76622544      2.42512812    735.83380569    300.00000000      0.99970351      0.09087974     -5.79021649      0.05881246     -5.73140402      0.21823927      0.06859298      0.18414163      0.04200017 md_running
   243    121.50000000     51.98687077      2.44477874    737.62811616    300.00000000      0.99970348      0.09110135     -5.79145284      0.05976943     -5.73168341      0.21409640      0.06914878      0.17979190      0.04120287 md_running
   244    122.00000000     52.20365374      2.46623263    742.45025575    300.00000000      0.99970254      0.09169691     -5.79316228      0.06082303     -5.73233924      0.20804317      0.06975559      0.17395997      0.04003793 md_running
   245    122.50000000     52.41893966      2.48933717    749.57902724    300.00000000      0.99970087      0.09257736     -5.79525012      0.06196800     -5.73328212      0.20045187      0.07040909      0.16720479      0.03857698 md_running
   246    123.00000000     52.63368799      2.51388940    758.12092126    300.00000000      0.99969874      0.09363233     -5.79759787      0.06319640     -5.73440147      0.19168759      0.07110353      0.16014247      0.03689029 md_running
   247    123.50000000     52.85461682      2.53963334    767.08421887    300.00000000      0.99969640      0.09473935     -5.80007152      0.06449737     -5.73557415      0.18205179      0.07183168      0.15337042      0.03503588 md_running
   248    124.00000000     53.07287010      2.56625714    775.46270916    300.00000000      0.99969415      0.09577414     -5.80253196      0.06585676     -5.73667520      0.17177356      0.07258471      0.14742669      0.03305784 md_running
   249    124.50000000     53.27961746      2.59339145    782.31658303    300.00000000      0.99969221      0.09662063     -5.80484474      0.06725679     -5.73758794      0.16102886      0.07335219      0.14277253      0.03099002 md_running
   250    125.00000000     53.49602624      2.62060977    786.83935260    300.00000000      0.99969078      0.09717922     -5.80688771      0.06867596     -5.73821176      0.15006074      0.07412204      0.13986199      0.02887920 md_running
   251    125.50000000     53.71128771      2.64743193    788.43647782    300.00000000      0.99969002      0.09737648     -5.80856115      0.07008896     -5.73847219      0.13941295      0.07488068      0.13928128      0.02683004 md_running
   252    126.00000000     53.92760830      2.67333094    786.80543258    300.00000000      0.99969001      0.09717503     -5.80979816      0.07146698     -5.73833118      0.13015858      0.07561322      0.14174396      0.02504903 md_running
   253    126.50000000     54.14334351      2.69774472    781.99442766    300.00000000      0.99969080      0.09658085     -5.81057202      0.07277827     -5.73779376      0.12388859      0.07630374      0.14782599      0.02384237 md_running
   254    127.00000000     54.35877309      2.72009329    774.44812939    300.00000000      0.99969234      0.09564883     -5.81090344      0.07398908     -5.73691436      0.12212944      0.07693586      0.15743378      0.02350382 md_running
   255    127.50000000     54.56837949      2.73980464    765.02487356    300.00000000      0.99969451      0.09448501     -5.81086413      0.07506529     -5.73579884      0.12530671      0.07749338      0.16958920      0.02411529 md_running
   256    128.00000000     54.78795512      2.75634518    754.95397046    300.00000000      0.99969707      0.09324119     -5.81057444      0.07597439     -5.73460005      0.13221172      0.07796121      0.18260595      0.02544416 md_running
   257    128.50000000     55.00786655      2.76925220    745.68065801    300.00000000      0.99969968      0.09209589     -5.81018637      0.07668758     -5.73349880      0.14055373      0.07832628      0.19453579      0.02704958 md_running
   258    129.00000000     55.21518292      2.77816467    738.61887235    300.00000000      0.99970195      0.09122371     -5.80985398      0.07718199     -5.73267199      0.14791572      0.07857836      0.20356265      0.02846639 md_running
   259    129.50000000     55.42824228      2.78284905    734.89958880    300.00000000      0.99970348      0.09076436     -5.80970365      0.07744249     -5.73226117      0.15248322      0.07871086      0.20834228      0.02934541 md_running
   260    130.00000000     55.64791622      2.78321679    735.17658362    300.00000000      0.99970397      0.09079857     -5.80981148      0.07746296     -5.73234852      0.15337829      0.07872126      0.20823381      0.02951767 md_running
   261    130.50000000     55.86743807      2.77932972    739.54570279    300.00000000      0.99970332      0.09133818     -5.81019232      0.07724674     -5.73294558      0.15070627      0.07861132      0.20336834      0.02900344 md_running
   262    131.00000000     56.09171344      2.77139215    747.59018456    300.00000000      0.99970159      0.09233172     -5.81080653      0.07680614     -5.73400039      0.14538931      0.07838681      0.19452124      0.02798019 md_running
   263    131.50000000     56.31464412      2.75973194    758.51556424    300.00000000      0.99969901      0.09368107     -5.81157507      0.07616120     -5.73541386      0.13891011      0.07805701      0.18291807      0.02673326 md_running
   264    132.00000000     56.53219834      2.74477414    771.33002751    300.00000000      0.99969587      0.09526373     -5.81239993      0.07533785     -5.73706208      0.13297374      0.07763394      0.17002192      0.02559081 md_running
   265    132.50000000     56.75139984      2.72701048    785.01188075    300.00000000      0.99969249      0.09695352     -5.81318425      0.07436586     -5.73881839      0.12909631      0.07713150      0.15731365      0.02484460 md_running
   266    133.00000000     56.96969097      2.70696835    798.61984485    300.00000000      0.99968914      0.09863418     -5.81384277      0.07327678     -5.74056599      0.12816215      0.07656463      0.14607668      0.02466482 md_running
   267    133.50000000     57.17752204      2.68518173    811.34303393    300.00000000      0.99968602      0.10020557     -5.81430701      0.07210201     -5.74220500      0.13024871      0.07594841      0.13718505      0.02506638 md_running
   268    134.00000000     57.39221884      2.66216921    822.50946377    300.00000000      0.99968327      0.10158469     -5.81452351      0.07087145     -5.74365206      0.13494273      0.07529752      0.13117108      0.02596974 md_running
   269    134.50000000     57.61163927      2.63841952    831.60400736    300.00000000      0.99968102      0.10270792     -5.81445562      0.06961258     -5.74484305      0.14162905      0.07462577      0.12828662      0.02725652 md_running
   270    135.00000000     57.83671474      2.61438133    838.31759479    300.00000000      0.99967930      0.10353708     -5.81408884      0.06834990     -5.74573894      0.14969230      0.07394587      0.12849185      0.02880830 md_running
   271    135.50000000     58.04264147      2.59045658    842.59739234    300.00000000      0.99967813      0.10406566     -5.81343738      0.06710465     -5.74633272      0.15862577      0.07326918      0.13149074      0.03052754 md_running
   272    136.00000000     58.23633765      2.56699700    844.66047517    300.00000000      0.99967747      0.10432047     -5.81254605      0.06589474     -5.74665131      0.16804212      0.07260564      0.13680064      0.03233972 md_running
   273    136.50000000     58.45787052      2.54430385    844.97098013    300.00000000      0.99967725      0.10435882     -5.81148693      0.06473482     -5.74675211      0.17756593      0.07196378      0.14376905      0.03417258 md_running
   274    137.00000000     58.68213787      2.52262921    844.19584907    300.00000000      0.99967732      0.10426308     -5.81035420      0.06363658     -5.74671762      0.18673106      0.07135073      0.15157801      0.03593641 md_running
   275    137.50000000     58.90313342      2.50217769    843.12286600    300.00000000      0.99967755      0.10413056     -5.80925514      0.06260893     -5.74664621      0.19494339      0.07077227      0.15928005      0.03751687 md_running
   276    138.00000000     59.11592004      2.48310803    842.53805449    300.00000000      0.99967775      0.10405834     -5.80829438      0.06165826     -5.74663613      0.20152780      0.07023290      0.16589490      0.03878404 md_running
   277    138.50000000     59.31518156      2.46553448    843.08626812    300.00000000      0.99967778      0.10412604     -5.80755662      0.06078860     -5.74676801      0.20581294      0.06973585      0.17051850      0.03960872 md_running
   278    139.00000000     59.52016113      2.44952794    845.14862842    300.00000000      0.99967751      0.10438076     -5.80709168      0.06000187     -5.74708981      0.20726492      0.06928311      0.17246227      0.03988815 md_running
   279    139.50000000     59.73564043      2.43511706    848.76878454    300.00000000      0.99967691      0.10482787     -5.80690498      0.05929795     -5.74760703      0.20559470      0.06887551      0.17135550      0.03956672 md_running
   280    140.00000000     59.94285992      2.42228969    853.65391094    300.00000000      0.99967601      0.10543121     -5.80695791      0.05867487     -5.74828304      0.20083324      0.06851270      0.16721384      0.03865038 md_running
   281    140.50000000     60.15164355      2.41099472    859.24615786    300.00000000      0.99967491      0.10612188     -5.80717718      0.05812896     -5.74904822      0.19333909      0.06819323      0.16044718      0.03720812 md_running
   282    141.00000000     60.35024299      2.40114439    864.84435356    300.00000000      0.99967375      0.10681329     -5.80746974      0.05765494     -5.74981480      0.18375207      0.06791462      0.15182378      0.03536310 md_running
   283    141.50000000     60.55763826      2.39261610    869.75522311    300.00000000      0.99967267      0.10741981     -5.80774196      0.05724612     -5.75049584      0.17290035      0.06767340      0.14237072      0.03327469 md_running
   284    142.00000000     60.78001804      2.38525446    873.43868654    300.00000000      0.99967180      0.10787474     -5.80791831      0.05689439     -5.75102392      0.16167776      0.06746518      0.13327239      0.03111490 md_running
   285    142.50000000     60.99596670      2.37887154    875.59991160    300.00000000      0.99967122      0.10814167     -5.80795241      0.05659030     -5.75136211      0.15092810      0.06728465      0.12568171      0.02904613 md_running
   286    143.00000000     61.21641142      2.37324734    876.20361949    300.00000000      0.99967096      0.10821623     -5.80782945      0.05632303     -5.75150642      0.14136020      0.06712557      0.12054990      0.02720478 md_running
   287    143.50000000     61.43891813      2.36813028    875.41497190    300.00000000      0.99967098      0.10811883     -5.80755856      0.05608041     -5.75147815      0.13352697      0.06698084      0.11851178      0.02569728 md_running
   288    144.00000000     61.66421289      2.36323700    873.50411644    300.00000000      0.99967126      0.10788282     -5.80715976      0.05584889     -5.75131087      0.12786522      0.06684244      0.11978169      0.02460767 md_running
   289    144.50000000     61.89026634      2.35825447    870.74165206    300.00000000      0.99967173      0.10754164     -5.80665282      0.05561364     -5.75103918      0.12465787      0.06670151      0.12413488      0.02399042 md_running
   290    145.00000000     62.10943804      2.35284447    867.31255519    300.00000000      0.99967234      0.10711813     -5.80604408      0.05535877     -5.75068531      0.12400810      0.06654849      0.13103438      0.02386537 md_running
   291    145.50000000     62.32811843      2.34665046    863.34270339    300.00000000      0.99967308      0.10662783     -5.80533162      0.05506768     -5.75026393      0.12576156      0.06637330      0.13974717      0.02420282 md_running
   292    146.00000000     62.55121767      2.33930719    859.00620052    300.00000000      0.99967392      0.10609225     -5.80451891      0.05472358     -5.74979533      0.12946422      0.06616560      0.14943075      0.02491540 md_running
   293    146.50000000     62.77575135      2.33045344    854.61786401    300.00000000      0.99967482      0.10555026     -5.80362840      0.05431013     -5.74931827      0.13437146      0.06591518      0.15916650      0.02585980 md_running
   294    147.00000000     62.98464367      2.31974784    850.68112396    300.00000000      0.99967570      0.10506405     -5.80270745      0.05381230     -5.74889515      0.13956264      0.06561238      0.16803584      0.02685884 md_running
   295    147.50000000     63.20619729      2.30688612    847.86430773    300.00000000      0.99967643      0.10471616     -5.80182647      0.05321724     -5.74860923      0.14407836      0.06524859      0.17516286      0.02772789 md_running
   296    148.00000000     63.42709296      2.29161912    846.89787468    300.00000000      0.99967685      0.10459680     -5.80106764      0.05251518     -5.74855246      0.14709963      0.06481678      0.17983524      0.02830934 md_running
   297    148.50000000     63.64581170      2.27376888    848.40528110    300.00000000      0.99967681      0.10478297     -5.80050389      0.05170025     -5.74880364      0.14809719      0.06431190      0.18158895      0.02850132 md_running
   298    149.00000000     63.86553219      2.25324195    852.73636412    300.00000000      0.99967621      0.10531789     -5.80017782      0.05077099     -5.74940682      0.14694710      0.06373131      0.18029393      0.02827998 md_running
   299    149.50000000     64.08153610      2.23003868    859.87185041    300.00000000      0.99967502      0.10619916     -5.80009112      0.04973073     -5.75036040      0.14398519      0.06307502      0.17620774      0.02770996 md_running
   300    150.00000000     64.29742410      2.20425666    869.40357621    300.00000000      0.99967331      0.10737638     -5.80020093      0.04858747     -5.75161345      0.13998221      0.06234579      0.16996301      0.02693959 md_running
   301    150.50000000     64.52278214      2.17608801    880.60249430    300.00000000      0.99967123      0.10875951     -5.80042875      0.04735359     -5.75307516      0.13600974      0.06154906      0.16248082      0.02617509 md_running
   302    151.00000000     64.74104631      2.14581088    892.55395598    300.00000000      0.99966896      0.11023559     -5.80067648      0.04604504     -5.75463144      0.13319229      0.06069270      0.15481792      0.02563287 md_running
   303    151.50000000     64.95531495      2.11377655    904.31562127    300.00000000      0.99966670      0.11168822     -5.80084506      0.04468051     -5.75616454      0.13237129      0.05978663      0.14796135      0.02547487 md_running
   304    152.00000000     65.17324468      2.08039285    915.08142976    300.00000000      0.99966462      0.11301786     -5.80085411      0.04328034     -5.75757376      0.13380602      0.05884240      0.14255575      0.02575098 md_running
   305    152.50000000     65.38867651      2.04610795    924.31831489    300.00000000      0.99966282      0.11415867     -5.80065816      0.04186558     -5.75879259      0.13718473      0.05787267      0.13881712      0.02640121 md_running
   306    153.00000000     65.61364228      2.01139521    931.82919574    300.00000000      0.99966135      0.11508631     -5.80025387      0.04045711     -5.75979676      0.14187579      0.05689085      0.13660188      0.02730401 md_running
   307    153.50000000     65.83749504      1.97674007    937.75907652    300.00000000      0.99966020      0.11581868     -5.79967907      0.03907501     -5.76060405      0.14724666      0.05591065      0.13562328      0.02833763 md_running
   308    154.00000000     66.05641519      1.94262832    942.54527221    300.00000000      0.99965931      0.11640981     -5.79900746      0.03773805     -5.76126941      0.15285174      0.05494583      0.13562402      0.02941633 md_running
   309    154.50000000     66.27655717      1.90953617    946.80204888    300.00000000      0.99965857      0.11693554     -5.79833297      0.03646328     -5.76186969      0.15849049      0.05400984      0.13648498      0.03050151 md_running
   310    155.00000000     66.49463507      1.87792252    951.17405389    300.00000000      0.99965786      0.11747551     -5.79775178      0.03526593     -5.76248585      0.16415253      0.05311567      0.13821443      0.03159117 md_running
   311    155.50000000     66.71952003      1.84822352    956.18808632    300.00000000      0.99965710      0.11809477     -5.79734311      0.03415930     -5.76318381      0.16991295      0.05227566      0.14086231      0.03269976 md_running
   312    156.00000000     66.95294098      1.82084935    962.16051613    300.00000000      0.99965621      0.11883240     -5.79715759      0.03315492     -5.76400267      0.17578580      0.05150140      0.14438148      0.03382999 md_running
   313    156.50000000     67.17746051      1.79618133    969.18743412    300.00000000      0.99965515      0.11970027     -5.79721675      0.03226267     -5.76495407      0.18167150      0.05080368      0.14856528      0.03496270 md_running
   314    157.00000000     67.39207579      1.77456929    977.20401111    300.00000000      0.99965395      0.12069036     -5.79752010      0.03149096     -5.76602914      0.18733400      0.05019240      0.15304193      0.03605245 md_running
   315    157.50000000     67.58267682      1.75632808    986.08898811    300.00000000      0.99965262      0.12178771     -5.79805924      0.03084688     -5.76721236      0.19244502      0.04967646      0.15733928      0.03703606 md_running
   316    158.00000000     67.80016571      1.74173308    995.76034343    300.00000000      0.99965119      0.12298218     -5.79882942      0.03033634     -5.76849308      0.19664845      0.04926365      0.16097141      0.03784501 md_running
   317    158.50000000     68.02267453      1.73101491   1006.22137130    300.00000000      0.99964966      0.12427417     -5.79983622      0.02996413     -5.76987209      0.19959809      0.04896050      0.16349182      0.03841267 md_running
   318    159.00000000     68.23946888      1.72435310   1017.53955363    300.00000000      0.99964805      0.12567203     -5.80109211      0.02973394     -5.77135817      0.20099345      0.04877207      0.16453013      0.03868121 md_running
   319    159.50000000     68.45343263      1.72186948   1029.76861801    300.00000000      0.99964635      0.12718240     -5.80260764      0.02964834     -5.77295929      0.20060451      0.04870182      0.16381661      0.03860636 md_running
   320    160.00000000     68.67540928      1.72362184   1042.84683060    300.00000000      0.99964456      0.12879763     -5.80437708      0.02970872     -5.77466836      0.19827133      0.04875139      0.16117816      0.03815734 md_running
   321    160.50000000     68.89391903      1.72959852   1056.50422221    300.00000000      0.99964270      0.13048440     -5.80636777      0.02991511     -5.77645266      0.19388708      0.04892043      0.15651727      0.03731359 md_running
   322    161.00000000     69.11309647      1.73971416   1070.20574531    300.00000000      0.99964085      0.13217662     -5.80851222      0.03026605     -5.77824617      0.18740797      0.04920655      0.14982758      0.03606668 md_running
   323    161.50000000     69.33373830      1.75380708   1083.14140031    300.00000000      0.99963909      0.13377424     -5.81070696      0.03075839     -5.77994857      0.17886926      0.04960516      0.14122796      0.03442340 md_running
   324    162.00000000     69.53951691      1.77163784   1094.24780086    300.00000000      0.99963752      0.13514595     -5.81281537      0.03138701     -5.78142836      0.16838913      0.05010949      0.13100560      0.03240650 md_running
   325    162.50000000     69.75701460      1.79288780   1102.27404990    300.00000000      0.99963629      0.13613724     -5.81467355      0.03214447     -5.78252909      0.15623867      0.05071052      0.11974683      0.03006815 md_running
   326    163.00000000     69.97656460      1.81715809   1105.94923278    300.00000000      0.99963554      0.13659114     -5.81611190      0.03302064     -5.78309127      0.14299580      0.05139699      0.10858004      0.02751955 md_running
   327    163.50000000     70.19508137      1.84397172   1104.19336281    300.00000000      0.99963540      0.13637428     -5.81698216      0.03400232     -5.78297984      0.12969278      0.05215540      0.09939602      0.02495939 md_running
   328    164.00000000     70.41600502      1.87278009   1096.30430072    300.00000000      0.99963599      0.13539994     -5.81717867      0.03507305     -5.78210561      0.11790165      0.05297022      0.09475721      0.02269018 md_running
   329    164.50000000     70.63569066      1.90297311   1082.11804643    300.00000000      0.99963737      0.13364785     -5.81666018      0.03621307     -5.78044711      0.10961474      0.05382421      0.09691979      0.02109537 md_running
   330    165.00000000     70.85034280      1.93389235   1062.09598500    300.00000000      0.99963957      0.13117501     -5.81546014      0.03739940     -5.77806075      0.10662124      0.05469874      0.10628456      0.02051927 md_running
   331    165.50000000     71.06668824      1.96484467   1037.30142881    300.00000000      0.99964259      0.12811274     -5.81368439      0.03860615     -5.77507824      0.10960424      0.05557420      0.12120109      0.02109335 md_running
   332    166.00000000     71.28298629      1.99511873   1009.29607263    300.00000000      0.99964631      0.12465392     -5.81149812      0.03980499     -5.77169313      0.11758820      0.05643048      0.13915035      0.02262986 md_running
   333    166.50000000     71.49962737      2.02400746    979.95374849    300.00000000      0.99965058      0.12102997     -5.80910500      0.04096606     -5.76813894      0.12846079      0.05724758      0.15772220      0.02472229 md_running
   334    167.00000000     71.71792594      2.05083743    951.21975139    300.00000000      0.99965517      0.11748115     -5.80671670      0.04205934     -5.76465735      0.13987272      0.05800644      0.17491380      0.02691852 md_running
   335    167.50000000     71.93746814      2.07500206    924.88021395    300.00000000      0.99965977      0.11422807     -5.80452746      0.04305634     -5.76147113      0.14987631      0.05868992      0.18919109      0.02884371 md_running
   336    168.00000000     72.15308032      2.09599538    902.36430601    300.00000000      0.99966409      0.11144722     -5.80268994      0.04393197     -5.75875797      0.15710427      0.05928370      0.19945854      0.03023473 md_running
   337    168.50000000     72.37473711      2.11344346    884.61944610    300.00000000      0.99966781      0.10925563     -5.80130240      0.04466643     -5.75663597      0.16076974      0.05977721      0.20503544      0.03094015 md_running
   338    169.00000000     72.59228439      2.12713117    872.05457383    300.00000000      0.99967072      0.10770380     -5.80040323      0.04524687     -5.75515636      0.16073290      0.06016435      0.20575136      0.03093306 md_running
   339    169.50000000     72.81585712      2.13701844    864.53782578    300.00000000      0.99967268      0.10677543     -5.79997141      0.04566848     -5.75430293      0.15757228      0.06044401      0.20202452      0.03032480 md_running
   340    170.00000000     73.03831433      2.14324288    861.46468678    300.00000000      0.99967371      0.10639588     -5.79993535      0.04593490     -5.75400045      0.15258623      0.06062006      0.19487433      0.02936523 md_running
   341    170.50000000     73.25912301      2.14610743    861.89693160    300.00000000      0.99967393      0.10644927     -5.80018996      0.04605777     -5.75413218      0.14764633      0.06070108      0.18583847      0.02841455 md_running
   342    171.00000000     73.47880867      2.14605454    864.73264602    300.00000000      0.99967356      0.10679950     -5.80061660      0.04605550     -5.75456110      0.14476615      0.06069959      0.17673144      0.02786026 md_running
   343    171.50000000     73.70366101      2.14363046    868.86694575    300.00000000      0.99967282      0.10731011     -5.80110130      0.04595152     -5.75514979      0.14541710      0.06063103      0.16926128      0.02798553 md_running
   344    172.00000000     73.92461835      2.13944435    873.32639350    300.00000000      0.99967193      0.10786087     -5.80154940      0.04577222     -5.75577718      0.14991957      0.06051262      0.16456855      0.02885204 md_running
   345    172.50000000     74.14799501      2.13412660    877.35546541    300.00000000      0.99967108      0.10835849     -5.80189511      0.04554496     -5.75635014      0.15737189      0.06036222      0.16287778      0.03028623 md_running
   346    173.00000000     74.37444024      2.12829008    880.43808687    300.00000000      0.99967037      0.10873921     -5.80210103      0.04529619     -5.75680484      0.16618401      0.06019713      0.16350142      0.03198213 md_running
   347    173.50000000     74.59996650      2.12249764    882.27072706    300.00000000      0.99966989      0.10896555     -5.80215407      0.04504996     -5.75710411      0.17471342      0.06003330      0.16521527      0.03362361 md_running
   348    174.00000000     74.81406810      2.11723732    882.70965119    300.00000000      0.99966967      0.10901976     -5.80205751      0.04482694     -5.75723057      0.18171044      0.05988451      0.16676080      0.03497019 md_running
   349    174.50000000     75.03382404      2.11290792    881.70714731    300.00000000      0.99966972      0.10889595     -5.80182240      0.04464380     -5.75717860      0.18642185      0.05976206      0.16718812      0.03587690 md_running
   350    175.00000000     75.24966842      2.10981280    879.26762141    300.00000000      0.99967006      0.10859465     -5.80146180      0.04451310     -5.75694870      0.18853916      0.05967452      0.16596397      0.03628438 md_running
   351    175.50000000     75.47002856      2.10816000    875.42720530    300.00000000      0.99967067      0.10812034     -5.80098845      0.04444339     -5.75654506      0.18811714      0.05962777      0.16295983      0.03620316 md_running
   352    176.00000000     75.68868381      2.10806739    870.24253478    300.00000000      0.99967155      0.10748000     -5.80041410      0.04443948     -5.75597462      0.18550475      0.05962515      0.15840276      0.03570041 md_running
   353    176.50000000     75.91381859      2.10957180    863.78057117    300.00000000      0.99967271      0.10668191     -5.79974867      0.04450293     -5.75524573      0.18126416      0.05966770      0.15280149      0.03488430 md_running
   354    177.00000000     76.13291159      2.11264063    856.10095018    300.00000000      0.99967413      0.10573343     -5.79899814      0.04463250     -5.75436564      0.17610385      0.05975450      0.14688382      0.03389120 md_running
   355    177.50000000     76.33875226      2.11718396    847.24388810    300.00000000      0.99967582      0.10463953     -5.79816381      0.04482468     -5.75333913      0.17081312      0.05988301      0.14152142      0.03287300 md_running
   356    178.00000000     76.53953393      2.12306622    837.24247600    300.00000000      0.99967779      0.10340430     -5.79724389      0.04507410     -5.75216979      0.16615533      0.06004938      0.13759121      0.03197661 md_running
   357    178.50000000     76.76042501      2.13011611    826.16322903    300.00000000      0.99968005      0.10203595     -5.79623910      0.04537395     -5.75086516      0.16272027      0.06024878      0.13575666      0.03131553 md_running
   358    179.00000000     76.98129428      2.13813459    814.16461095    300.00000000      0.99968260      0.10055405     -5.79516054      0.04571620     -5.74944435      0.16074569      0.06047558      0.13621363      0.03093552 md_running
   359    179.50000000     77.20279049      2.14690066    801.56039017    300.00000000      0.99968540      0.09899736     -5.79403732      0.04609182     -5.74794549      0.16000117      0.06072352      0.13856250      0.03079224 md_running
   360    180.00000000     77.42287724      2.15617504    788.86113149    300.00000000      0.99968838      0.09742892     -5.79292288      0.04649091     -5.74643198      0.15983007      0.06098584      0.14191729      0.03075931 md_running
   361    180.50000000     77.64264976      2.16570254    776.74968394    300.00000000      0.99969140      0.09593309     -5.79189158      0.04690267     -5.74498891      0.15932942      0.06125532      0.14518535      0.03066296 md_running
   362    181.00000000     77.85355664      2.17521405    765.99115217    300.00000000      0.99969428      0.09460435     -5.79102752      0.04731556     -5.74371196      0.15760665      0.06152434      0.14738448      0.03033141 md_running
   363    181.50000000     78.06457623      2.18442863    757.30366885    300.00000000      0.99969679      0.09353139     -5.79040848      0.04771728     -5.74269119      0.15402705      0.06178497      0.14789918      0.02964252 md_running
   364    182.00000000     78.28858459      2.19305587    751.21501905    300.00000000      0.99969874      0.09277941     -5.79008799      0.04809494     -5.74199305      0.14840275      0.06202899      0.14661936      0.02856012 md_running
   365    182.50000000     78.50773824      2.20079982    747.95577218    300.00000000      0.99969999      0.09237687     -5.79008165      0.04843520     -5.74164645      0.14106913      0.06224802      0.14395504      0.02714877 md_running
   366    183.00000000     78.73040605      2.20736503    747.42979348    300.00000000      0.99970048      0.09231191     -5.79036416      0.04872460     -5.74163956      0.13286133      0.06243371      0.14073952      0.02556917 md_running
   367    183.50000000     78.95087084      2.21246417    749.26252146    300.00000000      0.99970028      0.09253827     -5.79087553      0.04894998     -5.74192556      0.12500944      0.06257794      0.13803626      0.02405808 md_running
   368    184.00000000     79.17144785      2.21582661    752.90732547    300.00000000      0.99969952      0.09298842     -5.79153504      0.04909888     -5.74243617      0.11888291      0.06267304      0.13681972      0.02287903 md_running
   369    184.50000000     79.39740922      2.21720758    757.77942351    300.00000000      0.99969837      0.09359015     -5.79225823      0.04916009     -5.74309814      0.11558498      0.06271210      0.13764160      0.02224434 md_running
   370    185.00000000     79.61406144      2.21639739    763.38064856    300.00000000      0.99969699      0.09428194     -5.79297361      0.04912417     -5.74384943      0.11552531      0.06268918      0.14044088      0.02223286 md_running
   371    185.50000000     79.81976050      2.21322979    769.38643138    300.00000000      0.99969549      0.09502369     -5.79363368      0.04898386     -5.74464982      0.11823719      0.06259959      0.14458609      0.02275476 md_running
   372    186.00000000     80.03014387      2.20758909    775.68229132    300.00000000      0.99969393      0.09580126     -5.79421984      0.04873450     -5.74548535      0.12261024      0.06244005      0.14911175      0.02359635 md_running
   373    186.50000000     80.24704012      2.19941529    782.33891206    300.00000000      0.99969232      0.09662339     -5.79473946      0.04837428     -5.74636519      0.12732572      0.06220886      0.15298287      0.02450385 md_running
   374    187.00000000     80.46606766      2.18870689    789.53279536    300.00000000      0.99969064      0.09751188     -5.79521712      0.04790438     -5.74731274      0.13120299      0.06190598      0.15528634      0.02525003 md_running
   375    187.50000000     80.68497118      2.17552109    797.41796807    300.00000000      0.99968883      0.09848574     -5.79567678      0.04732892     -5.74834786      0.13337630      0.06153303      0.15533656      0.02566828 md_running
   376    188.00000000     80.90143319      2.15997147    805.98463627    300.00000000      0.99968689      0.09954378     -5.79612517      0.04665477     -5.74947040      0.13334617      0.06109322      0.15272103      0.02566248 md_running
   377    188.50000000     81.10591176      2.14222353    814.98124741    300.00000000      0.99968485      0.10065491     -5.79654029      0.04589122     -5.75064908      0.13105338      0.06059123      0.14737433      0.02522123 md_running
   378    189.00000000     81.31986078      2.12248869    823.91894334    300.00000000      0.99968280      0.10175877     -5.79687247      0.04504958     -5.75182289      0.12688011      0.06003305      0.13959650      0.02441809 md_running
   379    189.50000000     81.54115322      2.10101726    832.13525338    300.00000000      0.99968087      0.10277353     -5.79705190      0.04414274     -5.75290917      0.12164737      0.05942574      0.13007269      0.02341105 md_running
   380    190.00000000     81.76222408      2.07809093    838.90512648    300.00000000      0.99967922      0.10360965     -5.79700178      0.04318462     -5.75381716      0.11660209      0.05877729      0.11991675      0.02244008 md_running
   381    190.50000000     81.97856076      2.05401554    843.59799004    300.00000000      0.99967798      0.10418924     -5.79665683      0.04218980     -5.75446703      0.11329084      0.05809633      0.11069806      0.02180283 md_running
   382    191.00000000     82.19609244      2.02911379    845.83410454    300.00000000      0.99967724      0.10446542     -5.79598434      0.04117303     -5.75481131      0.11321407      0.05739200      0.10430863      0.02178806 md_running
   383    191.50000000     82.41799893      2.00371858    845.58146448    300.00000000      0.99967704      0.10443421     -5.79499403      0.04014888     -5.75484515      0.11729749      0.05667372      0.10248704      0.02257391 md_running
   384    192.00000000     82.63957520      1.97816696    843.19180436    300.00000000      0.99967733      0.10413908     -5.79374354      0.03913145     -5.75461209      0.12546852      0.05595101      0.10598960      0.02414643 md_running
   385    192.50000000     82.85919501      1.95279447    839.37258083    300.00000000      0.99967802      0.10366738     -5.79233383      0.03813406     -5.75419976      0.13673662      0.05523337      0.11411295      0.02631497 md_running
   386    193.00000000     83.06985037      1.92792962    835.08565228    300.00000000      0.99967892      0.10313792     -5.79089768      0.03716913     -5.75372856      0.14965834      0.05453008      0.12513289      0.02880176 md_running
   387    193.50000000     83.27657496      1.90388926    831.40030504    300.00000000      0.99967982      0.10268276     -5.78957930      0.03624794     -5.75333135      0.16274269      0.05385012      0.13708907      0.03131985 md_running
   388    194.00000000     83.48742019      1.88097474    829.34665812    300.00000000      0.99968048      0.10242912     -5.78851725      0.03538066     -5.75313659      0.17466131      0.05320200      0.14826311      0.03361358 md_running
   389    194.50000000     83.70672993      1.85946816    829.78230154    300.00000000      0.99968069      0.10248293     -5.78782782      0.03457622     -5.75325160      0.18438407      0.05259370      0.15736385      0.03548473 md_running
   390    195.00000000     83.92601617      1.83962924    833.28221526    300.00000000      0.99968027      0.10291519     -5.78759042      0.03384236     -5.75374807      0.19124420      0.05203257      0.16356718      0.03680496 md_running
   391    195.50000000     84.14883065      1.82169287    840.08401355    300.00000000      0.99967917      0.10375525     -5.78784136      0.03318565     -5.75465571      0.19498408      0.05152526      0.16653311      0.03752470 md_running
   392    196.00000000     84.36848601      1.80586735    850.09621706    300.00000000      0.99967737      0.10499181     -5.78857472      0.03261157     -5.75596315      0.19575139      0.05107764      0.16638103      0.03767237 md_running
   393    196.50000000     84.57867233      1.79233328    862.95600121    300.00000000      0.99967498      0.10658007     -5.78974969      0.03212459     -5.75762510      0.19402857      0.05069484      0.16361148      0.03734082 md_running
   394    197.00000000     84.79102105      1.78124290    878.13160100    300.00000000      0.99967214      0.10845434     -5.79130346      0.03172826     -5.75957520      0.19054376      0.05038116      0.15902310      0.03667016 md_running
   395    197.50000000     85.01162429      1.77271909    895.02830150    300.00000000      0.99966900      0.11054118     -5.79316509      0.03142533     -5.76173976      0.18607190      0.05014007      0.15349741      0.03580955 md_running
   396    198.00000000     85.23677257      1.76685430    913.06166718    300.00000000      0.99966572      0.11276841     -5.79526426      0.03121774     -5.76404652      0.18129066      0.04997419      0.14784458      0.03488940 md_running
   397    198.50000000     85.45783678      1.76370882    931.68435873    300.00000000      0.99966241      0.11506842     -5.79753490      0.03110669     -5.76642821      0.17663206      0.04988522      0.14262137      0.03399286 md_running
   398    199.00000000     85.66535956      1.76330836    950.36399370    300.00000000      0.99965917      0.11737546     -5.79991195      0.03109256     -5.76881938      0.17224927      0.04987389      0.13807546      0.03314939 md_running
   399    199.50000000     85.88168449      1.76564106    968.54250149    300.00000000      0.99965610      0.11962061     -5.80232630      0.03117488     -5.77115142      0.16806175      0.04993987      0.13417851      0.03234350 md_running
   400    200.00000000     86.09932602      1.77065424    985.59979265    300.00000000      0.99965326      0.12172729     -5.80469977      0.03135216     -5.77334760      0.16386490      0.05008166      0.13074819      0.03153581 md_running
   401    200.50000000     86.31771855      1.77825170   1000.86671989    300.00000000      0.99965075      0.12361284     -5.80694630      0.03162179     -5.77532450      0.15944877      0.05029655      0.12759350      0.03068593 md_running
   402    201.00000000     86.53548472      1.78829191   1013.69797333    300.00000000      0.99964863      0.12519758     -5.80898108      0.03197988     -5.77700120      0.15465082      0.05058053      0.12458519      0.02976257 md_running
   403    201.50000000     86.75547187      1.80058740   1023.56925276    300.00000000      0.99964697      0.12641674     -5.81073314      0.03242115     -5.77831199      0.14935524      0.05092830      0.12166075      0.02874343 md_running
   404    202.00000000     86.97670270      1.81490549   1030.16906570    300.00000000      0.99964578      0.12723185     -5.81215633      0.03293882     -5.77921751      0.14349539      0.05133328      0.11881600      0.02761570 md_running
   405    202.50000000     87.19455154      1.83097091   1033.45930649    300.00000000      0.99964509      0.12763822     -5.81323700      0.03352454     -5.77971245      0.13705715      0.05178768      0.11609095      0.02637666 md_running
   406    203.00000000     87.41153883      1.84847117   1033.67895774    300.00000000      0.99964485      0.12766534     -5.81399497      0.03416846     -5.77982651      0.13007836      0.05228266      0.11356004      0.02503359 md_running
   407    203.50000000     87.62809770      1.86706450   1031.27959933    300.00000000      0.99964502      0.12736901     -5.81447535      0.03485930     -5.77961605      0.12268087      0.05280856      0.11135435      0.02360994 md_running
   408    204.00000000     87.84652496      1.88638978   1026.81807173    300.00000000      0.99964552      0.12681799     -5.81473527      0.03558466     -5.77915061      0.11514278      0.05335516      0.10971231      0.02215924 md_running
   409    204.50000000     88.06269338      1.90607803   1020.84638362    300.00000000      0.99964628      0.12608045     -5.81483007      0.03633133     -5.77849874      0.10799170      0.05391203      0.10901327      0.02078301 md_running
   410    205.00000000     88.28291961      1.92576510   1013.82519470    300.00000000      0.99964722      0.12521329     -5.81480322      0.03708571     -5.77771751      0.10205388      0.05446886      0.10973954      0.01964028 md_running
   411    205.50000000     88.49664769      1.94510504   1006.07573036    300.00000000      0.99964830      0.12425619     -5.81468101      0.03783434     -5.77684668      0.09835207      0.05501588      0.11231213      0.01892787 md_running
   412    206.00000000     88.70708556      1.96378379    997.78821193    300.00000000      0.99964949      0.12323263     -5.81447349      0.03856447     -5.77590902      0.09775348      0.05554419      0.11686063      0.01881267 md_running
   413    206.50000000     88.92889743      1.98153293    989.07446010    300.00000000      0.99965078      0.12215643     -5.81418249      0.03926473     -5.77491776      0.10046689      0.05604621      0.12304530      0.01933486 md_running
   414    207.00000000     89.14517033      1.99814226    980.03794561    300.00000000      0.99965214      0.12104037     -5.81381086      0.03992572     -5.77388513      0.10580853      0.05651600      0.13007102      0.02036286 md_running
   415    207.50000000     89.36576492      2.01347063    970.83530945    300.00000000      0.99965356      0.11990379     -5.81337097      0.04054064     -5.77283033      0.11244995      0.05694955      0.13686212      0.02164100 md_running
   416    208.00000000     89.58288811      2.02745351    961.68997838    300.00000000      0.99965503      0.11877429     -5.81288693      0.04110568     -5.77178125      0.11891276      0.05734505      0.14230736      0.02288477 md_running
   417    208.50000000     89.79959403      2.04010609    952.85984197    300.00000000      0.99965649      0.11768372     -5.81239061      0.04162033     -5.77077028      0.12396804      0.05770291      0.14546300      0.02385766 md_running
   418    209.00000000     90.01905611      2.05152209    944.56392763    300.00000000      0.99965791      0.11665912     -5.81191281      0.04208743     -5.76982538      0.12686843      0.05802581      0.14572735      0.02441584 md_running
   419    209.50000000     90.23845359      2.06186833    936.86872712    300.00000000      0.99965925      0.11570872     -5.81146894      0.04251301     -5.76895593      0.12747022      0.05831844      0.14296544      0.02453166 md_running
   420    210.00000000     90.45650715      2.07137558    929.57210063    300.00000000      0.99966051      0.11480754     -5.81104342      0.04290597     -5.76813745      0.12632630      0.05858735      0.13763522      0.02431151 md_running
   421    210.50000000     90.67877416      2.08032674    922.14445055    300.00000000      0.99966176      0.11389019     -5.81058178      0.04327759     -5.76730418      0.12469344      0.05884053      0.13088052      0.02399726 md_running
   422    211.00000000     90.89489563      2.08904255    913.76724375    300.00000000      0.99966312      0.11285555     -5.80999491      0.04364099     -5.76635393      0.12435205      0.05908705      0.12453015      0.02393156 md_running
   423    211.50000000     91.09686680      2.09786543    903.47470671    300.00000000      0.99966476      0.11158436     -5.80917571      0.04401039     -5.76516532      0.12712097      0.05933659      0.12083900      0.02446444 md_running
   424    212.00000000     91.29971968      2.10714295    890.39033054    300.00000000      0.99966688      0.10996837     -5.80802784      0.04440051     -5.76362733      0.13413839      0.05959900      0.12178581      0.02581495 md_running
   425    212.50000000     91.51575855      2.11721266    873.99947396    300.00000000      0.99966965      0.10794400     -5.80650042      0.04482589     -5.76167453      0.14533561      0.05988382      0.12812626      0.02796985 md_running
   426    213.00000000     91.73144132      2.12838782    854.36953560    300.00000000      0.99967320      0.10551959     -5.80461403      0.04530035     -5.75931368      0.15955967      0.06019990      0.13900130      0.03070727 md_running
   427    213.50000000     91.94729838      2.14094503    832.24970369    300.00000000      0.99967753      0.10278766     -5.80247404      0.04583646     -5.75663758      0.17509731      0.06055507      0.15248757      0.03369749 md_running
   428    214.00000000     92.16331554      2.15511329    809.00109307    300.00000000      0.99968250      0.09991633     -5.80026114      0.04644513     -5.75381601      0.19019055      0.06095581      0.16645714      0.03660219 md_running
   429    214.50000000     92.37913869      2.17106447    786.37480982    300.00000000      0.99968783      0.09712185     -5.79820279      0.04713521     -5.75106758      0.20328924      0.06140698      0.17905194      0.03912303 md_running
   430    215.00000000     92.59940763      2.18890510    766.20964718    300.00000000      0.99969309      0.09463133     -5.79653546      0.04791306     -5.74862241      0.21312120      0.06191159      0.18879966      0.04101519 md_running
   431    215.50000000     92.81106588      2.20867046    750.09881520    300.00000000      0.99969778      0.09264155     -5.79546237      0.04878225     -5.74668012      0.21874262      0.06247063      0.19466514      0.04209704 md_running
   432    216.00000000     93.02482746      2.23031986    739.09165593    300.00000000      0.99970142      0.09128211     -5.79511570      0.04974327     -5.74537243      0.21954276      0.06308297      0.19601518      0.04225102 md_running
   433    216.50000000     93.24024085      2.25373500    733.49722232    300.00000000      0.99970369      0.09059116     -5.79553196      0.05079321     -5.74473875      0.21528881      0.06374525      0.19266190      0.04143235 md_running
   434    217.00000000     93.46060538      2.27872103    732.83121976    300.00000000      0.99970452      0.09050890     -5.79664451      0.05192570     -5.74471881      0.20615727      0.06445196      0.18489401      0.03967499 md_running
   435    217.50000000     93.67803264      2.30501096    735.92322280    300.00000000      0.99970411      0.09089079     -5.79829783      0.05313076     -5.74516708      0.19275131      0.06519556      0.17351699      0.03709501 md_running
   436    218.00000000     93.89780000      2.33227298    741.15823329    300.00000000      0.99970287      0.09153734     -5.80027654      0.05439497     -5.74588156      0.17613472      0.06596664      0.15992081      0.03389714 md_running
   437    218.50000000     94.11399896      2.36012008    746.79694998    300.00000000      0.99970130      0.09223375     -5.80234666      0.05570167     -5.74664499      0.15786556      0.06675428      0.14613414      0.03038124 md_running
   438    219.00000000     94.32857633      2.38812137    751.32873548    300.00000000      0.99969987      0.09279346     -5.80429922      0.05703124     -5.74726798      0.14004269      0.06754627      0.13476842      0.02695123 md_running
   439    219.50000000     94.54844526      2.41581490    753.76262532    300.00000000      0.99969891      0.09309405     -5.80598897      0.05836162     -5.74762735      0.12516505      0.06832956      0.12843856      0.02408803 md_running
   440    220.00000000     94.76369526      2.44272318    753.78446522    300.00000000      0.99969859      0.09309675     -5.80735212      0.05966897     -5.74768315      0.11562308      0.06909064      0.12863439      0.02225167 md_running
   441    220.50000000     94.97654282      2.46837180    751.75586679    300.00000000      0.99969889      0.09284621     -5.80841034      0.06092859     -5.74748175      0.11253098      0.06981610      0.13471056      0.02165660 md_running
   442    221.00000000     95.19869316      2.49230976    748.50834974    300.00000000      0.99969964      0.09244512     -5.80924439      0.06211608     -5.74712831      0.11479748      0.07049317      0.14423383      0.02209279 md_running
   443    221.50000000     95.40534724      2.51413063    745.01887644    300.00000000      0.99970058      0.09201415     -5.80995469      0.06320853     -5.74674617      0.11968352      0.07111035      0.15428441      0.02303310 md_running
   444    222.00000000     95.62400562      2.53349250    742.07658236    300.00000000      0.99970148      0.09165076     -5.81062026      0.06418584     -5.74643442      0.12427360      0.07165799      0.16242885      0.02391647 md_running
   445    222.50000000     95.84712114      2.55013468    740.04322627    300.00000000      0.99970217      0.09139963     -5.81127074      0.06503187     -5.74623888      0.12642706      0.07212870      0.16704076      0.02433090 md_running
   446    223.00000000     96.06840141      2.56388958    738.78542445    300.00000000      0.99970260      0.09124428     -5.81187749      0.06573530     -5.74614219      0.12501129      0.07251775      0.16732523      0.02405843 md_running
   447    223.50000000     96.29130013      2.57468799    737.75804809    300.00000000      0.99970288      0.09111740     -5.81236586      0.06629018     -5.74607568      0.11986735      0.07282317      0.16325140      0.02306848 md_running
   448    224.00000000     96.51318816      2.58255769    736.18502368    300.00000000      0.99970319      0.09092312     -5.81263766      0.06669604     -5.74594162      0.11175533      0.07304576      0.15547306      0.02150732 md_running
   449    224.50000000     96.73341486      2.58761632    733.27276125    300.00000000      0.99970377      0.09056344     -5.81259812      0.06695758     -5.74564054      0.10235994      0.07318884      0.14529338      0.01969918 md_running
   450    225.00000000     96.94623485      2.59005823    728.39388296    300.00000000      0.99970483      0.08996087     -5.81217758      0.06708402     -5.74509357      0.09422986      0.07325791      0.13454842      0.01813454 md_running
   451    225.50000000     97.16226762      2.59013700    721.22153423    300.00000000      0.99970653      0.08907504     -5.81134779      0.06708810     -5.74425969      0.09031348      0.07326014      0.12535222      0.01738084 md_running
   452    226.00000000     97.37875785      2.58814712    711.79455866    300.00000000      0.99970893      0.08791076     -5.81012824      0.06698506     -5.74314319      0.09262387      0.07320386      0.11963959      0.01782547 md_running
   453    226.50000000     97.59803028      2.58440554    700.49308527    300.00000000      0.99971203      0.08651496     -5.80858349      0.06679152     -5.74179197      0.10090963      0.07309803      0.11846161      0.01942007 md_running
   454    227.00000000     97.81948817      2.57923556    687.93705503    300.00000000      0.99971571      0.08496422     -5.80680806      0.06652456     -5.74028350      0.11314843      0.07295180      0.12155595      0.02177543 md_running
   455    227.50000000     98.04372374      2.57295533    674.84696120    300.00000000      0.99971982      0.08334751     -5.80490864      0.06620099     -5.73870764      0.12705638      0.07277417      0.12766528      0.02445201 md_running
   456    228.00000000     98.26368576      2.56586948    661.90937636    300.00000000      0.99972414      0.08174965     -5.80298704      0.06583686     -5.73715018      0.14089532      0.07257375      0.13523074      0.02711532 md_running
   457    228.50000000     98.47158853      2.55826303    649.68064166    300.00000000      0.99972847      0.08023933     -5.80112725      0.06544710     -5.73568015      0.15355958      0.07235861      0.14291497      0.02955256 md_running
   458    229.00000000     98.68679779      2.55039745    638.55032401    300.00000000      0.99973264      0.07886467     -5.79939080      0.06504527     -5.73434553      0.16445440      0.07213613      0.14980147      0.03164926 md_running
   459    229.50000000     98.89572309      2.54250907    628.76455168    300.00000000      0.99973650      0.07765607     -5.79781992      0.06464352     -5.73317639      0.17335809      0.07191302      0.15538419      0.03336278 md_running
   460    230.00000000     99.11314837      2.53480977    620.49208371    300.00000000      0.99973993      0.07663437     -5.79644570      0.06425261     -5.73219309      0.18029169      0.07169525      0.15947936      0.03469715 md_running
   461    230.50000000     99.33037885      2.52748859    613.89696530    300.00000000      0.99974283      0.07581983     -5.79529786      0.06388199     -5.73141588      0.18541643      0.07148817      0.16211117      0.03568341 md_running
   462    231.00000000     99.54867023      2.52071367    609.19646660    300.00000000      0.99974510      0.07523930     -5.79441146      0.06353997     -5.73087148      0.18892462      0.07129655      0.16339655      0.03635856 md_running
   463    231.50000000     99.76922060      2.51463315    606.67194284    300.00000000      0.99974658      0.07492750     -5.79382891      0.06323380     -5.73059511      0.19102114      0.07112457      0.16350976      0.03676204 md_running
   464    232.00000000     99.98759982      2.50937511    606.60591236    300.00000000      0.99974713      0.07491935     -5.79359288      0.06296963     -5.73062325      0.19193174      0.07097585      0.16268389      0.03693728 md_running
   465    232.50000000    100.20388363      2.50504650    609.15413168    300.00000000      0.99974663      0.07523407     -5.79372940      0.06275258     -5.73097682      0.19193282      0.07085341      0.16123704      0.03693749 md_running
   466    233.00000000    100.42434185      2.50173155    614.21883440    300.00000000      0.99974507      0.07585959     -5.79423073      0.06258661     -5.73164412      0.19133543      0.07075965      0.15955680      0.03682252 md_running
   467    233.50000000    100.64749860      2.49948935    621.42912049    300.00000000      0.99974260      0.07675010     -5.79505282      0.06247447     -5.73257835      0.19039984      0.07069623      0.15799888      0.03664247 md_running
   468    234.00000000    100.86490057      2.49835065    630.21291579    300.00000000      0.99973946      0.07783495     -5.79612663      0.06241756     -5.73370907      0.18923635      0.07066403      0.15675225      0.03641855 md_running
   469    234.50000000    101.07566368      2.49831452    639.92344379    300.00000000      0.99973592      0.07903426     -5.79737032      0.06241575     -5.73495456      0.18772273      0.07066301      0.15572480      0.03612726 md_running
   470    235.00000000    101.29027738      2.49934506    650.00152491    300.00000000      0.99973227      0.08027896     -5.79871247      0.06246726     -5.73624521      0.18546244      0.07069215      0.15448909      0.03569226 md_running
   471    235.50000000    101.51692817      2.50136876    660.07366356    300.00000000      0.99972868      0.08152292     -5.80010324      0.06256846     -5.73753478      0.18187534      0.07074939      0.15238888      0.03500193 md_running
   472    236.00000000    101.73334845      2.50427339    669.95977685    300.00000000      0.99972525      0.08274392     -5.80151543      0.06271385     -5.73880158      0.17631463      0.07083155      0.14870682      0.03393177 md_running
   473    236.50000000    101.95106695      2.50790788    679.62156238    300.00000000      0.99972199      0.08393720     -5.80293748      0.06289602     -5.74004146      0.16825845      0.07093435      0.14290243      0.03238135 md_running
   474    237.00000000    102.16856758      2.51208372    689.05061728    300.00000000      0.99971889      0.08510175     -5.80436050      0.06310565     -5.74125485      0.15747161      0.07105246      0.13481915      0.03030542 md_running
   475    237.50000000    102.39042554      2.51657731    698.17170569    300.00000000      0.99971595      0.08622825     -5.80576375      0.06333161     -5.74243214      0.14414946      0.07117956      0.12487369      0.02774158 md_running
   476    238.00000000    102.60950914      2.52113311    706.79529318    300.00000000      0.99971321      0.08729332     -5.80711115      0.06356112     -5.74355003      0.12905530      0.07130841      0.11422705      0.02483670 md_running
   477    238.50000000    102.82908199      2.52546781    714.60169730    300.00000000      0.99971072      0.08825745     -5.80834878      0.06377988     -5.74456890      0.11364381      0.07143102      0.10486665      0.02187076 md_running
   478    239.00000000    103.04329803      2.52927585    721.20580011    300.00000000      0.99970858      0.08907310     -5.80941194      0.06397236     -5.74543958      0.10014248      0.07153872      0.09935722      0.01927243 md_running
   479    239.50000000    103.25479335      2.53223636    726.26956123    300.00000000      0.99970689      0.08969850     -5.81024177      0.06412221     -5.74611956      0.09136975      0.07162246      0.09988713      0.01758412 md_running
   480    240.00000000    103.47116187      2.53402152    729.60416906    300.00000000      0.99970569      0.09011035     -5.81079713      0.06421265     -5.74658448      0.08968707      0.07167295      0.10690433      0.01726028 md_running
   481    240.50000000    103.68920828      2.53430623    731.25745975    300.00000000      0.99970499      0.09031454     -5.81106676      0.06422708     -5.74683968      0.09525981      0.07168100      0.11885157      0.01833276 md_running
   482    241.00000000    103.90159188      2.53277870    731.57157793    300.00000000      0.99970474      0.09035333     -5.81107674      0.06414968     -5.74692706      0.10586513      0.07163780      0.13331334      0.02037375 md_running
   483    241.50000000    104.11705623      2.52915193    731.21085853    300.00000000      0.99970479      0.09030878     -5.81089463      0.06396610     -5.74692854      0.11855429      0.07153522      0.14802690      0.02281578 md_running
   484    242.00000000    104.32932930      2.52317640    731.12536140    300.00000000      0.99970491      0.09029822     -5.81062689      0.06366419     -5.74696269      0.13088125      0.07136621      0.16118865      0.02518811 md_running
   485    242.50000000    104.54179113      2.51465408    732.42723841    300.00000000      0.99970480      0.09045901     -5.81040327      0.06323485     -5.74716842      0.14112007      0.07112516      0.17146166      0.02715857 md_running
   486    243.00000000    104.75131048      2.50345127    736.19041032    300.00000000      0.99970414      0.09092378     -5.81035343      0.06267268     -5.74768075      0.14816604      0.07080829      0.17793877      0.02851457 md_running
   487    243.50000000    104.95975465      2.48950806    743.19902172    300.00000000      0.99970268      0.09178939     -5.81057513      0.06197650     -5.74859863      0.15142680      0.07041392      0.18008328      0.02914210 md_running
   488    244.00000000    105.17191143      2.47284491    753.73742473    300.00000000      0.99970030      0.09309094     -5.81110822      0.06114962     -5.74995860      0.15079688      0.06994262      0.17777374      0.02902087 md_running
   489    244.50000000    105.38915835      2.45356379    767.48021699    300.00000000      0.99969707      0.09478826     -5.81192036      0.06019975     -5.75172060      0.14662069      0.06939726      0.17126111      0.02821716 md_running
   490    245.00000000    105.60377540      2.43184481    783.51932875    300.00000000      0.99969323      0.09676918     -5.81290997      0.05913869     -5.75377128      0.13970996      0.06878296      0.16118928      0.02688720 md_running
   491    245.50000000    105.79218280      2.40793858    800.54466673    300.00000000      0.99968913      0.09887191     -5.81392879      0.05798168     -5.75594710      0.13134407      0.06810679      0.14859385      0.02527718 md_running
   492    246.00000000    106.00161991      2.38215505    817.11412396    300.00000000      0.99968514      0.10091833     -5.81481401      0.05674663     -5.75806738      0.12323816      0.06737752      0.13491833      0.02371719 md_running
   493    246.50000000    106.21923979      2.35484978    831.93359483    300.00000000      0.99968157      0.10274862     -5.81542344      0.05545317     -5.75997027      0.11738648      0.06660521      0.12199767      0.02259104 md_running
   494    247.00000000    106.44023840      2.32641038    844.07515970    300.00000000      0.99967863      0.10424818     -5.81566208      0.05412185     -5.76154022      0.11565659      0.06580082      0.11199500      0.02225812 md_running
   495    247.50000000    106.65732683      2.29724387    853.10460043    300.00000000      0.99967639      0.10536336     -5.81549626      0.05277329     -5.76272297      0.11908602      0.06497587      0.10697910      0.02291812 md_running
   496    248.00000000    106.87483912      2.26776577    859.11363741    300.00000000      0.99967486      0.10610552     -5.81495736      0.05142762     -5.76352975      0.12735265      0.06414210      0.10799429      0.02450903 md_running
   497    248.50000000    107.08776842      2.23839007    862.66387396    300.00000000      0.99967392      0.10654399     -5.81413432      0.05010390     -5.76403041      0.13899818      0.06331123      0.11432562      0.02675021 md_running
   498    249.00000000    107.30026880      2.20952058    864.66640911    300.00000000      0.99967340      0.10679132     -5.81315866      0.04881981     -5.76433885      0.15212453      0.06249468      0.12389781      0.02927638 md_running
   499    249.50000000    107.52011366      2.18154394    866.20566225    300.00000000      0.99967309      0.10698142     -5.81218181      0.04759134     -5.76459047      0.16495529      0.06170338      0.13434717      0.03174566 md_running
   500    250.00000000    107.73744452      2.15482426    868.32490648    300.00000000      0.99967276      0.10724316     -5.81134865      0.04643268     -5.76491597      0.17606314      0.06094763      0.14369455      0.03388337 max_step
